"barcode","in_tissue","array_row","array_col","pxl_row_in_fullres","pxl_col_in_fullres","array_x","array_y","pixels_x","pixels_y"
"ACGCCTGACACGCGCT-1","0",0,0,1795,2522,0,77,2522,9687
"TACCGATCCAACACTT-1","0",1,1,1921,2594,1,76,2594,9561
"ATTAAAGCGGACGAGC-1","0",0,2,1795,2667,2,77,2667,9687
"GATAAGGGACGATTAG-1","0",1,3,1921,2739,3,76,2739,9561
"GTGCAAATCACCAATA-1","0",0,4,1796,2811,4,77,2811,9686
"TGTTGGCTGGCGGAAG-1","0",1,5,1921,2883,5,76,2883,9561
"GCATCCTCTCCTATTA-1","0",0,6,1796,2956,6,77,2956,9686
"GCGAGGGACTGCTAGA-1","0",1,7,1922,3028,7,76,3028,9560
"TGGTACCGGCACAGCC-1","0",0,8,1796,3100,8,77,3100,9686
"GCGCGTTTAAATCGTA-1","0",1,9,1922,3172,9,76,3172,9560
"TGCCTTGCCCTTACGG-1","0",0,10,1796,3244,10,77,3244,9686
"GACGACTTTCCAAGAA-1","0",1,11,1922,3316,11,76,3316,9560
"CCAGTGAGCTCCTTGT-1","0",0,12,1797,3389,12,77,3389,9685
"ATACCCTGGCTCAAAT-1","0",1,13,1922,3461,13,76,3461,9560
"GGGTTTCCGGCTTCCA-1","0",0,14,1797,3533,14,77,3533,9685
"TAACCGTCCAGTTCAT-1","0",1,15,1923,3605,15,76,3605,9559
"AAACAACGAATAGTTC-1","0",0,16,1797,3677,16,77,3677,9685
"CAAGGGAGTGTATTTG-1","0",1,17,1923,3749,17,76,3749,9559
"CCAAGCTTGATCTCCT-1","0",0,18,1797,3822,18,77,3822,9685
"TTATTTCATCCCAAAC-1","0",1,19,1923,3894,19,76,3894,9559
"GAGCGCTATGTCAGGC-1","0",0,20,1797,3966,20,77,3966,9685
"TATGGCAGACTTTCGA-1","0",1,21,1923,4038,21,76,4038,9559
"CTTCGTGCCCGCATCG-1","0",0,22,1798,4111,22,77,4111,9684
"AAACGGGTTGGTATCC-1","0",1,23,1923,4183,23,76,4183,9559
"TGCAAACCCACATCAA-1","0",0,24,1798,4255,24,77,4255,9684
"GACGGGATGTCTTATG-1","0",1,25,1924,4327,25,76,4327,9558
"GGCGAGCATCGAGGAC-1","0",0,26,1798,4399,26,77,4399,9684
"CGCGTGCTATCAACGA-1","0",1,27,1924,4471,27,76,4471,9558
"TGAAACCTCAACTCAC-1","0",0,28,1798,4544,28,77,4544,9684
"CACATAAGGCGACCGT-1","0",1,29,1924,4616,29,76,4616,9558
"TGACCCAACTCACATT-1","0",0,30,1799,4688,30,77,4688,9683
"ATACGCCGATCTACCG-1","0",1,31,1924,4760,31,76,4760,9558
"ACTTATCTGATCTATA-1","0",0,32,1799,4833,32,77,4833,9683
"GTGTGAGCCGAGGTGC-1","0",1,33,1925,4905,33,76,4905,9557
"GATGATTTGAAACTGG-1","0",0,34,1799,4977,34,77,4977,9683
"GGGAACCACCTGTTTC-1","0",1,35,1925,5049,35,76,5049,9557
"GTTCGTTGCGGACCAG-1","0",0,36,1799,5121,36,77,5121,9683
"TGAGGTTGATCCCAAG-1","0",1,37,1925,5193,37,76,5193,9557
"GATGCCACACTACAGC-1","0",0,38,1800,5266,38,77,5266,9682
"AGGCAAAGAGGAATCA-1","0",1,39,1925,5338,39,76,5338,9557
"AAGTAAGCTTCCAAAC-1","0",0,40,1800,5410,40,77,5410,9682
"AACGTAGTCTACCCAT-1","0",1,41,1925,5482,41,76,5482,9557
"GTTTGAGCGGTTATGT-1","0",0,42,1800,5554,42,77,5554,9682
"GAAGCAAGGCAATGTT-1","0",1,43,1926,5626,43,76,5626,9556
"TCACTCAGCGCATTAG-1","0",0,44,1800,5699,44,77,5699,9682
"TACAATGAAACCAGCA-1","0",1,45,1926,5771,45,76,5771,9556
"GTGCGCTTACAAATGA-1","0",0,46,1800,5843,46,77,5843,9682
"GCACTCCCACAGTCCC-1","0",1,47,1926,5915,47,76,5915,9556
"CGAAGACTGCCCGGGA-1","0",0,48,1801,5988,48,77,5988,9681
"CAGGATCCGCCCGACC-1","0",1,49,1926,6060,49,76,6060,9556
"CACGATTGGTCGTTAA-1","0",0,50,1801,6132,50,77,6132,9681
"GGTTGTATCGTGAAAT-1","0",1,51,1927,6204,51,76,6204,9555
"TCTTATGGGTAGTACC-1","0",0,52,1801,6276,52,77,6276,9681
"TACAAGCTGTTCACTG-1","0",1,53,1927,6348,53,76,6348,9555
"GTATCTTGTTGCTCAC-1","0",0,54,1801,6421,54,77,6421,9681
"ATACCAGGTGAGCGAT-1","0",1,55,1927,6493,55,76,6493,9555
"CCTAAACAGGGTCCGT-1","0",0,56,1802,6565,56,77,6565,9680
"ATGGTGCTCAAAGCCA-1","0",1,57,1927,6637,57,76,6637,9555
"CAAATGCGGAGTGTTC-1","0",0,58,1802,6709,58,77,6709,9680
"CGTGCCCGACATTTGT-1","0",1,59,1928,6781,59,76,6781,9554
"GTATCTCCCTAACTGT-1","0",0,60,1802,6854,60,77,6854,9680
"ATTTGCCTAGTTACGA-1","0",1,61,1928,6926,61,76,6926,9554
"ACGTCCTAAACGAGAT-1","0",0,62,1802,6998,62,77,6998,9680
"CTGGGATCGCCCAGAT-1","0",1,63,1928,7070,63,76,7070,9554
"CTGCAAATGGGCTCCA-1","0",0,64,1803,7143,64,77,7143,9679
"CATTATAACAGGGTCC-1","0",1,65,1928,7215,65,76,7215,9554
"ACCTTTCCTTTAGAAG-1","0",0,66,1803,7287,66,77,7287,9679
"ATAGATTTGCAGTCGG-1","0",1,67,1928,7359,67,76,7359,9554
"CTCGGGCATCGTCGGG-1","0",0,68,1803,7431,68,77,7431,9679
"GTGGCGGGCCGTAGCT-1","0",1,69,1929,7503,69,76,7503,9553
"CAACAGTGCCAAACGG-1","0",0,70,1803,7576,70,77,7576,9679
"TGCGGGTATTGGGATC-1","0",1,71,1929,7648,71,76,7648,9553
"GTCTCGCCAACACGCC-1","0",0,72,1803,7720,72,77,7720,9679
"CTGGGCGGCCAAATGT-1","0",1,73,1929,7792,73,76,7792,9553
"TAAAGGAGAAACTAGT-1","0",0,74,1804,7865,74,77,7865,9678
"TCCCACGGAGGGAGCT-1","0",1,75,1929,7936,75,76,7936,9553
"AGCTTCAATACTTTGA-1","0",0,76,1804,8009,76,77,8009,9678
"TTCCACATTTCTCGTC-1","0",1,77,1930,8081,77,76,8081,9552
"ACAAACCGACAAGGCG-1","0",0,78,1804,8153,78,77,8153,9678
"AGACGGGATTGGTATA-1","0",1,79,1930,8225,79,76,8225,9552
"AACCTAAAGCCGTCCG-1","0",0,80,1804,8298,80,77,8298,9678
"TACAAATTGCGGAGGT-1","0",1,81,1930,8370,81,76,8370,9552
"CCCGCTAGAGGGTTAA-1","0",0,82,1805,8442,82,77,8442,9677
"CATTGCAAAGCATAAT-1","0",1,83,1930,8514,83,76,8514,9552
"TGTACGCTATCAGCTT-1","0",0,84,1805,8586,84,77,8586,9677
"TTCTTCGCAATAGAGC-1","0",1,85,1931,8658,85,76,8658,9551
"TGTGATTCCAGCGCTT-1","0",0,86,1805,8731,86,77,8731,9677
"ATTCAGGATCGCCTCT-1","0",1,87,1931,8803,87,76,8803,9551
"GCCCATGGGTGCAATG-1","0",0,88,1805,8875,88,77,8875,9677
"TTCCCGACGCTTCACT-1","0",1,89,1931,8947,89,76,8947,9551
"AGCGGTTGAGATGTAC-1","0",0,90,1805,9020,90,77,9020,9677
"GCTGTCTGTGATCGAC-1","0",1,91,1931,9092,91,76,9092,9551
"AAAGACATGAAGTTTA-1","0",0,92,1806,9164,92,77,9164,9676
"CAACAGAATAACGCTA-1","0",1,93,1931,9236,93,76,9236,9551
"TGCGGTCTACGAGTAA-1","0",0,94,1806,9308,94,77,9308,9676
"AAGACTCACGCCCACT-1","0",1,95,1932,9380,95,76,9380,9550
"CTTTGAAACATATTCC-1","0",0,96,1806,9453,96,77,9453,9676
"CTGGGCACTAGTCGGA-1","0",1,97,1932,9525,97,76,9525,9550
"CGCCCTTACATCCACC-1","0",0,98,1806,9597,98,77,9597,9676
"CACGACCACAGACTTT-1","0",1,99,1932,9669,99,76,9669,9550
"CAATCCATTATCCGTT-1","0",0,100,1807,9741,100,77,9741,9675
"GTGGCGTGCACCAGAG-1","0",1,101,1932,9813,101,76,9813,9550
"CGGAGTCCTAACCTGG-1","0",0,102,1807,9886,102,77,9886,9675
"GGTCCCATAACATAGA-1","0",1,103,1933,9958,103,76,9958,9549
"ATCTCATAAACCTACC-1","0",0,104,1807,10030,104,77,10030,9675
"TGCATGGCAGTCTTGC-1","0",1,105,1933,10102,105,76,10102,9549
"TTGCAGGTCATGAAGT-1","0",0,106,1807,10175,106,77,10175,9675
"AGCTGCATTTGAGGTG-1","0",1,107,1933,10247,107,76,10247,9549
"TAATCAGGAATGCTGC-1","0",0,108,1808,10319,108,77,10319,9674
"CCATCATAAGAACAGG-1","0",1,109,1933,10391,109,76,10391,9549
"TCGTATCACCAAGCTA-1","0",0,110,1808,10463,110,77,10463,9674
"ATTCAGATGAATCCCT-1","0",1,111,1933,10535,111,76,10535,9549
"AAAGGTCAACGACATG-1","0",0,112,1808,10608,112,77,10608,9674
"AGCTGCTGTGCCGAAT-1","0",1,113,1934,10680,113,76,10680,9548
"CTAGCGCCAATCCTAC-1","0",0,114,1808,10752,114,77,10752,9674
"GCTCGACCGAACTGAA-1","0",1,115,1934,10824,115,76,10824,9548
"ACAGTGCAGCGCATTT-1","0",0,116,1808,10896,116,77,10896,9674
"CGGCTGAAGGTTACGC-1","0",1,117,1934,10968,117,76,10968,9548
"CACCTCTACGAGTGTG-1","0",0,118,1809,11041,118,77,11041,9673
"ATACGACAGATGGGTA-1","0",1,119,1934,11113,119,76,11113,9548
"ACTTCCTGTCGTGCGA-1","0",0,120,1809,11185,120,77,11185,9673
"CGTAACGGAACGATCA-1","0",1,121,1935,11257,121,76,11257,9547
"AAATCACTCCTAAACG-1","0",0,122,1809,11330,122,77,11330,9673
"CTCCGAGTAAATCCGC-1","0",1,123,1935,11402,123,76,11402,9547
"ACGCTAGTATCAGTGC-1","0",0,124,1809,11474,124,77,11474,9673
"AGAGTGAACAGACACC-1","0",1,125,1935,11546,125,76,11546,9547
"ACACCCGTAAATCTGT-1","0",0,126,1810,11618,126,77,11618,9672
"GCTTTGCTGCCGGGTA-1","0",1,127,1935,11690,127,76,11690,9547
"ACAGGAGGCGCAGCCG-1","0",2,0,2046,2522,0,75,2522,9436
"AGGCAATACGGAGGAC-1","0",3,1,2172,2594,1,74,2594,9310
"TGGTGTGACAGACGAT-1","0",2,2,2047,2666,2,75,2666,9435
"ATCTATCGATGATCAA-1","0",3,3,2172,2738,3,74,2738,9310
"CGGTAACAAGATACAT-1","0",2,4,2047,2811,4,75,2811,9435
"TCGCCGGAGAGTCTTA-1","0",3,5,2173,2883,5,74,2883,9309
"GGAGGAGTGTGTTTAT-1","0",2,6,2047,2955,6,75,2955,9435
"TTAGGTGTGACTGGTC-1","0",3,7,2173,3027,7,74,3027,9309
"CAGGGCTAACGAAACC-1","0",2,8,2047,3100,8,75,3100,9435
"CCCGTGGGTTAATTGA-1","0",3,9,2173,3172,9,74,3172,9309
"GACCGACCGCTAATAT-1","0",2,10,2048,3244,10,75,3244,9434
"GGTATCAAGCATAGAA-1","0",3,11,2173,3316,11,74,3316,9309
"TGCATGAGTAGATTCG-1","0",2,12,2048,3388,12,75,3388,9434
"AATTCCAACTTGGTGA-1","0",3,13,2174,3460,13,74,3460,9308
"TGCCGATGTCATCAAT-1","0",2,14,2048,3533,14,75,3533,9434
"GCTGGGTCCGCTGTTA-1","0",3,15,2174,3605,15,74,3605,9308
"TGAACACCCGAAGCAG-1","0",2,16,2048,3677,16,75,3677,9434
"AACATTGGTCAGCCGT-1","0",3,17,2174,3749,17,74,3749,9308
"GTGGGTCTTCTTTGCG-1","0",2,18,2048,3821,18,75,3821,9434
"CATCGAATGGATCTCT-1","0",3,19,2174,3893,19,74,3893,9308
"GCTACACTGTCCGAAC-1","0",2,20,2049,3966,20,75,3966,9433
"CGGGTTGTAGCTTTGG-1","0",3,21,2174,4038,21,74,4038,9308
"CCTAAGTGTCTAACCG-1","0",2,22,2049,4110,22,75,4110,9433
"TCTGTGACTGACCGTT-1","0",3,23,2175,4182,23,74,4182,9307
"TTATCATACTCGCAAA-1","0",2,24,2049,4255,24,75,4255,9433
"AGCGTAGCGCTAGACC-1","0",3,25,2175,4327,25,74,4327,9307
"TCCCTCCGAAATCGTT-1","0",2,26,2049,4399,26,75,4399,9433
"AGGTCGCCACTTCGGT-1","0",3,27,2175,4471,27,74,4471,9307
"CTAGCAACTAATTTAC-1","0",2,28,2050,4543,28,75,4543,9432
"TTGCTAGCTACCAATC-1","0",3,29,2175,4615,29,74,4615,9307
"GCCGGTTTGGGCGGAT-1","0",2,30,2050,4688,30,75,4688,9432
"TGTAACTTGTCAACCT-1","0",3,31,2176,4760,31,74,4760,9306
"CGAGATGTTGCCTATA-1","0",2,32,2050,4832,32,75,4832,9432
"GTTACGAAATCCACGC-1","0",3,33,2176,4904,33,74,4904,9306
"CTTGTCGTACGTGTCA-1","0",2,34,2050,4977,34,75,4977,9432
"GCGTCCAGCTCGTGGC-1","0",3,35,2176,5049,35,74,5049,9306
"CCCTTCTCGTACGCGA-1","0",2,36,2051,5121,36,75,5121,9431
"CCAAAGTCCCGCTAAC-1","1",3,37,2176,5193,37,74,5193,9306
"CCGCTTCGCGGTTAAC-1","0",2,38,2051,5265,38,75,5265,9431
"GTTACGGCCCGACTGC-1","1",3,39,2176,5337,39,74,5337,9306
"CCCGCTTGCCCTCGTC-1","0",2,40,2051,5410,40,75,5410,9431
"TAGTGAGAAGTGGTTG-1","1",3,41,2177,5482,41,74,5482,9305
"CGCTACCGCCCTATGA-1","0",2,42,2051,5554,42,75,5554,9431
"AAACAATCTACTAGCA-1","1",3,43,2177,5626,43,74,5626,9305
"GCGCGATGGGTCAAGT-1","1",2,44,2051,5698,44,75,5698,9431
"ATAAACCATTGGACGG-1","1",3,45,2177,5770,45,74,5770,9305
"TCGGGCACTTCTGGAT-1","1",2,46,2052,5843,46,75,5843,9430
"TCTGTGGCTACATTTC-1","1",3,47,2177,5915,47,74,5915,9305
"CTCTGTGCCTGCTATG-1","1",2,48,2052,5987,48,75,5987,9430
"CACGACTAAAGTTCTG-1","1",3,49,2178,6059,49,74,6059,9304
"GAGGAGTAATTCCTAC-1","1",2,50,2052,6132,50,75,6132,9430
"AGAGGTATCTCGGTCC-1","1",3,51,2178,6204,51,74,6204,9304
"GGCGTACCCTATATAA-1","1",2,52,2052,6276,52,75,6276,9430
"GCCGGAAACACATCTT-1","1",3,53,2178,6348,53,74,6348,9304
"AAATGTGGGTGCTCCT-1","0",2,54,2053,6420,54,75,6420,9429
"ACCAGGAGTGTGATCT-1","1",3,55,2178,6492,55,74,6492,9304
"TGTGGAGGAAGCTTAA-1","0",2,56,2053,6565,56,75,6565,9429
"AAGGAGAACTTATAAG-1","0",3,57,2179,6637,57,74,6637,9303
"CCCTCGGGAGCCTTGT-1","0",2,58,2053,6709,58,75,6709,9429
"ACTGTTTAGTGTAGGC-1","0",3,59,2179,6781,59,74,6781,9303
"CGTCAGTTTATCGTCT-1","0",2,60,2053,6853,60,75,6853,9429
"GCGTGTATGTCGTATT-1","0",3,61,2179,6925,61,74,6925,9303
"ACAATCGATCTTTATA-1","0",2,62,2053,6998,62,75,6998,9429
"CAGCCCTCACAGGCAG-1","0",3,63,2179,7070,63,74,7070,9303
"CGCGTCATATTAAACC-1","0",2,64,2054,7142,64,75,7142,9428
"GAAGACTTCAATGCCG-1","0",3,65,2179,7214,65,74,7214,9303
"TTGCGGCGACTCATGC-1","0",2,66,2054,7287,66,75,7287,9428
"ACCAAACTAGAAATCC-1","0",3,67,2180,7359,67,74,7359,9302
"TTACTGTTTCTCTACG-1","0",2,68,2054,7431,68,75,7431,9428
"GACCAGGTCATTCATA-1","0",3,69,2180,7503,69,74,7503,9302
"TTCTTCCCTTTGATAT-1","0",2,70,2054,7575,70,75,7575,9428
"ACGCCCAGCTGTCGAT-1","0",3,71,2180,7647,71,74,7647,9302
"AGTAGCGTGAACGAAC-1","0",2,72,2055,7720,72,75,7720,9427
"CCTCGACCCACTGCCT-1","0",3,73,2180,7792,73,74,7792,9302
"AGTTATTGAAAGGTAA-1","0",2,74,2055,7864,74,75,7864,9427
"TCAGTTACGGAATGAT-1","0",3,75,2181,7936,75,74,7936,9301
"GAATCTATACTCGGAC-1","0",2,76,2055,8008,76,75,8008,9427
"TCGGCTAACTTCCCTT-1","0",3,77,2181,8080,77,74,8080,9301
"ACGTGGTCGAATGTGC-1","0",2,78,2055,8153,78,75,8153,9427
"ATATCGTGCCAGACCC-1","0",3,79,2181,8225,79,74,8225,9301
"GTAGCTAGTAAGCGCG-1","0",2,80,2056,8297,80,75,8297,9426
"ACGCTTAGTGTCTCTC-1","0",3,81,2181,8369,81,74,8369,9301
"TCCGGCCTGCATCGAT-1","0",2,82,2056,8442,82,75,8442,9426
"TAGTGGAACTCATACA-1","0",3,83,2182,8514,83,74,8514,9300
"ATCATCTGCCCAGTGT-1","0",2,84,2056,8586,84,75,8586,9426
"GTTATTAAATACGACC-1","0",3,85,2182,8658,85,74,8658,9300
"GCGCTAAGTATGCATG-1","0",2,86,2056,8730,86,75,8730,9426
"CCTGACGCAACCTTTA-1","0",3,87,2182,8802,87,74,8802,9300
"CCCAAGAATGCACGGT-1","0",2,88,2056,8875,88,75,8875,9426
"AACTGGGTTCGAGCCG-1","0",3,89,2182,8947,89,74,8947,9300
"GGTTCCACCCGCTTCT-1","0",2,90,2057,9019,90,75,9019,9425
"CATGCACGTGTTACTG-1","0",3,91,2182,9091,91,74,9091,9300
"AGCGTTCCGATTTAAA-1","0",2,92,2057,9164,92,75,9164,9425
"CCTACGCGACCTTACA-1","0",3,93,2183,9236,93,74,9236,9299
"CGAATTACATGGTGTT-1","0",2,94,2057,9308,94,75,9308,9425
"GAGGTCTTAGTGGGTC-1","0",3,95,2183,9380,95,74,9380,9299
"GCCGCTAGATACGCAG-1","0",2,96,2057,9452,96,75,9452,9425
"GTCACCTGTCTATGTC-1","0",3,97,2183,9524,97,74,9524,9299
"CCGATTGGTCAATGAA-1","0",2,98,2058,9597,98,75,9597,9424
"CCTGTGCGGATTGTAA-1","0",3,99,2183,9669,99,74,9669,9299
"TTACGTAGCGCGTGCT-1","0",2,100,2058,9741,100,75,9741,9424
"GGAGGCGAAGAACCGC-1","0",3,101,2184,9813,101,74,9813,9298
"GGGTCACGTGCTTATG-1","0",2,102,2058,9885,102,75,9885,9424
"GCTCCGGACGTTGATA-1","0",3,103,2184,9957,103,74,9957,9298
"ATGTTTGTAAGATCAT-1","0",2,104,2058,10030,104,75,10030,9424
"TGACCCAGCATTCCCG-1","0",3,105,2184,10102,105,74,10102,9298
"TGGTCGTTTGATAGAT-1","0",2,106,2059,10174,106,75,10174,9423
"TGTAATGCCTTCGGAC-1","0",3,107,2184,10246,107,74,10246,9298
"TGCTCACACAACAACC-1","0",2,108,2059,10319,108,75,10319,9423
"TACGATCCAAGCCACT-1","0",3,109,2184,10391,109,74,10391,9298
"TTGTAACTTCATAGCG-1","0",2,110,2059,10463,110,75,10463,9423
"AGATTCAAGCGGGTCG-1","0",3,111,2185,10535,111,74,10535,9297
"CTCAGCAGACTGCCGA-1","0",2,112,2059,10607,112,75,10607,9423
"GTAACATCAGCTCATC-1","0",3,113,2185,10679,113,74,10679,9297
"ATGGAACAGAATAAAC-1","0",2,114,2059,10752,114,75,10752,9423
"GGGCCTATACAACCGG-1","0",3,115,2185,10824,115,74,10824,9297
"TCAAACAATTAGGACA-1","0",2,116,2060,10896,116,75,10896,9422
"AAACCACTACACAGAT-1","0",3,117,2185,10968,117,74,10968,9297
"AAACGACAGTCTTGCC-1","0",2,118,2060,11040,118,75,11040,9422
"TTGAGGGTCGAACGCG-1","0",3,119,2186,11112,119,74,11112,9296
"TGTTGATCACTGTTTA-1","0",2,120,2060,11185,120,75,11185,9422
"AGGGTGTGCTACACGC-1","0",3,121,2186,11257,121,74,11257,9296
"GTAGTTAGACAATATA-1","0",2,122,2060,11329,122,75,11329,9422
"AATGGCCGCCAATGCG-1","0",3,123,2186,11401,123,74,11401,9296
"TCGGCGGTATTAGATT-1","0",2,124,2061,11474,124,75,11474,9421
"GGGTCACTGAGTAGTG-1","0",3,125,2186,11546,125,74,11546,9296
"GAATTATGCAACCTAC-1","0",2,126,2061,11618,126,75,11618,9421
"GATCTTAGTGAACGTG-1","0",3,127,2187,11690,127,74,11690,9295
"CTAATGCGCCCAACAA-1","0",4,0,2298,2522,0,73,2522,9184
"GCCACCCATTCCACTT-1","0",5,1,2423,2594,1,72,2594,9059
"TACTCACAACGTAGTA-1","0",4,2,2298,2666,2,73,2666,9184
"GTTCGGTGTGGATTTA-1","0",5,3,2424,2738,3,72,2738,9058
"TCTTTCGGCGGGACAC-1","0",4,4,2298,2810,4,73,2810,9184
"GGAGACATTCACGGGC-1","0",5,5,2424,2882,5,72,2882,9058
"GGGATTATCTCACAAC-1","0",4,6,2298,2955,6,73,2955,9184
"TAGAACGCCAGTAACG-1","0",5,7,2424,3027,7,72,3027,9058
"ACGAGTCGCCGGCGTT-1","0",4,8,2299,3099,8,73,3099,9183
"TGATGGGACTAAGTCA-1","0",5,9,2424,3171,9,72,3171,9058
"TGCGAGAAACGTTACG-1","0",4,10,2299,3244,10,73,3244,9183
"TCGCCTCGACCTGTTG-1","0",5,11,2425,3316,11,72,3316,9057
"AACTCGATAAACACGT-1","0",4,12,2299,3388,12,73,3388,9183
"AGGAAAGCCTCTGATG-1","0",5,13,2425,3460,13,72,3460,9057
"GAAGGACTAAATTGAA-1","0",4,14,2299,3532,14,73,3532,9183
"GTATCGGGACGAGCTG-1","0",5,15,2425,3604,15,72,3604,9057
"CCTGTGCATAGGAGAC-1","0",4,16,2299,3677,16,73,3677,9183
"CATACGGGTGCATGAT-1","0",5,17,2425,3749,17,72,3749,9057
"CCACTAAACTGAATCG-1","0",4,18,2300,3821,18,73,3821,9182
"AAATTGCGGCGGTTCT-1","0",5,19,2425,3893,19,72,3893,9057
"AGTCCAGCGGGTACGT-1","0",4,20,2300,3965,20,73,3965,9182
"CATTCAGGTCAGTGCG-1","0",5,21,2426,4037,21,72,4037,9056
"CTAAAGTCCGAAGCTA-1","0",4,22,2300,4110,22,73,4110,9182
"AATCAGACTGCAGGAC-1","0",5,23,2426,4182,23,72,4182,9056
"AGTATCCATAATAACG-1","0",4,24,2300,4254,24,73,4254,9182
"CTGGCTGCTAACGTAA-1","0",5,25,2426,4326,25,72,4326,9056
"GTTCCAAGACAGCGAC-1","0",4,26,2301,4399,26,73,4399,9181
"AAGACTAACCCGTTGT-1","1",5,27,2426,4471,27,72,4471,9056
"GATTAATCCTGGCTCA-1","0",4,28,2301,4543,28,73,4543,9181
"CGCGCAAGGAACTACA-1","1",5,29,2427,4615,29,72,4615,9055
"CAGTAGCGAGGTAGTA-1","0",4,30,2301,4687,30,73,4687,9181
"ACGGCGGGTTGCCCTG-1","1",5,31,2427,4759,31,72,4759,9055
"CTAGGCGGCAGAGAAT-1","1",4,32,2301,4832,32,73,4832,9181
"GTGCGCAGCTTGCTCC-1","1",5,33,2427,4904,33,72,4904,9055
"TCACTATCGTGCAATC-1","1",4,34,2302,4976,34,73,4976,9180
"TATGATTCTGCTTGGT-1","1",5,35,2427,5048,35,72,5048,9055
"TAAGATTTAGCGGGAG-1","1",4,36,2302,5120,36,73,5120,9180
"TTACGGTGTCACCGAG-1","1",5,37,2427,5192,37,72,5192,9055
"CTACACTAGCTTGTTC-1","1",4,38,2302,5265,38,73,5265,9180
"TGAGCAGTCGTGAAGT-1","1",5,39,2428,5337,39,72,5337,9054
"CGCTGAGGACGTCCAA-1","1",4,40,2302,5409,40,73,5409,9180
"GTGTATGACTTTAAAG-1","1",5,41,2428,5481,41,72,5481,9054
"CTAAACGGGTGTAATC-1","1",4,42,2302,5554,42,73,5554,9180
"TGTACTGTGCCAAAGT-1","1",5,43,2428,5626,43,72,5626,9054
"GGCCACAAGCGATGGC-1","1",4,44,2303,5698,44,73,5698,9179
"GTCAATTGTACTGAAG-1","1",5,45,2428,5770,45,72,5770,9054
"AGGGACAGCACGGCGG-1","1",4,46,2303,5842,46,73,5842,9179
"AGCTTATAGAGACCTG-1","1",5,47,2429,5914,47,72,5914,9053
"AACTAGCGTATCGCAC-1","1",4,48,2303,5987,48,73,5987,9179
"AACTTTAGCTGCTGAG-1","1",5,49,2429,6059,49,72,6059,9053
"CCCAAGACAGAGTATG-1","1",4,50,2303,6131,50,73,6131,9179
"GGCATCAACGAGCACG-1","1",5,51,2429,6203,51,72,6203,9053
"ATGCATTCCGTGATGG-1","1",4,52,2304,6276,52,73,6276,9178
"TTATAGATGCACATTA-1","1",5,53,2429,6348,53,72,6348,9053
"GAACCATCTGGGAGAC-1","1",4,54,2304,6420,54,73,6420,9178
"TGCTATACAAACGGAC-1","1",5,55,2430,6492,55,72,6492,9052
"ACTTGCCATATTGTAC-1","1",4,56,2304,6564,56,73,6564,9178
"TATTCCGGCAGTCCTA-1","1",5,57,2430,6636,57,72,6636,9052
"GACGGACCGCGTTCCT-1","1",4,58,2304,6709,58,73,6709,9178
"ATGTGTAGTTTAGTCA-1","1",5,59,2430,6781,59,72,6781,9052
"ATACCAGCAAATTGCT-1","0",4,60,2304,6853,60,73,6853,9178
"AAGTTTACTAATGGCA-1","1",5,61,2430,6925,61,72,6925,9052
"CTCTCGATGTGCGCCT-1","0",4,62,2305,6997,62,73,6997,9177
"GATTGACACTCTGCTC-1","1",5,63,2430,7069,63,72,7069,9052
"TATCACAGCACGGGCA-1","0",4,64,2305,7142,64,73,7142,9177
"ACCGTTCCCGCTCTGA-1","0",5,65,2431,7214,65,72,7214,9051
"CCGCCACCACAATCCA-1","1",4,66,2305,7286,66,73,7286,9177
"CATTCACTGACAGCTA-1","0",5,67,2431,7358,67,72,7358,9051
"CGGCTGCAAGATTAAG-1","0",4,68,2305,7431,68,73,7431,9177
"CATGAACCTCTTATCA-1","0",5,69,2431,7503,69,72,7503,9051
"TTAATGCGAGGTAACT-1","0",4,70,2306,7575,70,73,7575,9176
"AATAAGTCCTCGAGAC-1","0",5,71,2431,7647,71,72,7647,9051
"ACCAGCCCGGTCTTTG-1","0",4,72,2306,7719,72,73,7719,9176
"CTACGAACTAGGTCGA-1","0",5,73,2432,7791,73,72,7791,9050
"ACATCTCAACGCGTAA-1","0",4,74,2306,7864,74,73,7864,9176
"CACTACTCAGTTCTGT-1","1",5,75,2432,7936,75,72,7936,9050
"CCGACTCGCATAGTCT-1","0",4,76,2306,8008,76,73,8008,9176
"CATTTATCGTTCAAGA-1","0",5,77,2432,8080,77,72,8080,9050
"CAAACGTGGTCTTGCG-1","0",4,78,2307,8152,78,73,8152,9175
"TAGAAACCACTAAGTA-1","0",5,79,2432,8224,79,72,8224,9050
"ACTGATTTAGTGATTC-1","0",4,80,2307,8297,80,73,8297,9175
"TCGTATTTCGTCCGGA-1","0",5,81,2432,8369,81,72,8369,9050
"CGGAAATTTCACATCC-1","0",4,82,2307,8441,82,73,8441,9175
"ATCCACGCTAAATGTT-1","0",5,83,2433,8513,83,72,8513,9049
"GTTCAATCTATGTCAA-1","0",4,84,2307,8586,84,73,8586,9175
"ATAAAGGTCAAGTACG-1","0",5,85,2433,8658,85,72,8658,9049
"CAACTCCAACGTTTAG-1","0",4,86,2307,8730,86,73,8730,9175
"TAGGAACAGCCTCCAG-1","0",5,87,2433,8802,87,72,8802,9049
"ATGGGAACGGAAGCGG-1","0",4,88,2308,8874,88,73,8874,9174
"CACACGTTTCAATGGG-1","0",5,89,2433,8946,89,72,8946,9049
"GGTGTTCTGTTTCTAC-1","0",4,90,2308,9019,90,73,9019,9174
"AGTAACGTTCATCCTG-1","0",5,91,2434,9091,91,72,9091,9048
"GTATAGTGGCCCATGT-1","0",4,92,2308,9163,92,73,9163,9174
"TCTACACGTTCATGCA-1","0",5,93,2434,9235,93,72,9235,9048
"AATCTGGGTAGACCCT-1","0",4,94,2308,9308,94,73,9308,9174
"TCGGTTAGCCATGTAG-1","0",5,95,2434,9380,95,72,9380,9048
"TGCCATGGCTTATAAG-1","0",4,96,2309,9452,96,73,9452,9173
"TAAGTAAATGTGCCGC-1","0",5,97,2434,9524,97,72,9524,9048
"GTGTCCGATAAGGCAT-1","0",4,98,2309,9596,98,73,9596,9173
"TGGCACGAGCTCGAGT-1","0",5,99,2435,9668,99,72,9668,9047
"ACCGGTCTGAGTACGG-1","0",4,100,2309,9741,100,73,9741,9173
"GAACTTAGCGCCCGGT-1","0",5,101,2435,9813,101,72,9813,9047
"AGTAGCTAGACGCCGA-1","0",4,102,2309,9885,102,73,9885,9173
"ATAGGAATCTAAGCTT-1","0",5,103,2435,9957,103,72,9957,9047
"CTTCCTGCATATTTAC-1","0",4,104,2310,10029,104,73,10029,9172
"CAATATGTAGATTTAC-1","0",5,105,2435,10101,105,72,10101,9047
"ACAAGGCCTACCAGCC-1","0",4,106,2310,10174,106,73,10174,9172
"TTATAGTCCAAGGTGC-1","0",5,107,2435,10246,107,72,10246,9047
"AAACGCCCGAGATCGG-1","0",4,108,2310,10318,108,73,10318,9172
"CCTCGTTACGCCTGTT-1","0",5,109,2436,10390,109,72,10390,9046
"GAACGGTGTAAAGCAG-1","0",4,110,2310,10463,110,73,10463,9172
"ACGCATAAATGACATG-1","0",5,111,2436,10535,111,72,10535,9046
"GGTTCGATGCTGAGTT-1","0",4,112,2310,10607,112,73,10607,9172
"CTTTGGCAGACAGAGT-1","0",5,113,2436,10679,113,72,10679,9046
"TTCGTGGGCTGGAAGC-1","0",4,114,2311,10751,114,73,10751,9171
"CAAAGGTTAAATTCAG-1","0",5,115,2436,10823,115,72,10823,9046
"GTTTGGCGTCAGGCAC-1","0",4,116,2311,10896,116,73,10896,9171
"GCTTTCTATCTCAACT-1","0",5,117,2437,10968,117,72,10968,9045
"TGCATCTCCGGATCTT-1","0",4,118,2311,11040,118,73,11040,9171
"CTGAAACGGCCCTCAG-1","0",5,119,2437,11112,119,72,11112,9045
"TAGCAGTAAATACGCG-1","0",4,120,2311,11184,120,73,11184,9171
"CGGGCTACTTAAATTG-1","0",5,121,2437,11256,121,72,11256,9045
"ATTATGCTCAGTATTG-1","0",4,122,2312,11329,122,73,11329,9170
"TGATGCTCACGTAGTC-1","0",5,123,2437,11401,123,72,11401,9045
"GTCTAAGATGCCCAGC-1","0",4,124,2312,11473,124,73,11473,9170
"AACCCGATAGGGCTTC-1","0",5,125,2438,11545,125,72,11545,9044
"CGCTATCGTGGCTTTA-1","0",4,126,2312,11618,126,73,11618,9170
"CGTCTCTCGCCGAGGC-1","0",5,127,2438,11690,127,72,11690,9044
"AGTGGGAGTATACACG-1","0",6,0,2549,2521,0,71,2521,8933
"GGTCTTGGTGTTAACT-1","0",7,1,2675,2593,1,70,2593,8807
"GGCTGGCAGCTTTATG-1","0",6,2,2549,2666,2,71,2666,8933
"CGCCAATTATTGCGTT-1","0",7,3,2675,2738,3,70,2738,8807
"GGTAACCGGCAAAGGT-1","0",6,4,2549,2810,4,71,2810,8933
"TGGGACCATTGGGAGT-1","0",7,5,2675,2882,5,70,2882,8807
"CTGCAGGTGCTCGGCC-1","0",6,6,2550,2954,6,71,2954,8932
"CCGGTGCGAGTGATAG-1","0",7,7,2675,3026,7,70,3026,8807
"GGGTACACTCTGGAGG-1","0",6,8,2550,3099,8,71,3099,8932
"TAGCCAGAGGGTCCGG-1","0",7,9,2675,3171,9,70,3171,8807
"CTTGTGAGGACAGCGG-1","0",6,10,2550,3243,10,71,3243,8932
"GAAGGGCATAACCATG-1","0",7,11,2676,3315,11,70,3315,8806
"CAACATGGCCTGATAA-1","0",6,12,2550,3388,12,71,3388,8932
"CAATTTGACCGGGAAG-1","0",7,13,2676,3460,13,70,3460,8806
"TCTGACTGTAATGGTT-1","0",6,14,2550,3532,14,71,3532,8932
"TTCATAGCCTTGTAAC-1","0",7,15,2676,3604,15,70,3604,8806
"TGGAAACGGAGTGAAC-1","0",6,16,2551,3676,16,71,3676,8931
"ATCGCACGATTGTTCA-1","0",7,17,2676,3748,17,70,3748,8806
"CGCCACCCGCATTAAC-1","0",6,18,2551,3821,18,71,3821,8931
"TGGACCACGGCGTTGA-1","1",7,19,2677,3893,19,70,3893,8805
"GTATATGTTACGGCGG-1","0",6,20,2551,3965,20,71,3965,8931
"GTATTCTTACCGTGCT-1","1",7,21,2677,4037,21,70,4037,8805
"TTCAGAGTAACCTGAC-1","1",6,22,2551,4109,22,71,4109,8931
"GCGGTAACCCAAATGA-1","1",7,23,2677,4181,23,70,4181,8805
"CTACGTGTTGCCACCA-1","1",6,24,2552,4254,24,71,4254,8930
"CTAGATAAACTCCTCG-1","1",7,25,2677,4326,25,70,4326,8805
"TCCATTAGTTGGATAG-1","1",6,26,2552,4398,26,71,4398,8930
"CTGGCTCCTGCGGGAT-1","1",7,27,2678,4470,27,70,4470,8804
"CAGTCTCTCGGCTAAT-1","1",6,28,2552,4543,28,71,4543,8930
"GTATGACGTGGGAAAC-1","1",7,29,2678,4615,29,70,4615,8804
"AGTCACTCCGCCTCAT-1","1",6,30,2552,4687,30,71,4687,8930
"GCAGCGGTGGGCATTA-1","1",7,31,2678,4759,31,70,4759,8804
"TATGGAGTTTCTCGTT-1","1",6,32,2553,4831,32,71,4831,8929
"ACTCAACGAATGTATT-1","1",7,33,2678,4903,33,70,4903,8804
"AACACGCGGCCGCGAA-1","1",6,34,2553,4976,34,71,4976,8929
"CGATATTAGCCGCAGG-1","1",7,35,2678,5048,35,70,5048,8804
"AGCGTCTGAACCCGCA-1","1",6,36,2553,5120,36,71,5120,8929
"GATGTCCGGATCACAT-1","1",7,37,2679,5192,37,70,5192,8803
"GGTCACGTTAGATTCA-1","1",6,38,2553,5264,38,71,5264,8929
"TTAAGGATACGGAGGT-1","1",7,39,2679,5336,39,70,5336,8803
"GTGCGGGACCATCGGC-1","1",6,40,2553,5409,40,71,5409,8929
"CCATCTTGTTCACAAT-1","1",7,41,2679,5481,41,70,5481,8803
"TCCGAGAAGGCTAAGC-1","1",6,42,2554,5553,42,71,5553,8928
"TGGCGGTGTGCGATTG-1","1",7,43,2679,5625,43,70,5625,8803
"ATCCTGCTGCAGATAG-1","1",6,44,2554,5698,44,71,5698,8928
"TTATGCGTCCCGGTCC-1","1",7,45,2680,5770,45,70,5770,8802
"CATAATGAGCGGGCGA-1","1",6,46,2554,5842,46,71,5842,8928
"AGACATAGATCCTTCC-1","1",7,47,2680,5914,47,70,5914,8802
"GGTGAAACCGGGAATG-1","1",6,48,2554,5986,48,71,5986,8928
"AACTGGTGTGGGCCTT-1","1",7,49,2680,6058,49,70,6058,8802
"GTAGCGCTGTTGTAGT-1","1",6,50,2555,6131,50,71,6131,8927
"TTGTTTGTGTAAATTC-1","1",7,51,2680,6203,51,70,6203,8802
"GGATCAAAGGACGAGG-1","1",6,52,2555,6275,52,71,6275,8927
"CGTAGCGCCGACGTTG-1","1",7,53,2681,6347,53,70,6347,8801
"CAAGTGAACTTTGGTT-1","1",6,54,2555,6420,54,71,6420,8927
"GTAGACAACCGATGAA-1","1",7,55,2681,6492,55,70,6492,8801
"CAATGGTCGGCCTGGG-1","1",6,56,2555,6564,56,71,6564,8927
"ACAGATTAGGTTAGTG-1","1",7,57,2681,6636,57,70,6636,8801
"GTTATCACCTTCTGAA-1","1",6,58,2555,6708,58,71,6708,8927
"TGGTATCGGTCTGTAT-1","1",7,59,2681,6780,59,70,6780,8801
"GGAATAACCTCAAGAA-1","1",6,60,2556,6853,60,71,6853,8926
"ATTATCTCGACAGATC-1","1",7,61,2681,6925,61,70,6925,8801
"CCGAGGGATGTTAGGC-1","1",6,62,2556,6997,62,71,6997,8926
"TGAGATCAAATACTCA-1","1",7,63,2682,7069,63,70,7069,8800
"AAACGAAGAACATACC-1","1",6,64,2556,7141,64,71,7141,8926
"CTGGTCCTAACTTGGC-1","1",7,65,2682,7213,65,70,7213,8800
"TGCACGAGTCGGCAGC-1","1",6,66,2556,7286,66,71,7286,8926
"ATAGTCTTTGACGTGC-1","1",7,67,2682,7358,67,70,7358,8800
"TGGAGCTAAAGTTCCC-1","1",6,68,2557,7430,68,71,7430,8925
"GGGTGGTCCAGCCTGT-1","1",7,69,2682,7502,69,70,7502,8800
"CATGCATGGAGACCCT-1","1",6,70,2557,7575,70,71,7575,8925
"ACACGGCACTATGCAT-1","1",7,71,2683,7647,71,70,7647,8799
"CCCTGGTATGGGCGGC-1","1",6,72,2557,7719,72,71,7719,8925
"GGAGGATTGAAAGGAG-1","1",7,73,2683,7791,73,70,7791,8799
"CCGCTGGTGCCATTCA-1","0",6,74,2557,7863,74,71,7863,8925
"GTTAGAGTGTGCCGCT-1","0",7,75,2683,7935,75,70,7935,8799
"TCGGAATGACCATCAA-1","1",6,76,2558,8008,76,71,8008,8924
"TTCAATTAGCCATAAT-1","1",7,77,2683,8080,77,70,8080,8799
"GATGTGTTGTCACAAG-1","1",6,78,2558,8152,78,71,8152,8924
"TCTTTCTCTTAAGGAG-1","1",7,79,2683,8224,79,70,8224,8799
"ACCCTTTAGTTCTCCA-1","1",6,80,2558,8296,80,71,8296,8924
"ACCACAACTCAGAACA-1","1",7,81,2684,8368,81,70,8368,8798
"TATGATAAATCTAACG-1","0",6,82,2558,8441,82,71,8441,8924
"GATCCTCTTGCGCTTA-1","0",7,83,2684,8513,83,70,8513,8798
"TTCTACCTTTATGTTG-1","0",6,84,2558,8585,84,71,8585,8924
"GAAATACCTGCTGGCT-1","0",7,85,2684,8657,85,70,8657,8798
"ATTCTGAGTATGAACT-1","0",6,86,2559,8730,86,71,8730,8923
"GGATTAAGCTAAGGTC-1","0",7,87,2684,8802,87,70,8802,8798
"AGTACGTGGCCTGTCT-1","0",6,88,2559,8874,88,71,8874,8923
"TCAGGGTGCACGAAAC-1","0",7,89,2685,8946,89,70,8946,8797
"AAATTTACCGAAATCC-1","0",6,90,2559,9018,90,71,9018,8923
"TTGAGGCATTTAACTC-1","0",7,91,2685,9090,91,70,9090,8797
"AACCAGTATCACTCTT-1","0",6,92,2559,9163,92,71,9163,8923
"CACCGGAGATATCTCC-1","0",7,93,2685,9235,93,70,9235,8797
"GACTGGGCGCCGCAAC-1","0",6,94,2560,9307,94,71,9307,8922
"CACGTCTATGATGTGG-1","0",7,95,2685,9379,95,70,9379,8797
"TTAAGACGAACGAACC-1","0",6,96,2560,9451,96,71,9451,8922
"TGACCAGCTTCAAAGT-1","0",7,97,2686,9523,97,70,9523,8796
"AGAGTTAGAGACCGAT-1","0",6,98,2560,9596,98,71,9596,8922
"TTCGGACTGATGCCTT-1","0",7,99,2686,9668,99,70,9668,8796
"CTCGAATGGAACGTAT-1","0",6,100,2560,9740,100,71,9740,8922
"GGACGGCTTGCGCAAC-1","0",7,101,2686,9812,101,70,9812,8796
"CTAAGTACAGGGCTAC-1","0",6,102,2561,9885,102,71,9885,8921
"ACAAATTCAGATCTGA-1","0",7,103,2686,9957,103,70,9957,8796
"CATGGAAATGGGACCA-1","0",6,104,2561,10029,104,71,10029,8921
"GGTGGACCACGTGTTA-1","0",7,105,2686,10101,105,70,10101,8796
"CACGACGTAATAGTAA-1","0",6,106,2561,10173,106,71,10173,8921
"CGGGTTCGGCACGTAT-1","0",7,107,2687,10245,107,70,10245,8795
"CTGGGCTATCCTTTGG-1","0",6,108,2561,10318,108,71,10318,8921
"GTATTAGGGTTCGCGT-1","0",7,109,2687,10390,109,70,10390,8795
"TCATTCGTATAATTTG-1","0",6,110,2561,10462,110,71,10462,8921
"AATAGCAAGCCTCCTG-1","0",7,111,2687,10534,111,70,10534,8795
"CATCTACCCGAGAACG-1","0",6,112,2562,10607,112,71,10607,8920
"GCTTCAGTGGGATTAC-1","0",7,113,2687,10679,113,70,10679,8795
"TCTGTGATGGAGGTTG-1","0",6,114,2562,10751,114,71,10751,8920
"ATCCACTTTCAGACTA-1","0",7,115,2688,10823,115,70,10823,8794
"ATGGTTACGAAACATG-1","0",6,116,2562,10895,116,71,10895,8920
"GGCCCAATCTAGAGGG-1","0",7,117,2688,10967,117,70,10967,8794
"GATGGTGAAATAACCC-1","0",6,118,2562,11040,118,71,11040,8920
"AGAGGGACAATTGTCC-1","0",7,119,2688,11112,119,70,11112,8794
"CGCGTACATTCTGGAA-1","0",6,120,2563,11184,120,71,11184,8919
"CAAGAAACCCTAAACT-1","0",7,121,2688,11256,121,70,11256,8794
"TTGGTGCGGTGTTGAA-1","0",6,122,2563,11328,122,71,11328,8919
"GGTTCCCTAGTGTCTC-1","0",7,123,2689,11400,123,70,11400,8793
"CGATAACCAATTTGAG-1","0",6,124,2563,11473,124,71,11473,8919
"GCCCACTGGTCCACAA-1","0",7,125,2689,11545,125,70,11545,8793
"GAGGGCCGGCAGAGTC-1","0",6,126,2563,11617,126,71,11617,8919
"CGACACGGATGCCCAC-1","0",7,127,2689,11689,127,70,11689,8793
"CTGTCTGTGGCTGGCT-1","0",8,0,2800,2521,0,69,2521,8682
"ATATTATCCCGTATTT-1","0",9,1,2926,2593,1,68,2593,8556
"GCGCTGGCGGAAAGTC-1","0",8,2,2800,2665,2,69,2665,8682
"ATCTAACGTCCCTATG-1","0",9,3,2926,2737,3,68,2737,8556
"GTCAGACAGCGTTGGA-1","0",8,4,2801,2810,4,69,2810,8681
"GCCAGGCTTAGTGGTA-1","0",9,5,2926,2882,5,68,2882,8556
"ATTCAAAGTACCTGTT-1","0",8,6,2801,2954,6,69,2954,8681
"TGGACGTAGGCGAATC-1","0",9,7,2926,3026,7,68,3026,8556
"ACACATTGACGCAACA-1","0",8,8,2801,3098,8,69,3098,8681
"GATATCAGTATGTATC-1","0",9,9,2927,3170,9,68,3170,8555
"TGGGCCTTGCCTGCAT-1","0",8,10,2801,3243,10,69,3243,8681
"CAAAGTCAGGTTAGCT-1","0",9,11,2927,3315,11,68,3315,8555
"GGATCCCTACCAGCTA-1","0",8,12,2801,3387,12,69,3387,8681
"ATCGTCCAATCGAGTC-1","1",9,13,2927,3459,13,68,3459,8555
"ACATGGCTCAATTTAG-1","0",8,14,2802,3532,14,69,3532,8680
"AGGCCCAGTGACTGGT-1","1",9,15,2927,3604,15,68,3604,8555
"GCTTCCAGCTTAGATT-1","1",8,16,2802,3676,16,69,3676,8680
"TGCTTGAAACCATGCA-1","1",9,17,2928,3748,17,68,3748,8554
"CAATATTGGACTAGTG-1","1",8,18,2802,3820,18,69,3820,8680
"CGTGCTGGCCTAGTCG-1","1",9,19,2928,3892,19,68,3892,8554
"CCTGCGATAGAACTGT-1","1",8,20,2802,3965,20,69,3965,8680
"GGGTAATGCTGTGTTT-1","1",9,21,2928,4037,21,68,4037,8554
"AACGCGAACGGCAACA-1","1",8,22,2803,4109,22,69,4109,8679
"TGTCGGCATGGTGGAA-1","1",9,23,2928,4181,23,68,4181,8554
"AGCGTACGAGAGCTAG-1","1",8,24,2803,4253,24,69,4253,8679
"ATACTCTCGCCACTCT-1","1",9,25,2929,4325,25,68,4325,8553
"AATCCATGCAAGGGTG-1","1",8,26,2803,4398,26,69,4398,8679
"TTAAACAGAGTCCCGC-1","1",9,27,2929,4470,27,68,4470,8553
"CCACAGCTGAAATCAT-1","1",8,28,2803,4542,28,69,4542,8679
"CGGTTCCGGCTTCTTG-1","1",9,29,2929,4614,29,68,4614,8553
"GACGTGAGACTCCATG-1","1",8,30,2804,4687,30,69,4687,8678
"TCGTTGGCTCGTCAAT-1","1",9,31,2929,4759,31,68,4759,8553
"GGTGAACGGGCTAGCC-1","1",8,32,2804,4831,32,69,4831,8678
"GCACTGTGCAAATGTA-1","1",9,33,2929,4903,33,68,4903,8553
"ACGAGAACCCATCACG-1","1",8,34,2804,4975,34,69,4975,8678
"CCAGCTACGCCTCATA-1","1",9,35,2930,5047,35,68,5047,8552
"TCCCGGTCAGGAATTT-1","1",8,36,2804,5120,36,69,5120,8678
"TCGCATTCAATGACTT-1","1",9,37,2930,5192,37,68,5192,8552
"CTGGTTCAACGCATCA-1","1",8,38,2804,5264,38,69,5264,8678
"GGTGATTTCATCTTGT-1","1",9,39,2930,5336,39,68,5336,8552
"CACCCTTTCCTCGCTC-1","1",8,40,2805,5408,40,69,5408,8677
"CAACTTGTAGTGGGCA-1","1",9,41,2930,5480,41,68,5480,8552
"AATATCAAGGTCGGAT-1","1",8,42,2805,5553,42,69,5553,8677
"ACTCAGACCTGCTTCT-1","1",9,43,2931,5625,43,68,5625,8551
"TTGGAGTCTCCCTTCT-1","1",8,44,2805,5697,44,69,5697,8677
"GGATACTCATGAATTG-1","1",9,45,2931,5769,45,68,5769,8551
"TGGGCACAAACAGAAC-1","1",8,46,2805,5842,46,69,5842,8677
"GAGCCACGGTAGTAGG-1","1",9,47,2931,5914,47,68,5914,8551
"TCGATAGGCTAGTCGC-1","1",8,48,2806,5986,48,69,5986,8676
"TAACCGCCCGCAGTGC-1","1",9,49,2931,6058,49,68,6058,8551
"GCCTATTTGCTACACA-1","1",8,50,2806,6130,50,69,6130,8676
"TTGACGATTCAGCACG-1","1",9,51,2932,6202,51,68,6202,8550
"TTAAACCGGTAGCGAC-1","1",8,52,2806,6275,52,69,6275,8676
"ACCGAAAGGGCCCTGC-1","1",9,53,2932,6347,53,68,6347,8550
"ACGTTCCGCGCTCCGT-1","1",8,54,2806,6419,54,69,6419,8676
"ATACCAGGCTAATAGA-1","1",9,55,2932,6491,55,68,6491,8550
"CGGCTTTGTATGATAA-1","1",8,56,2806,6563,56,69,6563,8676
"CTTGACCCGAAAGATA-1","1",9,57,2932,6635,57,68,6635,8550
"CGCAGAAACATTTGCG-1","1",8,58,2807,6708,58,69,6708,8675
"GACCCGTCGCCGGCTA-1","1",9,59,2932,6780,59,68,6780,8550
"AATCGGGACACTACGA-1","1",8,60,2807,6852,60,69,6852,8675
"GTCACAAAGTTTCCAA-1","1",9,61,2933,6924,61,68,6924,8549
"TATATTCGCGTCGATA-1","1",8,62,2807,6997,62,69,6997,8675
"CCTCCCGACAATCCCT-1","1",9,63,2933,7069,63,68,7069,8549
"CGACATGCGATCTTCT-1","1",8,64,2807,7141,64,69,7141,8675
"AACACGACTGTACTGA-1","1",9,65,2933,7213,65,68,7213,8549
"CCCAACCACACTAACA-1","1",8,66,2808,7285,66,69,7285,8674
"CACCGCCGACCAGCGA-1","1",9,67,2933,7357,67,68,7357,8549
"TGGTATCGCATCCCAA-1","1",8,68,2808,7430,68,69,7430,8674
"CAGAGTGATTTAACGT-1","1",9,69,2934,7502,69,68,7502,8548
"AACCCTGGTGGAACCA-1","1",8,70,2808,7574,70,69,7574,8674
"GTCAGTTGTGCTCGTT-1","1",9,71,2934,7646,71,68,7646,8548
"ATTGACGTAACTCGGT-1","0",8,72,2808,7719,72,69,7719,8674
"GATGTCGGTCAACTGC-1","0",9,73,2934,7791,73,68,7791,8548
"AGGGCAGCGGCGTGGT-1","0",8,74,2809,7863,74,69,7863,8673
"ACATCGTTAACCTAGT-1","0",9,75,2934,7935,75,68,7935,8548
"TCCATTGTGACCTCGT-1","1",8,76,2809,8007,76,69,8007,8673
"TGTTTAATACTTCATC-1","0",9,77,2934,8079,77,68,8079,8548
"TTGCTGGCCGGGCTTC-1","1",8,78,2809,8152,78,69,8152,8673
"CATATTATTTGCCCTA-1","0",9,79,2935,8224,79,68,8224,8547
"CTGCCTAGCCACCAAG-1","1",8,80,2809,8296,80,69,8296,8673
"ACGAGATATTTGCTTA-1","1",9,81,2935,8368,81,68,8368,8547
"GACTACAATTGCTCGT-1","0",8,82,2809,8440,82,69,8440,8673
"AACGTGATGAAGGACA-1","0",9,83,2935,8512,83,68,8512,8547
"ACTCTCTTATACACGA-1","0",8,84,2810,8585,84,69,8585,8672
"CGCATCATGGCTTCAG-1","0",9,85,2935,8657,85,68,8657,8547
"CGGCTCTTCGTCGAAC-1","0",8,86,2810,8729,86,69,8729,8672
"ATTCTTCGTACTTATG-1","0",9,87,2936,8801,87,68,8801,8546
"AGTGAGGGTTTCTGAC-1","0",8,88,2810,8874,88,69,8874,8672
"GCCAGGCGTTCGCATG-1","1",9,89,2936,8946,89,68,8946,8546
"GACTAACACAGCACCT-1","0",8,90,2810,9018,90,69,9018,8672
"CAATGGAATCTACATA-1","0",9,91,2936,9090,91,68,9090,8546
"GTGGTCAGCGAAGTAT-1","0",8,92,2811,9162,92,69,9162,8671
"ATGGCTGGAAATGGCC-1","0",9,93,2936,9234,93,68,9234,8546
"ATCAGGTCGCCATTGC-1","0",8,94,2811,9307,94,69,9307,8671
"TATCACCATGTAAAGT-1","0",9,95,2937,9379,95,68,9379,8545
"AGCGCTTATGGGCAAG-1","0",8,96,2811,9451,96,69,9451,8671
"AAGCGGCGTCATGGGT-1","0",9,97,2937,9523,97,68,9523,8545
"ACTAATACGTCAGGCG-1","0",8,98,2811,9595,98,69,9595,8671
"GGCTGAGCATCGTAAG-1","0",9,99,2937,9667,99,68,9667,8545
"CGGTTGGGTTCAAGTT-1","0",8,100,2811,9740,100,69,9740,8671
"GACTGATTGGTCACAA-1","0",9,101,2937,9812,101,68,9812,8545
"AGACGGGCCGATTTAA-1","0",8,102,2812,9884,102,69,9884,8670
"ACCAGTGCCCGGTCAA-1","0",9,103,2937,9956,103,68,9956,8545
"GTCCTTTAATGACTTC-1","0",8,104,2812,10029,104,69,10029,8670
"CCTACAAGTCCGGAAT-1","0",9,105,2938,10101,105,68,10101,8544
"GCCTGCTACACTGAGA-1","0",8,106,2812,10173,106,69,10173,8670
"GACTCGGTCGGCGGAT-1","0",9,107,2938,10245,107,68,10245,8544
"CTAGACATATATGTAG-1","0",8,108,2812,10317,108,69,10317,8670
"TCGCCCAACTGACTCC-1","0",9,109,2938,10389,109,68,10389,8544
"AAACTAACGTGGCGAC-1","0",8,110,2813,10462,110,69,10462,8669
"AACTGAGGTCAGCGTC-1","0",9,111,2938,10534,111,68,10534,8544
"ACAATGATTCTTCTAC-1","0",8,112,2813,10606,112,69,10606,8669
"ATAAGTACCCGATTGT-1","0",9,113,2939,10678,113,68,10678,8543
"ATTGGGAGTTCTGTAA-1","0",8,114,2813,10751,114,69,10751,8669
"CGAACATAGTCAGAAA-1","0",9,115,2939,10823,115,68,10823,8543
"TAGCTCAGATCCTAGT-1","0",8,116,2813,10895,116,69,10895,8669
"GTGTCGTATTCACCTT-1","0",9,117,2939,10967,117,68,10967,8543
"CTCACCGATCCAAACT-1","0",8,118,2814,11039,118,69,11039,8668
"ATATGTGCACAAACCA-1","0",9,119,2939,11111,119,68,11111,8543
"CAGTCCAACGCCTTCT-1","0",8,120,2814,11184,120,69,11184,8668
"TCGTCCGGGTACACTC-1","0",9,121,2940,11256,121,68,11256,8542
"GCAGAAACGTAATCCA-1","0",8,122,2814,11328,122,69,11328,8668
"TTCGAGCCGGCGCTAC-1","0",9,123,2940,11400,123,68,11400,8542
"GGAAGATAAGACTGTA-1","0",8,124,2814,11472,124,69,11472,8668
"ATAAGCAAACACCGAG-1","0",9,125,2940,11544,125,68,11544,8542
"GCATAAATTGAACGCC-1","0",8,126,2814,11617,126,69,11617,8668
"CGCCGGTGTCGCAGTA-1","0",9,127,2940,11689,127,68,11689,8542
"GACCTGGTCTGGGCGT-1","0",10,0,3051,2520,0,67,2520,8431
"AGCCGCTTGATTAGCG-1","0",11,1,3177,2592,1,66,2592,8305
"CCCGGCTAGGTGAGAA-1","0",10,2,3052,2665,2,67,2665,8430
"CGAGCCGAGCACTCGA-1","0",11,3,3177,2737,3,66,2737,8305
"TAGTGCTTGAATCCTT-1","0",10,4,3052,2809,4,67,2809,8430
"CAACCGCACCTAGACA-1","0",11,5,3177,2881,5,66,2881,8305
"ACCACTGTTCAAGAAG-1","0",10,6,3052,2954,6,67,2954,8430
"AGATGCTATAACGAGC-1","0",11,7,3178,3026,7,66,3026,8304
"AATTACTCGTACGCTC-1","0",10,8,3052,3098,8,67,3098,8430
"CGTCAATCTTTAACAT-1","1",11,9,3178,3170,9,66,3170,8304
"CCAAAGCAGTTGGTTG-1","0",10,10,3052,3242,10,67,3242,8430
"CCATATTGGATCATGA-1","1",11,11,3178,3314,11,66,3314,8304
"CGTACCGAAAGTCTAG-1","1",10,12,3053,3387,12,67,3387,8429
"CTCGAGATCCAAAGCA-1","1",11,13,3178,3459,13,66,3459,8304
"TGGATAGAGTAACAGA-1","1",10,14,3053,3531,14,67,3531,8429
"TCACAGATCCTCAAAC-1","1",11,15,3179,3603,15,66,3603,8303
"AGAGCTACGAAAGCAT-1","1",10,16,3053,3676,16,67,3676,8429
"TGCGTGATTGGGTGTC-1","1",11,17,3179,3747,17,66,3747,8303
"CACATGTTTGGACATG-1","1",10,18,3053,3820,18,67,3820,8429
"TTCGCATCCGGAAGCA-1","1",11,19,3179,3892,19,66,3892,8303
"CCCTAGTGTCAGGTGT-1","1",10,20,3054,3964,20,67,3964,8428
"TTACCGCCTTAGGGAA-1","1",11,21,3179,4036,21,66,4036,8303
"CCAGTCCATTATTCGA-1","1",10,22,3054,4109,22,67,4109,8428
"CGTAAACGCTTGAGTG-1","1",11,23,3180,4181,23,66,4181,8302
"ATTCCTTCCAGGCGGT-1","1",10,24,3054,4253,24,67,4253,8428
"TTCCTTTCTGTGTTGC-1","1",11,25,3180,4325,25,66,4325,8302
"AGTTGACATCGGCTGG-1","1",10,26,3054,4397,26,67,4397,8428
"AACTCGATGGCGCAGT-1","1",11,27,3180,4469,27,66,4469,8302
"GATAAGGCAGATGCAA-1","1",10,28,3054,4542,28,67,4542,8428
"GGCTGGCTAGCTTAAA-1","1",11,29,3180,4614,29,66,4614,8302
"CCTCATGCAGCTACGA-1","1",10,30,3055,4686,30,67,4686,8427
"GACGCCTGTTGCAGGG-1","1",11,31,3180,4758,31,66,4758,8302
"TAATTAGATGGATATG-1","1",10,32,3055,4831,32,67,4831,8427
"GAGGGCATCGCGTATC-1","1",11,33,3181,4903,33,66,4903,8301
"CTTGTGAGTCTTTGAC-1","1",10,34,3055,4975,34,67,4975,8427
"TCAACACATTGGGTAA-1","1",11,35,3181,5047,35,66,5047,8301
"ACTGTATACGCGAGCA-1","1",10,36,3055,5119,36,67,5119,8427
"GTGAAACGTGCTCCAC-1","1",11,37,3181,5191,37,66,5191,8301
"CGAGTGCTATAGTTCG-1","1",10,38,3056,5264,38,67,5264,8426
"GTACTGCATGAAGCGT-1","1",11,39,3181,5336,39,66,5336,8301
"GTAACTTGCGGCAGTC-1","1",10,40,3056,5408,40,67,5408,8426
"GAATCGCCGGACACGG-1","1",11,41,3182,5480,41,66,5480,8300
"GGGAGTAATGGCTGGC-1","1",10,42,3056,5552,42,67,5552,8426
"CATGAACCGACATTTG-1","1",11,43,3182,5624,43,66,5624,8300
"TCTGTCATACAAGAGC-1","1",10,44,3056,5697,44,67,5697,8426
"GTCGTCAATTATAAGG-1","1",11,45,3182,5769,45,66,5769,8300
"TAAAGAGCCCGAAACC-1","1",10,46,3057,5841,46,67,5841,8425
"GTACTGAGGTCGTAAC-1","1",11,47,3182,5913,47,66,5913,8300
"AAAGACCCAAGTCGCG-1","1",10,48,3057,5986,48,67,5986,8425
"CGTCAGTGCGCACAAG-1","1",11,49,3183,6058,49,66,6058,8299
"TGTATCCTTATTCCAT-1","1",10,50,3057,6130,50,67,6130,8425
"ATTCTCGTCTCTTTAG-1","1",11,51,3183,6202,51,66,6202,8299
"AAAGTCACTGATGTAA-1","1",10,52,3057,6274,52,67,6274,8425
"TGTCTACAGTTTCTGT-1","1",11,53,3183,6346,53,66,6346,8299
"TTAACGTCGCAAGACC-1","1",10,54,3057,6419,54,67,6419,8425
"CTATGTCTATTGAAAC-1","1",11,55,3183,6491,55,66,6491,8299
"TCGGGTGAAACTGCTA-1","1",10,56,3058,6563,56,67,6563,8424
"TGTCCCGACATAGCAC-1","1",11,57,3183,6635,57,66,6635,8299
"ACAGCATAGAGCCAGT-1","1",10,58,3058,6707,58,67,6707,8424
"ATATTCCCACAGGTCA-1","1",11,59,3184,6779,59,66,6779,8298
"TTGGATCGACTTCTGG-1","1",10,60,3058,6852,60,67,6852,8424
"CACCATCGGAGGAGAC-1","1",11,61,3184,6924,61,66,6924,8298
"TCGTTCGTTATTATGT-1","1",10,62,3058,6996,62,67,6996,8424
"CTTAACTTCGAAGTAC-1","1",11,63,3184,7068,63,66,7068,8298
"GCACAAGTGTCGGAAG-1","1",10,64,3059,7141,64,67,7141,8423
"TACCAGCTAGGTTTAA-1","1",11,65,3184,7213,65,66,7213,8298
"ACGTACAGATTTCTCT-1","1",10,66,3059,7285,66,67,7285,8423
"AATTTGGTTCCAAAGA-1","1",11,67,3185,7357,67,66,7357,8297
"GTAAGGATTTGTCGGA-1","1",10,68,3059,7429,68,67,7429,8423
"CATCATCTACCCGGAC-1","1",11,69,3185,7501,69,66,7501,8297
"ACGATGGATCCGATGC-1","1",10,70,3059,7574,70,67,7574,8423
"CACTCAGCTCTTGAGG-1","1",11,71,3185,7646,71,66,7646,8297
"TAGATCCGAAGTCGCA-1","1",10,72,3060,7718,72,67,7718,8422
"TGAAACTTATGCAAGC-1","1",11,73,3185,7790,73,66,7790,8297
"GCGATTCTGGAAGCAG-1","0",10,74,3060,7863,74,67,7863,8422
"CAAACTATTGAGCTTC-1","1",11,75,3185,7935,75,66,7935,8297
"TAGAATTAAGGGCAAC-1","0",10,76,3060,8007,76,67,8007,8422
"CGAAACATAGATGGCA-1","1",11,77,3186,8079,77,66,8079,8296
"GATGGTGCCCTAGGCA-1","0",10,78,3060,8151,78,67,8151,8422
"CCCGCAGGGCCCAAAG-1","0",11,79,3186,8223,79,66,8223,8296
"ACAGCGCACCCGCAGC-1","1",10,80,3060,8296,80,67,8296,8422
"GGTAAATGTGCGTTAC-1","1",11,81,3186,8368,81,66,8368,8296
"GTCCTTCTAGTGGGTT-1","1",10,82,3061,8440,82,67,8440,8421
"GGAAGCTCGCTTACAG-1","1",11,83,3186,8512,83,66,8512,8296
"CACCGATACACCGAGC-1","1",10,84,3061,8584,84,67,8584,8421
"CAGCCGGGCCCTCTAT-1","1",11,85,3187,8656,85,66,8656,8295
"CGGAGCTTATAACACC-1","1",10,86,3061,8729,86,67,8729,8421
"ATTACAACTACCGGCC-1","1",11,87,3187,8801,87,66,8801,8295
"TCCTCTGGCCCATTAG-1","1",10,88,3061,8873,88,67,8873,8421
"CGGCACCGTTAGCGCC-1","1",11,89,3187,8945,89,66,8945,8295
"TCGGTCCCTGACTCCA-1","1",10,90,3062,9018,90,67,9018,8420
"TGGTTGGAGGATCCTG-1","1",11,91,3187,9090,91,66,9090,8295
"CTGCGGTAGTCACGTG-1","1",10,92,3062,9162,92,67,9162,8420
"GTGCCTCAGTGTACGG-1","1",11,93,3188,9234,93,66,9234,8294
"ATCGTTCACTTTCGCC-1","0",10,94,3062,9306,94,67,9306,8420
"ACTTACCGGGCGCGCA-1","1",11,95,3188,9378,95,66,9378,8294
"CTAGACTGCATTTCGT-1","0",10,96,3062,9451,96,67,9451,8420
"TTGCCGGTGATCCCTC-1","0",11,97,3188,9523,97,66,9523,8294
"CTGTCACGCCAGGCGC-1","0",10,98,3062,9595,98,67,9595,8420
"CGGTATAGGTATTAGC-1","0",11,99,3188,9667,99,66,9667,8294
"CCAACGCTTGCCAGGG-1","0",10,100,3063,9739,100,67,9739,8419
"CGTTGAGTAATTGCGT-1","0",11,101,3188,9811,101,66,9811,8294
"TGTATTTACCTAATGC-1","0",10,102,3063,9884,102,67,9884,8419
"TAAATGCCGTCTCATG-1","0",11,103,3189,9956,103,66,9956,8293
"CGGTTTATGAAGGAAC-1","0",10,104,3063,10028,104,67,10028,8419
"GCAAGATGTGTTCGCG-1","0",11,105,3189,10100,105,66,10100,8293
"AAAGGTAAGCTGTACC-1","0",10,106,3063,10173,106,67,10173,8419
"GTACGTCACGTATTAA-1","0",11,107,3189,10245,107,66,10245,8293
"AGTACCTTCGAGTGCT-1","0",10,108,3064,10317,108,67,10317,8418
"ATTGTGACTTCGCTGC-1","0",11,109,3189,10389,109,66,10389,8293
"TGTATCAGACTGAAGC-1","0",10,110,3064,10461,110,67,10461,8418
"GAGACCCTGCAACGCC-1","0",11,111,3190,10533,111,66,10533,8292
"TGGGTGGGATGTCATT-1","0",10,112,3064,10606,112,67,10606,8418
"GGCTAATGATTGAAAT-1","0",11,113,3190,10678,113,66,10678,8292
"ATAACGTTACCTCCAC-1","0",10,114,3064,10750,114,67,10750,8418
"TGCGAGATGGCGGCCA-1","0",11,115,3190,10822,115,66,10822,8292
"CACACTTGTATTGCGA-1","0",10,116,3065,10894,116,67,10894,8417
"GCTGGTGACTCGTAGT-1","0",11,117,3190,10966,117,66,10966,8292
"CGACACCGCTTAAGGA-1","0",10,118,3065,11039,118,67,11039,8417
"GTAACAACTGACCTTG-1","0",11,119,3191,11111,119,66,11111,8291
"CAACTGAGGGTATGAC-1","0",10,120,3065,11183,120,67,11183,8417
"CTAATTATGAAGCGTA-1","0",11,121,3191,11255,121,66,11255,8291
"CCGATCTTAAGAGGCT-1","0",10,122,3065,11328,122,67,11328,8417
"CGACTCGGTACACGGT-1","0",11,123,3191,11400,123,66,11400,8291
"TGCTGCGTCAGAGTTA-1","0",10,124,3065,11472,124,67,11472,8417
"AGAGTTGCAGGCCTCC-1","0",11,125,3191,11544,125,66,11544,8291
"ACTGGCGAACCTGCGT-1","0",10,126,3066,11616,126,67,11616,8416
"ACTAAGGACGCACACC-1","0",11,127,3191,11688,127,66,11688,8291
"CGTCCAGATGGCTCCA-1","0",12,0,3303,2520,0,65,2520,8179
"ACTATCGCCGGCTAAA-1","0",13,1,3428,2592,1,64,2592,8054
"GATAGCGTACCACGCG-1","0",12,2,3303,2664,2,65,2664,8179
"AGGACTTATAGGAGAA-1","0",13,3,3428,2736,3,64,2736,8054
"TAGTCGGGATTCTTCG-1","0",12,4,3303,2809,4,65,2809,8179
"ACCATTAAGGGTGTCA-1","0",13,5,3429,2881,5,64,2881,8053
"TTAATGTGTTTGCAGG-1","0",12,6,3303,2953,6,65,2953,8179
"TCCGCAGCCACCTAGC-1","1",13,7,3429,3025,7,64,3025,8053
"GAGGAGATCCTCATGC-1","1",12,8,3303,3098,8,65,3098,8179
"GGTCCTTCATACGACT-1","1",13,9,3429,3170,9,64,3170,8053
"CCCTGTTGGCAAAGAC-1","1",12,10,3304,3242,10,65,3242,8178
"GTGCCTAGCTATGCTT-1","1",13,11,3429,3314,11,64,3314,8053
"GTCATCTCCTACAGCT-1","1",12,12,3304,3386,12,65,3386,8178
"GCGAGAAACGGGAGTT-1","1",13,13,3430,3458,13,64,3458,8052
"CGTCGCGGCGGGATTT-1","1",12,14,3304,3531,14,65,3531,8178
"CATTGTGTGCTAGATC-1","1",13,15,3430,3603,15,64,3603,8052
"CGCGGCAGTATTACGG-1","1",12,16,3304,3675,16,65,3675,8178
"GAAATGGGATGTAAAC-1","1",13,17,3430,3747,17,64,3747,8052
"CATTCCCTAAGTACAA-1","1",12,18,3305,3819,18,65,3819,8177
"AGTTCTGCGTTGTATC-1","1",13,19,3430,3891,19,64,3891,8052
"ACCCTATAGGACTGAG-1","1",12,20,3305,3964,20,65,3964,8177
"TTAGATAGGTCGATAC-1","1",13,21,3431,4036,21,64,4036,8051
"ATTGATAGCAACGAGA-1","1",12,22,3305,4108,22,65,4108,8177
"TCTCGGCTCCAGGACT-1","1",13,23,3431,4180,23,64,4180,8051
"CTTGAGGTTATCCCGA-1","1",12,24,3305,4253,24,65,4253,8177
"AAGAAGGATCAGTTAG-1","1",13,25,3431,4325,25,64,4325,8051
"GTACGACGGCGCTGCG-1","1",12,26,3305,4397,26,65,4397,8177
"CTTATGTTGACTACCA-1","1",13,27,3431,4469,27,64,4469,8051
"CGGCACTCAAGAAAGT-1","1",12,28,3306,4541,28,65,4541,8176
"GTCAAAGTTTACATAG-1","1",13,29,3431,4613,29,64,4613,8051
"CTCCTAAGTTATGTCT-1","1",12,30,3306,4686,30,65,4686,8176
"ACTGTGCTAGTAGATC-1","1",13,31,3432,4758,31,64,4758,8050
"GTTTGGCCGCTCAGCG-1","1",12,32,3306,4830,32,65,4830,8176
"TTATCCAATCGAACTC-1","1",13,33,3432,4902,33,64,4902,8050
"CCGTACCCAAGCGCCA-1","1",12,34,3306,4975,34,65,4975,8176
"CATACAAAGCCGAACC-1","1",13,35,3432,5047,35,64,5047,8050
"GGTCGGTAATTAGACA-1","1",12,36,3307,5119,36,65,5119,8175
"AGCGGGAAGGGTCCAT-1","1",13,37,3432,5191,37,64,5191,8050
"GCCCACCAAGGCTGTC-1","1",12,38,3307,5263,38,65,5263,8175
"GTAGACGTCGTTACAT-1","1",13,39,3433,5335,39,64,5335,8049
"GAGCATCATCCCTGGG-1","1",12,40,3307,5408,40,65,5408,8175
"AGGTAACCTCCTATTC-1","1",13,41,3433,5480,41,64,5480,8049
"GGTTTGAGTGCTGGAA-1","1",12,42,3307,5552,42,65,5552,8175
"GCACTAGTCGCGCTAT-1","1",13,43,3433,5624,43,64,5624,8049
"GGTAACTATGTATCTG-1","1",12,44,3308,5696,44,65,5696,8174
"GCGGTCCCTAGACGCA-1","1",13,45,3433,5768,45,64,5768,8049
"CGAGCGTTGATCAGCC-1","1",12,46,3308,5841,46,65,5841,8174
"AATCCAAGGGCCTGAG-1","1",13,47,3433,5913,47,64,5913,8049
"CCGTGCCCATGACGGC-1","1",12,48,3308,5985,48,65,5985,8174
"GAAATTCACATCGCTG-1","1",13,49,3434,6057,49,64,6057,8048
"CTCTGCGAAGCAAGCA-1","1",12,50,3308,6130,50,65,6130,8174
"AGTAGGTAACATACAT-1","1",13,51,3434,6202,51,64,6202,8048
"ATTGGGAATATCTTGG-1","1",12,52,3308,6274,52,65,6274,8174
"TAGAGCTACGAAGAAC-1","1",13,53,3434,6346,53,64,6346,8048
"TGCGGCATAGTTCAAC-1","1",12,54,3309,6418,54,65,6418,8173
"CCGCCGGTCAACACAC-1","1",13,55,3434,6490,55,64,6490,8048
"TCGTATAGTGCAATTA-1","1",12,56,3309,6563,56,65,6563,8173
"TAGTTTATTCTTGCTT-1","1",13,57,3435,6635,57,64,6635,8047
"GATATCTCATGCAATA-1","1",12,58,3309,6707,58,65,6707,8173
"CGTTTAAGCGGAGCAC-1","1",13,59,3435,6779,59,64,6779,8047
"CATGCTGGCTCCAATT-1","1",12,60,3309,6851,60,65,6851,8173
"GAAACAGCCATGCAGT-1","1",13,61,3435,6923,61,64,6923,8047
"AGTTTCGCAGGTCGGA-1","1",12,62,3310,6996,62,65,6996,8172
"CTCATGGCTCACAATC-1","1",13,63,3435,7068,63,64,7068,8047
"AACCGTTGTGTTTGCT-1","1",12,64,3310,7140,64,65,7140,8172
"ACCCTTCATCTGCGAA-1","1",13,65,3436,7212,65,64,7212,8046
"TGCGGTGAAATTTCAT-1","1",12,66,3310,7285,66,65,7285,8172
"CAAATTGTCAGCAAGC-1","1",13,67,3436,7357,67,64,7357,8046
"GAGGTACATCCATCTT-1","1",12,68,3310,7429,68,65,7429,8172
"AAATGGCATGTCTTGT-1","1",13,69,3436,7501,69,64,7501,8046
"TCATCCCAGAGGGTGG-1","1",12,70,3311,7573,70,65,7573,8171
"CGTAGCGAATTGTCAG-1","1",13,71,3436,7645,71,64,7645,8046
"CCTAGTTAGTCGCATG-1","1",12,72,3311,7718,72,65,7718,8171
"GAAACTCTAATGAAGG-1","1",13,73,3436,7790,73,64,7790,8046
"TTGTATCACACAGAAT-1","1",12,74,3311,7862,74,65,7862,8171
"TTCAAGCCGAGCTGAG-1","1",13,75,3437,7934,75,64,7934,8045
"AGGTACGATATTGCCA-1","1",12,76,3311,8007,76,65,8007,8171
"TTAAGCCGACAACTTC-1","1",13,77,3437,8078,77,64,8078,8045
"GTCTTAGTACAGCCGG-1","1",12,78,3311,8151,78,65,8151,8171
"TGGGTAAGGTTCCCGC-1","1",13,79,3437,8223,79,64,8223,8045
"CTACGCCATTTCCGAT-1","1",12,80,3312,8295,80,65,8295,8170
"GACCGTCAGGTCGTGA-1","1",13,81,3437,8367,81,64,8367,8045
"TAGTTAAGATAGGATA-1","0",12,82,3312,8440,82,65,8440,8170
"GAATATTCGGAGTCCC-1","1",13,83,3438,8512,83,64,8512,8044
"CAAACTACGATAGAGA-1","0",12,84,3312,8584,84,65,8584,8170
"CAGGAAGACTTTATAT-1","1",13,85,3438,8656,85,64,8656,8044
"TTCGTAATCCCAGCGG-1","1",12,86,3312,8728,86,65,8728,8170
"GTGAGGAGCGGTTGAG-1","1",13,87,3438,8800,87,64,8800,8044
"CAATCCCTATACCAGC-1","1",12,88,3313,8873,88,65,8873,8169
"AGGGAAACGAGGTACT-1","1",13,89,3438,8945,89,64,8945,8044
"TCCTGCCAACTGGAGA-1","1",12,90,3313,9017,90,65,9017,8169
"AATTTGGGACATAGTA-1","1",13,91,3439,9089,91,64,9089,8043
"AACTCCTAATCCCATG-1","1",12,92,3313,9162,92,65,9162,8169
"GCTCATTACTGCATGT-1","1",13,93,3439,9234,93,64,9234,8043
"TCTCGAACGAGGTCAC-1","1",12,94,3313,9306,94,65,9306,8169
"TCACTACGACCAATGC-1","1",13,95,3439,9378,95,64,9378,8043
"GTGATGCACAACATCT-1","1",12,96,3313,9450,96,65,9450,8169
"CCGACGTAAACACAAC-1","1",13,97,3439,9522,97,64,9522,8043
"TGGGATGCACTCATTC-1","0",12,98,3314,9595,98,65,9595,8168
"TTCCATCATGCGGTGA-1","0",13,99,3439,9667,99,64,9667,8043
"TGCACAGTGAAGTTAT-1","0",12,100,3314,9739,100,65,9739,8168
"CTATTGTGTTTGGTCA-1","0",13,101,3440,9811,101,64,9811,8042
"TGCGAGCCCTTCCGCG-1","0",12,102,3314,9883,102,65,9883,8168
"TTGAAAGGTGTAAAGG-1","0",13,103,3440,9955,103,64,9955,8042
"GGTGCAGAGCCTATCG-1","0",12,104,3314,10028,104,65,10028,8168
"ACTATATGCTGTGTTC-1","0",13,105,3440,10100,105,64,10100,8042
"TCCTGGCGCTGCCTGG-1","0",12,106,3315,10172,106,65,10172,8167
"GAGCCGAGCGTTTATT-1","0",13,107,3440,10244,107,64,10244,8042
"AGAATGCGGGTTCGGA-1","0",12,108,3315,10317,108,65,10317,8167
"ATGCGACAATTGGTCC-1","0",13,109,3441,10389,109,64,10389,8041
"TTCCGGCTCGACTTCT-1","0",12,110,3315,10461,110,65,10461,8167
"TGATTATGGCACGCAG-1","0",13,111,3441,10533,111,64,10533,8041
"GGTTTGACAAGAAGCT-1","0",12,112,3315,10605,112,65,10605,8167
"GCAGCTATGGACAGGT-1","0",13,113,3441,10677,113,64,10677,8041
"CACCATGATCGCAAAG-1","0",12,114,3316,10750,114,65,10750,8166
"GTCGGAAGGATACCAG-1","0",13,115,3441,10822,115,64,10822,8041
"GGCCCAGTTATCAGCA-1","0",12,116,3316,10894,116,65,10894,8166
"GGGCCTATTTAAGTAT-1","0",13,117,3441,10966,117,64,10966,8041
"GTTGTTACATTGCGCT-1","0",12,118,3316,11038,118,65,11038,8166
"CAACTCCGTAACTTGC-1","0",13,119,3442,11110,119,64,11110,8040
"GATCTTTGCTCAAAGA-1","0",12,120,3316,11183,120,65,11183,8166
"TCGCTTAATTACGAAG-1","0",13,121,3442,11255,121,64,11255,8040
"CGATCATTAGAGGCAC-1","0",12,122,3316,11327,122,65,11327,8166
"TGTTCTCTACTCCCTA-1","0",13,123,3442,11399,123,64,11399,8040
"GCTTAGGGAAGCGGTA-1","0",12,124,3317,11472,124,65,11472,8165
"CAGGTTTAGTACTACA-1","0",13,125,3442,11544,125,64,11544,8040
"AAGCGGAGTGCGCGCA-1","0",12,126,3317,11616,126,65,11616,8165
"TCAGATGGAGACGTAG-1","0",13,127,3443,11688,127,64,11688,8039
"TCGCACTAACGTTTGT-1","0",14,0,3554,2520,0,63,2520,7928
"CACGTCGGGTTCTAGA-1","0",15,1,3679,2592,1,62,2592,7803
"GGAGTACACATGAGCT-1","0",14,2,3554,2664,2,63,2664,7928
"GTGTGTCGACGTCGCT-1","0",15,3,3680,2736,3,62,2736,7802
"GAAGCTCTTTGCTTAG-1","0",14,4,3554,2808,4,63,2808,7928
"ACACCGAGCGCTCTTT-1","1",15,5,3680,2880,5,62,2880,7802
"CGTAATAATTACGAGT-1","1",14,6,3554,2953,6,63,2953,7928
"CATCAACACCTACTAA-1","1",15,7,3680,3025,7,62,3025,7802
"CCAAGTTTCTACAGAT-1","1",14,8,3555,3097,8,63,3097,7927
"ACGGGTCATGTGACTT-1","1",15,9,3680,3169,9,62,3169,7802
"AGTGTGCTAAGATCGC-1","1",14,10,3555,3242,10,63,3242,7927
"GGCGGTTTGCCGGTGC-1","1",15,11,3681,3314,11,62,3314,7801
"GTATAATCTCCCGGAT-1","1",14,12,3555,3386,12,63,3386,7927
"TAGTCCGTATGCATAA-1","1",15,13,3681,3458,13,62,3458,7801
"CACTTCGTCTTATCTC-1","1",14,14,3555,3530,14,63,3530,7927
"CATCCGCAGGCCCGAA-1","1",15,15,3681,3602,15,62,3602,7801
"CCCTGATGTAACTCGT-1","1",14,16,3556,3675,16,63,3675,7926
"CCATAGTCAGTAACCC-1","1",15,17,3681,3747,17,62,3747,7801
"CGGGCCATAGCCGCAC-1","1",14,18,3556,3819,18,63,3819,7926
"CTCCGGCTTGTAGACA-1","1",15,19,3682,3891,19,62,3891,7800
"AACTTGCGTTCTCGCG-1","1",14,20,3556,3963,20,63,3963,7926
"AATGAGTTCGCATATG-1","1",15,21,3682,4035,21,62,4035,7800
"CGAGGCCAGGCATTGG-1","1",14,22,3556,4108,22,63,4108,7926
"TCTGCGTCCGGTTTCT-1","1",15,23,3682,4180,23,62,4180,7800
"CAATCCTGCCGTGGAG-1","1",14,24,3556,4252,24,63,4252,7926
"CTGAGCAAGTAACAAG-1","1",15,25,3682,4324,25,62,4324,7800
"GGGTACCCACGGTCCT-1","1",14,26,3557,4397,26,63,4397,7925
"ACGGAATTTAGCAAAT-1","1",15,27,3682,4469,27,62,4469,7800
"GGGCGGTCCTATTGTC-1","1",14,28,3557,4541,28,63,4541,7925
"ATGTTACGAGCAATAC-1","1",15,29,3683,4613,29,62,4613,7799
"AACCATGGGATCGCTA-1","1",14,30,3557,4685,30,63,4685,7925
"TCGCATCCCTAAGTGT-1","1",15,31,3683,4757,31,62,4757,7799
"ACTTAGTACGACAAGA-1","1",14,32,3557,4830,32,63,4830,7925
"GAGCTCTCGGACCTAA-1","1",15,33,3683,4902,33,62,4902,7799
"TCTATTACGCTGGCGA-1","1",14,34,3558,4974,34,63,4974,7924
"AGATACGACTTCATAT-1","1",15,35,3683,5046,35,62,5046,7799
"CGCTATACCGCCCACT-1","1",14,36,3558,5119,36,63,5119,7924
"CAGTGTCCGCAGAATG-1","1",15,37,3684,5190,37,62,5190,7798
"CCATCCATACCAAGTC-1","1",14,38,3558,5263,38,63,5263,7924
"AACCCAGAGACGGAGA-1","1",15,39,3684,5335,39,62,5335,7798
"GAAGAACGGTGCAGGT-1","1",14,40,3558,5407,40,63,5407,7924
"GATAAATCGGTGGATG-1","1",15,41,3684,5479,41,62,5479,7798
"CAGCTCGTGCTTGTGT-1","1",14,42,3559,5552,42,63,5552,7923
"GAGTACGGGTATACAA-1","1",15,43,3684,5624,43,62,5624,7798
"CATCGCCCGCGGCCAA-1","1",14,44,3559,5696,44,63,5696,7923
"TCTTACAGAGGTACCG-1","1",15,45,3684,5768,45,62,5768,7798
"TGGAAGACGAACACCA-1","1",14,46,3559,5840,46,63,5840,7923
"GTTGTCGTGTTAGTTG-1","1",15,47,3685,5912,47,62,5912,7797
"CCAAGGAACAGAGAGG-1","1",14,48,3559,5985,48,63,5985,7923
"CTGCACCTGGAACCGC-1","1",15,49,3685,6057,49,62,6057,7797
"CGCTTTCATACCGGTG-1","1",14,50,3559,6129,50,63,6129,7923
"GTTCTTCCCTCGATGT-1","1",15,51,3685,6201,51,62,6201,7797
"ATTTAACTCGTATTAC-1","1",14,52,3560,6274,52,63,6274,7922
"AACGATAGAAGGGCCG-1","1",15,53,3685,6346,53,62,6346,7797
"TATCCTGCATGGGAAT-1","1",14,54,3560,6418,54,63,6418,7922
"AGGCCCATTGTACAGG-1","1",15,55,3686,6490,55,62,6490,7796
"CCGGCGCATATTGGAT-1","1",14,56,3560,6562,56,63,6562,7922
"ATCTGTAATTGTACCC-1","1",15,57,3686,6634,57,62,6634,7796
"GAGCGAGGGAGTACCG-1","1",14,58,3560,6707,58,63,6707,7922
"TTATTAGGGAAGCATC-1","1",15,59,3686,6779,59,62,6779,7796
"CTTCTTACGTCGTATA-1","1",14,60,3561,6851,60,63,6851,7921
"GAAGTGCTGGATAGCT-1","1",15,61,3686,6923,61,62,6923,7796
"GTGCAACAAATGTGGC-1","1",14,62,3561,6995,62,63,6995,7921
"CATGCGTTAGACAGAA-1","1",15,63,3687,7067,63,62,7067,7795
"ACACACTTTCTACACG-1","1",14,64,3561,7140,64,63,7140,7921
"AGCCCTAAGCGAAGTT-1","1",15,65,3687,7212,65,62,7212,7795
"ATTAATTCGGTCACTC-1","1",14,66,3561,7284,66,63,7284,7921
"AACAGGAAATCGAATA-1","1",15,67,3687,7356,67,62,7356,7795
"ACGTTTAGTTGTGATC-1","1",14,68,3562,7429,68,63,7429,7920
"TCCTTCAGTGGTCGAA-1","1",15,69,3687,7501,69,62,7501,7795
"CGAACGCCCAGTGCCG-1","1",14,70,3562,7573,70,63,7573,7920
"CCTCGAAGTGGACGGG-1","1",15,71,3687,7645,71,62,7645,7795
"CTCTGTTTGAGGATTC-1","1",14,72,3562,7717,72,63,7717,7920
"TGGGCACGTTCTATGG-1","1",15,73,3688,7789,73,62,7789,7794
"ACTATTCGTCCGTGGT-1","1",14,74,3562,7862,74,63,7862,7920
"CCTCTGGCCTAGACGG-1","1",15,75,3688,7934,75,62,7934,7794
"CCATAAACAACCCGAC-1","1",14,76,3562,8006,76,63,8006,7920
"CATAGTACATTGAGAG-1","1",15,77,3688,8078,77,62,8078,7794
"ATTTCATTATTTCGCG-1","1",14,78,3563,8150,78,63,8150,7919
"CAACTATATCGAATGC-1","1",15,79,3688,8222,79,62,8222,7794
"CTAGTATTCGGAATTA-1","1",14,80,3563,8295,80,63,8295,7919
"GTGGAACCTACATGCG-1","1",15,81,3689,8367,81,62,8367,7793
"CCTAAAGGCTGACGCT-1","1",14,82,3563,8439,82,63,8439,7919
"CGTGACATTGGGTCGT-1","1",15,83,3689,8511,83,62,8511,7793
"CCAATCGGTAGATCGA-1","1",14,84,3563,8584,84,63,8584,7919
"ATTGTCGCAATACCTT-1","1",15,85,3689,8656,85,62,8656,7793
"AAATTACACGACTCTG-1","1",14,86,3564,8728,86,63,8728,7918
"CACTCCTCTCGGTCGG-1","1",15,87,3689,8800,87,62,8800,7793
"AAATAACCATACGGGA-1","1",14,88,3564,8872,88,63,8872,7918
"AGTTACTCTATCGTGG-1","1",15,89,3690,8944,89,62,8944,7792
"CGTTAGCTCACAACTG-1","1",14,90,3564,9017,90,63,9017,7918
"GAATGTATGGCAGGTC-1","1",15,91,3690,9089,91,62,9089,7792
"GCAACCACCAGACCGG-1","1",14,92,3564,9161,92,63,9161,7918
"TCACTCGTGCAACGGC-1","1",15,93,3690,9233,93,62,9233,7792
"AAACAGAGCGACTCCT-1","1",14,94,3564,9306,94,63,9306,7918
"CAGCCTCTCCTCAAGA-1","1",15,95,3690,9378,95,62,9378,7792
"TTGCGTGAACGCTTAG-1","1",14,96,3565,9450,96,63,9450,7917
"CCGCCTGCGAATTGGT-1","1",15,97,3690,9522,97,62,9522,7792
"AGATGAGGGTTGCGAT-1","1",14,98,3565,9594,98,63,9594,7917
"CGGTGGGCTCCAGCCT-1","1",15,99,3691,9666,99,62,9666,7791
"GGCAGCGGTAATCCTA-1","1",14,100,3565,9739,100,63,9739,7917
"GCTAGCAGGGAGTGGG-1","1",15,101,3691,9811,101,62,9811,7791
"CTCAAGACATTAGCGC-1","0",14,102,3565,9883,102,63,9883,7917
"CACGGCGCGCCAAAGG-1","0",15,103,3691,9955,103,62,9955,7791
"TGCAATTTGGGCACGG-1","0",14,104,3566,10027,104,63,10027,7916
"ATGCCAATCGCTCTGC-1","0",15,105,3691,10099,105,62,10099,7791
"GCTGGACCCAAAGTGG-1","0",14,106,3566,10172,106,63,10172,7916
"ATTCCTAAGACGTGGA-1","0",15,107,3692,10244,107,62,10244,7790
"TCCGGAGGAAGGGCTG-1","0",14,108,3566,10316,108,63,10316,7916
"TCGGTGACCGCTCCGG-1","0",15,109,3692,10388,109,62,10388,7790
"TCCGAAGTAGTCACCA-1","0",14,110,3566,10461,110,63,10461,7916
"CATGTAGGAGCGCCAA-1","0",15,111,3692,10533,111,62,10533,7790
"CACAAGAAAGATATTA-1","0",14,112,3567,10605,112,63,10605,7915
"AGGGTCAGTAACCCTA-1","0",15,113,3692,10677,113,62,10677,7790
"TAAGCCCTTACGACCA-1","0",14,114,3567,10749,114,63,10749,7915
"ATACCGTCATCCATAA-1","0",15,115,3692,10821,115,62,10821,7790
"GGACGTCCATAGTTGG-1","0",14,116,3567,10894,116,63,10894,7915
"CATCAAACTGGCGCCC-1","0",15,117,3693,10966,117,62,10966,7789
"AAACGTGTTCGCCCTA-1","0",14,118,3567,11038,118,63,11038,7915
"AAATTGGTGAGAAGCA-1","0",15,119,3693,11110,119,62,11110,7789
"GGTCATTGTAGTCATA-1","0",14,120,3567,11182,120,63,11182,7915
"TGCAGTGAGGCTCGGG-1","0",15,121,3693,11254,121,62,11254,7789
"GAACATTAGTATGTTA-1","0",14,122,3568,11327,122,63,11327,7914
"GGTTTGCGAACACGTA-1","0",15,123,3693,11399,123,62,11399,7789
"ACACAAATATTCCTAG-1","0",14,124,3568,11471,124,63,11471,7914
"TTGGGTTTATTCAGCG-1","0",15,125,3694,11543,125,62,11543,7788
"ATTCGCAGAGGACACT-1","0",14,126,3568,11616,126,63,11616,7914
"GATTTAGTGCGTACTG-1","0",15,127,3694,11688,127,62,11688,7788
"TAGAAACACAATAGTG-1","0",16,0,3805,2519,0,61,2519,7677
"CAGTAGATGATGTCCG-1","1",17,1,3931,2591,1,60,2591,7551
"TCTTAACTCGGATGTA-1","1",16,2,3805,2664,2,61,2664,7677
"TACATCTTGTTTCTTG-1","1",17,3,3931,2736,3,60,2736,7551
"TTCATAGGGTGTCCAT-1","1",16,4,3805,2808,4,61,2808,7677
"TGAAGTAGCTTACGGA-1","1",17,5,3931,2880,5,60,2880,7551
"GCACAAGTGGATCATA-1","1",16,6,3806,2952,6,61,2952,7676
"GGGCGAATTTCTCCAC-1","1",17,7,3931,3024,7,60,3024,7551
"ATGTTCCTGCCCACCT-1","1",16,8,3806,3097,8,61,3097,7676
"GCTCAACCTCTTAGAG-1","1",17,9,3932,3169,9,60,3169,7550
"ATAGCTGCTCTTGTTA-1","1",16,10,3806,3241,10,61,3241,7676
"CGTCAGCTATTTACTC-1","1",17,11,3932,3313,11,60,3313,7550
"ATCTGATAGTGTCTTA-1","1",16,12,3806,3386,12,61,3386,7676
"TGCACTATGTGAGTGC-1","1",17,13,3932,3458,13,60,3458,7550
"CCGACAAACACATGAG-1","1",16,14,3807,3530,14,61,3530,7675
"GCCTTGTATATGCAGT-1","1",17,15,3932,3602,15,60,3602,7550
"ATAATACCGTTAGCCG-1","1",16,16,3807,3674,16,61,3674,7675
"ACACTCCAATGTCACT-1","1",17,17,3933,3746,17,60,3746,7549
"AGTTGCTGACTGATAT-1","1",16,18,3807,3819,18,61,3819,7675
"GGCGCTCCTCATCAAT-1","1",17,19,3933,3891,19,60,3891,7549
"TGCCTGACATCGGTCA-1","1",16,20,3807,3963,20,61,3963,7675
"TTGGCCATCTTGCGCT-1","1",17,21,3933,4035,21,60,4035,7549
"CAGTGGTTGCACATGA-1","1",16,22,3807,4107,22,61,4107,7675
"AGAATTGTTTGACATA-1","1",17,23,3933,4179,23,60,4179,7549
"AAATGCTCGTTACGTT-1","1",16,24,3808,4252,24,61,4252,7674
"CACCTAATAGAGTCGT-1","1",17,25,3933,4324,25,60,4324,7549
"CATTTCTAGCAGACTA-1","1",16,26,3808,4396,26,61,4396,7674
"CCGAAAGTGGTGAGCA-1","1",17,27,3934,4468,27,60,4468,7548
"AGTCAGCCACCGCCTG-1","1",16,28,3808,4541,28,61,4541,7674
"TCATCACTCGAGCTCG-1","1",17,29,3934,4613,29,60,4613,7548
"CTCAGGACTCACCTGT-1","1",16,30,3808,4685,30,61,4685,7674
"CGGTGTACTTGATCCC-1","1",17,31,3934,4757,31,60,4757,7548
"CCTACGGCTCAGTCGA-1","1",16,32,3809,4829,32,61,4829,7673
"GTACTTGGGCACTTCT-1","1",17,33,3934,4901,33,60,4901,7548
"TGATTTCCTCCTGACG-1","1",16,34,3809,4974,34,61,4974,7673
"CCTCACCAATCTTGAC-1","1",17,35,3935,5046,35,60,5046,7547
"GGTGAGATGCAGATAA-1","1",16,36,3809,5118,36,61,5118,7673
"GCTAGTTTCATTGAGG-1","1",17,37,3935,5190,37,60,5190,7547
"AGGACATCGCACGTCG-1","1",16,38,3809,5262,38,61,5262,7673
"GTGGACGTGCTGAGAC-1","1",17,39,3935,5334,39,60,5334,7547
"TAAGGAACTTGTGGGA-1","1",16,40,3810,5407,40,61,5407,7672
"TCGCTGTGCGTAAATC-1","1",17,41,3935,5479,41,60,5479,7547
"GCATCCCTAACTTTGA-1","1",16,42,3810,5551,42,61,5551,7672
"CACCCACACGTCACCC-1","1",17,43,3935,5623,43,60,5623,7547
"CCCTCATTCTGGAATT-1","1",16,44,3810,5696,44,61,5696,7672
"AGGGCGTGATCGGCTA-1","1",17,45,3936,5768,45,60,5768,7546
"GGTGCGGATAAGTGGC-1","1",16,46,3810,5840,46,61,5840,7672
"TAATATTGAAATTCGC-1","1",17,47,3936,5912,47,60,5912,7546
"CTTACACTGGGAAATA-1","1",16,48,3810,5984,48,61,5984,7672
"ACCAAGAACGCGTGTC-1","1",17,49,3936,6056,49,60,6056,7546
"GCCTTCAGCCCTACCG-1","1",16,50,3811,6129,50,61,6129,7671
"GATGCTACAAGCGCCT-1","1",17,51,3936,6201,51,60,6201,7546
"CCGGGACCCGCAGAGA-1","1",16,52,3811,6273,52,61,6273,7671
"GTTCCAGTCTGACCAT-1","1",17,53,3937,6345,53,60,6345,7545
"ATGATCGGGAATAGAC-1","1",16,54,3811,6418,54,61,6418,7671
"TTGGATTGGGTACCAC-1","1",17,55,3937,6490,55,60,6490,7545
"TACCTCACGCTTGTAC-1","1",16,56,3811,6562,56,61,6562,7671
"CATGGCAGGAAGATCG-1","1",17,57,3937,6634,57,60,6634,7545
"ATGACGCCGGCTCTAA-1","1",16,58,3812,6706,58,61,6706,7670
"AGCGACATCCCATTCA-1","1",17,59,3937,6778,59,60,6778,7545
"AGTAATGTCTTGCCGC-1","1",16,60,3812,6851,60,61,6851,7670
"TTCTTAGTGGCTCAGA-1","1",17,61,3938,6923,61,60,6923,7544
"CGTCTGGAAGGGCCCG-1","1",16,62,3812,6995,62,61,6995,7670
"ACGTGCGCCTCGTGCA-1","1",17,63,3938,7067,63,60,7067,7544
"AGAGCGGGCTAATCAT-1","1",16,64,3812,7139,64,61,7139,7670
"GCGTCGAAATGTCGGT-1","1",17,65,3938,7211,65,60,7211,7544
"AACTGATATTAGGCCT-1","1",16,66,3812,7284,66,61,7284,7670
"CGAGCTGGGCTTTAGG-1","1",17,67,3938,7356,67,60,7356,7544
"GGGTGTTTCAGCTATG-1","1",16,68,3813,7428,68,61,7428,7669
"TTAATTTCAGACGCGG-1","1",17,69,3938,7500,69,60,7500,7544
"ACTGCCGTCGTAACTC-1","1",16,70,3813,7573,70,61,7573,7669
"GTGCACGAAAGTGACT-1","1",17,71,3939,7645,71,60,7645,7543
"ATCTCCCTGCAATCTA-1","1",16,72,3813,7717,72,61,7717,7669
"ACGCCAGATGATTTCT-1","1",17,73,3939,7789,73,60,7789,7543
"AGCTATTTAATCCAAC-1","1",16,74,3813,7861,74,61,7861,7669
"CCACGAGAAGAGAATC-1","1",17,75,3939,7933,75,60,7933,7543
"GATTCCGCGTTTCCGT-1","1",16,76,3814,8006,76,61,8006,7668
"GTCGGATGTAGCGCGC-1","1",17,77,3939,8078,77,60,8078,7543
"TATTTATACCGAGTAG-1","1",16,78,3814,8150,78,61,8150,7668
"GTAGGTGATCCGTGTA-1","1",17,79,3940,8222,79,60,8222,7542
"AGTTAAGCGGTCCCGG-1","1",16,80,3814,8294,80,61,8294,7668
"CTGGCGACATAAGTCC-1","1",17,81,3940,8366,81,60,8366,7542
"TTGGCCTAGAATTTCG-1","1",16,82,3814,8439,82,61,8439,7668
"GGCATATCGGTTCTGC-1","1",17,83,3940,8511,83,60,8511,7542
"GGGCGTCCACTGGCTC-1","1",16,84,3815,8583,84,61,8583,7667
"TTACCCATTGCCGGGT-1","1",17,85,3940,8655,85,60,8655,7542
"TTAGACACGATCGTTG-1","1",16,86,3815,8728,86,61,8728,7667
"GCGCTGATCCAGACTC-1","1",17,87,3941,8800,87,60,8800,7541
"TTCGGCAACCCGCTGA-1","1",16,88,3815,8872,88,61,8872,7667
"GATATTTCCTACATGG-1","1",17,89,3941,8944,89,60,8944,7541
"CTGCGTTACGATATAA-1","1",16,90,3815,9016,90,61,9016,7667
"TAATAAACAAGGAGAT-1","1",17,91,3941,9088,91,60,9088,7541
"AACCTTTACGACGTCT-1","1",16,92,3815,9161,92,61,9161,7667
"AGTCCCGCCTTTAATT-1","1",17,93,3941,9233,93,60,9233,7541
"TGAGATTAGGCCCTAA-1","1",16,94,3816,9305,94,61,9305,7666
"AGTGTATTGCGCATTG-1","1",17,95,3941,9377,95,60,9377,7541
"GTTGGATTCAGTGGCT-1","1",16,96,3816,9450,96,61,9450,7666
"TAAAGCTGCAATAGGG-1","1",17,97,3942,9521,97,60,9521,7540
"AGTAGGAAGGAAGTTG-1","1",16,98,3816,9594,98,61,9594,7666
"TATCACTTCGAGTAAC-1","1",17,99,3942,9666,99,60,9666,7540
"TGATCTACGCTGATCT-1","1",16,100,3816,9738,100,61,9738,7666
"GGATCATCCCGTACGC-1","1",17,101,3942,9810,101,60,9810,7540
"TGACACTTCTCTTTGC-1","1",16,102,3817,9883,102,61,9883,7665
"AGCCCTTCTAATCCGA-1","1",17,103,3942,9955,103,60,9955,7540
"CACCGCGTCCACTCTA-1","0",16,104,3817,10027,104,61,10027,7665
"TAATTGGAATCGGGAA-1","1",17,105,3943,10099,105,60,10099,7539
"TCGTAAGCTCCGAGGA-1","0",16,106,3817,10171,106,61,10171,7665
"TATATTACAAATGTCG-1","0",17,107,3943,10243,107,60,10243,7539
"CGCGAGAGGGACTTGT-1","0",16,108,3817,10316,108,61,10316,7665
"GGACCTACGGTAACGT-1","0",17,109,3943,10388,109,60,10388,7539
"GAAATATGCTTGAATG-1","0",16,110,3818,10460,110,61,10460,7664
"CCGTATTAGCGCAGTT-1","0",17,111,3943,10532,111,60,10532,7539
"AGGCGTCTATGGACGG-1","0",16,112,3818,10605,112,61,10605,7664
"AACATCGATACGTCTA-1","0",17,113,3943,10677,113,60,10677,7539
"TGAATATGCTATAAAC-1","0",16,114,3818,10749,114,61,10749,7664
"ACCAAACACCCAGCGA-1","0",17,115,3944,10821,115,60,10821,7538
"TGGCTTGTACAAGCTT-1","0",16,116,3818,10893,116,61,10893,7664
"GAATGAAGGTCTTCAG-1","0",17,117,3944,10965,117,60,10965,7538
"AGATACCAGCACTTCA-1","0",16,118,3818,11038,118,61,11038,7664
"GCGGTCCCGGTGAAGG-1","0",17,119,3944,11110,119,60,11110,7538
"GAGGCATTTGCAGCAG-1","0",16,120,3819,11182,120,61,11182,7663
"GGCAAGCCAGGGATAG-1","0",17,121,3944,11254,121,60,11254,7538
"TCTACGGGCTCAGTTG-1","0",16,122,3819,11326,122,61,11326,7663
"TCTGCGAATCGTTCGC-1","0",17,123,3945,11398,123,60,11398,7537
"AGCTCGTTGATGGAAA-1","0",16,124,3819,11471,124,61,11471,7663
"TGAATGAGATACAGCA-1","0",17,125,3945,11543,125,60,11543,7537
"ACCCTTGCCTGGGTCG-1","0",16,126,3819,11615,126,61,11615,7663
"GGCGAACCGTTCTGAT-1","0",17,127,3945,11687,127,60,11687,7537
"GCGATGTCTGTGCTTG-1","1",18,0,4056,2519,0,59,2519,7426
"ATTAACACCTGAGATA-1","1",19,1,4182,2591,1,58,2591,7300
"GAAATCTGACCAAGTT-1","1",18,2,4056,2663,2,59,2663,7426
"CCTGACAAACTCGCGC-1","1",19,3,4182,2735,3,58,2735,7300
"ATGTCATTTCCCATTG-1","1",18,4,4057,2808,4,59,2808,7425
"GCGGTGCGGAGCATCG-1","1",19,5,4182,2880,5,58,2880,7300
"CGGAAAGCAAATGTGC-1","1",18,6,4057,2952,6,59,2952,7425
"GCTGAGCAACGGTTCT-1","1",19,7,4183,3024,7,58,3024,7299
"TCACTCTTCGTCTGTC-1","1",18,8,4057,3096,8,59,3096,7425
"GATCTTCATTGTCCTC-1","1",19,9,4183,3168,9,58,3168,7299
"ACTCGATGTATTTCAT-1","1",18,10,4057,3241,10,59,3241,7425
"TGAAGAGCGGTCCTAG-1","1",19,11,4183,3313,11,58,3313,7299
"TAAACGTCGTCAATGA-1","1",18,12,4058,3385,12,59,3385,7424
"ACGTTATTGGTCACTC-1","1",19,13,4183,3457,13,58,3457,7299
"ATAGCCTCAGTACCCA-1","1",18,14,4058,3530,14,59,3530,7424
"CGGGAGTATACCGCCG-1","1",19,15,4184,3602,15,58,3602,7298
"GTCCTACAGGCGGCTC-1","1",18,16,4058,3674,16,59,3674,7424
"CGGATAAGCGGACATG-1","1",19,17,4184,3746,17,58,3746,7298
"AACTTCTGCGTCTATC-1","1",18,18,4058,3818,18,59,3818,7424
"GGGTTCAGACGAACAA-1","1",19,19,4184,3890,19,58,3890,7298
"AGTCTGGACATCCTTG-1","1",18,20,4058,3963,20,59,3963,7424
"TTGAACGAATCCTTTG-1","1",19,21,4184,4035,21,58,4035,7298
"GAAATACTAAACGTTT-1","1",18,22,4059,4107,22,59,4107,7423
"CCCGCGCAATGCACCC-1","1",19,23,4184,4179,23,58,4179,7298
"TTCGGCTAGAGATGGT-1","1",18,24,4059,4251,24,59,4251,7423
"GACACGAGTTAGAGGA-1","1",19,25,4185,4323,25,58,4323,7297
"GAGGTCCCAAAGATCT-1","1",18,26,4059,4396,26,59,4396,7423
"TAACTCCATGGAGGCT-1","1",19,27,4185,4468,27,58,4468,7297
"CTTGTTTATGTAGCCA-1","1",18,28,4059,4540,28,59,4540,7423
"GATGGCGCACACATTA-1","1",19,29,4185,4612,29,58,4612,7297
"ATAATAGTGTAGGGAC-1","1",18,30,4060,4685,30,59,4685,7422
"CGCTATTCAATGTATG-1","1",19,31,4185,4757,31,58,4757,7297
"ATATTGCTGTCAAAGT-1","1",18,32,4060,4829,32,59,4829,7422
"GGATTCAGTACGGTGG-1","1",19,33,4186,4901,33,58,4901,7296
"TTCTTAGTGAACGGTG-1","1",18,34,4060,4973,34,59,4973,7422
"AATGGTTCTCACAAGC-1","1",19,35,4186,5045,35,58,5045,7296
"TATACACGCAAAGTAT-1","1",18,36,4060,5118,36,59,5118,7422
"CTTCATAGCTCAAGAA-1","1",19,37,4186,5190,37,58,5190,7296
"CAACGGTTCTTGATAC-1","1",18,38,4061,5262,38,59,5262,7421
"ACACCCGAGAAATCCG-1","1",19,39,4186,5334,39,58,5334,7296
"TCTATCATGCAGTTAC-1","1",18,40,4061,5406,40,59,5406,7421
"CCCGCCATGCTCCCGT-1","1",19,41,4186,5478,41,58,5478,7296
"CGCTTCCACTGAAATC-1","1",18,42,4061,5551,42,59,5551,7421
"CACTGTCCAAGTGAGA-1","1",19,43,4187,5623,43,58,5623,7295
"ATTACTAGCCTCTTGC-1","1",18,44,4061,5695,44,59,5695,7421
"CATAGTAGCATAGTAG-1","1",19,45,4187,5767,45,58,5767,7295
"CAACTCCTTGATCCCG-1","1",18,46,4061,5840,46,59,5840,7421
"AAGTAGAAGACCGGGT-1","1",19,47,4187,5912,47,58,5912,7295
"GCGGGAACCAGGCCCT-1","1",18,48,4062,5984,48,59,5984,7420
"ATTAGATTGATAGCGG-1","1",19,49,4187,6056,49,58,6056,7295
"CTCGGTCCGTAGCCTG-1","1",18,50,4062,6128,50,59,6128,7420
"TGGCTTTGGGTAGACA-1","1",19,51,4188,6200,51,58,6200,7294
"TATCCATATCATGCGA-1","1",18,52,4062,6273,52,59,6273,7420
"GGAGTGCCGCCCTGGA-1","1",19,53,4188,6345,53,58,6345,7294
"TGAGAATGCTTTACCG-1","1",18,54,4062,6417,54,59,6417,7420
"TTAACCAACCCTCCCT-1","1",19,55,4188,6489,55,58,6489,7294
"TGTTTCGGTACTTCTC-1","1",18,56,4063,6562,56,59,6562,7419
"TTGCTGAAGGAACCAC-1","1",19,57,4188,6634,57,58,6634,7294
"TATTTAGTCTAGATCG-1","1",18,58,4063,6706,58,59,6706,7419
"CTCCGGCCTAATATGC-1","1",19,59,4189,6778,59,58,6778,7293
"TTGTGGCCCTGACAGT-1","1",18,60,4063,6850,60,59,6850,7419
"TCGCCGGTCGATCCGT-1","1",19,61,4189,6922,61,58,6922,7293
"CCATAGGTTGGCGTGG-1","1",18,62,4063,6995,62,59,6995,7419
"GAACGACCGAATGATA-1","1",19,63,4189,7067,63,58,7067,7293
"TCCGATAATTGCCATA-1","1",18,64,4063,7139,64,59,7139,7419
"CATTACGTCGGCCCGT-1","1",19,65,4189,7211,65,58,7211,7293
"CAAGCACCAAATGCCT-1","1",18,66,4064,7283,66,59,7283,7418
"TGCATGGATCGGATCT-1","1",19,67,4189,7355,67,58,7355,7293
"GAAATCGCGCGCAACT-1","1",18,68,4064,7428,68,59,7428,7418
"CTGAAAGAGATCCGAC-1","1",19,69,4190,7500,69,58,7500,7292
"CACCTCGATGGTGGAC-1","1",18,70,4064,7572,70,59,7572,7418
"ATTTGTTCCAGGGCTC-1","1",19,71,4190,7644,71,58,7644,7292
"TGGGCCACAAGAGCGC-1","1",18,72,4064,7717,72,59,7717,7418
"CCTTCTTGATCCAGTG-1","1",19,73,4190,7789,73,58,7789,7292
"CCTCGCCAGCAAATTA-1","1",18,74,4065,7861,74,59,7861,7417
"TTCATGGCGCAACAGG-1","1",19,75,4190,7933,75,58,7933,7292
"TTAATCAGTACGTCAG-1","1",18,76,4065,8005,76,59,8005,7417
"CCTATCTATATCGGAA-1","1",19,77,4191,8077,77,58,8077,7291
"ATTATACTTTGCTCGT-1","1",18,78,4065,8150,78,59,8150,7417
"ATGGATCCGGCGTCCG-1","1",19,79,4191,8222,79,58,8222,7291
"CGCCCGCTTCCGTACA-1","1",18,80,4065,8294,80,59,8294,7417
"GGATTCCGCTATACCC-1","1",19,81,4191,8366,81,58,8366,7291
"CGGTCTATCAACCCGT-1","1",18,82,4066,8438,82,59,8438,7416
"ATGCCGGTTGATGGGA-1","1",19,83,4191,8510,83,58,8510,7291
"TCATGCAGGTTCTCAT-1","1",18,84,4066,8583,84,59,8583,7416
"TGAGCTTTAATGACGC-1","1",19,85,4192,8655,85,58,8655,7290
"TCCCTTAGATTACTCG-1","1",18,86,4066,8727,86,59,8727,7416
"ATATCTCCCTCGTTAA-1","1",19,87,4192,8799,87,58,8799,7290
"AGCTCTTCCCAGTGCA-1","1",18,88,4066,8872,88,59,8872,7416
"TCGCTAAACCGCTATC-1","1",19,89,4192,8944,89,58,8944,7290
"CACATTCTTTCGATGG-1","1",18,90,4066,9016,90,59,9016,7416
"GATATGCGGTAGCCAA-1","1",19,91,4192,9088,91,58,9088,7290
"CGTTTCACTTCGGGCG-1","1",18,92,4067,9160,92,59,9160,7415
"CCAATTACGGGTCGAG-1","1",19,93,4192,9232,93,58,9232,7290
"GCAGGTAGAGTATGGT-1","1",18,94,4067,9305,94,59,9305,7415
"GTCGTATTGGCGTACA-1","1",19,95,4193,9377,95,58,9377,7289
"GAAATTAGCACGGATA-1","1",18,96,4067,9449,96,59,9449,7415
"AATGCACCAAGCAATG-1","1",19,97,4193,9521,97,58,9521,7289
"AGGACGCTCGATGTTG-1","1",18,98,4067,9593,98,59,9593,7415
"GGCTAAAGGGCGGGTC-1","1",19,99,4193,9665,99,58,9665,7289
"CATCTATCCCGTGTCT-1","1",18,100,4068,9738,100,59,9738,7414
"CAGTAACTATTTATTG-1","1",19,101,4193,9810,101,58,9810,7289
"CATATACTACTGATAA-1","1",18,102,4068,9882,102,59,9882,7414
"GCGTTCGGAGACCGGG-1","1",19,103,4194,9954,103,58,9954,7288
"AAGTTCAGTCTGCGTA-1","1",18,104,4068,10027,104,59,10027,7414
"CGAAGCTATAAATTCA-1","1",19,105,4194,10099,105,58,10099,7288
"CGCGGTCACAAACCAA-1","1",18,106,4068,10171,106,59,10171,7414
"GGGAATGAGCCCTCAC-1","1",19,107,4194,10243,107,58,10243,7288
"ACGGAGCGCAAATTAC-1","0",18,108,4069,10315,108,59,10315,7413
"CGTTCTTCGCACACCT-1","0",19,109,4194,10387,109,58,10387,7288
"GAATAGCCCTGCGGTC-1","0",18,110,4069,10460,110,59,10460,7413
"AATAGCTACCGCGTGC-1","0",19,111,4194,10532,111,58,10532,7288
"CCGAGCTGTGCTTGTC-1","0",18,112,4069,10604,112,59,10604,7413
"GATGACGATGATCGCG-1","0",19,113,4195,10676,113,58,10676,7287
"GCCTATGCTGGGCCTT-1","0",18,114,4069,10749,114,59,10749,7413
"TTACTGTCTAGAGCTC-1","0",19,115,4195,10821,115,58,10821,7287
"AGCGGTTGCCGCTCTG-1","0",18,116,4069,10893,116,59,10893,7413
"GCTTGCAGCACAATTG-1","0",19,117,4195,10965,117,58,10965,7287
"CCGGAGGTCTTATGGT-1","0",18,118,4070,11037,118,59,11037,7412
"ACAGTATACCGTGGGA-1","0",19,119,4195,11109,119,58,11109,7287
"GGGATCCCAATACAAA-1","0",18,120,4070,11182,120,59,11182,7412
"ATTACGACTCCACAGT-1","0",19,121,4196,11254,121,58,11254,7286
"CTCACACGCAAGCCTA-1","0",18,122,4070,11326,122,59,11326,7412
"CCAGATGTAAATGGGT-1","0",19,123,4196,11398,123,58,11398,7286
"GAACTTGTGCACGGGA-1","0",18,124,4070,11470,124,59,11470,7412
"AAGCCGCTTTACCTTG-1","0",19,125,4196,11542,125,58,11542,7286
"TCCATTCCCACTAGAG-1","0",18,126,4071,11615,126,59,11615,7411
"AGAGCGCTTGTAACGG-1","0",19,127,4196,11687,127,58,11687,7286
"TGGGTTCCCGGACGGA-1","1",20,0,4307,2518,0,57,2518,7175
"GCTGCGCCTCCCACGT-1","1",21,1,4433,2590,1,56,2590,7049
"CTGTTGGCTCTTCTGA-1","1",20,2,4308,2663,2,57,2663,7174
"TTGTTCTAGATACGCT-1","1",21,3,4433,2735,3,56,2735,7049
"CCCTCAAGCTCTTAGT-1","1",20,4,4308,2807,4,57,2807,7174
"TGGTCTAGCTTACATG-1","1",21,5,4434,2879,5,56,2879,7048
"ATGCACCTTCCTTAAT-1","1",20,6,4308,2952,6,57,2952,7174
"GGGATACGGTAATAAT-1","1",21,7,4434,3024,7,56,3024,7048
"AGTTCACCGGTTGGAC-1","1",20,8,4308,3096,8,57,3096,7174
"GACATACTGTCGCAGA-1","1",21,9,4434,3168,9,56,3168,7048
"TGGACACCGTTGCTTG-1","1",20,10,4309,3240,10,57,3240,7173
"TGCGATGCTAATGGCT-1","1",21,11,4434,3312,11,56,3312,7048
"TTCTGTTTCCTGTCGC-1","1",20,12,4309,3385,12,57,3385,7173
"CGTTGTAAACGTCAGG-1","1",21,13,4434,3457,13,56,3457,7048
"GATCGGCGATAAGTCG-1","1",20,14,4309,3529,14,57,3529,7173
"AGCCTTAAAGCGGAAG-1","1",21,15,4435,3601,15,56,3601,7047
"TCCGTAACCACAATCC-1","1",20,16,4309,3674,16,57,3674,7173
"GAATGCCGAAATGACC-1","1",21,17,4435,3746,17,56,3746,7047
"TATACTCATGCGGCAA-1","1",20,18,4309,3818,18,57,3818,7173
"TAGTGTCAGAAACGGC-1","1",21,19,4435,3890,19,56,3890,7047
"CGTCATACCATATCCA-1","1",20,20,4310,3962,20,57,3962,7172
"TAGTACCTTAGTGGTC-1","1",21,21,4435,4034,21,56,4034,7047
"CTGGCGGGAATAAGTA-1","1",20,22,4310,4107,22,57,4107,7172
"AGTGTGGTCTATTGTG-1","1",21,23,4436,4179,23,56,4179,7046
"GCTATCGCGGCGCAAC-1","1",20,24,4310,4251,24,57,4251,7172
"CAGTAATCCCTCCCAG-1","1",21,25,4436,4323,25,56,4323,7046
"GTATTAAGGCGTCTAA-1","1",20,26,4310,4395,26,57,4395,7172
"CTAATTTCAACAACAC-1","1",21,27,4436,4467,27,56,4467,7046
"TTAGCAACATGGATGT-1","1",20,28,4311,4540,28,57,4540,7171
"ATGCTCAGTGTTGCAT-1","1",21,29,4436,4612,29,56,4612,7046
"GATGTTTGTGCGAGAT-1","1",20,30,4311,4684,30,57,4684,7171
"CACTTCGCCACAGGCT-1","1",21,31,4437,4756,31,56,4756,7045
"CTGTATGGTGTAGAAA-1","1",20,32,4311,4829,32,57,4829,7171
"TACGTGCACTATGCTG-1","1",21,33,4437,4901,33,56,4901,7045
"GTATCAGCTTGGGTTC-1","1",20,34,4311,4973,34,57,4973,7171
"TAACAAAGGGAGAAGC-1","1",21,35,4437,5045,35,56,5045,7045
"TTACATCGTGGCCTGG-1","1",20,36,4312,5117,36,57,5117,7170
"TCTGAACCGGTCGGCT-1","1",21,37,4437,5189,37,56,5189,7045
"GGCTCGTGCCACCAGC-1","1",20,38,4312,5262,38,57,5262,7170
"TATAAGTGAGGATAGC-1","1",21,39,4437,5334,39,56,5334,7045
"GCCCGCGCGTTTGACA-1","1",20,40,4312,5406,40,57,5406,7170
"TGCTGGTTGGACAATT-1","1",21,41,4438,5478,41,56,5478,7044
"GCCTAGCGATCTGACC-1","1",20,42,4312,5550,42,57,5550,7170
"CCATGCTCTGCAGGAA-1","1",21,43,4438,5622,43,56,5622,7044
"TATAAATCCACAAGCT-1","1",20,44,4312,5695,44,57,5695,7170
"CGCTCGACATAATGAT-1","1",21,45,4438,5767,45,56,5767,7044
"CCAATTGAATGTTAAT-1","1",20,46,4313,5839,46,57,5839,7169
"GCTAATACCGAATGCC-1","1",21,47,4438,5911,47,56,5911,7044
"TTCAACGACCCGACCG-1","1",20,48,4313,5984,48,57,5984,7169
"TTCCTCGAGGGTGTCT-1","1",21,49,4439,6056,49,56,6056,7043
"CAACGACCCGTTTACA-1","1",20,50,4313,6128,50,57,6128,7169
"CTTGTACTTGTTGACT-1","1",21,51,4439,6200,51,56,6200,7043
"TCTCTAATAGCTGGTA-1","1",20,52,4313,6272,52,57,6272,7169
"ATTATGCCATAGGGAG-1","1",21,53,4439,6344,53,56,6344,7043
"GACAACGCAGCTTACG-1","1",20,54,4314,6417,54,57,6417,7168
"AGATGACTCGCCCACG-1","1",21,55,4439,6489,55,56,6489,7043
"GTGCGGGTCTCCAAAT-1","1",20,56,4314,6561,56,57,6561,7168
"GTACGAGATTGCGACA-1","1",21,57,4440,6633,57,56,6633,7042
"GTATAGGACTCAGTAG-1","1",20,58,4314,6705,58,57,6705,7168
"TTGCACGGAGCAGCAC-1","1",21,59,4440,6777,59,56,6777,7042
"CACAGCTAGGGAGTGA-1","1",20,60,4314,6850,60,57,6850,7168
"ATACTAGCATGACCCT-1","1",21,61,4440,6922,61,56,6922,7042
"CCAAGACTTCTGCGAA-1","1",20,62,4314,6994,62,57,6994,7168
"ACATAATAAGGCGGTG-1","1",21,63,4440,7066,63,56,7066,7042
"TAATACACAGTAGTAT-1","1",20,64,4315,7139,64,57,7139,7167
"TCTTGGTAACACCAAA-1","1",21,65,4440,7211,65,56,7211,7042
"AACTGGGTCCCGACGT-1","1",20,66,4315,7283,66,57,7283,7167
"ATCACTTCATCCTCGC-1","1",21,67,4441,7355,67,56,7355,7041
"TGGAAGGATAAAGATG-1","1",20,68,4315,7427,68,57,7427,7167
"CATGATGCACAATTCT-1","1",21,69,4441,7499,69,56,7499,7041
"TGCCTGATCAAACGAT-1","1",20,70,4315,7572,70,57,7572,7167
"ATAGGGATATCCTTGA-1","1",21,71,4441,7644,71,56,7644,7041
"CACCTAATCAGTTTAC-1","1",20,72,4316,7716,72,57,7716,7166
"TGTGACTACGCCAGTC-1","1",21,73,4441,7788,73,56,7788,7041
"CCCGACCATAGTCCGC-1","1",20,74,4316,7861,74,57,7861,7166
"CGCGCCCGACTTAATA-1","1",21,75,4442,7933,75,56,7933,7040
"TGCCACCTGGCGAAAC-1","1",20,76,4316,8005,76,57,8005,7166
"CTGCCAAGGTTGGAAG-1","1",21,77,4442,8077,77,56,8077,7040
"TCTCCAACGTAGGTTA-1","1",20,78,4316,8149,78,57,8149,7166
"TTCTTGGAGTAATGAG-1","1",21,79,4442,8221,79,56,8221,7040
"GTCTCGATCTGCTTTC-1","1",20,80,4317,8294,80,57,8294,7165
"TACTCTCCGAACAAAT-1","1",21,81,4442,8366,81,56,8366,7040
"ATCACATTAGAATATC-1","1",20,82,4317,8438,82,57,8438,7165
"TACGGGATGCTAGCAG-1","1",21,83,4442,8510,83,56,8510,7040
"AGCTGAAGTAAACCAA-1","1",20,84,4317,8582,84,57,8582,7165
"CATGGGTCGGGTGTGG-1","1",21,85,4443,8654,85,56,8654,7039
"CACCCACGAGGCAATT-1","1",20,86,4317,8727,86,57,8727,7165
"TGCCATTACTAAAGAA-1","1",21,87,4443,8799,87,56,8799,7039
"CCGTTACGTTAGAACA-1","1",20,88,4317,8871,88,57,8871,7165
"GCCAGGAGTAACCGAT-1","1",21,89,4443,8943,89,56,8943,7039
"GGAAAGTGCCCATGCC-1","1",20,90,4318,9016,90,57,9016,7164
"TCTTACCGGAACTCGT-1","1",21,91,4443,9088,91,56,9088,7039
"TATGTCAAGACCGACT-1","1",20,92,4318,9160,92,57,9160,7164
"CCTAACTAAGGCTCTA-1","1",21,93,4444,9232,93,56,9232,7038
"GCGGTGAACTGCGCTC-1","1",20,94,4318,9304,94,57,9304,7164
"CCTCGCGCGATATAGG-1","1",21,95,4444,9376,95,56,9376,7038
"ATCGGCAAGCAGTCCA-1","1",20,96,4318,9449,96,57,9449,7164
"AGATCGTGCATAAGAT-1","1",21,97,4444,9521,97,56,9521,7038
"ATTCAGGACCTATTTC-1","1",20,98,4319,9593,98,57,9593,7163
"AGCTAGAAGCAGAAGT-1","1",21,99,4444,9665,99,56,9665,7038
"TTCGCTATCTGACGTG-1","1",20,100,4319,9737,100,57,9737,7163
"TTCCGCAGAGAAATAT-1","1",21,101,4445,9809,101,56,9809,7037
"CAGTACATTCTCTAAA-1","1",20,102,4319,9882,102,57,9882,7163
"GTGAAGATTTCAAGTG-1","1",21,103,4445,9954,103,56,9954,7037
"AACGCATGATCTGGGT-1","1",20,104,4319,10026,104,57,10026,7163
"CCCAGAGGAGGGCGTA-1","1",21,105,4445,10098,105,56,10098,7037
"GGAAACCTTGTTGAAT-1","1",20,106,4320,10171,106,57,10171,7162
"GTGAAGCCGTATAGTC-1","1",21,107,4445,10243,107,56,10243,7037
"GAGCTGTCGTCTCGGA-1","1",20,108,4320,10315,108,57,10315,7162
"TGTCATTTGTTGGGAA-1","0",21,109,4445,10387,109,56,10387,7037
"ACCAACACCACACACT-1","0",20,110,4320,10459,110,57,10459,7162
"AAATGATTCGATCAGC-1","0",21,111,4446,10531,111,56,10531,7036
"CTGCTTTATGTCCGCG-1","0",20,112,4320,10604,112,57,10604,7162
"GCGAGAGGCCATGTAA-1","0",21,113,4446,10676,113,56,10676,7036
"ATTGACCGGCGATGAC-1","0",20,114,4320,10748,114,57,10748,7162
"ACCCTGGTAACGCCCT-1","0",21,115,4446,10820,115,56,10820,7036
"GTTGGACCGCATCAGG-1","0",20,116,4321,10893,116,57,10893,7161
"CGTTTACAAGGCAGCT-1","0",21,117,4446,10964,117,56,10964,7036
"CGGTCCATGAGACTCC-1","0",20,118,4321,11037,118,57,11037,7161
"GTTCGTCTGGGTCCCT-1","0",21,119,4447,11109,119,56,11109,7035
"TGTACTACTCTCACGG-1","0",20,120,4321,11181,120,57,11181,7161
"AGTGAAGATGGTGTCC-1","0",21,121,4447,11253,121,56,11253,7035
"GAGGGCCATAATATTA-1","0",20,122,4321,11326,122,57,11326,7161
"ACTCCCGTAGACTAGG-1","0",21,123,4447,11398,123,56,11398,7035
"CGTCAAATGGTCGCAG-1","0",20,124,4322,11470,124,57,11470,7160
"AAGTCTAGTAGCTGCC-1","0",21,125,4447,11542,125,56,11542,7035
"AAGAAATCACCAGATT-1","0",20,126,4322,11614,126,57,11614,7160
"GAGTGCACGGACAACA-1","0",21,127,4448,11686,127,56,11686,7034
"GTTCAAATCAGATGTC-1","1",22,0,4559,2518,0,55,2518,6923
"CATGGCTCCCTATGTC-1","1",23,1,4684,2590,1,54,2590,6798
"GGCCACACGAAAGCCT-1","1",22,2,4559,2662,2,55,2662,6923
"GAAGCCGGGTAAGCTC-1","1",23,3,4685,2734,3,54,2734,6797
"TTGCGCTCTCTCGCTT-1","1",22,4,4559,2807,4,55,2807,6923
"TACATGACCTTATCCG-1","1",23,5,4685,2879,5,54,2879,6797
"GTCCTTCTACAACCCA-1","1",22,6,4559,2951,6,55,2951,6923
"TATATGCTGGGTTGCC-1","1",23,7,4685,3023,7,54,3023,6797
"GTTTATGGGATTTAGA-1","1",22,8,4560,3096,8,55,3096,6922
"GGAACCCGAACAAGAA-1","1",23,9,4685,3168,9,54,3168,6797
"AACGTTATCAGCACCT-1","1",22,10,4560,3240,10,55,3240,6922
"CATCGTCCGGTTACTA-1","1",23,11,4685,3312,11,54,3312,6797
"AGACAGCTCAGAATCC-1","1",22,12,4560,3384,12,55,3384,6922
"GCAGATCCTCGCAAAT-1","1",23,13,4686,3456,13,54,3456,6796
"GGGTCATGCGTACCAT-1","1",22,14,4560,3529,14,55,3529,6922
"CTGGTCATTCCAATCC-1","1",23,15,4686,3601,15,54,3601,6796
"TCAGGGCGCAAACTCG-1","1",22,16,4560,3673,16,55,3673,6922
"GATGCCAGCAGAAGGC-1","1",23,17,4686,3745,17,54,3745,6796
"GTTATTAACGTGGGAG-1","1",22,18,4561,3817,18,55,3817,6921
"AATACAATGTTTCAGG-1","1",23,19,4686,3889,19,54,3889,6796
"TTGCTGCACCTATCCA-1","1",22,20,4561,3962,20,55,3962,6921
"CCAGAGACAAAGCCGG-1","1",23,21,4687,4034,21,54,4034,6795
"CCGAAGTATATTGTTC-1","1",22,22,4561,4106,22,55,4106,6921
"GCTAAACCTGAGGTGA-1","1",23,23,4687,4178,23,54,4178,6795
"TCATACTTACAGATCC-1","1",22,24,4561,4251,24,55,4251,6921
"CGAGCACTTCAAGTTT-1","1",23,25,4687,4323,25,54,4323,6795
"TAGCAACCTGTCACAA-1","1",22,26,4562,4395,26,55,4395,6920
"TGGGAAATGCCTTTCC-1","1",23,27,4687,4467,27,54,4467,6795
"AGACCATGGGATACAA-1","1",22,28,4562,4539,28,55,4539,6920
"TAAATGAATCCGTTTC-1","1",23,29,4688,4611,29,54,4611,6794
"ACAACGGTCCCTGCGA-1","1",22,30,4562,4684,30,55,4684,6920
"GTCACTCTCCAAATCT-1","1",23,31,4688,4756,31,54,4756,6794
"TTCTACTTGCGAGGGC-1","1",22,32,4562,4828,32,55,4828,6920
"CGCAATTACTTTCGGT-1","1",23,33,4688,4900,33,54,4900,6794
"CTGTTCATCTCACGGG-1","1",22,34,4563,4973,34,55,4973,6919
"TTCTTGTAACCTAATG-1","1",23,35,4688,5045,35,54,5045,6794
"GCTTGATGATAATCAG-1","1",22,36,4563,5117,36,55,5117,6919
"TTGGCTCGCATGAGAC-1","1",23,37,4688,5189,37,54,5189,6794
"GCCCAGTTGGTATGCC-1","1",22,38,4563,5261,38,55,5261,6919
"ATTCCTCCGCCAGTGC-1","1",23,39,4689,5333,39,54,5333,6793
"TCGTCCGCTGGCGTCT-1","1",22,40,4563,5406,40,55,5406,6919
"GGAGAAGTCATTGGCA-1","1",23,41,4689,5478,41,54,5478,6793
"TTGTTAGCAAATTCGA-1","1",22,42,4563,5550,42,55,5550,6919
"TCTAGCATCTTCGATG-1","1",23,43,4689,5622,43,54,5622,6793
"TTCTAGGCCAATTGTG-1","1",22,44,4564,5694,44,55,5694,6918
"TCACGGTCATCGCACA-1","1",23,45,4689,5766,45,54,5766,6793
"ATGAAGCCAAGGAGCC-1","1",22,46,4564,5839,46,55,5839,6918
"AATGACTGTCAGCCGG-1","1",23,47,4690,5911,47,54,5911,6792
"CCAAACAGAACCCTCG-1","1",22,48,4564,5983,48,55,5983,6918
"TATCGATGATTAAACG-1","1",23,49,4690,6055,49,54,6055,6792
"GAACACACATCAACCA-1","1",22,50,4564,6128,50,55,6128,6918
"CCCGTCAGCGTCTGAC-1","1",23,51,4690,6200,51,54,6200,6792
"AGCATCGTCGATAATT-1","1",22,52,4565,6272,52,55,6272,6917
"GACTAAGATCATGCAC-1","1",23,53,4690,6344,53,54,6344,6792
"TAGGGTGTTTCAAGAG-1","1",22,54,4565,6416,54,55,6416,6917
"TGGTTCGTAGCAAAGG-1","1",23,55,4691,6488,55,54,6488,6791
"CTGTTCACTGCCTGTG-1","1",22,56,4565,6561,56,55,6561,6917
"ATGTGCATCCGACGCA-1","1",23,57,4691,6633,57,54,6633,6791
"TTGTCGTTCAGTTACC-1","1",22,58,4565,6705,58,55,6705,6917
"CGGGATCAATGTAAGA-1","1",23,59,4691,6777,59,54,6777,6791
"TTATCTGTATCATAAC-1","1",22,60,4565,6849,60,55,6849,6917
"ATCGACTCTTTCCGTT-1","1",23,61,4691,6921,61,54,6921,6791
"CTCATTTGATGGGCGG-1","1",22,62,4566,6994,62,55,6994,6916
"GTAAGCGGGCAGTCAG-1","1",23,63,4691,7066,63,54,7066,6791
"TCTATCGGTCGCAACA-1","1",22,64,4566,7138,64,55,7138,6916
"AACGCGGTCTCCAGCC-1","1",23,65,4692,7210,65,54,7210,6790
"ATTAATACTACGCGGG-1","1",22,66,4566,7283,66,55,7283,6916
"CTTTAACTTTCAAAGG-1","1",23,67,4692,7355,67,54,7355,6790
"CGTACCTGATAGGCCT-1","1",22,68,4566,7427,68,55,7427,6916
"GAATGTTGGGTAATCT-1","1",23,69,4692,7499,69,54,7499,6790
"TGCGGAGTAAAGGTGC-1","1",22,70,4567,7571,70,55,7571,6915
"CCTGAATATTTACATA-1","1",23,71,4692,7643,71,54,7643,6790
"TTGCTCCCATACCGGA-1","1",22,72,4567,7716,72,55,7716,6915
"CCTCTAATCTGCCAAG-1","1",23,73,4693,7788,73,54,7788,6789
"AGGTTGAGGCACGCTT-1","1",22,74,4567,7860,74,55,7860,6915
"TCCCGTCAGTCCCGCA-1","1",23,75,4693,7932,75,54,7932,6789
"TCCGATGACTGAGCTC-1","1",22,76,4567,8005,76,55,8005,6915
"CAGCCTCCTGCAGAGG-1","1",23,77,4693,8077,77,54,8077,6789
"CTTAGCCTTCCACATG-1","1",22,78,4568,8149,78,55,8149,6914
"ATTAATGAACCAGTCG-1","1",23,79,4693,8221,79,54,8221,6789
"ACGATACATAGAACTA-1","1",22,80,4568,8293,80,55,8293,6914
"AGCCACTCCCGTGCTT-1","1",23,81,4693,8365,81,54,8365,6789
"ATACGGGTTTCGATTG-1","1",22,82,4568,8438,82,55,8438,6914
"CTGTCAAATGGCTCGG-1","1",23,83,4694,8510,83,54,8510,6788
"GCTCGGAATTTAAAGC-1","1",22,84,4568,8582,84,55,8582,6914
"TAGGCATGTTACGCCA-1","1",23,85,4694,8654,85,54,8654,6788
"TGGCAACTCGCGCGCC-1","1",22,86,4568,8726,86,55,8726,6914
"ATCAGTAGGCAGGGAT-1","1",23,87,4694,8798,87,54,8798,6788
"TATCGATCTATGCATA-1","1",22,88,4569,8871,88,55,8871,6913
"CGACTCAGGATGTTAT-1","1",23,89,4694,8943,89,54,8943,6788
"GCCATATTGCACACAG-1","1",22,90,4569,9015,90,55,9015,6913
"AATTCATAAGGGATCT-1","1",23,91,4695,9087,91,54,9087,6787
"CGGTAGAGGTGCAGGT-1","1",22,92,4569,9160,92,55,9160,6913
"AATGATGATACGCTAT-1","1",23,93,4695,9232,93,54,9232,6787
"CTTGTGCTCACCGATT-1","1",22,94,4569,9304,94,55,9304,6913
"TTCCAATCAGAGCTAG-1","1",23,95,4695,9376,95,54,9376,6787
"CGATGGACCCTACGCC-1","1",22,96,4570,9448,96,55,9448,6912
"GGTCGGATAAACGGCG-1","1",23,97,4695,9520,97,54,9520,6787
"TTAGCTAATACGATCT-1","1",22,98,4570,9593,98,55,9593,6912
"CTCGATATTTGCGAGC-1","1",23,99,4696,9665,99,54,9665,6786
"ATTACTTACTGGGCAT-1","1",22,100,4570,9737,100,55,9737,6912
"CTAGCCGATGTTATGA-1","1",23,101,4696,9809,101,54,9809,6786
"TACTGCAATCAATTAC-1","1",22,102,4570,9881,102,55,9881,6912
"TAGTCTGTGACGTTGC-1","1",23,103,4696,9953,103,54,9953,6786
"CTCGTTTCTAATGTTT-1","1",22,104,4571,10026,104,55,10026,6911
"TTCGTTCAACGAAGTT-1","1",23,105,4696,10098,105,54,10098,6786
"CTGAATTTATTGCCAG-1","1",22,106,4571,10170,106,55,10170,6911
"TGGAATATCCTTGACC-1","1",23,107,4696,10242,107,54,10242,6786
"CAGATCATTTAAAGTC-1","1",22,108,4571,10315,108,55,10315,6911
"CTCCTTTACGCAAGTC-1","1",23,109,4697,10387,109,54,10387,6785
"TCCCAAACAGACAACG-1","0",22,110,4571,10459,110,55,10459,6911
"ATCGCTGCGTGCAGCA-1","1",23,111,4697,10531,111,54,10531,6785
"TTAGTTCAAGTGTTCG-1","0",22,112,4571,10603,112,55,10603,6911
"AAACTCGTGATATAAG-1","0",23,113,4697,10675,113,54,10675,6785
"TTAACGAACAAGCAGT-1","0",22,114,4572,10748,114,55,10748,6910
"GTTATATCAGGAGCCA-1","0",23,115,4697,10820,115,54,10820,6785
"CAAATTGGATTATGCC-1","0",22,116,4572,10892,116,55,10892,6910
"CGAGGAGCTTCCATAT-1","0",23,117,4698,10964,117,54,10964,6784
"GGAGACCAATGTGCTT-1","0",22,118,4572,11036,118,55,11036,6910
"CATTGATGAACACGCC-1","0",23,119,4698,11108,119,54,11108,6784
"GTCAATGCTATAATTT-1","0",22,120,4572,11181,120,55,11181,6910
"ACCACCCTCTCTTCTA-1","0",23,121,4698,11253,121,54,11253,6784
"TGGAGGGAAACACCTC-1","0",22,122,4573,11325,122,55,11325,6909
"CACGGACGTGGATGGC-1","0",23,123,4698,11397,123,54,11397,6784
"AACTTTCTCGATCATG-1","0",22,124,4573,11470,124,55,11470,6909
"CGTATTGTTTCCTAAT-1","0",23,125,4699,11542,125,54,11542,6783
"CCTACTGCGGCGGCCA-1","0",22,126,4573,11614,126,55,11614,6909
"CTTAGGTCCCAATCGT-1","0",23,127,4699,11686,127,54,11686,6783
"CGCAATCGATCATTAG-1","1",24,0,4810,2518,0,53,2518,6672
"TGGTTATGCTTGCGGT-1","1",25,1,4936,2590,1,52,2590,6546
"GGCTTGGCTCTCACCT-1","1",24,2,4810,2662,2,53,2662,6672
"ATTGGTAGGATCCGCT-1","1",25,3,4936,2734,3,52,2734,6546
"TCAGGGCGACTTCCTT-1","1",24,4,4810,2806,4,53,2806,6672
"TCTGCAGATTCGAGTC-1","1",25,5,4936,2878,5,52,2878,6546
"CTCTCGCTGTACTATG-1","1",24,6,4811,2951,6,53,2951,6671
"AATAGTCGCGAGTCGG-1","1",25,7,4936,3023,7,52,3023,6546
"AGTTACCCTTAAGACT-1","1",24,8,4811,3095,8,53,3095,6671
"CTTAAATAAGACCCAT-1","1",25,9,4936,3167,9,52,3167,6546
"GGTTGTGCTCTTGTCC-1","1",24,10,4811,3240,10,53,3240,6671
"GTGAGTCTAAGACGGA-1","1",25,11,4937,3312,11,52,3312,6545
"CGCGACACTGCGCAGC-1","1",24,12,4811,3384,12,53,3384,6671
"GCTCGCGGTTCCGCTC-1","1",25,13,4937,3456,13,52,3456,6545
"TTAACTCACGCGTGGA-1","1",24,14,4811,3528,14,53,3528,6671
"GGAACGGCCTGCAGCC-1","1",25,15,4937,3600,15,52,3600,6545
"GTAGAAACGGGTGGAG-1","1",24,16,4812,3673,16,53,3673,6670
"TAATGAAAGACCCTTG-1","1",25,17,4937,3745,17,52,3745,6545
"AGGCTTGCTAGACACC-1","1",24,18,4812,3817,18,53,3817,6670
"TTGCGTAGTTTGAGGA-1","1",25,19,4938,3889,19,52,3889,6544
"CGCCCTTGAAGGCTGA-1","1",24,20,4812,3961,20,53,3961,6670
"CCCGGTGGAAGAACCT-1","1",25,21,4938,4033,21,52,4033,6544
"TTAACACCTCGAACAT-1","1",24,22,4812,4106,22,53,4106,6670
"GATTCCTATACGGCGC-1","1",25,23,4938,4178,23,52,4178,6544
"TTACCCTAACAGTCCT-1","1",24,24,4813,4250,24,53,4250,6669
"ACCCACCTACATGCTC-1","1",25,25,4938,4322,25,52,4322,6544
"AAAGGGCAGCTTGAAT-1","1",24,26,4813,4395,26,53,4395,6669
"CACACAGGGATAGATT-1","1",25,27,4939,4467,27,52,4467,6543
"AGAGCGTACAAGCTCG-1","1",24,28,4813,4539,28,53,4539,6669
"TCTTACGGCATCCGAC-1","1",25,29,4939,4611,29,52,4611,6543
"GCCTATTCCGATATAG-1","1",24,30,4813,4683,30,53,4683,6669
"GAAAGTGACTAACTGC-1","1",25,31,4939,4755,31,52,4755,6543
"CCGGAATGGTTTCAGT-1","1",24,32,4813,4828,32,53,4828,6669
"AGTATAATACTAGGCA-1","1",25,33,4939,4900,33,52,4900,6543
"TAACTATCGAAGGTCC-1","1",24,34,4814,4972,34,53,4972,6668
"ATGAGGAGTGTTAATC-1","1",25,35,4939,5044,35,52,5044,6543
"TGTGTCGCGAGTTGCA-1","1",24,36,4814,5117,36,53,5117,6668
"ATCCAACGCAGTCATA-1","1",25,37,4940,5189,37,52,5189,6542
"AAGGCGCGTAAAGCTT-1","1",24,38,4814,5261,38,53,5261,6668
"AGTCGGCCCAAACGAC-1","1",25,39,4940,5333,39,52,5333,6542
"AACGTCAGACTAGTGG-1","1",24,40,4814,5405,40,53,5405,6668
"ACTACCAGCTCTCTGG-1","1",25,41,4940,5477,41,52,5477,6542
"GCAAGTGCACAGAGAA-1","1",24,42,4815,5550,42,53,5550,6667
"ACACCTTAAGTAGGGC-1","1",25,43,4940,5622,43,52,5622,6542
"TTCGACGGGAAGGGCG-1","1",24,44,4815,5694,44,53,5694,6667
"TTCGCACTCGCGTGCT-1","1",25,45,4941,5766,45,52,5766,6541
"TATTTGTTACCCTTTA-1","1",24,46,4815,5838,46,53,5838,6667
"CGCTGTGACGCCGCAC-1","1",25,47,4941,5910,47,52,5910,6541
"GTTGCACGGAGTTTCG-1","1",24,48,4815,5983,48,53,5983,6667
"GTTTCCTGGAGGGTGA-1","1",25,49,4941,6055,49,52,6055,6541
"ACACCCAGCATGCAGC-1","1",24,50,4816,6127,50,53,6127,6666
"TCAACCATGTTCGGGC-1","1",25,51,4941,6199,51,52,6199,6541
"TTACAACTACGCATCC-1","1",24,52,4816,6272,52,53,6272,6666
"TCCGATGGTGCGACAT-1","1",25,53,4942,6344,53,52,6344,6540
"GGGCGTACATTTATAT-1","1",24,54,4816,6416,54,53,6416,6666
"AGCGACCAACGATATT-1","1",25,55,4942,6488,55,52,6488,6540
"ACACAAAGACGGGTGG-1","1",24,56,4816,6560,56,53,6560,6666
"ATCGCACGCCGGGAGA-1","1",25,57,4942,6632,57,52,6632,6540
"GCTCTAAACCCTGACG-1","1",24,58,4816,6705,58,53,6705,6666
"AATGCAACCGGGTACC-1","1",25,59,4942,6777,59,52,6777,6540
"TCAAACAACCGCGTCG-1","1",24,60,4817,6849,60,53,6849,6665
"TATGCTCCCTACTTAC-1","1",25,61,4942,6921,61,52,6921,6540
"AAAGGGATGTAGCAAG-1","1",24,62,4817,6993,62,53,6993,6665
"ACGATCATACATAGAG-1","1",25,63,4943,7065,63,52,7065,6539
"TTGTTCAGTGTGCTAC-1","1",24,64,4817,7138,64,53,7138,6665
"ATGCATGATCCAGGAT-1","1",25,65,4943,7210,65,52,7210,6539
"AGTCTTCTCCTCAAAT-1","1",24,66,4817,7282,66,53,7282,6665
"GATTCCCTTGTCGCAG-1","1",25,67,4943,7354,67,52,7354,6539
"CTCGCACCTATATAGT-1","1",24,68,4818,7427,68,53,7427,6664
"ACTCAATAAAGGCACG-1","1",25,69,4943,7499,69,52,7499,6539
"AACCGAGCTTGGTCAT-1","1",24,70,4818,7571,70,53,7571,6664
"TAAGGCAACATAAGAT-1","1",25,71,4944,7643,71,52,7643,6538
"CACGCACAGCGCAGCT-1","1",24,72,4818,7715,72,53,7715,6664
"GGTTTACAATCTCAAT-1","1",25,73,4944,7787,73,52,7787,6538
"TGCAGGATCGGCAAAG-1","1",24,74,4818,7860,74,53,7860,6664
"ATAACGGAGTCCAACG-1","1",25,75,4944,7932,75,52,7932,6538
"AACGATATGTCAACTG-1","1",24,76,4819,8004,76,53,8004,6663
"GACAACGACCATTGAA-1","1",25,77,4944,8076,77,52,8076,6538
"TTGACCATGTTCTCCG-1","1",24,78,4819,8148,78,53,8148,6663
"AGTACGGGCACCTGGC-1","1",25,79,4944,8220,79,52,8220,6538
"CGCCATCCGATTATGA-1","1",24,80,4819,8293,80,53,8293,6663
"AAGGTATCCTAATATA-1","1",25,81,4945,8365,81,52,8365,6537
"TGTTGTCAAGAAGTCT-1","1",24,82,4819,8437,82,53,8437,6663
"CAGTGAATAAATGACT-1","1",25,83,4945,8509,83,52,8509,6537
"CACCTTGCGAAACTCG-1","1",24,84,4819,8582,84,53,8582,6663
"CATTTAGCGGACCATG-1","1",25,85,4945,8654,85,52,8654,6537
"CCAGTCTAGACGGCGC-1","1",24,86,4820,8726,86,53,8726,6662
"TCGCTTTAAACGTTTG-1","1",25,87,4945,8798,87,52,8798,6537
"GTGAAACGGCGCCACC-1","1",24,88,4820,8870,88,53,8870,6662
"GGGCTCATCGAACCCA-1","1",25,89,4946,8942,89,52,8942,6536
"TTGATGTGTAGTCCCG-1","1",24,90,4820,9015,90,53,9015,6662
"CAGTAGCCCACGCGGT-1","1",25,91,4946,9087,91,52,9087,6536
"AGCGCGGGTGCCAATG-1","1",24,92,4820,9159,92,53,9159,6662
"TAATCGATCCGTACGT-1","1",25,93,4946,9231,93,52,9231,6536
"AGTGGCGGCAATTTGA-1","1",24,94,4821,9304,94,53,9304,6661
"CCTTTCAATGAAGAAA-1","1",25,95,4946,9376,95,52,9376,6536
"CTCAGTCACGACAAAT-1","1",24,96,4821,9448,96,53,9448,6661
"ATAGGCTAGCTTCGCA-1","1",25,97,4947,9520,97,52,9520,6535
"CGGTTCAAGTAGGTGT-1","1",24,98,4821,9592,98,53,9592,6661
"CAGTCGAGGATGCAAT-1","1",25,99,4947,9664,99,52,9664,6535
"TATCACCCAACCGACC-1","1",24,100,4821,9737,100,53,9737,6661
"AATGATGCGACTCCTG-1","1",25,101,4947,9809,101,52,9809,6535
"TGGAACCACTGACACA-1","1",24,102,4821,9881,102,53,9881,6661
"GCCAATAGGGCATCTC-1","1",25,103,4947,9953,103,52,9953,6535
"TTCTTTGGTCGCGACG-1","1",24,104,4822,10025,104,53,10025,6660
"ATTAGATTCCTCAGCA-1","1",25,105,4947,10097,105,52,10097,6535
"CCGTGGAACGATCCAA-1","1",24,106,4822,10170,106,53,10170,6660
"GGGTCGTGGCAAGTGT-1","1",25,107,4948,10242,107,52,10242,6534
"TCGCTCGGCACCAGCG-1","1",24,108,4822,10314,108,53,10314,6660
"ACGCAATCACTACAGC-1","1",25,109,4948,10386,109,52,10386,6534
"CTCTAATGCATTGATC-1","1",24,110,4822,10459,110,53,10459,6660
"GTCTCGACTAAGTTTG-1","1",25,111,4948,10531,111,52,10531,6534
"TGGTTTAAACGTGGGT-1","0",24,112,4823,10603,112,53,10603,6659
"CGCAGATCTTCACCCG-1","0",25,113,4948,10675,113,52,10675,6534
"TCCAGATGTACGCCAA-1","0",24,114,4823,10747,114,53,10747,6659
"CATTGCGGGTCAATTC-1","0",25,115,4949,10819,115,52,10819,6533
"GACGTTCGTAAATACA-1","0",24,116,4823,10892,116,53,10892,6659
"TACACCGTCGTTAGTC-1","0",25,117,4949,10964,117,52,10964,6533
"ACGGGCGTATGCGACA-1","0",24,118,4823,11036,118,53,11036,6659
"GAAGGCTACCATTGTT-1","0",25,119,4949,11108,119,52,11108,6533
"TAAATCTTTACACCTC-1","0",24,120,4824,11180,120,53,11180,6658
"AGTTTATGTAAAGACA-1","0",25,121,4949,11252,121,52,11252,6533
"AGGAGACATCCACAGT-1","0",24,122,4824,11325,122,53,11325,6658
"CAACCTGAACCTGCCA-1","0",25,123,4950,11397,123,52,11397,6532
"AGTCCCTCGCAGAAAG-1","0",24,124,4824,11469,124,53,11469,6658
"TGTATACGGATGATGA-1","0",25,125,4950,11541,125,52,11541,6532
"TTGTGGTATAGGTATG-1","0",24,126,4824,11614,126,53,11614,6658
"TCTGCACCATTAGTAA-1","0",25,127,4950,11686,127,52,11686,6532
"AAATGTATCTTATCCC-1","1",26,0,5061,2517,0,51,2517,6421
"ACTCTAAACCTGGGAT-1","1",27,1,5187,2589,1,50,2589,6295
"GCTGGCAGGTGCCGTG-1","1",26,2,5061,2662,2,51,2662,6421
"CTCATTCGTGAACATC-1","1",27,3,5187,2734,3,50,2734,6295
"TCGCCGGATGGGCAAG-1","1",26,4,5062,2806,4,51,2806,6420
"GGACTAAGTCAGGAGT-1","1",27,5,5187,2878,5,50,2878,6295
"TATCAAAGGTCTGTAA-1","1",26,6,5062,2950,6,51,2950,6420
"TTCAGTTTGTGGCAGC-1","1",27,7,5187,3022,7,50,3022,6295
"TGTTCATAAATGTGCT-1","1",26,8,5062,3095,8,51,3095,6420
"CTTAGCCCGGATAGTG-1","1",27,9,5188,3167,9,50,3167,6294
"GATGCGAATGGTATTA-1","1",26,10,5062,3239,10,51,3239,6420
"TCTAACTGTATGTAAA-1","1",27,11,5188,3311,11,50,3311,6294
"TTAAACCTGGTTCCTT-1","1",26,12,5062,3384,12,51,3384,6420
"GCTAAGTAAAGGCGAT-1","1",27,13,5188,3456,13,50,3456,6294
"AGTTACCGCACATGGT-1","1",26,14,5063,3528,14,51,3528,6419
"GACTGCGGCACGTGTA-1","1",27,15,5188,3600,15,50,3600,6294
"TGGTGATCGTATTTGT-1","1",26,16,5063,3672,16,51,3672,6419
"TTATCGCCTGCGAAGC-1","1",27,17,5189,3744,17,50,3744,6293
"TGGAATTAGACGCTTT-1","1",26,18,5063,3817,18,51,3817,6419
"TCGTCACACTGTTAGC-1","1",27,19,5189,3889,19,50,3889,6293
"TTATGTTTGCGATAGA-1","1",26,20,5063,3961,20,51,3961,6419
"GGTGCTGATCACAAAG-1","1",27,21,5189,4033,21,50,4033,6293
"CATAGCCGCCCGGGAT-1","1",26,22,5064,4105,22,51,4105,6418
"GGTTAGTTACGGCGCC-1","1",27,23,5189,4177,23,50,4177,6293
"ATTCCCACATAAACAA-1","1",26,24,5064,4250,24,51,4250,6418
"ATTCAGTAGCAGGGTC-1","1",27,25,5190,4322,25,50,4322,6292
"CAGTTCCGCGGGTCGA-1","1",26,26,5064,4394,26,51,4394,6418
"AAGAGATGAATCGGTA-1","1",27,27,5190,4466,27,50,4466,6292
"CGCAATTCTACAATAA-1","1",26,28,5064,4539,28,51,4539,6418
"TAACGCTTTGAGAGCG-1","1",27,29,5190,4611,29,50,4611,6292
"AGGCTATGGTTAGCTT-1","1",26,30,5064,4683,30,51,4683,6418
"GAGGAATGGAGAGGTT-1","1",27,31,5190,4755,31,50,4755,6292
"TCCTCTACGAGATGGC-1","1",26,32,5065,4827,32,51,4827,6417
"TTGATTATGCAGATGA-1","1",27,33,5190,4899,33,50,4899,6292
"TCAGTACTGACCCGCG-1","1",26,34,5065,4972,34,51,4972,6417
"TTATGACAAACTGGAT-1","1",27,35,5191,5044,35,50,5044,6291
"GTAAGTAGGGTATACC-1","1",26,36,5065,5116,36,51,5116,6417
"CGCAAACACGAGTTAC-1","1",27,37,5191,5188,37,50,5188,6291
"TGGCCGTATATTGACC-1","1",26,38,5065,5261,38,51,5261,6417
"ACTGTAGCACTTTGGA-1","1",27,39,5191,5332,39,50,5332,6291
"GCTCTATGTTACGTGC-1","1",26,40,5066,5405,40,51,5405,6416
"TGCGCGATTAACGGAG-1","1",27,41,5191,5477,41,50,5477,6291
"GAATCGACATGGTCAC-1","1",26,42,5066,5549,42,51,5549,6416
"GACTAAGTAGGCTCAC-1","1",27,43,5192,5621,43,50,5621,6290
"ATCTTGACCTGCAACG-1","1",26,44,5066,5694,44,51,5694,6416
"ATGCACTACCGCATTG-1","1",27,45,5192,5766,45,50,5766,6290
"CAGATACTAACATAGT-1","1",26,46,5066,5838,46,51,5838,6416
"GATCGACACTATCTGA-1","1",27,47,5192,5910,47,50,5910,6290
"ATAGAGTACTGGGACA-1","1",26,48,5067,5982,48,51,5982,6415
"CCTACTGCTTACACTT-1","1",27,49,5192,6054,49,50,6054,6290
"CCTGCTATTTGAGAAG-1","1",26,50,5067,6127,50,51,6127,6415
"CGCGTTCATGAAATAC-1","1",27,51,5193,6199,51,50,6199,6289
"CATTATGCTTGTTGTG-1","1",26,52,5067,6271,52,51,6271,6415
"CCAGGGACGTGGCCTC-1","1",27,53,5193,6343,53,50,6343,6289
"TATGGATGTGCTACGC-1","1",26,54,5067,6416,54,51,6416,6415
"GTACTAAGATTTGGAG-1","1",27,55,5193,6488,55,50,6488,6289
"AGACCCGCCCTCCTCG-1","1",26,56,5067,6560,56,51,6560,6415
"CGCATTAGCTAATAGG-1","1",27,57,5193,6632,57,50,6632,6289
"GCTCTCGGGTACCGAA-1","1",26,58,5068,6704,58,51,6704,6414
"CACCGCCAGAAGGTTT-1","1",27,59,5193,6776,59,50,6776,6289
"TCCCAAAGACGAAGGA-1","1",26,60,5068,6849,60,51,6849,6414
"ATGGATTGACCAAACG-1","1",27,61,5194,6921,61,50,6921,6288
"GTCATGGACATGACTA-1","1",26,62,5068,6993,62,51,6993,6414
"CTACTGCCACCTGACC-1","1",27,63,5194,7065,63,50,7065,6288
"TTATATTTGGCAATCC-1","1",26,64,5068,7137,64,51,7137,6414
"AGCACCAGTACTCACG-1","1",27,65,5194,7209,65,50,7209,6288
"CATGGTCTAGATACCG-1","1",26,66,5069,7282,66,51,7282,6413
"TCTACCGTCCACAAGC-1","1",27,67,5194,7354,67,50,7354,6288
"CTAGTTGGGCCCGGTA-1","1",26,68,5069,7426,68,51,7426,6413
"TCCCGCGTACTCCTGG-1","1",27,69,5195,7498,69,50,7498,6287
"CAGAGCATGAGCTTGC-1","1",26,70,5069,7571,70,51,7571,6413
"ACACGGGAACTTAGGG-1","1",27,71,5195,7643,71,50,7643,6287
"GGCTCTGCTCCAACGC-1","1",26,72,5069,7715,72,51,7715,6413
"AGAACGTGGTACATTC-1","1",27,73,5195,7787,73,50,7787,6287
"CAATAAACCTTGGCCC-1","1",26,74,5070,7859,74,51,7859,6412
"ACTTCGCCATACGCAC-1","1",27,75,5195,7931,75,50,7931,6287
"ATCTGGTTAAGACTGT-1","1",26,76,5070,8004,76,51,8004,6412
"TCGTAAGACGACATTG-1","1",27,77,5195,8076,77,50,8076,6287
"GTGTACCTTGGCTACG-1","1",26,78,5070,8148,78,51,8148,6412
"GCCCGTAATACCTTCT-1","1",27,79,5196,8220,79,50,8220,6286
"CGGTCAAGTGGGAACC-1","1",26,80,5070,8292,80,51,8292,6412
"TTGTAAGGCCAGTTGG-1","1",27,81,5196,8364,81,50,8364,6286
"GGAGCACCAAGAACTA-1","1",26,82,5070,8437,82,51,8437,6412
"TAATAGTGACGACCAG-1","1",27,83,5196,8509,83,50,8509,6286
"CTAAATCCTATTCCGG-1","1",26,84,5071,8581,84,51,8581,6411
"CGAGTTCTGTCCCACC-1","1",27,85,5196,8653,85,50,8653,6286
"AGGCAGATGCGTAAAC-1","1",26,86,5071,8726,86,51,8726,6411
"AAGGATGAGGGACCTC-1","1",27,87,5197,8798,87,50,8798,6285
"AGAGAACCGTCTAGGA-1","1",26,88,5071,8870,88,51,8870,6411
"GAGGGCGCAGCTCTGC-1","1",27,89,5197,8942,89,50,8942,6285
"AAGATTGGCGGAACGT-1","1",26,90,5071,9014,90,51,9014,6411
"CCAGTAGTCTGATCCA-1","1",27,91,5197,9086,91,50,9086,6285
"AAGGGACAGATTCTGT-1","1",26,92,5072,9159,92,51,9159,6410
"ATAGAGTTATCAACTT-1","1",27,93,5197,9231,93,50,9231,6285
"AAATTACCTATCGATG-1","1",26,94,5072,9303,94,51,9303,6410
"GATCCTAAATCGGGAC-1","1",27,95,5198,9375,95,50,9375,6284
"TTACAGACCTAAATGA-1","1",26,96,5072,9448,96,51,9448,6410
"CCTCACCTTAGCATCG-1","1",27,97,5198,9520,97,50,9520,6284
"CATGCGACCAGTTTAA-1","1",26,98,5072,9592,98,51,9592,6410
"AACATATCAACTGGTG-1","1",27,99,5198,9664,99,50,9664,6284
"CTATAAGAGCCAATCG-1","1",26,100,5072,9736,100,51,9736,6410
"AATATCGAGGGTTCTC-1","1",27,101,5198,9808,101,50,9808,6284
"GTACTCCTGGGTATGC-1","1",26,102,5073,9881,102,51,9881,6409
"ATAAGTAGGATTCAGA-1","1",27,103,5198,9953,103,50,9953,6284
"AGGTCGCGGAGTTACT-1","1",26,104,5073,10025,104,51,10025,6409
"CTAATTCTCAGATATT-1","1",27,105,5199,10097,105,50,10097,6283
"GCCAACCATTTCCGGA-1","1",26,106,5073,10169,106,51,10169,6409
"TGATCCCAGCATTAGT-1","1",27,107,5199,10241,107,50,10241,6283
"CGTTGTAAGATTGATT-1","1",26,108,5073,10314,108,51,10314,6409
"GAAACCATGGTGCGCT-1","1",27,109,5199,10386,109,50,10386,6283
"AATCTATGCCGGAGCC-1","1",26,110,5074,10458,110,51,10458,6408
"GACTCCCAGAATAAGG-1","1",27,111,5199,10530,111,50,10530,6283
"TATGATCCGGCACGCC-1","0",26,112,5074,10603,112,51,10603,6408
"CCGCTTGCTGACATGG-1","1",27,113,5200,10675,113,50,10675,6282
"TGGTTAAGGGCGCTGG-1","0",26,114,5074,10747,114,51,10747,6408
"TTGATAGTCAATACAT-1","0",27,115,5200,10819,115,50,10819,6282
"GGTTTAATTGAGCAGG-1","0",26,116,5074,10891,116,51,10891,6408
"CATTACATAGATTGTG-1","0",27,117,5200,10963,117,50,10963,6282
"GGTACACCAGATTTAT-1","0",26,118,5075,11036,118,51,11036,6407
"GGCCCGTATACCATGC-1","0",27,119,5200,11108,119,50,11108,6282
"ATCTTTCGTATAACCA-1","0",26,120,5075,11180,120,51,11180,6407
"GAGATGACAATCCTTA-1","0",27,121,5200,11252,121,50,11252,6282
"AAAGCTTGCCTACATA-1","0",26,122,5075,11324,122,51,11324,6407
"GAACGATAAGTTAAAG-1","0",27,123,5201,11396,123,50,11396,6281
"TAATAGCTAAATGATG-1","0",26,124,5075,11469,124,51,11469,6407
"TATGGCTAGGCTAATT-1","0",27,125,5201,11541,125,50,11541,6281
"AGGAGAGTCTGGCTAC-1","0",26,126,5075,11613,126,51,11613,6407
"TGCTCTGCCGGTTCAC-1","0",27,127,5201,11685,127,50,11685,6281
"CCAATAGATTTCATCT-1","1",28,0,5312,2517,0,49,2517,6170
"GGGCACGAATTGGCCG-1","1",29,1,5438,2589,1,48,2589,6044
"TCGTTGACAGGGTCCC-1","1",28,2,5313,2661,2,49,2661,6169
"ATCGTATTCCGAGAAC-1","1",29,3,5438,2733,3,48,2733,6044
"GGGAATTCTGTCCAGT-1","1",28,4,5313,2806,4,49,2806,6169
"ACGCGTTTCTTAAGAG-1","1",29,5,5438,2878,5,48,2878,6044
"GAGAGCGCAGTCCCTG-1","1",28,6,5313,2950,6,49,2950,6169
"GTCCTATTGTTGTGGT-1","1",29,7,5439,3022,7,48,3022,6043
"CATCTGCAGGATCATT-1","1",28,8,5313,3094,8,49,3094,6169
"GAGTCGACAGACCCTC-1","1",29,9,5439,3166,9,48,3166,6043
"AAGTGCAAAGGTAGAC-1","1",28,10,5313,3239,10,49,3239,6169
"AGGGTGGATAGTGCAT-1","1",29,11,5439,3311,11,48,3311,6043
"TGATAGCGGGATTCTA-1","1",28,12,5314,3383,12,49,3383,6168
"GTCAGTTTGGTAGTCG-1","1",29,13,5439,3455,13,48,3455,6043
"GCATTCGAAATGAACA-1","1",28,14,5314,3528,14,49,3528,6168
"AAAGACTGGGCGCTTT-1","1",29,15,5440,3600,15,48,3600,6042
"TAACAATATTTGTTGC-1","1",28,16,5314,3672,16,49,3672,6168
"CCAGCTTCCGCCCGCA-1","1",29,17,5440,3744,17,48,3744,6042
"GATATGGATTACGCGG-1","1",28,18,5314,3816,18,49,3816,6168
"AGAGCAGTTATGAGAC-1","1",29,19,5440,3888,19,48,3888,6042
"TCACATCTTATCTGAT-1","1",28,20,5315,3961,20,49,3961,6167
"TATGAAGACAGGTGCG-1","1",29,21,5440,4033,21,48,4033,6042
"TACCTGCTGCACTGTG-1","1",28,22,5315,4105,22,49,4105,6167
"TAGGTCCAAGTAAGGA-1","1",29,23,5441,4177,23,48,4177,6041
"GAAACTCGTGCGATGC-1","1",28,24,5315,4249,24,49,4249,6167
"AACAATTACTCTACGC-1","1",29,25,5441,4321,25,48,4321,6041
"CCGCACGTGACCTCGG-1","1",28,26,5315,4394,26,49,4394,6167
"AACTTGCCCGTATGCA-1","1",29,27,5441,4466,27,48,4466,6041
"GGGTATGTATGCACTT-1","1",28,28,5315,4538,28,49,4538,6167
"TTCGTACTCCAGAACG-1","1",29,29,5441,4610,29,48,4610,6041
"GAATTTCTCGCTGCAG-1","1",28,30,5316,4683,30,49,4683,6166
"AACAGGATGGGCCGCG-1","1",29,31,5441,4755,31,48,4755,6041
"GACGTGTAGGGATTAT-1","1",28,32,5316,4827,32,49,4827,6166
"TAGGTGAGCCCTACTC-1","1",29,33,5442,4899,33,48,4899,6040
"CTAATTCGCACGCGCT-1","1",28,34,5316,4971,34,49,4971,6166
"GAAGCTTGCTGACCGC-1","1",29,35,5442,5043,35,48,5043,6040
"GGTTAGGCTTGGAGAA-1","1",28,36,5316,5116,36,49,5116,6166
"ACAAGGACAAGAGGTT-1","1",29,37,5442,5188,37,48,5188,6040
"AGGCCACCCGTTATGA-1","1",28,38,5317,5260,38,49,5260,6165
"GTGGGCTTAGACACAC-1","1",29,39,5442,5332,39,48,5332,6040
"CGTGTCCCATTCGCGA-1","1",28,40,5317,5404,40,49,5404,6165
"TGGAGTGATGCGATGA-1","1",29,41,5443,5476,41,48,5476,6039
"AACAACTGGTAGTTGC-1","1",28,42,5317,5549,42,49,5549,6165
"CCTGGCTAGACCCGCC-1","1",29,43,5443,5621,43,48,5621,6039
"CGCAATTAGGGTAATA-1","1",28,44,5317,5693,44,49,5693,6165
"TCGAAATTTAGGACCA-1","1",29,45,5443,5765,45,48,5765,6039
"AGACTAGCCTTCCAGA-1","1",28,46,5318,5838,46,49,5838,6164
"TTGATCTAACTTTGTC-1","1",29,47,5443,5910,47,48,5910,6039
"AAGGAGCGGTTGGTGC-1","1",28,48,5318,5982,48,49,5982,6164
"ACTTGGGACCCGGTGG-1","1",29,49,5443,6054,49,48,6054,6039
"TGATCTCCGGCGCCAG-1","1",28,50,5318,6126,50,49,6126,6164
"CAGTTCAAATTGACAC-1","1",29,51,5444,6198,51,48,6198,6038
"GTCCGGCTGAATTGCG-1","1",28,52,5318,6271,52,49,6271,6164
"CTGGAAATGGATGCTT-1","1",29,53,5444,6343,53,48,6343,6038
"TGATCGGTTTGACCCT-1","1",28,54,5318,6415,54,49,6415,6164
"TAGAGTCTAAGCGAAC-1","1",29,55,5444,6487,55,48,6487,6038
"GAGACTGATGGGTAGA-1","1",28,56,5319,6560,56,49,6560,6163
"TAGCTAAGTCCGGGAG-1","1",29,57,5444,6632,57,48,6632,6038
"GGGCGATATGTGTGAA-1","1",28,58,5319,6704,58,49,6704,6163
"CTCGAGGTCGAACAGT-1","1",29,59,5445,6776,59,48,6776,6037
"GATCCCTTTATACTGC-1","1",28,60,5319,6848,60,49,6848,6163
"GTCATGCACCTCCGTT-1","1",29,61,5445,6920,61,48,6920,6037
"ACTTTCCTATAGCTTC-1","1",28,62,5319,6993,62,49,6993,6163
"TCGCTCGATATATTCC-1","1",29,63,5445,7065,63,48,7065,6037
"ATAGGTTGGGCAGATG-1","1",28,64,5320,7137,64,49,7137,6162
"CAATTAAGGGTGATGA-1","1",29,65,5445,7209,65,48,7209,6037
"ACCGACTGAGTCCCAC-1","1",28,66,5320,7281,66,49,7281,6162
"CCTGTCACCCGGGCTC-1","1",29,67,5446,7353,67,48,7353,6036
"GATCGGTGGCCATAAC-1","1",28,68,5320,7426,68,49,7426,6162
"CCTATGGGTTACCGTC-1","1",29,69,5446,7498,69,48,7498,6036
"TTGGGACACTGCCCGC-1","1",28,70,5320,7570,70,49,7570,6162
"CGAGGCTAAATATGGC-1","1",29,71,5446,7642,71,48,7642,6036
"TCAGGGTGTAACGTAA-1","1",28,72,5321,7715,72,49,7715,6161
"CGAGAGATGTGAACCT-1","1",29,73,5446,7787,73,48,7787,6036
"TCGCTGGGCGGATTGT-1","1",28,74,5321,7859,74,49,7859,6161
"AGATCTCAGGTGTGAT-1","1",29,75,5446,7931,75,48,7931,6036
"TGGCCAAACTGAAGTA-1","1",28,76,5321,8003,76,49,8003,6161
"GCTTCCGTCCCTAGAC-1","1",29,77,5447,8075,77,48,8075,6035
"CAGCAGCCCGTTCCTT-1","1",28,78,5321,8148,78,49,8148,6161
"TGTATAACAGATCCTG-1","1",29,79,5447,8220,79,48,8220,6035
"CGCGGGAATTAGGCAG-1","1",28,80,5321,8292,80,49,8292,6161
"TGCATGTGGTAATCTA-1","1",29,81,5447,8364,81,48,8364,6035
"ACAATTTGAGCAGTGG-1","1",28,82,5322,8436,82,49,8436,6160
"GAGCTAAGGGCATATC-1","1",29,83,5447,8508,83,48,8508,6035
"CCAGATAGTTGAGTGA-1","1",28,84,5322,8581,84,49,8581,6160
"CCACAATGTACGTCTT-1","1",29,85,5448,8653,85,48,8653,6034
"CAATGGATCTCTACCA-1","1",28,86,5322,8725,86,49,8725,6160
"TGTGGCAAAGCGTATG-1","1",29,87,5448,8797,87,48,8797,6034
"TAAAGCGTTAGGAGAA-1","1",28,88,5322,8870,88,49,8870,6160
"TCCGTTTAGCCTTGAA-1","1",29,89,5448,8942,89,48,8942,6034
"CAGCTCGACAAGTTAA-1","1",28,90,5323,9014,90,49,9014,6159
"GCCTATAGTGTCAGGG-1","1",29,91,5448,9086,91,48,9086,6034
"ATAGACAACGGGACCT-1","1",28,92,5323,9158,92,49,9158,6159
"CTACTATCTTTCAGAG-1","1",29,93,5449,9230,93,48,9230,6033
"GCGCTGCTTTGCATTT-1","1",28,94,5323,9303,94,49,9303,6159
"GCGCATCCAGTCAGCA-1","1",29,95,5449,9375,95,48,9375,6033
"GACTCGCGGGAATGAC-1","1",28,96,5323,9447,96,49,9447,6159
"CTGGTAACGAGCTCTT-1","1",29,97,5449,9519,97,48,9519,6033
"TCCGGCCTAGCGTACA-1","1",28,98,5323,9591,98,49,9591,6159
"TCTAGGTGGCGACGCT-1","1",29,99,5449,9663,99,48,9663,6033
"ACGCTAGTGATACACT-1","1",28,100,5324,9736,100,49,9736,6158
"ATCTGCACCTCTGCGA-1","1",29,101,5449,9808,101,48,9808,6033
"CCTCACCTGAGGGAGC-1","1",28,102,5324,9880,102,49,9880,6158
"AGTGAGCCTCGCCGCC-1","1",29,103,5450,9952,103,48,9952,6032
"ACGAGTACGGATGCCC-1","1",28,104,5324,10025,104,49,10025,6158
"GGTACCATTAAGACGG-1","1",29,105,5450,10097,105,48,10097,6032
"TTCTGCTAGACTCCAA-1","1",28,106,5324,10169,106,49,10169,6158
"TAACTATTACGCCAAA-1","1",29,107,5450,10241,107,48,10241,6032
"GCATTCAAGGCAACGC-1","1",28,108,5325,10313,108,49,10313,6157
"AGTACATCATTTATCA-1","1",29,109,5450,10385,109,48,10385,6032
"GTCGTGTCTGGTCATC-1","1",28,110,5325,10458,110,49,10458,6157
"AGTCTAAAGTATACTC-1","1",29,111,5451,10530,111,48,10530,6031
"CGGCCCAACCTGTAGT-1","1",28,112,5325,10602,112,49,10602,6157
"AGGGAGACATACTTCG-1","1",29,113,5451,10674,113,48,10674,6031
"TCCCTAGATCAATAGG-1","1",28,114,5325,10747,114,49,10747,6157
"TCCCGTCGCGTCATAG-1","1",29,115,5451,10819,115,48,10819,6031
"CGCATCCATCAGCCAG-1","0",28,116,5326,10891,116,49,10891,6156
"CTGCACCTAGTCCACA-1","0",29,117,5451,10963,117,48,10963,6031
"CGAGGATCGGGAACGA-1","0",28,118,5326,11035,118,49,11035,6156
"CAATGAGGTTCGACTA-1","0",29,119,5451,11107,119,48,11107,6031
"TCTGACGGGCTAACCC-1","0",28,120,5326,11180,120,49,11180,6156
"TTCTATGCCTTTCGCA-1","0",29,121,5452,11252,121,48,11252,6030
"AGAGTATAGTGTTACG-1","0",28,122,5326,11324,122,49,11324,6156
"CCATTGTTTCCTCCAT-1","0",29,123,5452,11396,123,48,11396,6030
"CTCATCACTTAGTGAT-1","0",28,124,5326,11468,124,49,11468,6156
"CCGAAGGGCGTACCGC-1","0",29,125,5452,11540,125,48,11540,6030
"TCAAGCTGCCTTGAAA-1","0",28,126,5327,11613,126,49,11613,6155
"CTCATTAACGTTGCCC-1","0",29,127,5452,11685,127,48,11685,6030
"GTCTTCCTCACCTAAG-1","1",30,0,5564,2516,0,47,2516,5918
"GGTGATGAAGGAAGTG-1","1",31,1,5689,2588,1,46,2588,5793
"TCAATACAATTGCTGC-1","1",30,2,5564,2661,2,47,2661,5918
"GCAACCCAAGTTGTTT-1","1",31,3,5689,2733,3,46,2733,5793
"ATGAAGTGGACCCAGC-1","1",30,4,5564,2805,4,47,2805,5918
"GAGAATCTCACGATCA-1","1",31,5,5690,2877,5,46,2877,5792
"TATATCATTGATCAGT-1","1",30,6,5564,2950,6,47,2950,5918
"AACTTTACGGGAGCTT-1","1",31,7,5690,3022,7,46,3022,5792
"TTCTTGTGTCCATCAG-1","1",30,8,5564,3094,8,47,3094,5918
"ACAATTTAGGAGGCTC-1","1",31,9,5690,3166,9,46,3166,5792
"ATACTTGTTCTCGAGC-1","1",30,10,5565,3238,10,47,3238,5917
"CACGGGATTGAGGGTT-1","1",31,11,5690,3310,11,46,3310,5792
"GTTAATGTCTATCTTA-1","1",30,12,5565,3383,12,47,3383,5917
"GCGTTATATTTGGAAC-1","1",31,13,5691,3455,13,46,3455,5791
"CGTCAAGGCTATAAAT-1","1",30,14,5565,3527,14,47,3527,5917
"TTAGCTCTGTAATCCG-1","1",31,15,5691,3599,15,46,3599,5791
"AATGGTCCACCGTTCA-1","1",30,16,5565,3672,16,47,3672,5917
"GTCATTGCATTGACCC-1","1",31,17,5691,3744,17,46,3744,5791
"TGTCCGTGGCGCCTTT-1","1",30,18,5566,3816,18,47,3816,5916
"TCAACTAACGTATAAC-1","1",31,19,5691,3888,19,46,3888,5791
"TCCTCTCCAGTTGTCC-1","1",30,20,5566,3960,20,47,3960,5916
"TGTGTTCGTATCCAAG-1","1",31,21,5692,4032,21,46,4032,5790
"CCGCGTAGGTAAGGGC-1","1",30,22,5566,4105,22,47,4105,5916
"CTGCGGGTGAAATGTT-1","1",31,23,5692,4177,23,46,4177,5790
"TATCTACAGAGGTAAT-1","1",30,24,5566,4249,24,47,4249,5916
"CTACTCTAGGCCCGGC-1","1",31,25,5692,4321,25,46,4321,5790
"ACAAGCAGTGCCTAGC-1","1",30,26,5566,4393,26,47,4393,5916
"TACAAGTCTCGTGCAT-1","1",31,27,5692,4465,27,46,4465,5790
"TCGGAATGCGCTCTGA-1","1",30,28,5567,4538,28,47,4538,5915
"TCGCGTCCAGAAGGTC-1","1",31,29,5692,4610,29,46,4610,5790
"TATGGCCCGGCCTCGC-1","1",30,30,5567,4682,30,47,4682,5915
"GCTGGCATATTCACCT-1","1",31,31,5693,4754,31,46,4754,5789
"GTCAGAATAGTCTATG-1","1",30,32,5567,4827,32,47,4827,5915
"GGCGTCCTATCCGCTG-1","1",31,33,5693,4899,33,46,4899,5789
"CGGAGTTTGAGAGACA-1","1",30,34,5567,4971,34,47,4971,5915
"AGCACTTAAGGACGCC-1","1",31,35,5693,5043,35,46,5043,5789
"TCCACAATGGTTTACG-1","1",30,36,5568,5115,36,47,5115,5914
"CCAACGATGCACTGAT-1","1",31,37,5693,5187,37,46,5187,5789
"ATTTACAGTTTACTGG-1","1",30,38,5568,5260,38,47,5260,5914
"CCCTGAAATGAGTTGA-1","1",31,39,5694,5332,39,46,5332,5788
"CAAACGGTCGCACTTT-1","1",30,40,5568,5404,40,47,5404,5914
"TGATTCGTCTATCACT-1","1",31,41,5694,5476,41,46,5476,5788
"TCAGGTTCTTTGAGAA-1","1",30,42,5568,5548,42,47,5548,5914
"CACGCAGCGAGGCTTT-1","1",31,43,5694,5620,43,46,5620,5788
"TTAAGCGCCTGACCCA-1","1",30,44,5569,5693,44,47,5693,5913
"CTTACACGGTATTCCA-1","1",31,45,5694,5765,45,46,5765,5788
"AAGGCTGTGCTCATCG-1","1",30,46,5569,5837,46,47,5837,5913
"GACCAGAGCCCTGTAG-1","1",31,47,5694,5909,47,46,5909,5788
"TCCCAGGCTTAGCTAA-1","1",30,48,5569,5982,48,47,5982,5913
"ATTGAAGATCTTAGTG-1","1",31,49,5695,6054,49,46,6054,5787
"AGTTCCTACAGAATTA-1","1",30,50,5569,6126,50,47,6126,5913
"GGGCTGGTTAGTCGCG-1","1",31,51,5695,6198,51,46,6198,5787
"GAAATGGCGGTGTTAG-1","1",30,52,5569,6270,52,47,6270,5913
"TACGAACACGACTTCA-1","1",31,53,5695,6342,53,46,6342,5787
"ACCACAAGTTTCTATC-1","1",30,54,5570,6415,54,47,6415,5912
"ATATTTAACCCTCAAG-1","1",31,55,5695,6487,55,46,6487,5787
"GATCATTCCAAACATT-1","1",30,56,5570,6559,56,47,6559,5912
"TCCAGGCGAGTACGGT-1","1",31,57,5696,6631,57,46,6631,5786
"GTTTGACCAAATCCTA-1","1",30,58,5570,6704,58,47,6704,5912
"CACAGCACCCACGGCA-1","1",31,59,5696,6775,59,46,6775,5786
"TGCAAGAATGACGTAA-1","1",30,60,5570,6848,60,47,6848,5912
"GCGAAGCCATACCCGT-1","1",31,61,5696,6920,61,46,6920,5786
"TCCTTTCTTACGCTTA-1","1",30,62,5571,6992,62,47,6992,5911
"GCTGCTCTCCGGACAC-1","1",31,63,5696,7064,63,46,7064,5786
"ACTGTCTTCTTTAGAA-1","1",30,64,5571,7137,64,47,7137,5911
"TCAAACTTAGATTGTT-1","1",31,65,5697,7209,65,46,7209,5785
"CTATGTCACTAGCCCA-1","1",30,66,5571,7281,66,47,7281,5911
"TGCGCAAAGCATTTGG-1","1",31,67,5697,7353,67,46,7353,5785
"TTAATGTAGACCAGGT-1","1",30,68,5571,7425,68,47,7425,5911
"GGCGGTAGGATCATTG-1","1",31,69,5697,7497,69,46,7497,5785
"GGCAATAGTCAATGAG-1","1",30,70,5572,7570,70,47,7570,5910
"ACACGAGACTCCTTCT-1","1",31,71,5697,7642,71,46,7642,5785
"GACACAAGGGAAGAAA-1","1",30,72,5572,7714,72,47,7714,5910
"TCAGCAAATGCATCTC-1","1",31,73,5697,7786,73,46,7786,5785
"GAGATCTGTCACTCCG-1","1",30,74,5572,7859,74,47,7859,5910
"ATGCCGGTCTTGCATA-1","1",31,75,5698,7931,75,46,7931,5784
"TTGGGCGGCGGTTGCC-1","1",30,76,5572,8003,76,47,8003,5910
"TTGTTGTGTGTCAAGA-1","1",31,77,5698,8075,77,46,8075,5784
"ACTGTACGATACACAT-1","1",30,78,5572,8147,78,47,8147,5910
"TCCACTTTATCTAGGT-1","1",31,79,5698,8219,79,46,8219,5784
"GGTCTGAGAATCTGGA-1","1",30,80,5573,8292,80,47,8292,5909
"TAGAAAGGTGGCGCTA-1","1",31,81,5698,8364,81,46,8364,5784
"TATGTCTCATTGTGCC-1","1",30,82,5573,8436,82,47,8436,5909
"GGATTTCACTTCTATA-1","1",31,83,5699,8508,83,46,8508,5783
"TGAGTGGTCCGTGACG-1","1",30,84,5573,8580,84,47,8580,5909
"CGCTTTCTTGCATTCG-1","1",31,85,5699,8652,85,46,8652,5783
"ACCCAACGCCCGTGGC-1","1",30,86,5573,8725,86,47,8725,5909
"GAACGTCTCATGGTCG-1","1",31,87,5699,8797,87,46,8797,5783
"AGGGTTCCCTTTGGTT-1","1",30,88,5574,8869,88,47,8869,5908
"GTAGCTTCCTCTTGTT-1","1",31,89,5699,8941,89,46,8941,5783
"GCATGAGGGACGCGGC-1","1",30,90,5574,9014,90,47,9014,5908
"CTACCCTAAGGTCATA-1","1",31,91,5700,9086,91,46,9086,5782
"TCACCGCTCGGCACTC-1","1",30,92,5574,9158,92,47,9158,5908
"GGCTCGCGTTGAGGTA-1","1",31,93,5700,9230,93,46,9230,5782
"CTAACGAAACTTGCTG-1","1",30,94,5574,9302,94,47,9302,5908
"TTAAACTCGAATTCAT-1","1",31,95,5700,9374,95,46,9374,5782
"TACTTTACTGAGCCGG-1","1",30,96,5574,9447,96,47,9447,5908
"GCTTGGATCGATTAGG-1","1",31,97,5700,9519,97,46,9519,5782
"CGGTTATCCAACAGTG-1","1",30,98,5575,9591,98,47,9591,5907
"CAGACCTGTAAGTGTT-1","1",31,99,5700,9663,99,46,9663,5782
"GACGGTCAATAGAAGC-1","1",30,100,5575,9735,100,47,9735,5907
"CTGACTGCGCAGCTCG-1","1",31,101,5701,9807,101,46,9807,5781
"CCATACCTTTACTTGT-1","1",30,102,5575,9880,102,47,9880,5907
"GTAATAAAGGGCTCCC-1","1",31,103,5701,9952,103,46,9952,5781
"GTGAACTCCCATTCGA-1","1",30,104,5575,10024,104,47,10024,5907
"GTGGTTACTTCTTTCG-1","1",31,105,5701,10096,105,46,10096,5781
"TCAGAACCTCCACAGG-1","1",30,106,5576,10169,106,47,10169,5906
"TCCCACTCTCTTCCGG-1","1",31,107,5701,10241,107,46,10241,5781
"ATCTTGACTTGTCCAA-1","1",30,108,5576,10313,108,47,10313,5906
"TCGGGAACGTGCCTAG-1","1",31,109,5702,10385,109,46,10385,5780
"GTTAGCCGTAAATCAA-1","1",30,110,5576,10457,110,47,10457,5906
"ATTTACTAAGTCCATT-1","1",31,111,5702,10529,111,46,10529,5780
"GGGTGCATATGAAAGC-1","1",30,112,5576,10602,112,47,10602,5906
"TCCGAATGGTCCTGAG-1","1",31,113,5702,10674,113,46,10674,5780
"TGATGGCTGTTTCTGA-1","1",30,114,5577,10746,114,47,10746,5905
"AAATAAGGTAGTGCCC-1","1",31,115,5702,10818,115,46,10818,5780
"CCACTATCCGGGTCAC-1","0",30,116,5577,10891,116,47,10891,5905
"ACACCACATAATTAGC-1","0",31,117,5702,10963,117,46,10963,5780
"CGCGGTAAGTCTAGCT-1","0",30,118,5577,11035,118,47,11035,5905
"GCGGGCATTACGATGC-1","0",31,119,5703,11107,119,46,11107,5779
"AGGATTGCTTACGACA-1","0",30,120,5577,11179,120,47,11179,5905
"CTCGGGATAACACCTA-1","0",31,121,5703,11251,121,46,11251,5779
"GTCGTCTGGTTGGCTA-1","0",30,122,5577,11324,122,47,11324,5905
"GCAATTAGTCGCACCG-1","0",31,123,5703,11396,123,46,11396,5779
"GTGACCTAAAGAATAA-1","0",30,124,5578,11468,124,47,11468,5904
"CTGAGCGAGACTTATT-1","0",31,125,5703,11540,125,46,11540,5779
"CAAGACTCAGAAGCGC-1","0",30,126,5578,11612,126,47,11612,5904
"ACTTCGCTAGCGAGTG-1","0",31,127,5704,11684,127,46,11684,5778
"CCATACTCGCCTCTCC-1","1",32,0,5815,2516,0,45,2516,5667
"ACGATACCTATCCTGA-1","1",33,1,5940,2588,1,44,2588,5542
"CTCACCAGTACAAGTG-1","1",32,2,5815,2660,2,45,2660,5667
"CGAAGACGGTGAGTGC-1","1",33,3,5941,2732,3,44,2732,5541
"AAATTAATAAGCGCGA-1","1",32,4,5815,2805,4,45,2805,5667
"GGGCCCTTATCTATAC-1","1",33,5,5941,2877,5,44,2877,5541
"CTGCCCACGAAGCGTT-1","1",32,6,5815,2949,6,45,2949,5667
"GGACAAGTTGCAGTGA-1","1",33,7,5941,3021,7,44,3021,5541
"GTCCGAGAGCAATCAT-1","1",32,8,5816,3094,8,45,3094,5666
"ATGGCAGCCGAGAAAC-1","1",33,9,5941,3166,9,44,3166,5541
"CCTCGGATGCTACCTG-1","1",32,10,5816,3238,10,45,3238,5666
"ATACGGTGAAGATGCA-1","1",33,11,5942,3310,11,44,3310,5540
"ACATCAGCTGGGACGC-1","1",32,12,5816,3382,12,45,3382,5666
"GGTTGTGTAGCCTGGC-1","1",33,13,5942,3454,13,44,3454,5540
"CCTGCGTTCTACGCTT-1","1",32,14,5816,3527,14,45,3527,5666
"GAACGTTAGGAAGACG-1","1",33,15,5942,3599,15,44,3599,5540
"CTGATAGTGTATCTCA-1","1",32,16,5817,3671,16,45,3671,5665
"TTCTGCGAGCGCCCTT-1","1",33,17,5942,3743,17,44,3743,5540
"CTTTGGCGCTTTATAC-1","1",32,18,5817,3816,18,45,3816,5665
"TCCGAACTTGGCTTAC-1","1",33,19,5943,3888,19,44,3888,5539
"TAGATTCCTGGTTATT-1","1",32,20,5817,3960,20,45,3960,5665
"CCGACAAAGGGAGTGC-1","1",33,21,5943,4032,21,44,4032,5539
"CCATGGCCCTTGTACC-1","1",32,22,5817,4104,22,45,4104,5665
"GAAATATCACCATCAG-1","1",33,23,5943,4176,23,44,4176,5539
"ACGAAATGGGCGGCAC-1","1",32,24,5817,4249,24,45,4249,5665
"GTGAGCGTGCTGCACT-1","1",33,25,5943,4321,25,44,4321,5539
"CCGCGGGTACGAAGAA-1","1",32,26,5818,4393,26,45,4393,5664
"TCCCTGGCTCGCTGGA-1","1",33,27,5943,4465,27,44,4465,5539
"CAGCTTAGTAGGTAGC-1","1",32,28,5818,4537,28,45,4537,5664
"CACGAAAGTTAGTCCC-1","1",33,29,5944,4609,29,44,4609,5538
"ACCTAATCGACTTCCT-1","1",32,30,5818,4682,30,45,4682,5664
"AAGTAGTGACGCGAGG-1","1",33,31,5944,4754,31,44,4754,5538
"TCCGATTACATTGCCG-1","1",32,32,5818,4826,32,45,4826,5664
"CCTCCGACAATTCAAG-1","1",33,33,5944,4898,33,44,4898,5538
"GTTCACAGGAGTCTAG-1","1",32,34,5819,4971,34,45,4971,5663
"CGAAGTTGCTCTGTGT-1","1",33,35,5944,5043,35,44,5043,5538
"GTCGGATATCTCAGAC-1","1",32,36,5819,5115,36,45,5115,5663
"CGCTCTCCGTAGATTA-1","1",33,37,5945,5187,37,44,5187,5537
"CAAGCAACGTCGGAGT-1","1",32,38,5819,5259,38,45,5259,5663
"CCATTCCCTGCCCACA-1","1",33,39,5945,5331,39,44,5331,5537
"CTTTGGCTTTAGTAAA-1","1",32,40,5819,5404,40,45,5404,5663
"GGCTATTAAGTTGTAT-1","1",33,41,5945,5476,41,44,5476,5537
"CCATTAGCGATAATCC-1","1",32,42,5820,5548,42,45,5548,5662
"TGTTCTTCCATTGACT-1","1",33,43,5945,5620,43,44,5620,5537
"AGATAACTTCAGGGCC-1","1",32,44,5820,5692,44,45,5692,5662
"ATAGACGAAGAGAAAG-1","1",33,45,5945,5764,45,44,5764,5537
"GGCGGAGTAATATTAG-1","1",32,46,5820,5837,46,45,5837,5662
"TGACCCACGTTAGACA-1","1",33,47,5946,5909,47,44,5909,5536
"TCACAGGTTATTGGGC-1","1",32,48,5820,5981,48,45,5981,5662
"TCACGCATTGTAGATC-1","1",33,49,5946,6053,49,44,6053,5536
"TTGAAGAATTCCCAGG-1","1",32,50,5820,6126,50,45,6126,5662
"AAATGGTCAATGTGCC-1","1",33,51,5946,6198,51,44,6198,5536
"TAGTGCCCTCCAGAGT-1","1",32,52,5821,6270,52,45,6270,5661
"GGTATTGCCGAGTTTA-1","1",33,53,5946,6342,53,44,6342,5536
"CGTATTAAGAGATCTA-1","1",32,54,5821,6414,54,45,6414,5661
"ACTGTCCAGGATTATA-1","1",33,55,5947,6486,55,44,6486,5535
"CGGGCAGCTAAACCGC-1","1",32,56,5821,6559,56,45,6559,5661
"TTGCTGATCATGTTCG-1","1",33,57,5947,6631,57,44,6631,5535
"TATGGGTACGTATCGT-1","1",32,58,5821,6703,58,45,6703,5661
"CAGCTCACTGAGACAT-1","1",33,59,5947,6775,59,44,6775,5535
"GGGACTGCATAGATAG-1","1",32,60,5822,6847,60,45,6847,5660
"ACGCATTCGTGAGTAC-1","1",33,61,5947,6919,61,44,6919,5535
"CTCTGGACGCCTGGTG-1","1",32,62,5822,6992,62,45,6992,5660
"AGGGTTTAGTTCGGGA-1","1",33,63,5948,7064,63,44,7064,5534
"GGGAGAACTCACAGTA-1","1",32,64,5822,7136,64,45,7136,5660
"ATCAATCTGGGCTGCA-1","1",33,65,5948,7208,65,44,7208,5534
"TCTTCGATACCAATAA-1","1",32,66,5822,7281,66,45,7281,5660
"ACGTAGATTGCTGATG-1","1",33,67,5948,7353,67,44,7353,5534
"TCTTGATGCGTAGCGA-1","1",32,68,5822,7425,68,45,7425,5660
"GGGCTGCCTAGGGCGA-1","1",33,69,5948,7497,69,44,7497,5534
"CTCTCACAATCGATGA-1","1",32,70,5823,7569,70,45,7569,5659
"CCAAGCGTAACTCGTA-1","1",33,71,5948,7641,71,44,7641,5534
"ACAACAGCATGAGCTA-1","1",32,72,5823,7714,72,45,7714,5659
"GTCCCAACGTAAAGTA-1","1",33,73,5949,7786,73,44,7786,5533
"TCGGAGTACATGAGTA-1","1",32,74,5823,7858,74,45,7858,5659
"GGGAGTTAATGAGGCG-1","1",33,75,5949,7930,75,44,7930,5533
"CCGGGCGGTCTCGTCA-1","1",32,76,5823,8003,76,45,8003,5659
"CCGTAAGTTGGTCCCA-1","1",33,77,5949,8075,77,44,8075,5533
"GGAGGGCTTGGTTGGC-1","1",32,78,5824,8147,78,45,8147,5658
"TCGGACGCCCAGCCCA-1","1",33,79,5949,8219,79,44,8219,5533
"TCTGTGCCATCATAGT-1","1",32,80,5824,8291,80,45,8291,5658
"GTACTGGAGTTAGACC-1","1",33,81,5950,8363,81,44,8363,5532
"GGAATGCGCTAGCGTG-1","1",32,82,5824,8436,82,45,8436,5658
"GTGTGAATAACTTAGG-1","1",33,83,5950,8508,83,44,8508,5532
"GGTCGGCCAGGAGCTT-1","1",32,84,5824,8580,84,45,8580,5658
"TAGCCGGCGGTCAGCG-1","1",33,85,5950,8652,85,44,8652,5532
"CGGGTGTACCCATTTA-1","1",32,86,5825,8724,86,45,8724,5657
"AGTGATTCAAGCAGGA-1","1",33,87,5950,8796,87,44,8796,5532
"GTTGGATTGAGAACAC-1","1",32,88,5825,8869,88,45,8869,5657
"CACACGCGCTGTCTTA-1","1",33,89,5951,8941,89,44,8941,5531
"TAGACGCCCGTACCGG-1","1",32,90,5825,9013,90,45,9013,5657
"GGTTTCAATCGGTCAG-1","1",33,91,5951,9085,91,44,9085,5531
"AATCTGCGTTGGGACG-1","1",32,92,5825,9158,92,45,9158,5657
"TTACGGATGGTTCGAG-1","1",33,93,5951,9230,93,44,9230,5531
"CGGCAGGGTCGGGTTG-1","1",32,94,5825,9302,94,45,9302,5657
"GCTTTCAGAGGAGGTG-1","1",33,95,5951,9374,95,44,9374,5531
"TCTTCCCATGGGCACA-1","1",32,96,5826,9446,96,45,9446,5656
"TACCGCGGACTTGCAG-1","1",33,97,5951,9518,97,44,9518,5531
"AGAATTATGGATTCGA-1","1",32,98,5826,9591,98,45,9591,5656
"ATTGATGAGTCCTAAC-1","1",33,99,5952,9663,99,44,9663,5530
"TAGGTCGCCGGAACTG-1","1",32,100,5826,9735,100,45,9735,5656
"TAACCTACCGTCCGAG-1","1",33,101,5952,9807,101,44,9807,5530
"CTTAGTAGGCCTACAG-1","1",32,102,5826,9879,102,45,9879,5656
"CTAGATGTGAGTGTAA-1","1",33,103,5952,9951,103,44,9951,5530
"ACTCCCGAATTCGTTT-1","1",32,104,5827,10024,104,45,10024,5655
"GTTCATCGTTTGGCTG-1","1",33,105,5952,10096,105,44,10096,5530
"ACTTTACCCTCATGAA-1","1",32,106,5827,10168,106,45,10168,5655
"GCGAGAGTTGCGTCCA-1","1",33,107,5953,10240,107,44,10240,5529
"GTTCGGGCGTACCATT-1","1",32,108,5827,10313,108,45,10313,5655
"CGACTTTGTATAGCCT-1","1",33,109,5953,10385,109,44,10385,5529
"GCCATCGATGCTGCAT-1","1",32,110,5827,10457,110,45,10457,5655
"GCATTTCCAAGGCTCC-1","1",33,111,5953,10529,111,44,10529,5529
"ATGTAAGGCTGCTCTT-1","1",32,112,5828,10601,112,45,10601,5654
"ACGTTCGCAATCAATT-1","1",33,113,5953,10673,113,44,10673,5529
"GTGACGAGGGTGACCC-1","1",32,114,5828,10746,114,45,10746,5654
"ATTATAGCTACTTTAC-1","1",33,115,5953,10818,115,44,10818,5529
"CGTGTGTTAAACCCTG-1","1",32,116,5828,10890,116,45,10890,5654
"TTGGTATGGCTTGTGT-1","0",33,117,5954,10962,117,44,10962,5528
"CATTCCCATTCCGTCG-1","0",32,118,5828,11035,118,45,11035,5654
"TGCCGAAAGCGTATTC-1","0",33,119,5954,11106,119,44,11106,5528
"CAACACATCTCCTGCC-1","0",32,120,5828,11179,120,45,11179,5654
"CTGCCTCATATGCAAC-1","0",33,121,5954,11251,121,44,11251,5528
"TCCCGCCTATGTGCGT-1","0",32,122,5829,11323,122,45,11323,5653
"GGTTACCCGACACTTT-1","0",33,123,5954,11395,123,44,11395,5528
"CCAGCGGGATCACCAG-1","0",32,124,5829,11468,124,45,11468,5653
"ATGTTTCGGCCCGGAG-1","0",33,125,5955,11540,125,44,11540,5527
"GCGTCTAACCTCCTAA-1","0",32,126,5829,11612,126,45,11612,5653
"ATCAGGTAGCTGACAG-1","0",33,127,5955,11684,127,44,11684,5527
"GGTATGAAAGAACTGA-1","1",34,0,6066,2516,0,43,2516,5416
"GTGGCCTAATATCATT-1","1",35,1,6192,2588,1,42,2588,5290
"CCTGTGAAACCGTAAC-1","1",34,2,6066,2660,2,43,2660,5416
"GGCAGAGAGATCGGGA-1","1",35,3,6192,2732,3,42,2732,5290
"TAGCGTCGAATATTGA-1","1",34,4,6066,2804,4,43,2804,5416
"CGCCGACTATTCGCTA-1","1",35,5,6192,2876,5,42,2876,5290
"TCTGGCGCAAGCCGGG-1","1",34,6,6067,2949,6,43,2949,5415
"AGTGGTTGCGTATAGG-1","1",35,7,6192,3021,7,42,3021,5290
"ATCGGTTACCTAGTAA-1","1",34,8,6067,3093,8,43,3093,5415
"CCTGCCCGTTGTCTAG-1","1",35,9,6193,3165,9,42,3165,5289
"GCACACGCCCATGGTC-1","1",34,10,6067,3238,10,43,3238,5415
"AGTACGGCCCGTATCG-1","1",35,11,6193,3310,11,42,3310,5289
"TATCTAGCCTAAAGGA-1","1",34,12,6067,3382,12,43,3382,5415
"CACTCGGTTAGGAGGA-1","1",35,13,6193,3454,13,42,3454,5289
"ATGTTCGTCGACCCAC-1","1",34,14,6068,3526,14,43,3526,5414
"TTCCTCTGCCCGAATA-1","1",35,15,6193,3598,15,42,3598,5289
"TTACTATCGGCTTCTC-1","1",34,16,6068,3671,16,43,3671,5414
"GCCGCATTAGTCCGGC-1","1",35,17,6194,3743,17,42,3743,5288
"TAAGGGCTGGGAGAGG-1","1",34,18,6068,3815,18,43,3815,5414
"TAAGCAGGCGACACGC-1","1",35,19,6194,3887,19,42,3887,5288
"AGCACTACCGGCCTGT-1","1",34,20,6068,3959,20,43,3959,5414
"GAAAGCCCTTTGGACC-1","1",35,21,6194,4031,21,42,4031,5288
"GACCGACTGAAGCGTC-1","1",34,22,6068,4104,22,43,4104,5414
"CGGTGAAGACTAAAGT-1","1",35,23,6194,4176,23,42,4176,5288
"CCCTGCGCTACGCATA-1","1",34,24,6069,4248,24,43,4248,5413
"TACTGGACAGCTCGGC-1","1",35,25,6194,4320,25,42,4320,5288
"TTAGTAGGGCGGCGGG-1","1",34,26,6069,4393,26,43,4393,5413
"GAGGCTATCAAAGTCG-1","1",35,27,6195,4465,27,42,4465,5287
"TTACCATTGATTACCC-1","1",34,28,6069,4537,28,43,4537,5413
"ATACCACGGGCAACTT-1","1",35,29,6195,4609,29,42,4609,5287
"TGTCCTAAGTCACCGC-1","1",34,30,6069,4681,30,43,4681,5413
"AGGTAGGTACAAAGCT-1","1",35,31,6195,4753,31,42,4753,5287
"GGCATACAGGTAGCGG-1","1",34,32,6070,4826,32,43,4826,5412
"TGTAGTGATCTATAAT-1","1",35,33,6195,4898,33,42,4898,5287
"TCCCGGGTGTGCTGCT-1","1",34,34,6070,4970,34,43,4970,5412
"TACGATGTTGATCATC-1","1",35,35,6196,5042,35,42,5042,5286
"CCTCTCTCCCATCTAG-1","1",34,36,6070,5115,36,43,5115,5412
"GCAGGACTATAGAATA-1","1",35,37,6196,5187,37,42,5187,5286
"CTAGTGAAGGACAGGA-1","1",34,38,6070,5259,38,43,5259,5412
"TACGAGAACTTCACGT-1","1",35,39,6196,5331,39,42,5331,5286
"CGTTGTTTCAATTCCC-1","1",34,40,6071,5403,40,43,5403,5411
"GCAAATATTACGCTTT-1","1",35,41,6196,5475,41,42,5475,5286
"CCAATAGTGCCGTCGA-1","1",34,42,6071,5548,42,43,5548,5411
"ATTGCTGCTCCTCCAT-1","1",35,43,6196,5620,43,42,5620,5286
"GAGATCTGCTTGGCAT-1","1",34,44,6071,5692,44,43,5692,5411
"GCCGAAATTCCTACGT-1","1",35,45,6197,5764,45,42,5764,5285
"GGCACTCCACTGGGCA-1","1",34,46,6071,5836,46,43,5836,5411
"GGGTCACCGTGACGGT-1","1",35,47,6197,5908,47,42,5908,5285
"CACTTAATCAGACGGA-1","1",34,48,6071,5981,48,43,5981,5411
"CGTTTCGCTCATTACA-1","1",35,49,6197,6053,49,42,6053,5285
"ATAAAGGCTCGGTCGT-1","1",34,50,6072,6125,50,43,6125,5410
"CACTAAAGTTGCCTAT-1","1",35,51,6197,6197,51,42,6197,5285
"GTGCTCAAGTACTGTC-1","1",34,52,6072,6270,52,43,6270,5410
"CCATGCCTGTTTAGTA-1","1",35,53,6198,6342,53,42,6342,5284
"TCTAGTTATCAGAAGA-1","1",34,54,6072,6414,54,43,6414,5410
"TTGTAATCCGTACTCG-1","1",35,55,6198,6486,55,42,6486,5284
"TCCCAGCTTTAGTCTG-1","1",34,56,6072,6558,56,43,6558,5410
"CTACGCACGGAGTACC-1","1",35,57,6198,6630,57,42,6630,5284
"AAATTAACGGGTAGCT-1","1",34,58,6073,6703,58,43,6703,5409
"CGGCCACGCACAAAGT-1","1",35,59,6198,6775,59,42,6775,5284
"GAAGCGTGAGGAATTT-1","1",34,60,6073,6847,60,43,6847,5409
"ATATCTTAGGGCCTTC-1","1",35,61,6199,6919,61,42,6919,5283
"ACGCGGGCCAAGGACA-1","1",34,62,6073,6991,62,43,6991,5409
"GCGAGTTCTGCAAAGA-1","1",35,63,6199,7063,63,42,7063,5283
"TATTCGTGCCAGAATA-1","1",34,64,6073,7136,64,43,7136,5409
"AGGGCTGCAGTTACAG-1","1",35,65,6199,7208,65,42,7208,5283
"CTAGCATAGTATAATG-1","1",34,66,6073,7280,66,43,7280,5409
"TAGGTTCGAGTTCGTC-1","1",35,67,6199,7352,67,42,7352,5283
"GAATTATAGTGAAAGG-1","1",34,68,6074,7425,68,43,7425,5408
"CTATCGGGTCTCAACA-1","1",35,69,6199,7497,69,42,7497,5283
"GCGCTAATTGAATAGA-1","1",34,70,6074,7569,70,43,7569,5408
"ATGCGACAGTCCCATT-1","1",35,71,6200,7641,71,42,7641,5282
"GGTAGTGCTCGCACCA-1","1",34,72,6074,7713,72,43,7713,5408
"AAGCTCGTGCCAAGTC-1","1",35,73,6200,7785,73,42,7785,5282
"TATTCAATTCTAATCC-1","1",34,74,6074,7858,74,43,7858,5408
"TTCAAAGTCTCTAGCC-1","1",35,75,6200,7930,75,42,7930,5282
"TTGAATATGGACTTTC-1","1",34,76,6075,8002,76,43,8002,5407
"AAGAGCTCTTTATCGG-1","1",35,77,6200,8074,77,42,8074,5282
"TTACTCCGGCCGGGAA-1","1",34,78,6075,8147,78,43,8147,5407
"AAACGAGACGGTTGAT-1","1",35,79,6201,8218,79,42,8218,5281
"GCTAAGTAGTTTCTCT-1","1",34,80,6075,8291,80,43,8291,5407
"ATAACGCCGGAGGGTC-1","1",35,81,6201,8363,81,42,8363,5281
"GGATCCGGAATATACT-1","1",34,82,6075,8435,82,43,8435,5407
"TGAAAGGACCTGACTC-1","1",35,83,6201,8507,83,42,8507,5281
"TCCGCGGCAGCATCTG-1","1",34,84,6076,8580,84,43,8580,5406
"TGCATATGTCTGTCAC-1","1",35,85,6201,8652,85,42,8652,5281
"TGTAGGAGAAATTTCC-1","1",34,86,6076,8724,86,43,8724,5406
"AGTGAGACTTCCAGTA-1","1",35,87,6201,8796,87,42,8796,5281
"CCCAAACATGCTGCTC-1","1",34,88,6076,8868,88,43,8868,5406
"GCTTATGAAGCAGGAA-1","1",35,89,6202,8940,89,42,8940,5280
"TTCTAACCGAAGCTTA-1","1",34,90,6076,9013,90,43,9013,5406
"GGATGTCCTTACCGCA-1","1",35,91,6202,9085,91,42,9085,5280
"AGGGTGCTCTCGAGGG-1","1",34,92,6076,9157,92,43,9157,5406
"AACTCTCAATAGAGCG-1","1",35,93,6202,9229,93,42,9229,5280
"TCTGAATTCCGTACAA-1","1",34,94,6077,9302,94,43,9302,5405
"GCGTGGTACTGGGTTA-1","1",35,95,6202,9374,95,42,9374,5280
"CGTCGGATAGTGTTGA-1","1",34,96,6077,9446,96,43,9446,5405
"ATATGTCTCCCTAGCC-1","1",35,97,6203,9518,97,42,9518,5279
"TCTTTAAGACTATGAA-1","1",34,98,6077,9590,98,43,9590,5405
"TCATTTAAGTCTCCGA-1","1",35,99,6203,9662,99,42,9662,5279
"GATATTGAGATTGGCG-1","1",34,100,6077,9735,100,43,9735,5405
"TGACATCGAGCGGACC-1","1",35,101,6203,9807,101,42,9807,5279
"GCGTAAATGGCCATAA-1","1",34,102,6078,9879,102,43,9879,5404
"ATTGTACAACTCGGCT-1","1",35,103,6203,9951,103,42,9951,5279
"TACGCTATAGAAACCT-1","1",34,104,6078,10023,104,43,10023,5404
"CACCCAAATCTTATGT-1","1",35,105,6204,10095,105,42,10095,5278
"AGATGATGGAGTCTGG-1","1",34,106,6078,10168,106,43,10168,5404
"CCACGGTGCCCGGTAG-1","1",35,107,6204,10240,107,42,10240,5278
"TCAAGAAATACTAGCT-1","1",34,108,6078,10312,108,43,10312,5404
"AGGTATAATTGATAGT-1","1",35,109,6204,10384,109,42,10384,5278
"CAAGGTCCTATAGGCT-1","1",34,110,6079,10457,110,43,10457,5403
"CCGGCACGACCGTTTC-1","1",35,111,6204,10529,111,42,10529,5278
"ACCTCCGTTATTCACC-1","1",34,112,6079,10601,112,43,10601,5403
"GCAGCCTATATCACAT-1","1",35,113,6204,10673,113,42,10673,5278
"GGTATAGTGACACATA-1","1",34,114,6079,10745,114,43,10745,5403
"AAATTCCAGGTCCAAA-1","1",35,115,6205,10817,115,42,10817,5277
"TCTTTAGCAGGCGAAC-1","1",34,116,6079,10890,116,43,10890,5403
"TATTGACATTTCTGCC-1","0",35,117,6205,10962,117,42,10962,5277
"TCTGATCGGGTGCTAG-1","0",34,118,6079,11034,118,43,11034,5403
"GGCCCGGAGCATGTCT-1","0",35,119,6205,11106,119,42,11106,5277
"GGGCGCAGCGTTACTC-1","0",34,120,6080,11178,120,43,11178,5402
"TTGGCGATCCGAATAT-1","0",35,121,6205,11250,121,42,11250,5277
"CCACGTAAATTAGACT-1","0",34,122,6080,11323,122,43,11323,5402
"TCTGATTGGAAATGGA-1","0",35,123,6206,11395,123,42,11395,5276
"ATGGCGGAATAGTCGC-1","0",34,124,6080,11467,124,43,11467,5402
"ATCGCTTTACGTCTCA-1","0",35,125,6206,11539,125,42,11539,5276
"TACGTGCAAGGTTCCT-1","0",34,126,6080,11612,126,43,11612,5402
"CAGGACAGCTGCCCTT-1","0",35,127,6206,11684,127,42,11684,5276
"CAAACCAGGTCTGCAT-1","1",36,0,6317,2515,0,41,2515,5165
"ACAAGCTATATGGAAG-1","1",37,1,6443,2587,1,40,2587,5039
"TCGCCCACTGCGAGAG-1","1",36,2,6317,2660,2,41,2660,5165
"AGCCGCAAATTCAAAT-1","1",37,3,6443,2732,3,40,2732,5039
"TTAACGTTAAAGCCTG-1","1",36,4,6318,2804,4,41,2804,5164
"CAGCGCCAACACGATA-1","1",37,5,6443,2876,5,40,2876,5039
"ATCCAATGGTACCGAA-1","1",36,6,6318,2948,6,41,2948,5164
"GTGCTGCAGATAAGGA-1","1",37,7,6444,3020,7,40,3020,5038
"GGCCTTTGCAACTGGC-1","1",36,8,6318,3093,8,41,3093,5164
"GTCGTACCTACGATTG-1","1",37,9,6444,3165,9,40,3165,5038
"TAGAAATTCACGTATA-1","1",36,10,6318,3237,10,41,3237,5164
"AGAATAAATCTTCAGG-1","1",37,11,6444,3309,11,40,3309,5038
"CATTGCGAAATGGGCG-1","1",36,12,6319,3382,12,41,3382,5163
"GTCTACTCAATTACAA-1","1",37,13,6444,3454,13,40,3454,5038
"TGTAATGACCACAATA-1","1",36,14,6319,3526,14,41,3526,5163
"AAAGTCGACCCTCAGT-1","1",37,15,6444,3598,15,40,3598,5038
"TACTCGGCACGCCGGG-1","1",36,16,6319,3670,16,41,3670,5163
"AGGTGTATCGCCATGA-1","1",37,17,6445,3742,17,40,3742,5037
"TGTGCTTTACGTAAGA-1","1",36,18,6319,3815,18,41,3815,5163
"AAACCTCATGAAGTTG-1","1",37,19,6445,3887,19,40,3887,5037
"TATAGGGTACTCATGA-1","1",36,20,6319,3959,20,41,3959,5163
"CCAGCTGATGGTACTT-1","1",37,21,6445,4031,21,40,4031,5037
"AATATTGGAGTATTGA-1","1",36,22,6320,4103,22,41,4103,5162
"GGCCCTCACCCACTTA-1","1",37,23,6445,4175,23,40,4175,5037
"AACCAAGACTTCTCTG-1","1",36,24,6320,4248,24,41,4248,5162
"TCGTATTACCCATTGC-1","1",37,25,6446,4320,25,40,4320,5036
"ATTCGACGCCGGGCCT-1","1",36,26,6320,4392,26,41,4392,5162
"GGCGCAGGACATCTTC-1","1",37,27,6446,4464,27,40,4464,5036
"GTACTCCCTTATCGCT-1","1",36,28,6320,4537,28,41,4537,5162
"TGGTCTGTTGGGCGTA-1","1",37,29,6446,4609,29,40,4609,5036
"AATAACAACGCTCGGC-1","1",36,30,6321,4681,30,41,4681,5161
"CATACCCGTACCCAGT-1","1",37,31,6446,4753,31,40,4753,5036
"ACAATCCATTTAAACC-1","1",36,32,6321,4825,32,41,4825,5161
"GTTACAATTGGTGACG-1","1",37,33,6447,4897,33,40,4897,5035
"TTGCCCTGATCACGGG-1","1",36,34,6321,4970,34,41,4970,5161
"CTAACCGCGCGCCCGT-1","1",37,35,6447,5042,35,40,5042,5035
"CTAAAGAATGCCTACT-1","1",36,36,6321,5114,36,41,5114,5161
"ACCCATCTTGAGGGTA-1","1",37,37,6447,5186,37,40,5186,5035
"GATCTTTGCAGGGTAT-1","1",36,38,6322,5259,38,41,5259,5160
"GGGTACTTCATGAACT-1","1",37,39,6447,5331,39,40,5331,5035
"GCCGCTTGTGAGAAAC-1","1",36,40,6322,5403,40,41,5403,5160
"CCTGTAAGACATGATA-1","1",37,41,6447,5475,41,40,5475,5035
"CGACAGTTCGCGTTAT-1","1",36,42,6322,5547,42,41,5547,5160
"ACGATGCATATGTTAT-1","1",37,43,6448,5619,43,40,5619,5034
"TGTTCCGCTTCCATGA-1","1",36,44,6322,5692,44,41,5692,5160
"GGATGACGCGAGTTTA-1","1",37,45,6448,5764,45,40,5764,5034
"GAAGTTTCCACTCAAT-1","1",36,46,6322,5836,46,41,5836,5160
"GCGAGGCCCGAGCAGA-1","1",37,47,6448,5908,47,40,5908,5034
"CATACTATGTAATTGT-1","1",36,48,6323,5980,48,41,5980,5159
"CCAATGTCACAGCAAG-1","1",37,49,6448,6052,49,40,6052,5034
"GTTGGATTTGCGTTGG-1","1",36,50,6323,6125,50,41,6125,5159
"GGGAGGATGCCCGAAA-1","1",37,51,6449,6197,51,40,6197,5033
"GATCGCGGGCTCTCCA-1","1",36,52,6323,6269,52,41,6269,5159
"GTTCGCCATAAGTGCC-1","1",37,53,6449,6341,53,40,6341,5033
"AGATTATAGGACGTTT-1","1",36,54,6323,6414,54,41,6414,5159
"TCGAGACCAACACCGT-1","1",37,55,6449,6486,55,40,6486,5033
"TATGGGACCGAGCAGG-1","1",36,56,6324,6558,56,41,6558,5158
"GATGCGTCCTGCATTC-1","1",37,57,6449,6630,57,40,6630,5033
"TATGGTCTGAGTAACA-1","1",36,58,6324,6702,58,41,6702,5158
"GCATAGAGCACTCAGG-1","1",37,59,6450,6774,59,40,6774,5032
"CTTCATTGTCAGTGGA-1","1",36,60,6324,6847,60,41,6847,5158
"GCAGATTAGGGATATC-1","1",37,61,6450,6919,61,40,6919,5032
"CCTGTCGCCCGTAAAT-1","1",36,62,6324,6991,62,41,6991,5158
"CAATTTCGTATAAGGG-1","1",37,63,6450,7063,63,40,7063,5032
"GTACACTTACCTGAAG-1","1",36,64,6324,7135,64,41,7135,5158
"CCAGCCTGGACCAATA-1","1",37,65,6450,7207,65,40,7207,5032
"ATGGAGCAGGCCGTGA-1","1",36,66,6325,7280,66,41,7280,5157
"GTCATTAGAGCGAACG-1","1",37,67,6450,7352,67,40,7352,5032
"AAGACTGCAAGCTACT-1","1",36,68,6325,7424,68,41,7424,5157
"CTAGTCACGTCTTAAG-1","1",37,69,6451,7496,69,40,7496,5031
"ACTCTTGTATAGTAAC-1","1",36,70,6325,7569,70,41,7569,5157
"ATTAGGCGATGCTTTC-1","1",37,71,6451,7641,71,40,7641,5031
"TTCGGGACTAATCGCG-1","1",36,72,6325,7713,72,41,7713,5157
"TGGACTGTTCGCTCAA-1","1",37,73,6451,7785,73,40,7785,5031
"AACGTGCGAAAGTCTC-1","1",36,74,6326,7857,74,41,7857,5156
"CCACCCAAGGAAAGTG-1","1",37,75,6451,7929,75,40,7929,5031
"CCGCACAAAGACCAAC-1","1",36,76,6326,8002,76,41,8002,5156
"GCGATTGTTAACGTTA-1","1",37,77,6452,8074,77,40,8074,5030
"ACTCGTCAGTAATCCC-1","1",36,78,6326,8146,78,41,8146,5156
"GGTGATAAGGAGCAGT-1","1",37,79,6452,8218,79,40,8218,5030
"AAGAGGCATGGATCGC-1","1",36,80,6326,8290,80,41,8290,5156
"CACGTTCGTGCTCTAG-1","1",37,81,6452,8362,81,40,8362,5030
"CTATTTGGTTACGGAT-1","1",36,82,6327,8435,82,41,8435,5155
"GTACAGAGGCAAGGGT-1","1",37,83,6452,8507,83,40,8507,5030
"GGGCCGGCCGAAGTAC-1","1",36,84,6327,8579,84,41,8579,5155
"CCTGAACGATATATTC-1","1",37,85,6452,8651,85,40,8651,5030
"CCGGGCTGCTCCATAC-1","1",36,86,6327,8724,86,41,8724,5155
"TACTTGTTAGTAGTCC-1","1",37,87,6453,8796,87,40,8796,5029
"CCTAGGCGTAGCGATC-1","1",36,88,6327,8868,88,41,8868,5155
"CTGGCGCACAGGTCTG-1","1",37,89,6453,8940,89,40,8940,5029
"ACTTATACTTACCCGG-1","1",36,90,6327,9012,90,41,9012,5155
"GAAGTCTCCCTAGCGA-1","1",37,91,6453,9084,91,40,9084,5029
"ACCGATGGTAGCATCG-1","1",36,92,6328,9157,92,41,9157,5154
"CGAGTTTATCGGACTG-1","1",37,93,6453,9229,93,40,9229,5029
"CATAACGGACAGTCGT-1","1",36,94,6328,9301,94,41,9301,5154
"TGACGATGCACTAGAA-1","1",37,95,6454,9373,95,40,9373,5028
"TAGGGAGCTTGGGATG-1","1",36,96,6328,9446,96,41,9446,5154
"AGGGTCGATGCGAACT-1","1",37,97,6454,9518,97,40,9518,5028
"TATATCCCTGGGAGGA-1","1",36,98,6328,9590,98,41,9590,5154
"CATCTTACACCACCTC-1","1",37,99,6454,9662,99,40,9662,5028
"GTGCGACAGGGAGTGT-1","1",36,100,6329,9734,100,41,9734,5153
"CCGATCTCAACCTTAT-1","1",37,101,6454,9806,101,40,9806,5028
"ACGATCATCTTGTAAA-1","1",36,102,6329,9879,102,41,9879,5153
"GAAAGAACAGCGTTAT-1","1",37,103,6455,9951,103,40,9951,5027
"CTAGGTCTGAAGGAAT-1","1",36,104,6329,10023,104,41,10023,5153
"ATATCAACCTACAGAG-1","1",37,105,6455,10095,105,40,10095,5027
"AAATAGCTTAGACTTT-1","1",36,106,6329,10167,106,41,10167,5153
"GCGACATGTAAACATC-1","1",37,107,6455,10239,107,40,10239,5027
"ATAAGTAGGGCGACTC-1","1",36,108,6330,10312,108,41,10312,5152
"GCGAGCGCATGCTCCC-1","1",37,109,6455,10384,109,40,10384,5027
"AGGGACCGGCTGCGTT-1","1",36,110,6330,10456,110,41,10456,5152
"CCTATGAAGTGGTGCC-1","1",37,111,6455,10528,111,40,10528,5027
"GCTTACGTAGTTAGTA-1","1",36,112,6330,10601,112,41,10601,5152
"CATACTTAGGCAATAC-1","1",37,113,6456,10673,113,40,10673,5026
"CCTGTCCCTCACGTTA-1","1",36,114,6330,10745,114,41,10745,5152
"CAATGTGCCAACCCTT-1","1",37,115,6456,10817,115,40,10817,5026
"GTTAAGTTAGAGTGGG-1","1",36,116,6330,10889,116,41,10889,5152
"CTGGGATACGCTACCC-1","1",37,117,6456,10961,117,40,10961,5026
"AACCTGTCACGGAATT-1","0",36,118,6331,11034,118,41,11034,5151
"ACTGCGGACACACCGT-1","0",37,119,6456,11106,119,40,11106,5026
"CCGTGAGGCATTCATG-1","0",36,120,6331,11178,120,41,11178,5151
"GCCCAGATGCTGGAGA-1","0",37,121,6457,11250,121,40,11250,5025
"TCTGGCCGTTCAAGTT-1","0",36,122,6331,11322,122,41,11322,5151
"ATACGAAGGCTTTCCA-1","0",37,123,6457,11394,123,40,11394,5025
"GATCCGAATATAAGTG-1","0",36,124,6331,11467,124,41,11467,5151
"GTGGAGCATGTCGGCC-1","0",37,125,6457,11539,125,40,11539,5025
"ACTCTTCAGCTCCCGC-1","0",36,126,6332,11611,126,41,11611,5150
"CCCGATAGCCTCGCCT-1","0",37,127,6457,11683,127,40,11683,5025
"ACAGGTGTGTTGTTGC-1","1",38,0,6568,2515,0,39,2515,4914
"TGAACTGCTATGACTT-1","1",39,1,6694,2587,1,38,2587,4788
"TGACATATATGACGAT-1","1",38,2,6569,2659,2,39,2659,4913
"AAGTCTTCTGTGGCCT-1","1",39,3,6694,2731,3,38,2731,4788
"ACCAGACCATAACAAC-1","1",38,4,6569,2804,4,39,2804,4913
"TGAGACGTACCTCTCA-1","1",39,5,6695,2876,5,38,2876,4787
"GACCGTTACATGCGAC-1","1",38,6,6569,2948,6,39,2948,4913
"GGTTCGGATTATACTA-1","1",39,7,6695,3020,7,38,3020,4787
"CCTCCTGAGCCCACAT-1","1",38,8,6569,3092,8,39,3092,4913
"CCGCGATTTGGTAGGT-1","1",39,9,6695,3164,9,38,3164,4787
"AATCTCTACTGTGGTT-1","1",38,10,6570,3237,10,39,3237,4912
"ACTTTGACTGCATCCT-1","1",39,11,6695,3309,11,38,3309,4787
"CCCTGACTAACAAATT-1","1",38,12,6570,3381,12,39,3381,4912
"ACGCTGTGAGGCGTAG-1","1",39,13,6695,3453,13,38,3453,4787
"GCATACGAGGTCTTTA-1","1",38,14,6570,3526,14,39,3526,4912
"TCGGGATTCAAACATA-1","1",39,15,6696,3598,15,38,3598,4786
"GGGCCCTACGAAAGGG-1","1",38,16,6570,3670,16,39,3670,4912
"CGCCAAGAAGCCGAGT-1","1",39,17,6696,3742,17,38,3742,4786
"GGTACATCTGGGACGA-1","1",38,18,6570,3814,18,39,3814,4912
"GGATGCTGGCGTTCCT-1","1",39,19,6696,3886,19,38,3886,4786
"CCGATTCGAGGGACCC-1","1",38,20,6571,3959,20,39,3959,4911
"CCACTGGTGGCTGGTT-1","1",39,21,6696,4031,21,38,4031,4786
"GACAGGCACACACTAT-1","1",38,22,6571,4103,22,39,4103,4911
"TCAACGCGACCGGCAG-1","1",39,23,6697,4175,23,38,4175,4785
"CTACGACTAGCTATAA-1","1",38,24,6571,4247,24,39,4247,4911
"CGGTTGACCTGGCATA-1","1",39,25,6697,4319,25,38,4319,4785
"ATCCTGAATCGCTGCG-1","1",38,26,6571,4392,26,39,4392,4911
"GTTTCATATCGTCGCT-1","1",39,27,6697,4464,27,38,4464,4785
"ATAAATATTAGCAGCT-1","1",38,28,6572,4536,28,39,4536,4910
"AAGAGGATGTACGCGA-1","1",39,29,6697,4608,29,38,4608,4785
"TCCTGCGTTGATACTC-1","1",38,30,6572,4681,30,39,4681,4910
"CGTGCATTGTCGACGC-1","1",39,31,6698,4753,31,38,4753,4784
"CCGGGTTCGAGGTTAC-1","1",38,32,6572,4825,32,39,4825,4910
"CCCAATTTCACAACTT-1","1",39,33,6698,4897,33,38,4897,4784
"TGATTTATTAGCTGTG-1","1",38,34,6572,4969,34,39,4969,4910
"TGGAAGAAGGGAACGT-1","1",39,35,6698,5041,35,38,5041,4784
"GACGCTTGCTTCTAAA-1","1",38,36,6573,5114,36,39,5114,4909
"GGGAACGGGAGGTTAG-1","1",39,37,6698,5186,37,38,5186,4784
"GCGGCTCTGACGTACC-1","1",38,38,6573,5258,38,39,5258,4909
"ACGTTAGATTTGCCCG-1","1",39,39,6698,5330,39,38,5330,4784
"GAGAGGGCGCGAGGTT-1","1",38,40,6573,5402,40,39,5402,4909
"GCGTCTCTGCATTGGG-1","1",39,41,6699,5474,41,38,5474,4783
"GCAGCACACAGCCCAG-1","1",38,42,6573,5547,42,39,5547,4909
"CAGGCCGTTTGGGTGT-1","1",39,43,6699,5619,43,38,5619,4783
"AACTCAAGTTAATTGC-1","1",38,44,6573,5691,44,39,5691,4909
"CTTCGTAGATAGGTGA-1","1",39,45,6699,5763,45,38,5763,4783
"TGCAGAGTACCGAGCA-1","1",38,46,6574,5836,46,39,5836,4908
"GAAGTGATTTATCGTG-1","1",39,47,6699,5908,47,38,5908,4783
"CGCTACGGGACATTTA-1","1",38,48,6574,5980,48,39,5980,4908
"CCACACTGAGATATTA-1","1",39,49,6700,6052,49,38,6052,4782
"CGATCCGACCCAGTGC-1","1",38,50,6574,6124,50,39,6124,4908
"CTGTACTTCTTAGCAT-1","1",39,51,6700,6196,51,38,6196,4782
"ACTTATTAGGATCGGT-1","1",38,52,6574,6269,52,39,6269,4908
"TAGTCCGCAGAGAATG-1","1",39,53,6700,6341,53,38,6341,4782
"TTCACGAAAGGATCAC-1","1",38,54,6575,6413,54,39,6413,4907
"TACATTTCTAACGTGC-1","1",39,55,6700,6485,55,38,6485,4782
"ACCATATCCGCAATAA-1","1",38,56,6575,6558,56,39,6558,4907
"CACTCAAGAGCTATGG-1","1",39,57,6701,6630,57,38,6630,4781
"TGTACGAACAAATCCG-1","1",38,58,6575,6702,58,39,6702,4907
"ATCATCCAATATTTGT-1","1",39,59,6701,6774,59,38,6774,4781
"CGCTATTCTTAGGCTC-1","1",38,60,6575,6846,60,39,6846,4907
"TGGCAGCAGTAATAGT-1","1",39,61,6701,6918,61,38,6918,4781
"TCACGTGCCCGATTCA-1","1",38,62,6575,6991,62,39,6991,4907
"CATACGGCGTCTGGGC-1","1",39,63,6701,7063,63,38,7063,4781
"CACATGATTCAGCAAC-1","1",38,64,6576,7135,64,39,7135,4906
"GCTAGTAGAGCTTGTA-1","1",39,65,6701,7207,65,38,7207,4781
"TGCTGTTGAAGAACTC-1","1",38,66,6576,7279,66,39,7279,4906
"CGGAGCATGGCGATCC-1","1",39,67,6702,7351,67,38,7351,4780
"TAGCGTTGGGTCTTAC-1","1",38,68,6576,7424,68,39,7424,4906
"GTAGCGGCTATACACT-1","1",39,69,6702,7496,69,38,7496,4780
"TAACATACAATGTGGG-1","1",38,70,6576,7568,70,39,7568,4906
"TCTTCGAATAGACGTT-1","1",39,71,6702,7640,71,38,7640,4780
"GATCGTGACTGATATC-1","1",38,72,6577,7713,72,39,7713,4905
"GATCCGGGAATTAACA-1","1",39,73,6702,7785,73,38,7785,4780
"TTATATACGCTGTCAC-1","1",38,74,6577,7857,74,39,7857,4905
"GTCGCGTAACCCGTTG-1","1",39,75,6703,7929,75,38,7929,4779
"AGCTCTAGACGTTCCA-1","1",38,76,6577,8001,76,39,8001,4905
"GTCAAGCGGACTCGGG-1","1",39,77,6703,8073,77,38,8073,4779
"CGAGGGACTGCGGTCG-1","1",38,78,6577,8146,78,39,8146,4905
"AATCGCCTCAGCGCCA-1","1",39,79,6703,8218,79,38,8218,4779
"CTTGTTGCTGAGTCAA-1","1",38,80,6578,8290,80,39,8290,4904
"GATATGAGACACTAAC-1","1",39,81,6703,8362,81,38,8362,4779
"TTATGATCTTAACGAA-1","1",38,82,6578,8434,82,39,8434,4904
"CGCCGCCCATGCCTGT-1","1",39,83,6703,8506,83,38,8506,4779
"CTGGGATAAATAATGG-1","1",38,84,6578,8579,84,39,8579,4904
"GTGCCCGTTCGGATTC-1","1",39,85,6704,8651,85,38,8651,4778
"TTCAATACTCTGAATC-1","1",38,86,6578,8723,86,39,8723,4904
"CGCACATGTCCACTAC-1","1",39,87,6704,8795,87,38,8795,4778
"AGAAGAGCGCCGTTCC-1","1",38,88,6578,8868,88,39,8868,4904
"GATAACTCGCACTGTG-1","1",39,89,6704,8940,89,38,8940,4778
"AGTCGACGGTCTCAAG-1","1",38,90,6579,9012,90,39,9012,4903
"GTGACCGCACACTACG-1","1",39,91,6704,9084,91,38,9084,4778
"GTATGTGGGTCTAGTT-1","1",38,92,6579,9156,92,39,9156,4903
"CTTGAGTTAGGGTAAT-1","1",39,93,6705,9228,93,38,9228,4777
"TTAGCTGATTTGCCGT-1","1",38,94,6579,9301,94,39,9301,4903
"GCTGTTGCTACCGAAC-1","1",39,95,6705,9373,95,38,9373,4777
"TATTACCATCCTGCTT-1","1",38,96,6579,9445,96,39,9445,4903
"TTGAATTCACGTGAGG-1","1",39,97,6705,9517,97,38,9517,4777
"CCATCTCACCAGTGAA-1","1",38,98,6580,9590,98,39,9590,4902
"CGCACGTGCGCTATCA-1","1",39,99,6705,9662,99,38,9662,4777
"ACCCGGATGACGCATC-1","1",38,100,6580,9734,100,39,9734,4902
"CGCTAGAGACCGCTGC-1","1",39,101,6706,9806,101,38,9806,4776
"ATAGTTCCACCCACTC-1","1",38,102,6580,9878,102,39,9878,4902
"GCAGACCCAGCACGTA-1","1",39,103,6706,9950,103,38,9950,4776
"TAGACTACCTAGCGTT-1","1",38,104,6580,10023,104,39,10023,4902
"GGTTCTACTCGTCTGA-1","1",39,105,6706,10095,105,38,10095,4776
"GACTCACCCACGTGAG-1","1",38,106,6580,10167,106,39,10167,4902
"AGCTCTTCGTAACCTT-1","1",39,107,6706,10239,107,38,10239,4776
"ACTATCCAGGGCATGG-1","1",38,108,6581,10311,108,39,10311,4901
"AAGGATCGATCGCTTG-1","1",39,109,6706,10383,109,38,10383,4776
"ATATCGGTAGGGAGAT-1","1",38,110,6581,10456,110,39,10456,4901
"TTCCAGACGAGATTTA-1","1",39,111,6707,10528,111,38,10528,4775
"GACCGACGTGAAAGCA-1","1",38,112,6581,10600,112,39,10600,4901
"CCTGGAAACGTTCTGC-1","1",39,113,6707,10672,113,38,10672,4775
"CCGGTAATGGCTAGTC-1","1",38,114,6581,10745,114,39,10745,4901
"GCCGTGGAAGAAATGT-1","1",39,115,6707,10817,115,38,10817,4775
"GTCTTGAGGAGCAGTG-1","1",38,116,6582,10889,116,39,10889,4900
"TCCCAAAGCCCTAAAT-1","1",39,117,6707,10961,117,38,10961,4775
"TTGAGCGCCACGTGAT-1","1",38,118,6582,11033,118,39,11033,4900
"TTGAGTCCCGCTGCTG-1","0",39,119,6708,11105,119,38,11105,4774
"ATGGAACCTTTGCACA-1","0",38,120,6582,11178,120,39,11178,4900
"GCTAGCACCTGGGCCA-1","0",39,121,6708,11250,121,38,11250,4774
"CGCCGTCTACCCATCG-1","0",38,122,6582,11322,122,39,11322,4900
"GATAGGTGTCCCGGGC-1","0",39,123,6708,11394,123,38,11394,4774
"AGGTATGCGGACATTA-1","0",38,124,6583,11466,124,39,11466,4899
"TTGGTTCGCTCAAAGG-1","0",39,125,6708,11538,125,38,11538,4774
"TCTGGAGCGTAAGAGT-1","0",38,126,6583,11611,126,39,11611,4899
"TGCCTAAATTTAATAG-1","0",39,127,6709,11683,127,38,11683,4773
"TAATTTCCGTCCAGTA-1","1",40,0,6820,2515,0,37,2515,4662
"TCCTTCAATCCCTACG-1","1",41,1,6945,2586,1,36,2586,4537
"TACCTATCCCTAGAGG-1","1",40,2,6820,2659,2,37,2659,4662
"GCATGGGTACTGACGC-1","1",41,3,6946,2731,3,36,2731,4536
"GTCGGGAACATGGTAG-1","1",40,4,6820,2803,4,37,2803,4662
"GCAAATGAGGACACTT-1","1",41,5,6946,2875,5,36,2875,4536
"GAATGGGCTTATCGAC-1","1",40,6,6820,2948,6,37,2948,4662
"TGGTCGTGCAAGGCAA-1","1",41,7,6946,3020,7,36,3020,4536
"CACCACGCCACACAGA-1","1",40,8,6821,3092,8,37,3092,4661
"GAACCTCGACCTACAC-1","1",41,9,6946,3164,9,36,3164,4536
"CAATACGCTCTGAGGC-1","1",40,10,6821,3236,10,37,3236,4661
"TGGTAAGCAGGATTGA-1","1",41,11,6946,3308,11,36,3308,4536
"AGTGGCTCCGTCGGCC-1","1",40,12,6821,3381,12,37,3381,4661
"GATCGGATAGAACCAT-1","1",41,13,6947,3453,13,36,3453,4535
"GCTACAGTACGGACCG-1","1",40,14,6821,3525,14,37,3525,4661
"TCTATTACTAGAGGAT-1","1",41,15,6947,3597,15,36,3597,4535
"TTCAGGCGTCAAAGCC-1","1",40,16,6821,3670,16,37,3670,4661
"AGACCGGGAAACCCTG-1","1",41,17,6947,3742,17,36,3742,4535
"AGAGATCTCTAAAGCG-1","1",40,18,6822,3814,18,37,3814,4660
"CCCTGCCCAATCCGCT-1","1",41,19,6947,3886,19,36,3886,4535
"GTGGCGGTCCCAGCGT-1","1",40,20,6822,3958,20,37,3958,4660
"GCATTGTAATTCATAT-1","1",41,21,6948,4030,21,36,4030,4534
"CCGTTCCGAATCTCGG-1","1",40,22,6822,4103,22,37,4103,4660
"AGCTTGATCTTAACTT-1","1",41,23,6948,4175,23,36,4175,4534
"CCTGTACTCACGCCCA-1","1",40,24,6822,4247,24,37,4247,4660
"AAGTGACGACCGAATT-1","1",41,25,6948,4319,25,36,4319,4534
"CTCACTTGGCTGGTAA-1","1",40,26,6823,4391,26,37,4391,4659
"CGCCTGGCCTACGTAA-1","1",41,27,6948,4463,27,36,4463,4534
"CCCGTAAGTCTAGGCC-1","1",40,28,6823,4536,28,37,4536,4659
"TTGGACATGTGGCTTA-1","1",41,29,6949,4608,29,36,4608,4533
"ATTACGCGCTGGCAGG-1","1",40,30,6823,4680,30,37,4680,4659
"ACGCGCTACACAGGGT-1","1",41,31,6949,4752,31,36,4752,4533
"TACGTTTACCGGCAAT-1","1",40,32,6823,4825,32,37,4825,4659
"CGAAACGCAATTCATG-1","1",41,33,6949,4897,33,36,4897,4533
"TAGTCTAACAACGAGA-1","1",40,34,6823,4969,34,37,4969,4659
"TTGCATGCTGATCACG-1","1",41,35,6949,5041,35,36,5041,4533
"TCTGGGTAGCGCTCAT-1","1",40,36,6824,5113,36,37,5113,4658
"ACATCGGTCAGCCGCG-1","1",41,37,6949,5185,37,36,5185,4533
"AGATACCGGTGTTCAC-1","1",40,38,6824,5258,38,37,5258,4658
"GATTACTGAATTTGGG-1","1",41,39,6950,5330,39,36,5330,4532
"TCCAACTTTAAATTCT-1","1",40,40,6824,5402,40,37,5402,4658
"TCCTAGCAAAGAAGCT-1","1",41,41,6950,5474,41,36,5474,4532
"GTCTATCTGAGTTTCT-1","1",40,42,6824,5546,42,37,5546,4658
"GATGTTCAATCCACGA-1","1",41,43,6950,5618,43,36,5618,4532
"AGTTAAACACTTGCGA-1","1",40,44,6825,5691,44,37,5691,4657
"AGCTCTTTACTCAGTT-1","1",41,45,6950,5763,45,36,5763,4532
"ATCCAGGATTCGTGAA-1","1",40,46,6825,5835,46,37,5835,4657
"AGTCAACACCACCATC-1","1",41,47,6951,5907,47,36,5907,4531
"CGATACCTCGCGGACA-1","1",40,48,6825,5980,48,37,5980,4657
"TACAACGCACAACTCA-1","1",41,49,6951,6052,49,36,6052,4531
"AATTAAAGGTCGGCGT-1","1",40,50,6825,6124,50,37,6124,4657
"TACGCAGTTCTTTCCT-1","1",41,51,6951,6196,51,36,6196,4531
"GACCGTGCTGACGGTG-1","1",40,52,6826,6268,52,37,6268,4656
"GGCAAATTACTTTACT-1","1",41,53,6951,6340,53,36,6340,4531
"GGTACAAACATGCTAT-1","1",40,54,6826,6413,54,37,6413,4656
"CGGGCCTTCTTTGTAA-1","1",41,55,6952,6485,55,36,6485,4530
"CGTGAAGTTAATTCAC-1","1",40,56,6826,6557,56,37,6557,4656
"ATAGTGAAGCGTTCTC-1","1",41,57,6952,6629,57,36,6629,4530
"TACGCCATATTCTAAT-1","1",40,58,6826,6702,58,37,6702,4656
"GCCGGGTTAGGGTCGC-1","1",41,59,6952,6774,59,36,6774,4530
"TACATAGGCATACACC-1","1",40,60,6826,6846,60,37,6846,4656
"GCCGATTGGCCAAGCT-1","1",41,61,6952,6918,61,36,6918,4530
"CTGCCATGCATCACAT-1","1",40,62,6827,6990,62,37,6990,4655
"TTATGAATGAAAGGGA-1","1",41,63,6952,7062,63,36,7062,4530
"GCTGAGGCGTGAGTAT-1","1",40,64,6827,7135,64,37,7135,4655
"GCGCCGTTCCACGATA-1","1",41,65,6953,7207,65,36,7207,4529
"CGCATGGTGCGATGCT-1","1",40,66,6827,7279,66,37,7279,4655
"AGGTTTCACACACCTT-1","1",41,67,6953,7351,67,36,7351,4529
"CAAGGATCGCATGTTC-1","1",40,68,6827,7423,68,37,7423,4655
"ACGTTAATGTCGAAGA-1","1",41,69,6953,7495,69,36,7495,4529
"TCCAGAGCACCGGTTC-1","1",40,70,6828,7568,70,37,7568,4654
"GATTCGACGGTTCACG-1","1",41,71,6953,7640,71,36,7640,4529
"GTTTCTGCAGTCTCCC-1","1",40,72,6828,7712,72,37,7712,4654
"GCTGCACGGTTTCTTA-1","1",41,73,6954,7784,73,36,7784,4528
"CGTGCAGACTGGGACA-1","1",40,74,6828,7857,74,37,7857,4654
"GTGTTACTATGCGTCC-1","1",41,75,6954,7929,75,36,7929,4528
"TCCTCGGGCTGGGCTT-1","1",40,76,6828,8001,76,37,8001,4654
"GTGAGGACACTTAAGG-1","1",41,77,6954,8073,77,36,8073,4528
"ATACGCCGGCGAAACC-1","1",40,78,6829,8145,78,37,8145,4653
"TCTGCCAGAAACTGCA-1","1",41,79,6954,8217,79,36,8217,4528
"TTCTGCGGGTTAGCGG-1","1",40,80,6829,8290,80,37,8290,4653
"CTCGGTACCACTGCTC-1","1",41,81,6954,8362,81,36,8362,4528
"GTAAGTAACAGTCTGG-1","1",40,82,6829,8434,82,37,8434,4653
"GTGCGTGTATATGAGC-1","1",41,83,6955,8506,83,36,8506,4527
"ATTTGTCTTGGGAGCT-1","1",40,84,6829,8578,84,37,8578,4653
"CCTCGGACCGGGATAG-1","1",41,85,6955,8650,85,36,8650,4527
"TAGGTGCTCGCCTAGC-1","1",40,86,6829,8723,86,37,8723,4653
"CTTTAGGAACACTGTT-1","1",41,87,6955,8795,87,36,8795,4527
"TCGGGCCGTCGTGGTA-1","1",40,88,6830,8867,88,37,8867,4652
"AGTGCTTGCACGAATA-1","1",41,89,6955,8939,89,36,8939,4527
"TGCAGTTTCCTCCCAT-1","1",40,90,6830,9012,90,37,9012,4652
"TGAGAGATTTACCACG-1","1",41,91,6956,9084,91,36,9084,4526
"GAAACAGATGACCACC-1","1",40,92,6830,9156,92,37,9156,4652
"AGCAACATATCTTATT-1","1",41,93,6956,9228,93,36,9228,4526
"CAAGTGTGGTTGCAAA-1","1",40,94,6830,9300,94,37,9300,4652
"GCCTCATCTGGAAATA-1","1",41,95,6956,9372,95,36,9372,4526
"AACCCTACTGTCAATA-1","1",40,96,6831,9445,96,37,9445,4651
"ACGTATTACTCCGATC-1","1",41,97,6956,9517,97,36,9517,4526
"TCTGGGAACCTTTGAA-1","1",40,98,6831,9589,98,37,9589,4651
"GCTCGCTCATGTCCAA-1","1",41,99,6957,9661,99,36,9661,4525
"GCGCAAGAGCGCGCTG-1","1",40,100,6831,9733,100,37,9733,4651
"TTGACGCTCCATGAGC-1","1",41,101,6957,9805,101,36,9805,4525
"TATAGATGGTCGCAGT-1","1",40,102,6831,9878,102,37,9878,4651
"TTACATGCCACAACTA-1","1",41,103,6957,9950,103,36,9950,4525
"ACATGGCGCCAAAGTA-1","1",40,104,6831,10022,104,37,10022,4651
"TATGGTTAGTGGGAGA-1","1",41,105,6957,10094,105,36,10094,4525
"CATGACTTCGCTGAAT-1","1",40,106,6832,10167,106,37,10167,4650
"ACCACCAATGTAACAA-1","1",41,107,6957,10239,107,36,10239,4525
"TCTTAGAGCTCCAATT-1","1",40,108,6832,10311,108,37,10311,4650
"CCACGAATTTAACCTC-1","1",41,109,6958,10383,109,36,10383,4524
"TTCTTGCTAGCATCTC-1","1",40,110,6832,10455,110,37,10455,4650
"ACACCTTACTACTTGC-1","1",41,111,6958,10527,111,36,10527,4524
"AGTCGGTTGCGTGAGA-1","1",40,112,6832,10600,112,37,10600,4650
"ACCTACAGTATGTGGT-1","1",41,113,6958,10672,113,36,10672,4524
"GAGGATAAACAGTGCT-1","1",40,114,6833,10744,114,37,10744,4649
"TTCCGGTATCTGTGTC-1","1",41,115,6958,10816,115,36,10816,4524
"GGAGGCCGAAGTCGTC-1","1",40,116,6833,10889,116,37,10889,4649
"TTCGCTAGGAAGTTGT-1","1",41,117,6959,10961,117,36,10961,4523
"TAAAGACAACCCTTTA-1","1",40,118,6833,11033,118,37,11033,4649
"GTTGCGCTAACATTAC-1","0",41,119,6959,11105,119,36,11105,4523
"GCTGAACTCTCCAGGG-1","0",40,120,6833,11177,120,37,11177,4649
"AGCCCTGTCGCACCGT-1","0",41,121,6959,11249,121,36,11249,4523
"AGCGCTAGAGCGATGT-1","0",40,122,6834,11322,122,37,11322,4648
"TGCGCCGTTAATAACG-1","0",41,123,6959,11394,123,36,11394,4523
"TGACAACGCATGTCGC-1","0",40,124,6834,11466,124,37,11466,4648
"CGTCTTGAGTGTGACG-1","0",41,125,6960,11538,125,36,11538,4522
"GATAGGATTAATTACA-1","0",40,126,6834,11610,126,37,11610,4648
"GATACCGTGTCGGAGT-1","0",41,127,6960,11682,127,36,11682,4522
"TGTGTCGAAGTCGAGG-1","1",42,0,7071,2514,0,35,2514,4411
"GGATCAGAGCCATCAG-1","1",43,1,7197,2586,1,34,2586,4285
"GTCCCAATCATCCCGC-1","1",42,2,7071,2658,2,35,2658,4411
"TGCCACACTAGAGGAA-1","1",43,3,7197,2730,3,34,2730,4285
"TGAATTTCACTTGCCT-1","1",42,4,7071,2803,4,35,2803,4411
"CTCAGATTGTGATAAG-1","1",43,5,7197,2875,5,34,2875,4285
"CGGACGTTACTTGAAG-1","1",42,6,7072,2947,6,35,2947,4410
"CCGCCTTGCGATGTCG-1","1",43,7,7197,3019,7,34,3019,4285
"CCAGTCAAATCTCTTA-1","1",42,8,7072,3092,8,35,3092,4410
"AAACAGCTTTCAGAAG-1","1",43,9,7197,3164,9,34,3164,4285
"TAGCTGATGTGAAGCG-1","1",42,10,7072,3236,10,35,3236,4410
"CTTATGCGCTCAGGGC-1","1",43,11,7198,3308,11,34,3308,4284
"TGGCTCTTGTCGCGTA-1","1",42,12,7072,3380,12,35,3380,4410
"TTGTGAGGCATGACGC-1","1",43,13,7198,3452,13,34,3452,4284
"CATAAGCTCTCCGTCT-1","1",42,14,7072,3525,14,35,3525,4410
"CCTTCTCAGCGTTCCT-1","1",43,15,7198,3597,15,34,3597,4284
"TGCAGCTACGTACTTC-1","1",42,16,7073,3669,16,35,3669,4409
"CTCTACACTGGCGATT-1","1",43,17,7198,3741,17,34,3741,4284
"TGCAGATCGTCCTAGG-1","1",42,18,7073,3814,18,35,3814,4409
"TGCCAAAGTCAGACTT-1","1",43,19,7199,3886,19,34,3886,4283
"ACAATAGTCGTACGTT-1","1",42,20,7073,3958,20,35,3958,4409
"CATGCCAACTCGCAAA-1","1",43,21,7199,4030,21,34,4030,4283
"TGCAGAACTATATCGT-1","1",42,22,7073,4102,22,35,4102,4409
"TCGTGTCACGCTGACA-1","1",43,23,7199,4174,23,34,4174,4283
"TGATCAGGGAACTGCT-1","1",42,24,7074,4247,24,35,4247,4408
"CTTGCAACCGCCTCCT-1","1",43,25,7199,4319,25,34,4319,4283
"AGCCCATACATGTAAG-1","1",42,26,7074,4391,26,35,4391,4408
"ATCCAATGGAGGGTCC-1","1",43,27,7200,4463,27,34,4463,4282
"AAACCGGGTAGGTACC-1","1",42,28,7074,4535,28,35,4535,4408
"GCAACCACGGCCGCGT-1","1",43,29,7200,4607,29,34,4607,4282
"CGCTTATTCCCGGTCG-1","1",42,30,7074,4680,30,35,4680,4408
"TTACTCTGGTACGTAC-1","1",43,31,7200,4752,31,34,4752,4282
"GTGGTTTCCGCCTTTC-1","1",42,32,7074,4824,32,35,4824,4408
"ATAGGCGGCTATAGAA-1","1",43,33,7200,4896,33,34,4896,4282
"GTGCCATCACACGGTG-1","1",42,34,7075,4969,34,35,4969,4407
"CCCAACATACGTCGCG-1","1",43,35,7200,5041,35,34,5041,4282
"CGGTGCAGATAGAACG-1","1",42,36,7075,5113,36,35,5113,4407
"GGGCGGGTTCCCTACG-1","1",43,37,7201,5185,37,34,5185,4281
"TGAGCCATACAGTCTC-1","1",42,38,7075,5257,38,35,5257,4407
"CTCCGCCCACATGAGG-1","1",43,39,7201,5329,39,34,5329,4281
"GTTGAACCGGTTCCAT-1","1",42,40,7075,5402,40,35,5402,4407
"TTGACTACCATATGGT-1","1",43,41,7201,5474,41,34,5474,4281
"ACCATCGTATATGGTA-1","1",42,42,7076,5546,42,35,5546,4406
"TGCGTAAGAACCTGAT-1","1",43,43,7201,5618,43,34,5618,4281
"AGAAGGTTGCCGAATT-1","1",42,44,7076,5690,44,35,5690,4406
"AGGACGACCCATTAGA-1","1",43,45,7202,5762,45,34,5762,4280
"GGTGCTGGTACACATT-1","1",42,46,7076,5835,46,35,5835,4406
"GCGCTATGCCGAGGCA-1","1",43,47,7202,5907,47,34,5907,4280
"ACCCGGTTACACTTCC-1","1",42,48,7076,5979,48,35,5979,4406
"TAACTCATCCGCGCGG-1","1",43,49,7202,6051,49,34,6051,4280
"CACAATGAGCTGCTAT-1","1",42,50,7077,6124,50,35,6124,4405
"GTTACTTTGGGCCTAG-1","1",43,51,7202,6196,51,34,6196,4280
"GGGCCCGTCTTAAACA-1","1",42,52,7077,6268,52,35,6268,4405
"GAAATTGTCTCTATAA-1","1",43,53,7202,6340,53,34,6340,4280
"GGCGCATGAATTGATG-1","1",42,54,7077,6412,54,35,6412,4405
"CATATAGGTACAGTCA-1","1",43,55,7203,6484,55,34,6484,4279
"TCAACGAGGAGACAAA-1","1",42,56,7077,6557,56,35,6557,4405
"TTGCACAATTCAGAAA-1","1",43,57,7203,6629,57,34,6629,4279
"CATCGGACGGGTTAAT-1","1",42,58,7077,6701,58,35,6701,4405
"ATTAAACATGCGGACC-1","1",43,59,7203,6773,59,34,6773,4279
"TATCTACCACAGCGGG-1","1",42,60,7078,6845,60,35,6845,4404
"CGAGACCCTAGAGTGT-1","1",43,61,7203,6917,61,34,6917,4279
"ACATCGATCGTTTACC-1","1",42,62,7078,6990,62,35,6990,4404
"ATCGACCCAATACAGA-1","1",43,63,7204,7062,63,34,7062,4278
"GAATCTGAACATTCTC-1","1",42,64,7078,7134,64,35,7134,4404
"AGTTCCTATTTATGTT-1","1",43,65,7204,7206,65,34,7206,4278
"CAGTCTGTATACTGGG-1","1",42,66,7078,7279,66,35,7279,4404
"GGAGACGACACCTTTG-1","1",43,67,7204,7351,67,34,7351,4278
"CCTAAATTAACGGTTC-1","1",42,68,7079,7423,68,35,7423,4403
"GCTACGACTTATTGGG-1","1",43,69,7204,7495,69,34,7495,4278
"CTGTGCAGGGTAGGTC-1","1",42,70,7079,7567,70,35,7567,4403
"ACGCCGCTAGACGACC-1","1",43,71,7205,7639,71,34,7639,4277
"ACTTGACTCCCTCTTT-1","1",42,72,7079,7712,72,35,7712,4403
"CGCCTCCCTCCTCTAT-1","1",43,73,7205,7784,73,34,7784,4277
"CTAGATTTACGACGGC-1","1",42,74,7079,7856,74,35,7856,4403
"GATGCTGTATTTCATC-1","1",43,75,7205,7928,75,34,7928,4277
"TGCGTTTGTTGACACT-1","1",42,76,7080,8001,76,35,8001,4402
"CGTGCCCTCCCGAAGA-1","1",43,77,7205,8073,77,34,8073,4277
"ACTCTCTGACTTAGGT-1","1",42,78,7080,8145,78,35,8145,4402
"CTGGGTAGGCAGTTAA-1","1",43,79,7205,8217,79,34,8217,4277
"GTTTGGCCCAAGTTAT-1","1",42,80,7080,8289,80,35,8289,4402
"GAATGTGGTCCGGATT-1","1",43,81,7206,8361,81,34,8361,4276
"CCCAGTTAAGGCGCCG-1","1",42,82,7080,8434,82,35,8434,4402
"CGGTACTAGAATCAAA-1","1",43,83,7206,8506,83,34,8506,4276
"GCTTAATGTAACTAAC-1","1",42,84,7080,8578,84,35,8578,4402
"AGGACAGTCGAATCCC-1","1",43,85,7206,8650,85,34,8650,4276
"GACAGCCAGACCTGAC-1","1",42,86,7081,8722,86,35,8722,4401
"GGCGAAATCTAACTTG-1","1",43,87,7206,8794,87,34,8794,4276
"CTGGTAACACATAGAA-1","1",42,88,7081,8867,88,35,8867,4401
"TAGCCATTTCAAAGTC-1","1",43,89,7207,8939,89,34,8939,4275
"GGGATTTACCGCACCT-1","1",42,90,7081,9011,90,35,9011,4401
"ATGCCATTTGCGACCA-1","1",43,91,7207,9083,91,34,9083,4275
"GAATAGACGCGACCCA-1","1",42,92,7081,9156,92,35,9156,4401
"TGTATGGCGCAGACAG-1","1",43,93,7207,9228,93,34,9228,4275
"GGATGAAGATCGCTGA-1","1",42,94,7082,9300,94,35,9300,4400
"CGACAATTTGATCTAA-1","1",43,95,7207,9372,95,34,9372,4275
"AAAGTTGACTCCCGTA-1","1",42,96,7082,9444,96,35,9444,4400
"CGCGGCTCAACTTGAA-1","1",43,97,7208,9516,97,34,9516,4274
"CACGCGGAACTGTTGC-1","1",42,98,7082,9589,98,35,9589,4400
"TCTTAGAGTGAACTCT-1","1",43,99,7208,9661,99,34,9661,4274
"AGTCCATTGGCTGATG-1","1",42,100,7082,9733,100,35,9733,4400
"TTAAGATAGGATTGAC-1","1",43,101,7208,9805,101,34,9805,4274
"ACATCCTGGTAACTGT-1","1",42,102,7082,9877,102,35,9877,4400
"CACCTTGGCGCCTTTG-1","1",43,103,7208,9949,103,34,9949,4274
"GCTAGACCGTCTACTG-1","1",42,104,7083,10022,104,35,10022,4399
"CGGCCCAGGTATATCC-1","1",43,105,7208,10094,105,34,10094,4274
"GTCCATTACTGCTACG-1","1",42,106,7083,10166,106,35,10166,4399
"GGGTTTAGGATAGGAT-1","1",43,107,7209,10238,107,34,10238,4273
"TAATTAGGACATCCGT-1","1",42,108,7083,10311,108,35,10311,4399
"GCTCCCAGTCGGTCCA-1","1",43,109,7209,10383,109,34,10383,4273
"ATTCGTGCTATCTCTT-1","1",42,110,7083,10455,110,35,10455,4399
"GTTAACTATGTTGTCA-1","1",43,111,7209,10527,111,34,10527,4273
"GCTCCGCTCGCTTCAG-1","1",42,112,7084,10599,112,35,10599,4398
"GCAACGGCTAGTTATG-1","1",43,113,7209,10671,113,34,10671,4273
"AATCGCGCAGAGGACT-1","1",42,114,7084,10744,114,35,10744,4398
"AGGTTACACCATGCCG-1","1",43,115,7210,10816,115,34,10816,4272
"CGAGATTTCGCTCGGG-1","1",42,116,7084,10888,116,35,10888,4398
"CGATAATACTCAGGTT-1","1",43,117,7210,10960,117,34,10960,4272
"AAGGCAGGCTGTCTCC-1","1",42,118,7084,11033,118,35,11033,4398
"GTAAGTCCACACTCTA-1","0",43,119,7210,11105,119,34,11105,4272
"ATGAGGGCAGCGGCTA-1","0",42,120,7085,11177,120,35,11177,4397
"GCCGCACTCCGTTTCA-1","0",43,121,7210,11249,121,34,11249,4272
"GAGCACGGCGCCTCTT-1","0",42,122,7085,11321,122,35,11321,4397
"ACAATTTGGCCATATT-1","0",43,123,7210,11393,123,34,11393,4272
"CTGGTTCGCGAGCTAC-1","0",42,124,7085,11466,124,35,11466,4397
"GACGGTCCTAGGGTGT-1","0",43,125,7211,11538,125,34,11538,4271
"ACTCGCGATCTGACGC-1","0",42,126,7085,11610,126,35,11610,4397
"GTGTACGAACCGTTCC-1","0",43,127,7211,11682,127,34,11682,4271
"CTTTGACGTCGCTTCT-1","1",44,0,7322,2514,0,33,2514,4160
"CGTTATCATACTTCCA-1","1",45,1,7448,2586,1,32,2586,4034
"GCTATGCCAGCTTATG-1","1",44,2,7322,2658,2,33,2658,4160
"CAGTCGGCCTAGATAT-1","1",45,3,7448,2730,3,32,2730,4034
"CCCGTGAGGGCGGTGA-1","1",44,4,7323,2802,4,33,2802,4159
"TCTCGTGTTACGAGGA-1","1",45,5,7448,2874,5,32,2874,4034
"ACGTCTCGTTCCGGGA-1","1",44,6,7323,2947,6,33,2947,4159
"CGAGAGCGCGTAGATA-1","1",45,7,7448,3019,7,32,3019,4034
"GACAGATTTCTGGCTC-1","1",44,8,7323,3091,8,33,3091,4159
"GGGCCTAAATGGGCTA-1","1",45,9,7449,3163,9,32,3163,4033
"ACTTGTAGTCCCTTCA-1","1",44,10,7323,3236,10,33,3236,4159
"CCCGAAGTTTCGCGAA-1","1",45,11,7449,3308,11,32,3308,4033
"ACCATCCGCCAACTAG-1","1",44,12,7323,3380,12,33,3380,4159
"TGCGAATATGGGATTT-1","1",45,13,7449,3452,13,32,3452,4033
"TACATCCCTATCCCTG-1","1",44,14,7324,3524,14,33,3524,4158
"GTGGGAAGACTGAATC-1","1",45,15,7449,3596,15,32,3596,4033
"TCAACATCGACCGAGA-1","1",44,16,7324,3669,16,33,3669,4158
"CTATGTGAGTCACGGC-1","1",45,17,7450,3741,17,32,3741,4032
"CCGAACACTGGGCCTC-1","1",44,18,7324,3813,18,33,3813,4158
"AAACTTGCAAACGTAT-1","1",45,19,7450,3885,19,32,3885,4032
"AGGGCGAGCAGCTGAT-1","1",44,20,7324,3958,20,33,3958,4158
"AACACGAGACGCGGCC-1","1",45,21,7450,4029,21,32,4029,4032
"TGACGAATATTTCCCT-1","1",44,22,7325,4102,22,33,4102,4157
"TCGGAGAGTATCGGGA-1","1",45,23,7450,4174,23,32,4174,4032
"CAAATCTCTCACAAGG-1","1",44,24,7325,4246,24,33,4246,4157
"AGGCCCTAGAACGCCA-1","1",45,25,7451,4318,25,32,4318,4031
"TAGAGATCATGCAACT-1","1",44,26,7325,4391,26,33,4391,4157
"TTGTTTCCATACAACT-1","1",45,27,7451,4463,27,32,4463,4031
"GAGAGGTGCATTCTGG-1","1",44,28,7325,4535,28,33,4535,4157
"GTGGACCAACCCGATT-1","1",45,29,7451,4607,29,32,4607,4031
"CTGGGCCTGCTATATC-1","1",44,30,7325,4679,30,33,4679,4157
"CATAGTCCACAAGAAC-1","1",45,31,7451,4751,31,32,4751,4031
"TTGACATGAACGTGGA-1","1",44,32,7326,4824,32,33,4824,4156
"GGTTACCACCCTCGGG-1","1",45,33,7451,4896,33,32,4896,4031
"TACCGGTCGTTTCCAT-1","1",44,34,7326,4968,34,33,4968,4156
"CGAGTACTAAAGAGGA-1","1",45,35,7452,5040,35,32,5040,4030
"GCAAGAATTCCTTGGC-1","1",44,36,7326,5113,36,33,5113,4156
"TCGCCGAAGTTGCGTC-1","1",45,37,7452,5185,37,32,5185,4030
"TTGAGAGTACTGCTAA-1","1",44,38,7326,5257,38,33,5257,4156
"GCCACAATTTAAGGAC-1","1",45,39,7452,5329,39,32,5329,4030
"ATATTCAGTTAAACCT-1","1",44,40,7327,5401,40,33,5401,4155
"TGAGTGCCTCTTAAAT-1","1",45,41,7452,5473,41,32,5473,4030
"ATCAGACGGCACGCCG-1","1",44,42,7327,5546,42,33,5546,4155
"GTGCGAAATCGAACAC-1","1",45,43,7453,5618,43,32,5618,4029
"GTGCCGCTTCAAAGGT-1","1",44,44,7327,5690,44,33,5690,4155
"GATACGATGGGAGTCA-1","1",45,45,7453,5762,45,32,5762,4029
"GACACTGAGTTCAGTG-1","1",44,46,7327,5834,46,33,5834,4155
"ATCCTGCGTGGAATGG-1","1",45,47,7453,5906,47,32,5906,4029
"ATCCTACCTAAGCTCT-1","1",44,48,7328,5979,48,33,5979,4154
"AGTGATATGAGTAGTT-1","1",45,49,7453,6051,49,32,6051,4029
"ATGATGCAATGGTACA-1","1",44,50,7328,6123,50,33,6123,4154
"GAAACCGAATTACCTT-1","1",45,51,7453,6195,51,32,6195,4029
"AGTGACCTACTTTACG-1","1",44,52,7328,6268,52,33,6268,4154
"CAAATGTCCTTCCGTG-1","1",45,53,7454,6340,53,32,6340,4028
"TTACTGGGATATTTCA-1","1",44,54,7328,6412,54,33,6412,4154
"CTTGCCCAGGCTCTAC-1","1",45,55,7454,6484,55,32,6484,4028
"AAATCGTGTACCACAA-1","1",44,56,7328,6556,56,33,6556,4154
"GTGATCATAGATCTGC-1","1",45,57,7454,6628,57,32,6628,4028
"TGGCAGATTACGATCA-1","1",44,58,7329,6701,58,33,6701,4153
"TCACCCTCTTAAGATT-1","1",45,59,7454,6773,59,32,6773,4028
"CAGGATATATCGTTGT-1","1",44,60,7329,6845,60,33,6845,4153
"CCTGACCACCGATGGT-1","1",45,61,7455,6917,61,32,6917,4027
"CTAAAGGGAAATAGGA-1","1",44,62,7329,6989,62,33,6989,4153
"CCGCTATCAGCACCAG-1","1",45,63,7455,7061,63,32,7061,4027
"CTTTAGTGCTATTATT-1","1",44,64,7329,7134,64,33,7134,4153
"CGGGAATTTATGTAAA-1","1",45,65,7455,7206,65,32,7206,4027
"TACGACTGCCTCTTAG-1","1",44,66,7330,7278,66,33,7278,4152
"AAACTGCTGGCTCCAA-1","1",45,67,7455,7350,67,32,7350,4027
"GTACGTTTGCCCGTCA-1","1",44,68,7330,7423,68,33,7423,4152
"GGCAAGGCGAAATAGC-1","1",45,69,7456,7495,69,32,7495,4026
"GATCTTGGAGGGCATA-1","1",44,70,7330,7567,70,33,7567,4152
"AGCGTGGTATTCTACT-1","1",45,71,7456,7639,71,32,7639,4026
"CTAAGGGAATGATTGG-1","1",44,72,7330,7711,72,33,7711,4152
"CATGGTAAGTAGCGTT-1","1",45,73,7456,7783,73,32,7783,4026
"CGTTGAGCGACCGTCG-1","1",44,74,7331,7856,74,33,7856,4151
"TGCCCGTACCGTTAAA-1","1",45,75,7456,7928,75,32,7928,4026
"ACAAGGGCAGGCTCTG-1","1",44,76,7331,8000,76,33,8000,4151
"GAGATCTTCCATGACA-1","1",45,77,7456,8072,77,32,8072,4026
"AATGACGTAGGATGTC-1","1",44,78,7331,8145,78,33,8145,4151
"GTGGTGGCCAAGTGAA-1","1",45,79,7457,8217,79,32,8217,4025
"TCCCGTGTGCAATTTG-1","1",44,80,7331,8289,80,33,8289,4151
"ACATCGTATGCAATGG-1","1",45,81,7457,8361,81,32,8361,4025
"GCGAAACTTAACTGGA-1","1",44,82,7331,8433,82,33,8433,4151
"AATTGAACGCTCTGGT-1","1",45,83,7457,8505,83,32,8505,4025
"ACAAATGGTAGTGTTT-1","1",44,84,7332,8578,84,33,8578,4150
"ATGGTCGCGTGGTTTC-1","1",45,85,7457,8650,85,32,8650,4025
"TGTTATTGTATGTGGC-1","1",44,86,7332,8722,86,33,8722,4150
"TTCCGGTTACCCACTT-1","1",45,87,7458,8794,87,32,8794,4024
"GAGTGTGCGGTACCCA-1","1",44,88,7332,8866,88,33,8866,4150
"CAAGATATTATAACGT-1","1",45,89,7458,8938,89,32,8938,4024
"ACACACCAGGACCAGT-1","1",44,90,7332,9011,90,33,9011,4150
"ATGGGCCTCGGCCTCT-1","1",45,91,7458,9083,91,32,9083,4024
"AAGGTGATAAACCAGC-1","1",44,92,7333,9155,92,33,9155,4149
"TCTTACTTATGCCTCT-1","1",45,93,7458,9227,93,32,9227,4024
"AAAGTGTGATTTATCT-1","1",44,94,7333,9300,94,33,9300,4149
"TGCTCCACAGTTCTTA-1","1",45,95,7459,9372,95,32,9372,4023
"CTGGCTGATTCATCCT-1","1",44,96,7333,9444,96,33,9444,4149
"TAAGGCTGAATCCCTC-1","1",45,97,7459,9516,97,32,9516,4023
"TCTAGTGATATCGTGG-1","1",44,98,7333,9588,98,33,9588,4149
"TCGAAGAACCGAGCAC-1","1",45,99,7459,9660,99,32,9660,4023
"GACAAACATATGCAGG-1","1",44,100,7333,9733,100,33,9733,4149
"AAGTCAATTGTCGTCA-1","1",45,101,7459,9805,101,32,9805,4023
"AGTGAACAAACTTCTC-1","1",44,102,7334,9877,102,33,9877,4148
"CATGATGGAAGTTAGC-1","1",45,103,7459,9949,103,32,9949,4023
"AAGTGCCTTGACTGTA-1","1",44,104,7334,10021,104,33,10021,4148
"ATCGCCAGTCAACATT-1","1",45,105,7460,10093,105,32,10093,4022
"ACCGCGGTGGAAGTCG-1","1",44,106,7334,10166,106,33,10166,4148
"TCTTCTATAACCCGCC-1","1",45,107,7460,10238,107,32,10238,4022
"CACATTTCTTGTCAGA-1","1",44,108,7334,10310,108,33,10310,4148
"TAGCGTCCCTCGATTG-1","1",45,109,7460,10382,109,32,10382,4022
"GTTCGGATCGGGAACA-1","1",44,110,7335,10455,110,33,10455,4147
"CAAACTCGCGACGCCG-1","1",45,111,7460,10527,111,32,10527,4022
"GTCTTGTAGCTATTCA-1","1",44,112,7335,10599,112,33,10599,4147
"TCTCGACGTATCGCCG-1","1",45,113,7461,10671,113,32,10671,4021
"TTGCCAAGCAGAACCC-1","1",44,114,7335,10743,114,33,10743,4147
"AAACCCGAACGAAATC-1","1",45,115,7461,10815,115,32,10815,4021
"TTGAGCAGCCCACGGT-1","1",44,116,7335,10888,116,33,10888,4147
"CGCCTTTAGCATGCTC-1","1",45,117,7461,10960,117,32,10960,4021
"TGTGGCTCCCACCAAC-1","0",44,118,7336,11032,118,33,11032,4146
"CCGCCGTTGAGGATAA-1","0",45,119,7461,11104,119,32,11104,4021
"CAATACGAGAGTCTGA-1","0",44,120,7336,11176,120,33,11176,4146
"CATCTAGTGAAGGGAA-1","0",45,121,7461,11248,121,32,11248,4021
"GGTGGAGGTTGATACG-1","0",44,122,7336,11321,122,33,11321,4146
"CCGCACACGAACGTGT-1","0",45,123,7462,11393,123,32,11393,4020
"AGAACCCAGCGTGACA-1","0",44,124,7336,11465,124,33,11465,4146
"GCGCTCGATCACCTGT-1","0",45,125,7462,11537,125,32,11537,4020
"ATCATGGACTACCGAC-1","0",44,126,7336,11610,126,33,11610,4146
"TACGCCGCCTCAGAAG-1","0",45,127,7462,11682,127,32,11682,4020
"CGACCTACTAGACAAT-1","1",46,0,7573,2513,0,31,2513,3909
"GAGTCTTGTAAAGGAC-1","1",47,1,7699,2585,1,30,2585,3783
"AATATCCTAGCAAACT-1","1",46,2,7574,2658,2,31,2658,3908
"CCCTAGGCAACAAGAG-1","1",47,3,7699,2730,3,30,2730,3783
"ACAAAGAAGGTAGGCC-1","1",46,4,7574,2802,4,31,2802,3908
"CCCTGGCTGTTCCTTC-1","1",47,5,7699,2874,5,30,2874,3783
"TCGCCGCACCGCGTGA-1","1",46,6,7574,2946,6,31,2946,3908
"TATAGCGCACGTTATC-1","1",47,7,7700,3018,7,30,3018,3782
"TTATCTGACATTAGGA-1","1",46,8,7574,3091,8,31,3091,3908
"AGTGGTGTTACCCGTG-1","1",47,9,7700,3163,9,30,3163,3782
"GCCAAGAATACTTCTG-1","1",46,10,7574,3235,10,31,3235,3908
"CCGGCGTGAGACTCTG-1","1",47,11,7700,3307,11,30,3307,3782
"TTCCCGGCGCCAATAG-1","1",46,12,7575,3380,12,31,3380,3907
"AAACAGGGTCTATATT-1","1",47,13,7700,3452,13,30,3452,3782
"ACAGTAATACAACTTG-1","1",46,14,7575,3524,14,31,3524,3907
"CGAACGGCCGGACAAC-1","1",47,15,7701,3596,15,30,3596,3781
"GCAACACACTAGAACT-1","1",46,16,7575,3668,16,31,3668,3907
"ACTCCCATTCCTAAAG-1","1",47,17,7701,3740,17,30,3740,3781
"ACCTGCGTGTCATGTT-1","1",46,18,7575,3813,18,31,3813,3907
"TACTTTCCGCACGCCA-1","1",47,19,7701,3885,19,30,3885,3781
"AGGTCAGGTGAGAGTG-1","1",46,20,7576,3957,20,31,3957,3906
"TCCTCCTAAGACATTC-1","1",47,21,7701,4029,21,30,4029,3781
"ATGTGAAAGCCTAATG-1","1",46,22,7576,4101,22,31,4101,3906
"AGTCGGCTCAACTTTA-1","1",47,23,7702,4173,23,30,4173,3780
"CGATCTGTTGGAGGAC-1","1",46,24,7576,4246,24,31,4246,3906
"ACGGGAGTGTCGGCCC-1","1",47,25,7702,4318,25,30,4318,3780
"TTAACTTCAGGTAGGA-1","1",46,26,7576,4390,26,31,4390,3906
"CCACGGAGCCATAAGA-1","1",47,27,7702,4462,27,30,4462,3780
"CTTCTATGTTGAAGTA-1","1",46,28,7576,4535,28,31,4535,3906
"CACCGTTGCGCGATAT-1","1",47,29,7702,4607,29,30,4607,3780
"TCTAGCAATCTCCGCC-1","1",46,30,7577,4679,30,31,4679,3905
"AGTTTGGCCAGACCTA-1","1",47,31,7702,4751,31,30,4751,3780
"TTGTAAGGACCTAAGT-1","1",46,32,7577,4823,32,31,4823,3905
"AAATTTGCGGGTGTGG-1","1",47,33,7703,4895,33,30,4895,3779
"AAGTTCGGCCAACAGG-1","1",46,34,7577,4968,34,31,4968,3905
"CCGCTTACCTCACTCT-1","1",47,35,7703,5040,35,30,5040,3779
"ATCACGTGCTAATTAA-1","1",46,36,7577,5112,36,31,5112,3905
"GGTGAAGTACAGGGAT-1","1",47,37,7703,5184,37,30,5184,3779
"GCTGTATTACTGGCCC-1","1",46,38,7578,5257,38,31,5257,3904
"AACGGCCATCTCCGGT-1","1",47,39,7703,5329,39,30,5329,3779
"TAAGTAACATCTTGAC-1","1",46,40,7578,5401,40,31,5401,3904
"TTCTTGAGCCGCGCTA-1","1",47,41,7704,5473,41,30,5473,3778
"AGTGCGTAGCTCGTAA-1","1",46,42,7578,5545,42,31,5545,3904
"GGGATGGTCGTAACCG-1","1",47,43,7704,5617,43,30,5617,3778
"GTCTGGGCGGTCGAGA-1","1",46,44,7578,5690,44,31,5690,3904
"CGGAACGTAAACATAG-1","1",47,45,7704,5762,45,30,5762,3778
"TGCGACACCCTAGTGC-1","1",46,46,7579,5834,46,31,5834,3903
"CAAACGAGTATCGCAG-1","1",47,47,7704,5906,47,30,5906,3778
"TCAGTAGGGACTATAA-1","1",46,48,7579,5978,48,31,5978,3903
"GCGGTTCCCTATCATG-1","1",47,49,7704,6050,49,30,6050,3778
"GTGACTTCAGTAGTGC-1","1",46,50,7579,6123,50,31,6123,3903
"CGTCACGTCCATTGGT-1","1",47,51,7705,6195,51,30,6195,3777
"ATAAGTTACCGCGACG-1","1",46,52,7579,6267,52,31,6267,3903
"CTGAATCCGAGACCTC-1","1",47,53,7705,6339,53,30,6339,3777
"TACGACGCTTGCTGCG-1","1",46,54,7579,6412,54,31,6412,3903
"GAATTCACCCGGGTGT-1","1",47,55,7705,6484,55,30,6484,3777
"GGGTGACACCTTAACT-1","1",46,56,7580,6556,56,31,6556,3902
"TGAGTAAATTAGCGTA-1","1",47,57,7705,6628,57,30,6628,3777
"GAGTCCGCTTACCGGA-1","1",46,58,7580,6700,58,31,6700,3902
"GGCGCGTTCGAGTTTA-1","1",47,59,7706,6772,59,30,6772,3776
"ATTCATATACTGTCCA-1","1",46,60,7580,6845,60,31,6845,3902
"ATAAACGGACCCGTAA-1","1",47,61,7706,6917,61,30,6917,3776
"GTCGTACCATCTCGGG-1","1",46,62,7580,6989,62,31,6989,3902
"ATAATAGCTGTTGAAT-1","1",47,63,7706,7061,63,30,7061,3776
"TTCCGCGTGAGGCGAT-1","1",46,64,7581,7133,64,31,7133,3901
"TACCGGCTCACTGCCC-1","1",47,65,7706,7205,65,30,7205,3776
"GTATCTTTCATAACCA-1","1",46,66,7581,7278,66,31,7278,3901
"GTTACCTACAACTTGC-1","1",47,67,7707,7350,67,30,7350,3775
"TGACTATAATCCTTTC-1","1",46,68,7581,7422,68,31,7422,3901
"AAATACCTATAAGCAT-1","1",47,69,7707,7494,69,30,7494,3775
"TTATTAGAGCGTGTTC-1","1",46,70,7581,7567,70,31,7567,3901
"ATGTGGACATCTTGAT-1","1",47,71,7707,7639,71,30,7639,3775
"GTACGCTTCATTGCAC-1","1",46,72,7581,7711,72,31,7711,3901
"CACATATTAGCAGGAT-1","1",47,73,7707,7783,73,30,7783,3775
"CAAGAGGGCGGAGTAC-1","1",46,74,7582,7855,74,31,7855,3900
"TCGCAAAGATGCATTT-1","1",47,75,7707,7927,75,30,7927,3775
"GTCGTTATTCGCTTAT-1","1",46,76,7582,8000,76,31,8000,3900
"TCGTGTACTATGGATG-1","1",47,77,7708,8072,77,30,8072,3774
"GCGGAGAGGGAGAACG-1","1",46,78,7582,8144,78,31,8144,3900
"TCACAGGGAATCGCAA-1","1",47,79,7708,8216,79,30,8216,3774
"GACTGCACCAGCCCAG-1","1",46,80,7582,8289,80,31,8289,3900
"TCCGCTGTCATCCCGG-1","1",47,81,7708,8360,81,30,8360,3774
"AGATACTCAAGATCGA-1","1",46,82,7583,8433,82,31,8433,3899
"ACTGAATGGCGAAAGT-1","1",47,83,7708,8505,83,30,8505,3774
"TCCTACATCCACGGCC-1","1",46,84,7583,8577,84,31,8577,3899
"TTCAGCCCTGGTCCAC-1","1",47,85,7709,8649,85,30,8649,3773
"TTAGAGTTTAGAAGGA-1","1",46,86,7583,8722,86,31,8722,3899
"GGTTAGCTATATGTCT-1","1",47,87,7709,8794,87,30,8794,3773
"CTGGTTTCGAGCAAGA-1","1",46,88,7583,8866,88,31,8866,3899
"TGGGCCCATACTAATT-1","1",47,89,7709,8938,89,30,8938,3773
"ACTTATTTATGTGCCA-1","1",46,90,7584,9010,90,31,9010,3898
"TTAGTTATTCGTGGCA-1","1",47,91,7709,9082,91,30,9082,3773
"AACCGCTAAGGGATGC-1","1",46,92,7584,9155,92,31,9155,3898
"ATACGTCCACTCCTGT-1","1",47,93,7710,9227,93,30,9227,3772
"CGACACGCTCCGACAG-1","1",46,94,7584,9299,94,31,9299,3898
"TCTGAACTCGTACCCG-1","1",47,95,7710,9371,95,30,9371,3772
"AGGATATAGGGATTTA-1","1",46,96,7584,9444,96,31,9444,3898
"GTGATCACTAACGCCT-1","1",47,97,7710,9516,97,30,9516,3772
"ACCGGGCCTTTGTTGA-1","1",46,98,7584,9588,98,31,9588,3898
"TTGACAGGAGCTCCCG-1","1",47,99,7710,9660,99,30,9660,3772
"CTCTTCTATTGACTGG-1","1",46,100,7585,9732,100,31,9732,3897
"CGTGGCCGAATATCTA-1","1",47,101,7710,9804,101,30,9804,3772
"GGTTTAGCCTTTCTTG-1","1",46,102,7585,9877,102,31,9877,3897
"TCAAGGTTACTACACC-1","1",47,103,7711,9949,103,30,9949,3771
"TTGACTATTGTCCGGC-1","1",46,104,7585,10021,104,31,10021,3897
"CGGGAATATAGTATAC-1","1",47,105,7711,10093,105,30,10093,3771
"GCAACAGCAGTATGCG-1","1",46,106,7585,10165,106,31,10165,3897
"ATCAAACACTGTTCCA-1","1",47,107,7711,10237,107,30,10237,3771
"TGGGCAATAGTTGGGT-1","1",46,108,7586,10310,108,31,10310,3896
"TGAATGTCAGCCGGCC-1","1",47,109,7711,10382,109,30,10382,3771
"CGGCTCTAAAGCTGCA-1","1",46,110,7586,10454,110,31,10454,3896
"GGACACAAGTTTACAC-1","1",47,111,7712,10526,111,30,10526,3770
"CCGAGAAGTCGCATAA-1","1",46,112,7586,10599,112,31,10599,3896
"AACTACCCGTTTGTCA-1","1",47,113,7712,10671,113,30,10671,3770
"GCACAAACGAGGCGTG-1","1",46,114,7586,10743,114,31,10743,3896
"CACACAGCTTGCGCTC-1","1",47,115,7712,10815,115,30,10815,3770
"GTGCTTACATCAGCGC-1","1",46,116,7587,10887,116,31,10887,3895
"GCAAACGTCGCCAGGT-1","0",47,117,7712,10959,117,30,10959,3770
"GAATAGCATTTAGGGT-1","1",46,118,7587,11032,118,31,11032,3895
"TACTGTTTCTCTGGTA-1","0",47,119,7712,11104,119,30,11104,3770
"TCCTATCATAGGTAAC-1","0",46,120,7587,11176,120,31,11176,3895
"TTCGGTGGAGACGCCC-1","0",47,121,7713,11248,121,30,11248,3769
"TGTTGCCGTCGTCCCA-1","0",46,122,7587,11320,122,31,11320,3895
"CCAACTTGATAGATCC-1","0",47,123,7713,11392,123,30,11392,3769
"CAAAGGTCATCTGAAA-1","0",46,124,7587,11465,124,31,11465,3895
"CTAGCTTAATGGTCCC-1","0",47,125,7713,11537,125,30,11537,3769
"AGGCCACATTGGTTAC-1","0",46,126,7588,11609,126,31,11609,3894
"TTAGGATGGGAGGGTA-1","0",47,127,7713,11681,127,30,11681,3769
"TATGACCTTGCGCTGG-1","1",48,0,7824,2513,0,29,2513,3658
"ATATACATGTATGGTA-1","1",49,1,7950,2585,1,28,2585,3532
"TGTGTGACCATGAATC-1","1",48,2,7825,2657,2,29,2657,3657
"CCCACTCCACGGTATC-1","1",49,3,7950,2729,3,28,2729,3532
"GGGCAGACGTCACTGC-1","1",48,4,7825,2802,4,29,2802,3657
"TCAAAGAGCTATCTGT-1","1",49,5,7951,2874,5,28,2874,3531
"AGATGCATCCTGTGTC-1","1",48,6,7825,2946,6,29,2946,3657
"GTGAAGTCACGACTCG-1","1",49,7,7951,3018,7,28,3018,3531
"TGATTCAGGTCCCGCG-1","1",48,8,7825,3090,8,29,3090,3657
"CGCCACAGGTCGCGAT-1","1",49,9,7951,3162,9,28,3162,3531
"TTGAATCGTTGTATAA-1","1",48,10,7826,3235,10,29,3235,3656
"TGGCCAATTTGGTACT-1","1",49,11,7951,3307,11,28,3307,3531
"CGACCCTTAACGCCGG-1","1",48,12,7826,3379,12,29,3379,3656
"TCGGCGTACTGCACAA-1","1",49,13,7952,3451,13,28,3451,3530
"GAGTAAGGCCACGGGA-1","1",48,14,7826,3524,14,29,3524,3656
"ATCAGCTCGTCCACTA-1","1",49,15,7952,3596,15,28,3596,3530
"AGGATCACGCGATCTG-1","1",48,16,7826,3668,16,29,3668,3656
"AAATGGCCCGTGCCCT-1","1",49,17,7952,3740,17,28,3740,3530
"CAGTACCAGTTTACGT-1","1",48,18,7827,3812,18,29,3812,3655
"GGTCGTAAGCTCGCAC-1","1",49,19,7952,3884,19,28,3884,3530
"CGTTCATGGTGCGCGT-1","1",48,20,7827,3957,20,29,3957,3655
"GACTACAAAGCGGTGG-1","1",49,21,7953,4029,21,28,4029,3529
"CAGCTGGCGTAACCGT-1","1",48,22,7827,4101,22,29,4101,3655
"ACTCGTAACCCGTCCT-1","1",49,23,7953,4173,23,28,4173,3529
"CATATGTCAGGCTACG-1","1",48,24,7827,4245,24,29,4245,3655
"GCCCGACTTCTTCCCG-1","1",49,25,7953,4317,25,28,4317,3529
"CTGGCATCCGAATGAG-1","1",48,26,7827,4390,26,29,4390,3655
"AAGTGCGTTAGAATCT-1","1",49,27,7953,4462,27,28,4462,3529
"AGAAGTGATTCGTGAT-1","1",48,28,7828,4534,28,29,4534,3654
"TACCTTAAGATTTCCC-1","1",49,29,7953,4606,29,28,4606,3529
"AATGACAGCAATGTCT-1","1",48,30,7828,4679,30,29,4679,3654
"TCAACGCAGGAAATAA-1","1",49,31,7954,4751,31,28,4751,3528
"TATTCCTCCGCCCACT-1","1",48,32,7828,4823,32,29,4823,3654
"ATCAAACGAAGGTTTG-1","1",49,33,7954,4895,33,28,4895,3528
"TTGATTAGCTGTTTCT-1","1",48,34,7828,4967,34,29,4967,3654
"CTGCTGAGGCCACGAA-1","1",49,35,7954,5039,35,28,5039,3528
"CCGTGTTAAATTCCAT-1","1",48,36,7829,5112,36,29,5112,3653
"CACGTCGGCAACCTCT-1","1",49,37,7954,5184,37,28,5184,3528
"GTATTCTGAGAAACGA-1","1",48,38,7829,5256,38,29,5256,3653
"CGGTGCGCGTTGGTCC-1","1",49,39,7955,5328,39,28,5328,3527
"GTGATTCGCCGCTCAA-1","1",48,40,7829,5401,40,29,5401,3653
"GCCCGCGCGTAAACGG-1","1",49,41,7955,5472,41,28,5472,3527
"AACGTACTGTGGGTAC-1","1",48,42,7829,5545,42,29,5545,3653
"GAGTATGCCCGCCTTG-1","1",49,43,7955,5617,43,28,5617,3527
"TGATTCTGTCGCCGGT-1","1",48,44,7830,5689,44,29,5689,3652
"GGGCGGCAAATGAATT-1","1",49,45,7955,5761,45,28,5761,3527
"TTCCAATCTGGCTATC-1","1",48,46,7830,5834,46,29,5834,3652
"GGAACCGTGTAAATTG-1","1",49,47,7955,5906,47,28,5906,3527
"TTGGTCACACTCGTAA-1","1",48,48,7830,5978,48,29,5978,3652
"CGAACCCGCATGCGTC-1","1",49,49,7956,6050,49,28,6050,3526
"GGGCGTCACCACGTAA-1","1",48,50,7830,6122,50,29,6122,3652
"TACCAGAAGTAGGTTC-1","1",49,51,7956,6194,51,28,6194,3526
"TTGGATATCGTCTACG-1","1",48,52,7830,6267,52,29,6267,3652
"TAGATATGGACTGGAA-1","1",49,53,7956,6339,53,28,6339,3526
"GCGACGATAGTTGTAC-1","1",48,54,7831,6411,54,29,6411,3651
"CTGGATTTACACTTGA-1","1",49,55,7956,6483,55,28,6483,3526
"GTTATATTATCTCCCT-1","1",48,56,7831,6556,56,29,6556,3651
"TATTCCACTCAGCTCG-1","1",49,57,7957,6628,57,28,6628,3525
"CTGTTACCCAATCTAG-1","1",48,58,7831,6700,58,29,6700,3651
"ACGCGAAGTCAGACGA-1","1",49,59,7957,6772,59,28,6772,3525
"GATAGGTAACGTTGAC-1","1",48,60,7831,6844,60,29,6844,3651
"TGTTCGTATTGCGGTG-1","1",49,61,7957,6916,61,28,6916,3525
"GGTCAGTGGGTCCCAC-1","1",48,62,7832,6989,62,29,6989,3650
"AATTCTAGAGTTAGGC-1","1",49,63,7957,7061,63,28,7061,3525
"GTTTACGTTCCATCTG-1","1",48,64,7832,7133,64,29,7133,3650
"AGACCCACCGCTGATC-1","1",49,65,7958,7205,65,28,7205,3524
"TCTAGCATGCCCAGAA-1","1",48,66,7832,7277,66,29,7277,3650
"CCCGCAGCGCGAACTA-1","1",49,67,7958,7349,67,28,7349,3524
"CTCTATTTGGCTGCAG-1","1",48,68,7832,7422,68,29,7422,3650
"TTCTGCCGCGCCTAGA-1","1",49,69,7958,7494,69,28,7494,3524
"ACTCCCTAGAATAGTA-1","1",48,70,7832,7566,70,29,7566,3650
"CCGAACCTTCCCGGCC-1","1",49,71,7958,7638,71,28,7638,3524
"TCAGACGCTATAGAAG-1","1",48,72,7833,7711,72,29,7711,3649
"CAGGCGCCATGCTAGG-1","1",49,73,7958,7783,73,28,7783,3524
"CACTCGAGCTGAACAA-1","1",48,74,7833,7855,74,29,7855,3649
"ACAAGGAAATCCGCCC-1","1",49,75,7959,7927,75,28,7927,3523
"ACCACGTGCAGCTATA-1","1",48,76,7833,7999,76,29,7999,3649
"ACGGCGACGATGGGAA-1","1",49,77,7959,8071,77,28,8071,3523
"TTACTAAAGGACTTTA-1","1",48,78,7833,8144,78,29,8144,3649
"GGCTGAAATAGCAAAG-1","1",49,79,7959,8216,79,28,8216,3523
"TTAGACGAGTCACCTC-1","1",48,80,7834,8288,80,29,8288,3648
"GTAGTCGCGGGAATCA-1","1",49,81,7959,8360,81,28,8360,3523
"GCAAACCCTACATTAT-1","1",48,82,7834,8432,82,29,8432,3648
"GTTAAAGTAGGACTGG-1","1",49,83,7960,8504,83,28,8504,3522
"ACCCTCCCTTGCTATT-1","1",48,84,7834,8577,84,29,8577,3648
"CATGTCTCATTTATGG-1","1",49,85,7960,8649,85,28,8649,3522
"AATAGAATCTGTTTCA-1","1",48,86,7834,8721,86,29,8721,3648
"TCTCATGAGATAGGGT-1","1",49,87,7960,8793,87,28,8793,3522
"ATGACTATGCGACATT-1","1",48,88,7835,8866,88,29,8866,3647
"CCTAACCCAAACAAGT-1","1",49,89,7960,8938,89,28,8938,3522
"AGTCAAGATGACACTT-1","1",48,90,7835,9010,90,29,9010,3647
"CGGGAGCTTCAGTGTA-1","1",49,91,7961,9082,91,28,9082,3521
"CCACAGTACCCATCCT-1","1",48,92,7835,9154,92,29,9154,3647
"GAGCGCGCACGAGTAG-1","1",49,93,7961,9226,93,28,9226,3521
"ACCAGTGCGGGAGACG-1","1",48,94,7835,9299,94,29,9299,3647
"TCCTTACGACGGTCCG-1","1",49,95,7961,9371,95,28,9371,3521
"TAGTCGATCACGGGTT-1","1",48,96,7835,9443,96,29,9443,3647
"AGACGAAGTGCCGGTC-1","1",49,97,7961,9515,97,28,9515,3521
"CGCTGGTGACTACCCT-1","1",48,98,7836,9588,98,29,9588,3646
"AGGCATTGTCGTAGGG-1","1",49,99,7961,9660,99,28,9660,3521
"TGGTAGAATATATGGG-1","1",48,100,7836,9732,100,29,9732,3646
"TTCTTATCCGCTGGGT-1","1",49,101,7962,9804,101,28,9804,3520
"AGTTTGGCACGGGTTG-1","1",48,102,7836,9876,102,29,9876,3646
"GCATCGGCCGTGTAGG-1","1",49,103,7962,9948,103,28,9948,3520
"ATGCGAGTCCCACCAC-1","1",48,104,7836,10021,104,29,10021,3646
"TCGGCGAACCCAAACC-1","1",49,105,7962,10093,105,28,10093,3520
"AGAGTAAACTTCACTA-1","1",48,106,7837,10165,106,29,10165,3645
"AAGCCGAAGCGGTTTA-1","1",49,107,7962,10237,107,28,10237,3520
"CCCGAGTTTCTCCGTA-1","1",48,108,7837,10309,108,29,10309,3645
"AATATCGAATCAATGC-1","1",49,109,7963,10381,109,28,10381,3519
"GCGCCTCCCACTCCGA-1","1",48,110,7837,10454,110,29,10454,3645
"CGTTAAACTAGTTAGG-1","1",49,111,7963,10526,111,28,10526,3519
"TGAGTTAAAGACATTC-1","1",48,112,7837,10598,112,29,10598,3645
"AACAGGTAGTATGGAT-1","1",49,113,7963,10670,113,28,10670,3519
"GAACGCGGGTCACACG-1","1",48,114,7838,10743,114,29,10743,3644
"TGTTTGAGATCGTCAG-1","0",49,115,7963,10815,115,28,10815,3519
"ATCTCGTGAGCGAAAC-1","1",48,116,7838,10887,116,29,10887,3644
"CTGAGAAAGTTCGGCG-1","0",49,117,7963,10959,117,28,10959,3519
"ATTACCACACTGCCTG-1","0",48,118,7838,11031,118,29,11031,3644
"CTGCTGTCTAACGAGC-1","0",49,119,7964,11103,119,28,11103,3518
"CGTGGAAGCCTCGTAC-1","0",48,120,7838,11176,120,29,11176,3644
"GGACTCACAAATTAGG-1","0",49,121,7964,11248,121,28,11248,3518
"CTTTGCTGTCATGGAT-1","0",48,122,7838,11320,122,29,11320,3644
"GGTGTTGGGCGTCTTA-1","0",49,123,7964,11392,123,28,11392,3518
"TACCATGTATTGATTT-1","0",48,124,7839,11464,124,29,11464,3643
"GGTCTCCAAGTAGTGC-1","0",49,125,7964,11536,125,28,11536,3518
"ATCCTTCTGAAAGAAC-1","0",48,126,7839,11609,126,29,11609,3643
"CCGGAAGTTATCAGTC-1","0",49,127,7965,11681,127,28,11681,3517
"TTAGAGGGATATACAG-1","1",50,0,8076,2513,0,27,2513,3406
"TTGTACACCTCGAACA-1","1",51,1,8201,2585,1,26,2585,3281
"GTGGGTACTGAGCGTA-1","1",50,2,8076,2657,2,27,2657,3406
"CTTAAGCAGCGAGCCG-1","1",51,3,8202,2729,3,26,2729,3280
"GCATTGACTTGCGGAA-1","1",50,4,8076,2801,4,27,2801,3406
"CCATAACCTGTGCAGT-1","1",51,5,8202,2873,5,26,2873,3280
"GGGCTACTATTTCGTG-1","1",50,6,8076,2946,6,27,2946,3406
"GGCGAGCGAAACGGCA-1","1",51,7,8202,3018,7,26,3018,3280
"GGAGACCATCTACATA-1","1",50,8,8077,3090,8,27,3090,3405
"AGACCAAACCACACCT-1","1",51,9,8202,3162,9,26,3162,3280
"CGACGCATCCGTACCT-1","1",50,10,8077,3234,10,27,3234,3405
"CCTAGGTAAAGGTAGC-1","1",51,11,8203,3306,11,26,3306,3279
"AGCGGCGGTTAGCGGT-1","1",50,12,8077,3379,12,27,3379,3405
"CTGGACGCAGTCCGGC-1","1",51,13,8203,3451,13,26,3451,3279
"AGCCTAATACCCACGT-1","1",50,14,8077,3523,14,27,3523,3405
"AATCTGGCTTTCTAGT-1","1",51,15,8203,3595,15,26,3595,3279
"CACCCTTGGTGAGACC-1","1",50,16,8078,3668,16,27,3668,3404
"GGATCTTGACTCAACC-1","1",51,17,8203,3740,17,26,3740,3279
"ACGAGGATACCACTCT-1","1",50,18,8078,3812,18,27,3812,3404
"GAGTTGATGGCAATTT-1","1",51,19,8203,3884,19,26,3884,3279
"GTGGCAAACAGCGGCA-1","1",50,20,8078,3956,20,27,3956,3404
"GATGTAACGAACCACC-1","1",51,21,8204,4028,21,26,4028,3278
"AGCCGTGGCTAAATGT-1","1",50,22,8078,4101,22,27,4101,3404
"CTCCCTCCTTTCGATC-1","1",51,23,8204,4173,23,26,4173,3278
"TTGGAAGAATACAGTC-1","1",50,24,8078,4245,24,27,4245,3404
"AGTTAAGTCAACCGCT-1","1",51,25,8204,4317,25,26,4317,3278
"CTCATGGTAATTTGCG-1","1",50,26,8079,4389,26,27,4389,3403
"AAAGTAGCATTGCTCA-1","1",51,27,8204,4461,27,26,4461,3278
"TTGTGGTAGGAGGGAT-1","1",50,28,8079,4534,28,27,4534,3403
"AGTCGTGGGCATTACG-1","1",51,29,8205,4606,29,26,4606,3277
"ACCTAAGTACCTTTCA-1","1",50,30,8079,4678,30,27,4678,3403
"GTAGAGGGAGACAAGT-1","1",51,31,8205,4750,31,26,4750,3277
"GATCCTCGACACTGGC-1","1",50,32,8079,4823,32,27,4823,3403
"CCTACATTCACAGACG-1","1",51,33,8205,4895,33,26,4895,3277
"TTGACCGTGTTAATGA-1","1",50,34,8080,4967,34,27,4967,3402
"TCTGTTACCCAGCATA-1","1",51,35,8205,5039,35,26,5039,3277
"CTAACTGGTCCGGTTC-1","1",50,36,8080,5111,36,27,5111,3402
"AGCGACAGGAACGGTC-1","1",51,37,8206,5183,37,26,5183,3276
"TAATAGAACAGAGTTA-1","1",50,38,8080,5256,38,27,5256,3402
"ACAGGTGGAGGTGAGG-1","1",51,39,8206,5328,39,26,5328,3276
"TGCGAGAATATTACCC-1","1",50,40,8080,5400,40,27,5400,3402
"TTGCGTCGGCCAACCG-1","1",51,41,8206,5472,41,26,5472,3276
"AGGCTTCCCGAAGAAG-1","1",50,42,8081,5544,42,27,5544,3401
"GCGGACCGCGTTGTGG-1","1",51,43,8206,5616,43,26,5616,3276
"GTAATCTGATTCTTCG-1","1",50,44,8081,5689,44,27,5689,3401
"CCGCGGAATGCGTCAC-1","1",51,45,8206,5761,45,26,5761,3276
"TTCCACACAGATTTGA-1","1",50,46,8081,5833,46,27,5833,3401
"CTTCTATTAATGCTAG-1","1",51,47,8207,5905,47,26,5905,3275
"CATTTGAGTGGTACGT-1","1",50,48,8081,5978,48,27,5978,3401
"TCACAGCAAACTCGAA-1","1",51,49,8207,6050,49,26,6050,3275
"CAGACGAACCTGATAC-1","1",50,50,8081,6122,50,27,6122,3401
"TAGCTAGAAGGCATGA-1","1",51,51,8207,6194,51,26,6194,3275
"ATCCAGAGCAACAACC-1","1",50,52,8082,6266,52,27,6266,3400
"TCCGGTTCGTCCGGTC-1","1",51,53,8207,6338,53,26,6338,3275
"CGCGCATGTTTGATTG-1","1",50,54,8082,6411,54,27,6411,3400
"TGGCGATCAAGTTATG-1","1",51,55,8208,6483,55,26,6483,3274
"CCCTTTGACAGGTCTT-1","1",50,56,8082,6555,56,27,6555,3400
"CAGAGACGGTCACCCA-1","1",51,57,8208,6627,57,26,6627,3274
"TAGCTCGCCTGATAAC-1","1",50,58,8082,6700,58,27,6700,3400
"TTGTGTTTCCCGAAAG-1","1",51,59,8208,6772,59,26,6772,3274
"TATACACAGACGCCTT-1","1",50,60,8083,6844,60,27,6844,3399
"ACATTAGTTTATATCC-1","1",51,61,8208,6916,61,26,6916,3274
"CCATCGCAGTTAAACT-1","1",50,62,8083,6988,62,27,6988,3399
"AATTAGCGCTGCAGCG-1","1",51,63,8209,7060,63,26,7060,3273
"TCCGCTTATCCCATTA-1","1",50,64,8083,7133,64,27,7133,3399
"GTTTGGGCTTGTGAGC-1","1",51,65,8209,7205,65,26,7205,3273
"CTTGTCAACATTCGAG-1","1",50,66,8083,7277,66,27,7277,3399
"GGACCAACAGGATAAC-1","1",51,67,8209,7349,67,26,7349,3273
"AAGCTAGATCGAGTAA-1","1",50,68,8083,7421,68,27,7421,3399
"TACCGTGCCTCGGACC-1","1",51,69,8209,7493,69,26,7493,3273
"GTAGCCAAACATGGGA-1","1",50,70,8084,7566,70,27,7566,3398
"TGCCAGTACGTGGAGA-1","1",51,71,8209,7638,71,26,7638,3273
"ATAAGGTGGAGAACAT-1","1",50,72,8084,7710,72,27,7710,3398
"CTTTAATATTGGTCGA-1","1",51,73,8210,7782,73,26,7782,3272
"TGGTTCAACGGGTAAT-1","1",50,74,8084,7855,74,27,7855,3398
"GCTGCTACTGCGTAGC-1","1",51,75,8210,7927,75,26,7927,3272
"CTGCACAACTACATAT-1","1",50,76,8084,7999,76,27,7999,3398
"ATATTCCACATAGTGA-1","1",51,77,8210,8071,77,26,8071,3272
"TGGCAAACTAAATTAC-1","1",50,78,8085,8143,78,27,8143,3397
"ACCGCAATAACTGCCT-1","1",51,79,8210,8215,79,26,8215,3272
"TCGCACCAGGAGGCAG-1","1",50,80,8085,8288,80,27,8288,3397
"ACTTCAGGCTGATCCC-1","1",51,81,8211,8360,81,26,8360,3271
"ACAAATCGCACCGAAT-1","1",50,82,8085,8432,82,27,8432,3397
"TCTGATGTATTCTGTC-1","1",51,83,8211,8504,83,26,8504,3271
"CTTTACCGAATAGTAG-1","1",50,84,8085,8576,84,27,8576,3397
"GCAGATCCATAAGACT-1","1",51,85,8211,8648,85,26,8648,3271
"TTCCTCGGACTAACCA-1","1",50,86,8086,8721,86,27,8721,3396
"TTATCCGGGATCTATA-1","1",51,87,8211,8793,87,26,8793,3271
"CTGGAAGACACGGTGG-1","1",50,88,8086,8865,88,27,8865,3396
"GTTCGTCTAAAGAACT-1","1",51,89,8211,8937,89,26,8937,3271
"GTCTATTGGTTCCGGT-1","1",50,90,8086,9010,90,27,9010,3396
"CTAGGCGCCCTATCAG-1","1",51,91,8212,9082,91,26,9082,3270
"AACGGACGTACGTATA-1","1",50,92,8086,9154,92,27,9154,3396
"AACACACGCTCGCCGC-1","1",51,93,8212,9226,93,26,9226,3270
"GCTACTATAGTAGAGT-1","1",50,94,8086,9298,94,27,9298,3396
"AGCATATCAATATGCT-1","1",51,95,8212,9370,95,26,9370,3270
"CGAACAGTATGGGCGT-1","1",50,96,8087,9443,96,27,9443,3395
"ACAATTGTGTCTCTTT-1","1",51,97,8212,9515,97,26,9515,3270
"GATCGCTACCCGATTT-1","1",50,98,8087,9587,98,27,9587,3395
"ATTGCGATCAGTAACT-1","1",51,99,8213,9659,99,26,9659,3269
"CAGCAGTCCAGACTAT-1","1",50,100,8087,9732,100,27,9732,3395
"AGAGGCTTCGGAAACC-1","1",51,101,8213,9803,101,26,9803,3269
"AAACAAGTATCTCCCA-1","1",50,102,8087,9876,102,27,9876,3395
"GGCAGCAAACCTATGC-1","1",51,103,8213,9948,103,26,9948,3269
"ACTAGTTGCGATCGTC-1","1",50,104,8088,10020,104,27,10020,3394
"TTGGACCATCTGGCAA-1","1",51,105,8213,10092,105,26,10092,3269
"CCCTCCTCGCTCGTAT-1","1",50,106,8088,10165,106,27,10165,3394
"GAGCGCAAATACTCCG-1","1",51,107,8214,10237,107,26,10237,3268
"ATTACATGTCAGTCTT-1","1",50,108,8088,10309,108,27,10309,3394
"TTGGGACGTAAGAGTT-1","1",51,109,8214,10381,109,26,10381,3268
"CTTCGGCCAATTGTTT-1","1",50,110,8088,10453,110,27,10453,3394
"AGACCGCTCCGCGGTT-1","1",51,111,8214,10525,111,26,10525,3268
"GACCGCGTCTGACGTG-1","1",50,112,8089,10598,112,27,10598,3393
"CCAAATAACAAGATTC-1","0",51,113,8214,10670,113,26,10670,3268
"TCTTTAGAGTCTAACA-1","0",50,114,8089,10742,114,27,10742,3393
"CTCCCAATGAGTCGCG-1","1",51,115,8214,10814,115,26,10814,3268
"TAGTCTTTCCGAATTG-1","0",50,116,8089,10887,116,27,10887,3393
"GAGTAAACCGGAAAGT-1","0",51,117,8215,10959,117,26,10959,3267
"GATCTCGACGCTGTGG-1","0",50,118,8089,11031,118,27,11031,3393
"CTGACATAGAAATAGA-1","0",51,119,8215,11103,119,26,11103,3267
"TATACCGAGTGCCACA-1","0",50,120,8089,11175,120,27,11175,3393
"TCCGAACGTTGCCGCT-1","0",51,121,8215,11247,121,26,11247,3267
"GCAGAAGGTAATCTCC-1","0",50,122,8090,11320,122,27,11320,3392
"GGTACTAAGTGCTTTG-1","0",51,123,8215,11392,123,26,11392,3267
"CAGAATATTCGTTATC-1","0",50,124,8090,11464,124,27,11464,3392
"TAATCAACCAAATGGG-1","0",51,125,8216,11536,125,26,11536,3266
"TCTGCTTAGAACAAGC-1","0",50,126,8090,11608,126,27,11608,3392
"AACTGAGTTATACTGA-1","0",51,127,8216,11680,127,26,11680,3266
"CCTCAACGATCGCTGT-1","1",52,0,8327,2512,0,25,2512,3155
"CGGTACGGCAAACCCA-1","1",53,1,8453,2584,1,24,2584,3029
"CAGATGTTTGTCCCAA-1","1",52,2,8327,2656,2,25,2656,3155
"GTTTGTTAGCCAAGTA-1","1",53,3,8453,2728,3,24,2728,3029
"ACGTGACAAAGTAAGT-1","1",52,4,8327,2801,4,25,2801,3155
"TTGTCACCGCGGTATC-1","1",53,5,8453,2873,5,24,2873,3029
"GATCTAACCGTATTCA-1","1",52,6,8328,2945,6,25,2945,3154
"ATGGAAATTTAAGGAG-1","1",53,7,8453,3017,7,24,3017,3029
"ATTGATCACCACATTT-1","1",52,8,8328,3090,8,25,3090,3154
"ACTGCTCGGAAGGATG-1","1",53,9,8454,3162,9,24,3162,3028
"TCTAAAGAACAGTCTC-1","1",52,10,8328,3234,10,25,3234,3154
"CTGGGTTGAGTTAAAG-1","1",53,11,8454,3306,11,24,3306,3028
"CCCAGTAAACTTGGGA-1","1",52,12,8328,3378,12,25,3378,3154
"AGATTCACAACCGATA-1","1",53,13,8454,3450,13,24,3450,3028
"AGAAGGTACACTTCAC-1","1",52,14,8329,3523,14,25,3523,3153
"GCAGGAACTTAGATCT-1","1",53,15,8454,3595,15,24,3595,3028
"AATCTAGGTTTACTTG-1","1",52,16,8329,3667,16,25,3667,3153
"CCCGGTGTATCGGAAT-1","1",53,17,8454,3739,17,24,3739,3028
"TTATCCTCAAGGAATA-1","1",52,18,8329,3812,18,25,3812,3153
"AGCATCATTTCGAAAG-1","1",53,19,8455,3884,19,24,3884,3027
"CGCGAGTCTGCCGGGT-1","1",52,20,8329,3956,20,25,3956,3153
"TGCGTCATGACTGAGC-1","1",53,21,8455,4028,21,24,4028,3027
"GTATGAAATTTCACTC-1","1",52,22,8329,4100,22,25,4100,3153
"TTGGTTGCGGTGCGCG-1","1",53,23,8455,4172,23,24,4172,3027
"ACAGAACTGAGAACAA-1","1",52,24,8330,4245,24,25,4245,3152
"CTACTATCATAGGTTT-1","1",53,25,8455,4317,25,24,4317,3027
"CCTCTATCGATTAGCA-1","1",52,26,8330,4389,26,25,4389,3152
"CCGTATCTCGTCGTAG-1","1",53,27,8456,4461,27,24,4461,3026
"TCACGATGTCCGTGGA-1","1",52,28,8330,4533,28,25,4533,3152
"TCAACAAAGATAATTC-1","1",53,29,8456,4605,29,24,4605,3026
"ATGACGCGTTCTATCC-1","1",52,30,8330,4678,30,25,4678,3152
"ATTTGCGCGAGTAGCT-1","1",53,31,8456,4750,31,24,4750,3026
"TTCTTGGACGATCTGC-1","1",52,32,8331,4822,32,25,4822,3151
"AGACGACGATGCCGCT-1","1",53,33,8456,4894,33,24,4894,3026
"GGTCTCTGAATGGACT-1","1",52,34,8331,4967,34,25,4967,3151
"GCTCAATCCGTTTATT-1","1",53,35,8457,5039,35,24,5039,3025
"CCAGAAAGCAACTCAT-1","1",52,36,8331,5111,36,25,5111,3151
"CACCGTTAGGGATCAC-1","1",53,37,8457,5183,37,24,5183,3025
"AATAACACTAGAACAA-1","1",52,38,8331,5255,38,25,5255,3151
"CACCCGGTTTGTGACT-1","1",53,39,8457,5327,39,24,5327,3025
"CCACCAACTTTACTGT-1","1",52,40,8332,5400,40,25,5400,3150
"AACTCTCAGTGTGCTC-1","1",53,41,8457,5472,41,24,5472,3025
"AAACCGTTCGTCCAGG-1","1",52,42,8332,5544,42,25,5544,3150
"CAGCGATTCCCTTCAA-1","1",53,43,8457,5616,43,24,5616,3025
"GCTAGCTTGAATAGCT-1","1",52,44,8332,5688,44,25,5688,3150
"TTGCGGCATCAGAAAG-1","1",53,45,8458,5760,45,24,5760,3024
"AATAGAACAGAGTGGC-1","1",52,46,8332,5833,46,25,5833,3150
"GCCATCGAGCTGCGTG-1","1",53,47,8458,5905,47,24,5905,3024
"ACACTGATCAAGGTGT-1","1",52,48,8332,5977,48,25,5977,3150
"ACCAACGCTTATTTAT-1","1",53,49,8458,6049,49,24,6049,3024
"GACATCGATTTATAAC-1","1",52,50,8333,6122,50,25,6122,3149
"CAGACACCGATCGCTG-1","1",53,51,8458,6194,51,24,6194,3024
"CCAAGAAAGTGGGCGA-1","1",52,52,8333,6266,52,25,6266,3149
"GGTAGACCGTTGGGCG-1","1",53,53,8459,6338,53,24,6338,3023
"TCGTTAGGAGTCCCTA-1","1",52,54,8333,6410,54,25,6410,3149
"ACGGCCAACATGGACT-1","1",53,55,8459,6482,55,24,6482,3023
"GTGAGTGGTACAACGC-1","1",52,56,8333,6555,56,25,6555,3149
"GAGACTTCGCGACCGA-1","1",53,57,8459,6627,57,24,6627,3023
"GAAGTCAGTTGCACTA-1","1",52,58,8334,6699,58,25,6699,3148
"GTTTGGTAGGGTCAAC-1","1",53,59,8459,6771,59,24,6771,3023
"ACGGCACTTGCTTGGG-1","1",52,60,8334,6844,60,25,6844,3148
"CCTCTGTACTATTCTA-1","1",53,61,8460,6916,61,24,6916,3022
"CTATTCATGTGTCCCA-1","1",52,62,8334,6988,62,25,6988,3148
"GCCCGATCTGTGGTCG-1","1",53,63,8460,7060,63,24,7060,3022
"TTAGAAGAACATGACT-1","1",52,64,8334,7132,64,25,7132,3148
"AGGATAAAGTCGGGAT-1","1",53,65,8460,7204,65,24,7204,3022
"CGGCAAACATCGTGCG-1","1",52,66,8334,7277,66,25,7277,3148
"CTAGTTACAACCCGGT-1","1",53,67,8460,7349,67,24,7349,3022
"TTCGACAGAGCCCGTG-1","1",52,68,8335,7421,68,25,7421,3147
"AAGCATACTCTCCTGA-1","1",53,69,8460,7493,69,24,7493,3022
"GACGACGATCCGCGTT-1","1",52,70,8335,7565,70,25,7565,3147
"GGTAGAAGACCGCCTG-1","1",53,71,8461,7637,71,24,7637,3021
"GAGATGGGAGTCGACA-1","1",52,72,8335,7710,72,25,7710,3147
"AACGATAATGCCGTAG-1","1",53,73,8461,7782,73,24,7782,3021
"TGGTCCCACGCTACGG-1","1",52,74,8335,7854,74,25,7854,3147
"CTGCTTGGCGATAGCT-1","1",53,75,8461,7926,75,24,7926,3021
"ATCGGAGACAGACGGC-1","1",52,76,8336,7999,76,25,7999,3146
"TAGCGTCCGGTGTGGT-1","1",53,77,8461,8071,77,24,8071,3021
"GTTGAGTCCCGCCGGT-1","1",52,78,8336,8143,78,25,8143,3146
"AAATAGGGTGCTATTG-1","1",53,79,8462,8215,79,24,8215,3020
"AAGTGTTTGGAGACGG-1","1",52,80,8336,8287,80,25,8287,3146
"AGCACTACCTCACCAG-1","1",53,81,8462,8359,81,24,8359,3020
"TGCCTTGGCCAGGCAA-1","1",52,82,8336,8432,82,25,8432,3146
"TCGTCTTAGGCGTTAA-1","1",53,83,8462,8504,83,24,8504,3020
"TTCTGACCGGGCTCAA-1","1",52,84,8337,8576,84,25,8576,3145
"CAGAACTTAGCCCTCT-1","1",53,85,8462,8648,85,24,8648,3020
"AGCTCCTTCGCACATC-1","1",52,86,8337,8720,86,25,8720,3145
"ACAGGCTTGCCCGACT-1","1",53,87,8462,8792,87,24,8792,3020
"GCTATACGTCTCGGAC-1","1",52,88,8337,8865,88,25,8865,3145
"GAGCCAGCTACCTGTG-1","1",53,89,8463,8937,89,24,8937,3019
"TGCTAAGTGTCTATTT-1","1",52,90,8337,9009,90,25,9009,3145
"GTCCTACGAATAGTCT-1","1",53,91,8463,9081,91,24,9081,3019
"CAGTGTCGGCTGGCCC-1","1",52,92,8337,9154,92,25,9154,3145
"CTATCGACGAAATACA-1","1",53,93,8463,9226,93,24,9226,3019
"CATCATTACCCTGAGG-1","1",52,94,8338,9298,94,25,9298,3144
"TAAGTTGCGACGTAGG-1","1",53,95,8463,9370,95,24,9370,3019
"AGTGCACGCTTAAGAA-1","1",52,96,8338,9442,96,25,9442,3144
"TGTGCCGGTGCCGGAA-1","1",53,97,8464,9514,97,24,9514,3018
"AGGAGGCCTTCGCGCG-1","1",52,98,8338,9587,98,25,9587,3144
"TCCGCGGCCCAATGAA-1","1",53,99,8464,9659,99,24,9659,3018
"TCCGTTAAGCTAATAT-1","1",52,100,8338,9731,100,25,9731,3144
"AAATCTAGCCCTGCTA-1","1",53,101,8464,9803,101,24,9803,3018
"CGCAGGCGATCCAAAC-1","1",52,102,8339,9875,102,25,9875,3143
"CCATATGGAAACTATA-1","1",53,103,8464,9947,103,24,9947,3018
"CACCGTATCCCATCCG-1","1",52,104,8339,10020,104,25,10020,3143
"GGTCAAGACTACTTCG-1","1",53,105,8465,10092,105,24,10092,3017
"CCCGTTTCGCAGATGT-1","1",52,106,8339,10164,106,25,10164,3143
"GTTATAATACGGTGAA-1","1",53,107,8465,10236,107,24,10236,3017
"ACTTGTGGATGGAACG-1","1",52,108,8339,10309,108,25,10309,3143
"GTTCGCTGAGACGTCT-1","1",53,109,8465,10381,109,24,10381,3017
"GACACTGGAACCCGAT-1","0",52,110,8340,10453,110,25,10453,3142
"CCCAGGTCTGAAGGCT-1","0",53,111,8465,10525,111,24,10525,3017
"TCTCGAGGAGGTTCGC-1","0",52,112,8340,10597,112,25,10597,3142
"ACTATCTGCCCGCGTA-1","0",53,113,8465,10669,113,24,10669,3017
"CCTAAATTGTATCCTA-1","0",52,114,8340,10742,114,25,10742,3142
"AGAAATTATGACTCGC-1","0",53,115,8466,10814,115,24,10814,3016
"TCCAGCGCTATAAGCG-1","0",52,116,8340,10886,116,25,10886,3142
"TCGTGTATTGGTCACG-1","0",53,117,8466,10958,117,24,10958,3016
"CCACATACTGCACCCA-1","0",52,118,8340,11031,118,25,11031,3142
"GTTGCGGACGGTCAGG-1","0",53,119,8466,11103,119,24,11103,3016
"GTATTTAATGGCATAA-1","0",52,120,8341,11175,120,25,11175,3141
"GTCGATAGGTGACTTT-1","0",53,121,8466,11247,121,24,11247,3016
"AATAATCTTCGTATCG-1","0",52,122,8341,11319,122,25,11319,3141
"ATTGTTCAACGATCCG-1","0",53,123,8467,11391,123,24,11391,3015
"GTGCAGCGTAGAGTAG-1","0",52,124,8341,11464,124,25,11464,3141
"TGTGGTAGGGTGCCTT-1","0",53,125,8467,11536,125,24,11536,3015
"TGTGGACTATCTACGT-1","0",52,126,8341,11608,126,25,11608,3141
"GGCGGGCTCTAAGAGT-1","0",53,127,8467,11680,127,24,11680,3015
"TGTGCCAGAGGCAAAG-1","1",54,0,8578,2512,0,23,2512,2904
"TGGCTTATGTATAATG-1","1",55,1,8704,2584,1,22,2584,2778
"GCAAGCTGGAAACCGC-1","1",54,2,8578,2656,2,23,2656,2904
"GATATCAAGCAGGAGC-1","1",55,3,8704,2728,3,22,2728,2778
"CACCAATCATCCGTCT-1","1",54,4,8579,2800,4,23,2800,2903
"CCACATGGCTCTTTAT-1","1",55,5,8704,2872,5,22,2872,2778
"GTCCTACTCTACGGGC-1","1",54,6,8579,2945,6,23,2945,2903
"CTCGAGACATACGATA-1","1",55,7,8705,3017,7,22,3017,2777
"TATCAGTGGCGTAGTC-1","1",54,8,8579,3089,8,23,3089,2903
"TGACAGGACAAGTCCA-1","1",55,9,8705,3161,9,22,3161,2777
"TATTAACACCAAAGCA-1","1",54,10,8579,3234,10,23,3234,2903
"TAGGCGATGAGGTCTC-1","1",55,11,8705,3306,11,22,3306,2777
"CCGCCGGAACTTCTCG-1","1",54,12,8580,3378,12,23,3378,2902
"GCCATTAGCCTCAAAC-1","1",55,13,8705,3450,13,22,3450,2777
"GTTAGGCTACCCGTTT-1","1",54,14,8580,3522,14,23,3522,2902
"GGGTATTCTAGCAAAC-1","1",55,15,8705,3594,15,22,3594,2777
"GCCCTAGCCGTCGCGA-1","1",54,16,8580,3667,16,23,3667,2902
"CAGATCCTGGTTTGAA-1","1",55,17,8706,3739,17,22,3739,2776
"CTTCAGTGGTCGCCTA-1","1",54,18,8580,3811,18,23,3811,2902
"GGGCAACCGCACGTGC-1","1",55,19,8706,3883,19,22,3883,2776
"GACCCAATTATGATAC-1","1",54,20,8580,3956,20,23,3956,2902
"GAAGCTCGGACCCGTC-1","1",55,21,8706,4028,21,22,4028,2776
"CGTCGGGTCTAAGCGC-1","1",54,22,8581,4100,22,23,4100,2901
"GAGGCCCGACTCCGCA-1","1",55,23,8706,4172,23,22,4172,2776
"TTGCCATAGCCCGCTC-1","1",54,24,8581,4244,24,23,4244,2901
"TAACATACACGCGATC-1","1",55,25,8707,4316,25,22,4316,2775
"CCGACGGGCATGAGGT-1","1",54,26,8581,4389,26,23,4389,2901
"AATGTGCCCGAGGTGT-1","1",55,27,8707,4461,27,22,4461,2775
"AGCTGTAACCTCAATC-1","1",54,28,8581,4533,28,23,4533,2901
"CGAGTGAAGGTACCAG-1","1",55,29,8707,4605,29,22,4605,2775
"AGTCTCACAAGACTAC-1","1",54,30,8582,4677,30,23,4677,2900
"AAATTGATAGTCCTTT-1","1",55,31,8707,4749,31,22,4749,2775
"TAAGTCGCCGAGTATC-1","1",54,32,8582,4822,32,23,4822,2900
"GCGGAGAAACTTCGCA-1","1",55,33,8708,4894,33,22,4894,2774
"GGCAAAGGCGCCAATA-1","1",54,34,8582,4966,34,23,4966,2900
"ATTTCCGGGTTCTGCG-1","1",55,35,8708,5038,35,22,5038,2774
"TAAACCCAGGAGGGCA-1","1",54,36,8582,5111,36,23,5111,2900
"TTCGGGCGCTAGTCTT-1","1",55,37,8708,5183,37,22,5183,2774
"GTGGAGTCGGCGGTTG-1","1",54,38,8582,5255,38,23,5255,2900
"GCACGCCTACTTAGAT-1","1",55,39,8708,5327,39,22,5327,2774
"CAATATTCTTGACCTA-1","1",54,40,8583,5399,40,23,5399,2899
"CGTTTGTGTAGAGGGT-1","1",55,41,8708,5471,41,22,5471,2774
"CATAGCGTTGCCCACC-1","1",54,42,8583,5544,42,23,5544,2899
"TGATACATTTAGCCGT-1","1",55,43,8709,5616,43,22,5616,2773
"TTCCGGCCTTGAGGCT-1","1",54,44,8583,5688,44,23,5688,2899
"CCTATACCGTCCTGTC-1","1",55,45,8709,5760,45,22,5760,2773
"TCGTTGCTATCCGGTC-1","1",54,46,8583,5832,46,23,5832,2899
"TGGCGACTGCTCCAAA-1","1",55,47,8709,5904,47,22,5904,2773
"CAGAGGCGATGCATGA-1","1",54,48,8584,5977,48,23,5977,2898
"TCACAGGAGAATAAGA-1","1",55,49,8709,6049,49,22,6049,2773
"GGGTTAACATTTGAGT-1","1",54,50,8584,6121,50,23,6121,2898
"GCGGGCGAGCCTTACC-1","1",55,51,8710,6193,51,22,6193,2772
"TGCCAATGGGTACTCT-1","1",54,52,8584,6266,52,23,6266,2898
"AGGGACTCTACGCGAC-1","1",55,53,8710,6338,53,22,6338,2772
"GACGCCGTAAAGGCTA-1","1",54,54,8584,6410,54,23,6410,2898
"AAAGGCTCTCGCGCCG-1","1",55,55,8710,6482,55,22,6482,2772
"CTGGCTGGTTGTCAGT-1","1",54,56,8585,6554,56,23,6554,2897
"ACATCCCGGCCATACG-1","1",55,57,8710,6626,57,22,6626,2772
"CTCTTGTCCCGCTTGG-1","1",54,58,8585,6699,58,23,6699,2897
"TACGCCTCCATTCCGA-1","1",55,59,8711,6771,59,22,6771,2771
"CGGAGCAATTTAATCG-1","1",54,60,8585,6843,60,23,6843,2897
"AACTAGGCTTGGGTGT-1","1",55,61,8711,6915,61,22,6915,2771
"GCGTCGCCAGGGTGAT-1","1",54,62,8585,6987,62,23,6987,2897
"GTTGGTCATGCTATCC-1","1",55,63,8711,7059,63,22,7059,2771
"GCTGGCGGCGCATGCT-1","1",54,64,8585,7132,64,23,7132,2897
"TGAGCGGAAAGTGTTC-1","1",55,65,8711,7204,65,22,7204,2771
"CTTTCTGTGCGGGCTT-1","1",54,66,8586,7276,66,23,7276,2896
"ATCTAATATCCTACGG-1","1",55,67,8711,7348,67,22,7348,2771
"AACCTTTAAATACGGT-1","1",54,68,8586,7421,68,23,7421,2896
"TTCACTCGAGCACCTA-1","1",55,69,8712,7493,69,22,7493,2770
"CTGCACTCCAGTACAG-1","1",54,70,8586,7565,70,23,7565,2896
"CCATTTCTACCTATTA-1","1",55,71,8712,7637,71,22,7637,2770
"CAAGCGGCACATAATT-1","1",54,72,8586,7709,72,23,7709,2896
"GTTAACATCACTTAAA-1","1",55,73,8712,7781,73,22,7781,2770
"ATATAAATGTAGCTGC-1","1",54,74,8587,7854,74,23,7854,2895
"GCCTCTATACATAGCA-1","1",55,75,8712,7926,75,22,7926,2770
"GTGTCGTATAGCGTTC-1","1",54,76,8587,7998,76,23,7998,2895
"ATACGTACTTAGCCAC-1","1",55,77,8713,8070,77,22,8070,2769
"GCTATCATACTCATGG-1","1",54,78,8587,8143,78,23,8143,2895
"TATCCAATTGGTTATC-1","1",55,79,8713,8215,79,22,8215,2769
"TCTCCCTGGGCAGCGT-1","1",54,80,8587,8287,80,23,8287,2895
"CCTATAATGAGTGCCC-1","1",55,81,8713,8359,81,22,8359,2769
"CAATGCGAGAAGTATC-1","1",54,82,8588,8431,82,23,8431,2894
"TACCAATAAAGTACCA-1","1",55,83,8713,8503,83,22,8503,2769
"GCTAGGCACCACGGAG-1","1",54,84,8588,8576,84,23,8576,2894
"GGTGGACTGCTCTGGC-1","1",55,85,8713,8648,85,22,8648,2769
"TATTCCGAGCTGTTAT-1","1",54,86,8588,8720,86,23,8720,2894
"TTGAGAAGTTTAGCAT-1","1",55,87,8714,8792,87,22,8792,2768
"GTCCGGACCTGAAATT-1","1",54,88,8588,8864,88,23,8864,2894
"CTGTGGTCGGGAGATA-1","1",55,89,8714,8936,89,22,8936,2768
"CATGTAAGAGACATTT-1","1",54,90,8588,9009,90,23,9009,2894
"CACGTTTCGTACACAC-1","1",55,91,8714,9081,91,22,9081,2768
"CATCCTCTCAAAGATC-1","1",54,92,8589,9153,92,23,9153,2893
"GATTAACCGAAAGCCC-1","1",55,93,8714,9225,93,22,9225,2768
"AACGCTGTTGCTGAAA-1","1",54,94,8589,9298,94,23,9298,2893
"TTCAGCTGGCGTGCCC-1","1",55,95,8715,9370,95,22,9370,2767
"TAGAGGTTCTACTTGT-1","1",54,96,8589,9442,96,23,9442,2893
"GTATCAAACGTTAGCT-1","1",55,97,8715,9514,97,22,9514,2767
"AATCATGTAAAGACTC-1","1",54,98,8589,9586,98,23,9586,2893
"AGTCACTAGCTCTCGA-1","1",55,99,8715,9658,99,22,9658,2767
"GCGAAACGATCGGGAG-1","1",54,100,8590,9731,100,23,9731,2892
"CATGGATTGTCTTCCG-1","1",55,101,8715,9803,101,22,9803,2767
"ATTGGATTACAGCGTA-1","1",54,102,8590,9875,102,23,9875,2892
"CACACACGCTAACGAG-1","1",55,103,8716,9947,103,22,9947,2766
"CTATGGGAAGCGGAAT-1","1",54,104,8590,10019,104,23,10019,2892
"TGCCTAATTGAAGATT-1","1",55,105,8716,10091,105,22,10091,2766
"TGGCAATGGGACGGCG-1","1",54,106,8590,10164,106,23,10164,2892
"ACCTCCGCCCTCGCTG-1","0",55,107,8716,10236,107,22,10236,2766
"CGGCAATAAGATCGCC-1","0",54,108,8590,10308,108,23,10308,2892
"CCTTGACCACTTTATT-1","1",55,109,8716,10380,109,22,10380,2766
"TCATTTAGAAGTGTGA-1","0",54,110,8591,10453,110,23,10453,2891
"CAGAATAACACACGGA-1","0",55,111,8716,10525,111,22,10525,2766
"TCTGAGCAATTGACTG-1","0",54,112,8591,10597,112,23,10597,2891
"CAACGTGGTGGAGTCT-1","0",55,113,8717,10669,113,22,10669,2765
"CACAGTTCGCTTCCCA-1","0",54,114,8591,10741,114,23,10741,2891
"TCTCTCGCCGCACATA-1","0",55,115,8717,10813,115,22,10813,2765
"TGGGCAGGCCACCGCA-1","0",54,116,8591,10886,116,23,10886,2891
"CTCCTGTTCAAGGCAG-1","0",55,117,8717,10958,117,22,10958,2765
"TATTTGATTTGCACAG-1","0",54,118,8592,11030,118,23,11030,2890
"GCCACTCCTTACGGTA-1","0",55,119,8717,11102,119,22,11102,2765
"ACCGATATTTAATCAT-1","0",54,120,8592,11175,120,23,11175,2890
"TTATTATCTGGAAGGC-1","0",55,121,8718,11247,121,22,11247,2764
"TACATGCCGGAATTGT-1","0",54,122,8592,11319,122,23,11319,2890
"GGCACTCAGCCGACCC-1","0",55,123,8718,11391,123,22,11391,2764
"AAACCGGAAATGTTAA-1","0",54,124,8592,11463,124,23,11463,2890
"AGACAGGCATCTCAGC-1","0",55,125,8718,11535,125,22,11535,2764
"GTGGTGATGGTTTGTG-1","0",54,126,8593,11608,126,23,11608,2889
"CCGATATGACGTAAGG-1","0",55,127,8718,11680,127,22,11680,2764
"CATACACAAAGTCAGC-1","1",56,0,8829,2511,0,21,2511,2653
"TGCCGTTCTTAATCGG-1","1",57,1,8955,2583,1,20,2583,2527
"TCGAGTCTACGATTCG-1","1",56,2,8830,2656,2,21,2656,2652
"ACTTCCAGTGGAAGCT-1","1",57,3,8955,2728,3,20,2728,2527
"CAATTGGGCCGCACTC-1","1",56,4,8830,2800,4,21,2800,2652
"AAATCGCGGAAGGAGT-1","1",57,5,8956,2872,5,20,2872,2526
"ATATCAATTCCAGCCT-1","1",56,6,8830,2944,6,21,2944,2652
"CTTTGTCGAATGCTCC-1","1",57,7,8956,3016,7,20,3016,2526
"TGAGGCATGTACTGTG-1","1",56,8,8830,3089,8,21,3089,2652
"TTCGCCGCTCGCGCTA-1","1",57,9,8956,3161,9,20,3161,2526
"GACTCCTTCCAATTGA-1","1",56,10,8831,3233,10,21,3233,2651
"ACCGAAGAGTCTGGTT-1","1",57,11,8956,3305,11,20,3305,2526
"TGGCATGAAGTTTGGG-1","1",56,12,8831,3378,12,21,3378,2651
"ACGAGGTTTACAACGT-1","1",57,13,8956,3450,13,20,3450,2526
"AACCCATCCCATGATC-1","1",56,14,8831,3522,14,21,3522,2651
"TCGACAACTGAACCCG-1","1",57,15,8957,3594,15,20,3594,2525
"TATCTTGCAATACAAC-1","1",56,16,8831,3666,16,21,3666,2651
"TATTATGTTTGCCTGC-1","1",57,17,8957,3738,17,20,3738,2525
"GTCAAAGAAGTGGTGT-1","1",56,18,8831,3811,18,21,3811,2651
"GGGACAGAGTTACTCC-1","1",57,19,8957,3883,19,20,3883,2525
"AGCAACCGAAAGTAAT-1","1",56,20,8832,3955,20,21,3955,2650
"CTCTCTAACTGCCTAG-1","1",57,21,8957,4027,21,20,4027,2525
"ATACGGAACGTCGTTT-1","1",56,22,8832,4099,22,21,4099,2650
"TCGGTCCCGACAATAG-1","1",57,23,8958,4171,23,20,4171,2524
"CGCGCAAATGTCCAGA-1","1",56,24,8832,4244,24,21,4244,2650
"TCTAATACTGCCTCAG-1","1",57,25,8958,4316,25,20,4316,2524
"CTCGGTTGTCGGCCCT-1","1",56,26,8832,4388,26,21,4388,2650
"GGTAACCGGGAGGATA-1","1",57,27,8958,4460,27,20,4460,2524
"CAGGCGCACGGTGGTC-1","1",56,28,8833,4533,28,21,4533,2649
"TCATCGATGGTCCCAA-1","1",57,29,8958,4605,29,20,4605,2524
"CAAAGATTATTGGGCC-1","1",56,30,8833,4677,30,21,4677,2649
"ACAATGAATACGGAGA-1","1",57,31,8959,4749,31,20,4749,2523
"GCTCCTGACATACTGG-1","1",56,32,8833,4821,32,21,4821,2649
"GATGACAAGTAGGGCA-1","1",57,33,8959,4893,33,20,4893,2523
"TACGCCGAGGGTACCC-1","1",56,34,8833,4966,34,21,4966,2649
"AAGCGTCCCTCATCGA-1","1",57,35,8959,5038,35,20,5038,2523
"CACTCCTATGTAAGAT-1","1",56,36,8833,5110,36,21,5110,2649
"TCGAGCCAGGCAGGCC-1","1",57,37,8959,5182,37,20,5182,2523
"TCGTCAAGTACGCGCA-1","1",56,38,8834,5255,38,21,5255,2648
"CCCGTAGCTGGGAAGA-1","1",57,39,8959,5327,39,20,5327,2523
"ACCCTATGCCATATCG-1","1",56,40,8834,5399,40,21,5399,2648
"GTGGTATAGTCTGCCG-1","1",57,41,8960,5471,41,20,5471,2522
"CCGGTTTGTAATTGTG-1","1",56,42,8834,5543,42,21,5543,2648
"GTCGCCGTTGTGTGTT-1","1",57,43,8960,5615,43,20,5615,2522
"TACTGAACAGATTTAG-1","1",56,44,8834,5688,44,21,5688,2648
"TATTAACCTGACCGCG-1","1",57,45,8960,5760,45,20,5760,2522
"CTGTAGCCATCTCACT-1","1",56,46,8835,5832,46,21,5832,2647
"TACTATGGTTCCTCAG-1","1",57,47,8960,5904,47,20,5904,2522
"GAGTCAGACCAGAATC-1","1",56,48,8835,5976,48,21,5976,2647
"TAAGGCATAACATCAA-1","1",57,49,8961,6048,49,20,6048,2521
"CTTCCGCTCCGTGAAG-1","1",56,50,8835,6121,50,21,6121,2647
"GGGCTATGATCGATGG-1","1",57,51,8961,6193,51,20,6193,2521
"GGTCGGTCGTCCACAG-1","1",56,52,8835,6265,52,21,6265,2647
"GGGACCCGTATATCTT-1","1",57,53,8961,6337,53,20,6337,2521
"GAAAGCAGTGCACTTT-1","1",56,54,8836,6410,54,21,6410,2646
"AGCGCATAATGAATCG-1","1",57,55,8961,6482,55,20,6482,2521
"GCTGCTAAGTAGTCGA-1","1",56,56,8836,6554,56,21,6554,2646
"AATAGTCCGTCCCGAC-1","1",57,57,8962,6626,57,20,6626,2520
"AGCAGCCAGATGAATA-1","1",56,58,8836,6698,58,21,6698,2646
"CCTCGCGCTGTGCGAT-1","1",57,59,8962,6770,59,20,6770,2520
"TTGTGTATGCCACCAA-1","1",56,60,8836,6843,60,21,6843,2646
"TGCTCGGCGAAACCCA-1","1",57,61,8962,6915,61,20,6915,2520
"CGATTAAATATCTCCT-1","1",56,62,8836,6987,62,21,6987,2646
"TGCCGTGGATCGTCCT-1","1",57,63,8962,7059,63,20,7059,2520
"GTGGACGCATTTGTCC-1","1",56,64,8837,7131,64,21,7131,2645
"ACCCGGAAACTCCCAG-1","1",57,65,8962,7203,65,20,7203,2520
"CCGCATGTGGTACGAT-1","1",56,66,8837,7276,66,21,7276,2645
"GCAAACCTTGGCCATA-1","1",57,67,8963,7348,67,20,7348,2519
"ATTCACTGATGTTGGA-1","1",56,68,8837,7420,68,21,7420,2645
"ACTCCCTAATGCTAAA-1","1",57,69,8963,7492,69,20,7492,2519
"TCCTAAATTGGGAAGC-1","1",56,70,8837,7565,70,21,7565,2645
"GAACAGATTACTAAAT-1","1",57,71,8963,7637,71,20,7637,2519
"ATACAGGCCCTCCAAT-1","1",56,72,8838,7709,72,21,7709,2644
"CGATTCGCCTGGCTGC-1","1",57,73,8963,7781,73,20,7781,2519
"TCCGCCTGTCTACAAG-1","1",56,74,8838,7853,74,21,7853,2644
"CACATCTCACCGACGA-1","1",57,75,8964,7925,75,20,7925,2518
"CGTCGTCCTTCGCGAA-1","1",56,76,8838,7998,76,21,7998,2644
"CGTTGAATACCGCGCT-1","1",57,77,8964,8070,77,20,8070,2518
"ACCAATATGCAAGTTA-1","1",56,78,8838,8142,78,21,8142,2644
"ACGGATGGTGCGGATA-1","1",57,79,8964,8214,79,20,8214,2518
"CACCCTAACAAGATCT-1","1",56,80,8839,8287,80,21,8287,2643
"AAGCTCTTTCATGGTG-1","1",57,81,8964,8359,81,20,8359,2518
"CATGGGTATGCCTTAT-1","1",56,82,8839,8431,82,21,8431,2643
"GCGCGTCATTGGTACA-1","1",57,83,8964,8503,83,20,8503,2518
"TCTGAAGCACGTGGTC-1","1",56,84,8839,8575,84,21,8575,2643
"AAGTTCACTCCAAGCT-1","1",57,85,8965,8647,85,20,8647,2517
"TTGGACCTATAACAGT-1","1",56,86,8839,8720,86,21,8720,2643
"ATCAGCCTCATGCTGC-1","1",57,87,8965,8792,87,20,8792,2517
"AGTACTCTTATGCCCA-1","1",56,88,8839,8864,88,21,8864,2643
"GCGCTTAAATAATTGG-1","1",57,89,8965,8936,89,20,8936,2517
"TTGTGAACCTAATCCG-1","1",56,90,8840,9008,90,21,9008,2642
"AGTCGTCGACCACCAA-1","1",57,91,8965,9080,91,20,9080,2517
"TCCTTTAAATCCGCTT-1","1",56,92,8840,9153,92,21,9153,2642
"ACTGAAACGCCGTTAG-1","1",57,93,8966,9225,93,20,9225,2516
"GCACACACTGGTAGCC-1","1",56,94,8840,9297,94,21,9297,2642
"TAAGGGCCTGTCCGAT-1","1",57,95,8966,9369,95,20,9369,2516
"GCTAGAGTAGAGATGT-1","1",56,96,8840,9442,96,21,9442,2642
"CACAGGGCCATATAGT-1","1",57,97,8966,9514,97,20,9514,2516
"CCATGCCCTAGATTTC-1","1",56,98,8841,9586,98,21,9586,2641
"TCGCGTAGCAGTGTCC-1","1",57,99,8966,9658,99,20,9658,2516
"GACGAGGCTAATAAAC-1","1",56,100,8841,9730,100,21,9730,2641
"CTACACTCGCAGATGG-1","1",57,101,8967,9802,101,20,9802,2515
"ACGCATACGTTTACTA-1","1",56,102,8841,9875,102,21,9875,2641
"GGAGCAACATTTCAAG-1","1",57,103,8967,9947,103,20,9947,2515
"CGAGAGGGTAGCCGCG-1","1",56,104,8841,10019,104,21,10019,2641
"TCGTGTTCGACCACAA-1","1",57,105,8967,10091,105,20,10091,2515
"TCTACCCAATAGAGAG-1","1",56,106,8841,10163,106,21,10163,2641
"ATAAACGTTGCACCAC-1","1",57,107,8967,10235,107,20,10235,2515
"TCAACTGCAGAGTCAG-1","1",56,108,8842,10308,108,21,10308,2640
"AGCTCCATATATGTTC-1","0",57,109,8967,10380,109,20,10380,2515
"GTAACATCTAAGATAA-1","1",56,110,8842,10452,110,21,10452,2640
"CCGACAATAGGCCGCC-1","0",57,111,8968,10524,111,20,10524,2514
"ATGCTTAGGAGTTGAT-1","0",56,112,8842,10597,112,21,10597,2640
"AACCCGAGCAGAATCG-1","0",57,113,8968,10669,113,20,10669,2514
"CGGGTTTGTTAGGGCT-1","0",56,114,8842,10741,114,21,10741,2640
"AGGCACGTGACTGTCC-1","0",57,115,8968,10813,115,20,10813,2514
"GACAAGAGATGAGATT-1","0",56,116,8843,10885,116,21,10885,2639
"AGCCCTTGGACATCCC-1","0",57,117,8968,10957,117,20,10957,2514
"GCAGTTCGATCCGAGC-1","0",56,118,8843,11030,118,21,11030,2639
"TCGAGGGCAACAGACG-1","0",57,119,8969,11102,119,20,11102,2513
"ACTTTGTCGACGCACT-1","0",56,120,8843,11174,120,21,11174,2639
"GAGTATCAAAGTTACA-1","0",57,121,8969,11246,121,20,11246,2513
"CCAGGCTGGCGTCTGA-1","0",56,122,8843,11318,122,21,11318,2639
"GGACTCTTCCGGTTGA-1","0",57,123,8969,11390,123,20,11390,2513
"TCCCAGCACACGACAT-1","0",56,124,8844,11463,124,21,11463,2638
"GCTCCATGAGTGCAGA-1","0",57,125,8969,11535,125,20,11535,2513
"GCAGTGCGGGCGGATG-1","0",56,126,8844,11607,126,21,11607,2638
"GCGTTCTGACTAAGCG-1","0",57,127,8969,11679,127,20,11679,2513
"ATTTGGAGATTGCGGT-1","1",58,0,9081,2511,0,19,2511,2401
"AAGGGTTTGATTTCAG-1","1",59,1,9206,2583,1,18,2583,2276
"CCGGCCGCGAGCATAT-1","1",58,2,9081,2655,2,19,2655,2401
"GAGTTCTGTGGGTGCT-1","1",59,3,9207,2727,3,18,2727,2275
"AAACGAAGATGGAGTA-1","1",58,4,9081,2800,4,19,2800,2401
"AATTACGAGACCCATC-1","1",59,5,9207,2872,5,18,2872,2275
"CCTTTGAATTATGGCT-1","1",58,6,9081,2944,6,19,2944,2401
"CATGGTATTAGTTTGT-1","1",59,7,9207,3016,7,18,3016,2275
"AACGAAAGTCGTCCCA-1","1",58,8,9082,3088,8,19,3088,2400
"ACATAAGTCGTGGTGA-1","1",59,9,9207,3160,9,18,3160,2275
"GCACAACCTCGGGCGT-1","1",58,10,9082,3233,10,19,3233,2400
"ATGCACGCGCTGTTCA-1","1",59,11,9207,3305,11,18,3305,2275
"CGATGTTGTTATCTAC-1","1",58,12,9082,3377,12,19,3377,2400
"GTCTCCTGCCAGTATG-1","1",59,13,9208,3449,13,18,3449,2274
"GATGCCTTCTGCGGCA-1","1",58,14,9082,3522,14,19,3522,2400
"ACCGGTCAGGTACACC-1","1",59,15,9208,3594,15,18,3594,2274
"GTGGAGCGTTTACCGA-1","1",58,16,9082,3666,16,19,3666,2400
"AGGCGGTTTGTCCCGC-1","1",59,17,9208,3738,17,18,3738,2274
"TCCCTGGCGTATTAAC-1","1",58,18,9083,3810,18,19,3810,2399
"AAACACCAATAACTGC-1","1",59,19,9208,3882,19,18,3882,2274
"TGGACGCAATCCAGCC-1","1",58,20,9083,3955,20,19,3955,2399
"GGAACCTTGACTCTGC-1","1",59,21,9209,4027,21,18,4027,2273
"GTATCTCAGTCTTGAC-1","1",58,22,9083,4099,22,19,4099,2399
"GCTGAATCTTCCAATC-1","1",59,23,9209,4171,23,18,4171,2273
"AGATGCAAGACGTGCA-1","1",58,24,9083,4243,24,19,4243,2399
"TTAAGGCCCGTACTTT-1","1",59,25,9209,4315,25,18,4315,2273
"AGTATGCTGGAGACCA-1","1",58,26,9084,4388,26,19,4388,2398
"GCGGCAAAGTATTGCC-1","1",59,27,9209,4460,27,18,4460,2273
"GCGCAAATATATTCAA-1","1",58,28,9084,4532,28,19,4532,2398
"GAAGAAACGATATTGT-1","1",59,29,9210,4604,29,18,4604,2272
"GGACCTCTAGGCCGCC-1","1",58,30,9084,4677,30,19,4677,2398
"AACAGCTGTGTGGCAA-1","1",59,31,9210,4749,31,18,4749,2272
"TCGAATATCCCGCAGG-1","1",58,32,9084,4821,32,19,4821,2398
"GCGACCCAACCATCTG-1","1",59,33,9210,4893,33,18,4893,2272
"AGAGAAGGAGTACAAT-1","1",58,34,9084,4965,34,19,4965,2398
"GGCTCCTCCACCTGTT-1","1",59,35,9210,5037,35,18,5037,2272
"TCAGTGTATACGTCAT-1","1",58,36,9085,5110,36,19,5110,2397
"ATTATTATGTCCGTCA-1","1",59,37,9210,5182,37,18,5182,2272
"TTAGGTCATAACCGAC-1","1",58,38,9085,5254,38,19,5254,2397
"AAGATGGCACCGGACC-1","1",59,39,9211,5326,39,18,5326,2271
"CTACAAGAAATAACCC-1","1",58,40,9085,5399,40,19,5399,2397
"ACTATTTCCGGGCCCA-1","1",59,41,9211,5471,41,18,5471,2271
"TTGTTTCACATCCAGG-1","1",58,42,9085,5543,42,19,5543,2397
"CGCTGTGTGGATGTTG-1","1",59,43,9211,5615,43,18,5615,2271
"TCAACATAGCGCCCTA-1","1",58,44,9086,5687,44,19,5687,2396
"GGCCGTTTGGGTTTCA-1","1",59,45,9211,5759,45,18,5759,2271
"TACTCTTTCGTCTTCA-1","1",58,46,9086,5832,46,19,5832,2396
"TTCGCGCGCCATACGA-1","1",59,47,9212,5904,47,18,5904,2270
"CGGAAAGAATCAAACG-1","1",58,48,9086,5976,48,19,5976,2396
"AGGCAGGGAGCGTACT-1","1",59,49,9212,6048,49,18,6048,2270
"CCTTTAAGGGAGCACT-1","1",58,50,9086,6120,50,19,6120,2396
"CGCCCAGCACGCCTAG-1","1",59,51,9212,6192,51,18,6192,2270
"AGTATTTGGCACGACC-1","1",58,52,9087,6265,52,19,6265,2395
"TATCCGCACCGTCGGG-1","1",59,53,9212,6337,53,18,6337,2270
"ACCCGTGTCATCAGTA-1","1",58,54,9087,6409,54,19,6409,2395
"CAACTGCTCATCCGAT-1","1",59,55,9212,6481,55,18,6481,2270
"CCGGAGCGTACTTTCT-1","1",58,56,9087,6554,56,19,6554,2395
"TACCGTAGGTTAACTA-1","1",59,57,9213,6626,57,18,6626,2269
"TGAGGAGTGCCAGCTT-1","1",58,58,9087,6698,58,19,6698,2395
"CCAGTCTTGTCATAGA-1","1",59,59,9213,6770,59,18,6770,2269
"GGGCAGAGCAATCGTT-1","1",58,60,9087,6842,60,19,6842,2395
"TACCAAATAGCCCAGA-1","1",59,61,9213,6914,61,18,6914,2269
"TACCTACTCCCAGTAT-1","1",58,62,9088,6987,62,19,6987,2394
"TGTGAGACTAGCCCAA-1","1",59,63,9213,7059,63,18,7059,2269
"ATACCTAACCAAGAAA-1","1",58,64,9088,7131,64,19,7131,2394
"GTCGGGAAGCAGAAAC-1","1",59,65,9214,7203,65,18,7203,2268
"AATTAACGGATTTCCA-1","1",58,66,9088,7275,66,19,7275,2394
"GAACCCTCTGTGTTCT-1","1",59,67,9214,7347,67,18,7347,2268
"ATATAAAGCGCTCGTG-1","1",58,68,9088,7420,68,19,7420,2394
"CCTGGTCGAATGTGGG-1","1",59,69,9214,7492,69,18,7492,2268
"CTAGGTTCGGACGTGA-1","1",58,70,9089,7564,70,19,7564,2393
"TCGGGAGACAGCGTAC-1","1",59,71,9214,7636,71,18,7636,2268
"CATAAGAAGCTTGGCT-1","1",58,72,9089,7709,72,19,7709,2393
"AAGCACCCTGCGTATC-1","1",59,73,9215,7781,73,18,7781,2267
"AGTTTGCACCTGCCTC-1","1",58,74,9089,7853,74,19,7853,2393
"GACTGCAAATCGAGCT-1","1",59,75,9215,7925,75,18,7925,2267
"GTGTATATCAGCGGGC-1","1",58,76,9089,7997,76,19,7997,2393
"CTTCAACTCCACTTGG-1","1",59,77,9215,8069,77,18,8069,2267
"ACTTACGCATCCACGC-1","1",58,78,9090,8142,78,19,8142,2392
"CATGAGATGCACTCTC-1","1",59,79,9215,8214,79,18,8214,2267
"GAGCACCTGTGTCCAG-1","1",58,80,9090,8286,80,19,8286,2392
"CGCGACCGCGACAGAT-1","1",59,81,9215,8358,81,18,8358,2267
"GTCCCGCGACGTTATG-1","1",58,82,9090,8430,82,19,8430,2392
"GCAGTGTGGCTATAGG-1","1",59,83,9216,8502,83,18,8502,2266
"ATACTGCCTTACACCG-1","1",58,84,9090,8575,84,19,8575,2392
"TACAGAAACGGTGGGC-1","1",59,85,9216,8647,85,18,8647,2266
"GGCGCGGAGATCTTTC-1","1",58,86,9090,8719,86,19,8719,2392
"CGTTAATGTCCCGACG-1","1",59,87,9216,8791,87,18,8791,2266
"GCTAACTGAAGTCTGA-1","1",58,88,9091,8864,88,19,8864,2391
"AGTGATAACCTGCGCG-1","1",59,89,9216,8936,89,18,8936,2266
"TATGATCTTCTCTTTA-1","1",58,90,9091,9008,90,19,9008,2391
"TGTACCTACACGAGGG-1","1",59,91,9217,9080,91,18,9080,2265
"ATATCGTTCCTCGAAC-1","1",58,92,9091,9152,92,19,9152,2391
"CGGCGCCATCAATCCC-1","1",59,93,9217,9224,93,18,9224,2265
"CCTGTTTGAAGACACG-1","1",58,94,9091,9297,94,19,9297,2391
"GCCACTCAGAGCGCGA-1","1",59,95,9217,9369,95,18,9369,2265
"TCGGCTTGTATCGACG-1","1",58,96,9092,9441,96,19,9441,2390
"TAGATGGTTCCTTACT-1","1",59,97,9217,9513,97,18,9513,2265
"ATCGTTAGCTAGCGGA-1","1",58,98,9092,9586,98,19,9586,2390
"ACAGCGACATTCTCAT-1","1",59,99,9218,9658,99,18,9658,2264
"ATTCAACCATTTAAGG-1","1",58,100,9092,9730,100,19,9730,2390
"CACTCTTCTGCTAGCC-1","1",59,101,9218,9802,101,18,9802,2264
"CTAACTGATAATCGCC-1","1",58,102,9092,9874,102,19,9874,2390
"TGATGTCAATTAAGTG-1","1",59,103,9218,9946,103,18,9946,2264
"CGCCGTTCAGCATAGT-1","1",58,104,9092,10019,104,19,10019,2390
"ATACTACCCGTACCAC-1","1",59,105,9218,10091,105,18,10091,2264
"CCACTGTTTGGATTAA-1","1",58,106,9093,10163,106,19,10163,2389
"CACTACGGGAGCTGCC-1","0",59,107,9218,10235,107,18,10235,2264
"GACCAAACGTTGACTG-1","0",58,108,9093,10307,108,19,10307,2389
"AAGAGGCCCTTTGGAA-1","0",59,109,9219,10379,109,18,10379,2263
"ACACGTAGGCCACAAG-1","0",58,110,9093,10452,110,19,10452,2389
"TACTCTTACTTTACTG-1","0",59,111,9219,10524,111,18,10524,2263
"AGAGCCGCCGAGATTT-1","0",58,112,9093,10596,112,19,10596,2389
"GGCCTGCTTCTCCCGA-1","0",59,113,9219,10668,113,18,10668,2263
"TCAAGCGCGGACGGTA-1","0",58,114,9094,10741,114,19,10741,2388
"ACACTGGGACAGTCGT-1","0",59,115,9219,10813,115,18,10813,2263
"TGTGTAGTAGCACGTG-1","0",58,116,9094,10885,116,19,10885,2388
"CTAGCCACAGGCGAGC-1","0",59,117,9220,10957,117,18,10957,2262
"CTATCGCGTAGAGAAC-1","0",58,118,9094,11029,118,19,11029,2388
"GTTCCCGTAAACATAT-1","0",59,119,9220,11101,119,18,11101,2262
"TCTTTCCTTCGAGATA-1","0",58,120,9094,11174,120,19,11174,2388
"ATATTGGAGAGGCCTT-1","0",59,121,9220,11246,121,18,11246,2262
"AGGCGATAACTGGCGT-1","0",58,122,9095,11318,122,19,11318,2387
"ACCCGGAGCACCACAA-1","0",59,123,9220,11390,123,18,11390,2262
"TGAGCTCAACTGTATA-1","0",58,124,9095,11462,124,19,11462,2387
"ACGACCCATGAGTTGC-1","0",59,125,9220,11534,125,18,11534,2262
"CGGTCAGTCCATATTT-1","0",58,126,9095,11607,126,19,11607,2387
"TCCGGCTGTCGGGTCG-1","0",59,127,9221,11679,127,18,11679,2261
"ATTCCCGAAGGTACAG-1","0",60,0,9332,2511,0,17,2511,2150
"CTAACAGCACAATAAC-1","1",61,1,9458,2583,1,16,2583,2024
"TTGTGCGGAAGCGGAT-1","1",60,2,9332,2655,2,17,2655,2150
"GGGCACTATTGACCAT-1","1",61,3,9458,2727,3,16,2727,2024
"CCATAGAGGCTGCCAG-1","1",60,4,9332,2799,4,17,2799,2150
"CCGAAGCATTGACCAA-1","1",61,5,9458,2871,5,16,2871,2024
"TACTGAGGGAAGAAAG-1","1",60,6,9333,2944,6,17,2944,2149
"TATGTAGAAACCCGGC-1","1",61,7,9458,3016,7,16,3016,2024
"TGGTTAACTTACATTT-1","1",60,8,9333,3088,8,17,3088,2149
"AGAACCCTCAATTGGG-1","1",61,9,9458,3160,9,16,3160,2024
"CCTATATCGTGTCACG-1","1",60,10,9333,3232,10,17,3232,2149
"ACGGCTGGATGTAGAA-1","1",61,11,9459,3304,11,16,3304,2023
"CTCGCATTGCATAGCC-1","1",60,12,9333,3377,12,17,3377,2149
"ACTTTGGTCGTGCTCC-1","1",61,13,9459,3449,13,16,3449,2023
"GCTGGTTTAGGCCATA-1","1",60,14,9333,3521,14,17,3521,2149
"TGTCGTTATCACATAT-1","1",61,15,9459,3593,15,16,3593,2023
"ACACATGATCAAATCT-1","1",60,16,9334,3666,16,17,3666,2148
"TATCCATCTCGGTTAG-1","1",61,17,9459,3738,17,16,3738,2023
"CTCGTCGAGGGCTCAT-1","1",60,18,9334,3810,18,17,3810,2148
"ATCAATGCCGTGGCTG-1","1",61,19,9460,3882,19,16,3882,2022
"GAAACATAGGAAACAG-1","1",60,20,9334,3954,20,17,3954,2148
"TAATAGGTCACCAGAA-1","1",61,21,9460,4026,21,16,4026,2022
"CACCAGTCAGCATGCA-1","1",60,22,9334,4099,22,17,4099,2148
"GAGCGCTGTTAGGTAA-1","1",61,23,9460,4171,23,16,4171,2022
"CCCTATGTAGAGCAGA-1","1",60,24,9335,4243,24,17,4243,2147
"GATCGCTATATCTCAG-1","1",61,25,9460,4315,25,16,4315,2022
"AAGGGACTATGCATTC-1","1",60,26,9335,4387,26,17,4387,2147
"CTCGGGTTCTCTGGCC-1","1",61,27,9461,4459,27,16,4459,2021
"TATATATCGAGAAATG-1","1",60,28,9335,4532,28,17,4532,2147
"ACCCGAGCGAAATTAC-1","1",61,29,9461,4604,29,16,4604,2021
"TTGTTTCATTAGTCTA-1","1",60,30,9335,4676,30,17,4676,2147
"ATGGGACCTGCTGAAC-1","1",61,31,9461,4748,31,16,4748,2021
"TGCGACGGCCGAACGT-1","1",60,32,9335,4821,32,17,4821,2147
"AGCTAACAAGCAATGT-1","1",61,33,9461,4893,33,16,4893,2021
"CGTGTCTCGTTACGAC-1","1",60,34,9336,4965,34,17,4965,2146
"CTAAATCCGGTGTACA-1","1",61,35,9461,5037,35,16,5037,2021
"GAATAGTGCTCGATTA-1","1",60,36,9336,5109,36,17,5109,2146
"AACAATACATTGTCGA-1","1",61,37,9462,5181,37,16,5181,2020
"CACATCGTGCACGCGC-1","1",60,38,9336,5254,38,17,5254,2146
"ACCGTGACCACGTGGG-1","1",61,39,9462,5326,39,16,5326,2020
"CCCAATGAGATTTGCA-1","1",60,40,9336,5398,40,17,5398,2146
"TCAGCAGTAGGCCCTG-1","1",61,41,9462,5470,41,16,5470,2020
"CTACTCAAGGTATAGT-1","1",60,42,9337,5543,42,17,5543,2145
"TAGTAGCTTATACCAG-1","1",61,43,9462,5614,43,16,5614,2020
"ACGTTCGTTCAGGAAA-1","1",60,44,9337,5687,44,17,5687,2145
"TTAGAATAAGGGTCGG-1","1",61,45,9463,5759,45,16,5759,2019
"TTCTAGAAAGTCTTAT-1","1",60,46,9337,5831,46,17,5831,2145
"CCTTCAGTTAAAGTGA-1","1",61,47,9463,5903,47,16,5903,2019
"TAGCTAGTGATGATGG-1","1",60,48,9337,5976,48,17,5976,2145
"AGCCCGGTAGCCTGTA-1","1",61,49,9463,6048,49,16,6048,2019
"TACCTCAGTTGTCTGT-1","1",60,50,9338,6120,50,17,6120,2144
"GACGGGTTGGCCCGTA-1","1",61,51,9463,6192,51,16,6192,2019
"GAAACCTATACAAATG-1","1",60,52,9338,6264,52,17,6264,2144
"TCCACCTCTAGCCTTT-1","1",61,53,9463,6336,53,16,6336,2019
"AAGACCCAACTGAACA-1","1",60,54,9338,6409,54,17,6409,2144
"CATACACGGTTCCCAC-1","1",61,55,9464,6481,55,16,6481,2018
"ACTACGCGTTAGAATT-1","1",60,56,9338,6553,56,17,6553,2144
"CTTGGCCAAGCTGGGA-1","1",61,57,9464,6625,57,16,6625,2018
"TTACCCTAGGGATTGG-1","1",60,58,9338,6698,58,17,6698,2144
"TTCGCACTGTACGACA-1","1",61,59,9464,6770,59,16,6770,2018
"TAGGTGTTCCACAGAT-1","1",60,60,9339,6842,60,17,6842,2143
"GAAGCCTGCACATTCC-1","1",61,61,9464,6914,61,16,6914,2018
"GGCTTTCAATAAGGGT-1","1",60,62,9339,6986,62,17,6986,2143
"TCCAGGGTATATACGA-1","1",61,63,9465,7058,63,16,7058,2017
"CTCGCCGAATGTAGGG-1","1",60,64,9339,7131,64,17,7131,2143
"AGGAAGCTGTCCGCCG-1","1",61,65,9465,7203,65,16,7203,2017
"GTCTCAAGGCCCGGCT-1","1",60,66,9339,7275,66,17,7275,2143
"ACCGACACATCTCCCA-1","1",61,67,9465,7347,67,16,7347,2017
"TATACGCGTCATCACT-1","1",60,68,9340,7419,68,17,7419,2142
"ATCTGGGCTGTTCTTG-1","1",61,69,9465,7491,69,16,7491,2017
"TCAAATTTGAGACTCA-1","1",60,70,9340,7564,70,17,7564,2142
"GTTAAGGGTGCGATGT-1","1",61,71,9466,7636,71,16,7636,2016
"AGCAAAGGCCGCTAGT-1","1",60,72,9340,7708,72,17,7708,2142
"TTATAGGTAATTGTCT-1","1",61,73,9466,7780,73,16,7780,2016
"TTGTGCAGCCACGTCA-1","1",60,74,9340,7853,74,17,7853,2142
"ACGGACTCTCAAAGCG-1","1",61,75,9466,7925,75,16,7925,2016
"ATGCTCTGGCGCGGTA-1","1",60,76,9341,7997,76,17,7997,2141
"ATAATCTTGGAGAACC-1","1",61,77,9466,8069,77,16,8069,2016
"CTCATTGCTCTAACAA-1","1",60,78,9341,8141,78,17,8141,2141
"TAGGTGACGATAACCT-1","1",61,79,9466,8213,79,16,8213,2016
"CGGATCCTCAAGGACT-1","1",60,80,9341,8286,80,17,8286,2141
"GGGCGTGGTTTCCCAG-1","1",61,81,9467,8358,81,16,8358,2015
"TGGCTATGTGACATAC-1","1",60,82,9341,8430,82,17,8430,2141
"CTTAGTGTAGTAGCAT-1","1",61,83,9467,8502,83,16,8502,2015
"GGATTGCTGTGACTCC-1","1",60,84,9341,8574,84,17,8574,2141
"ACTTCCATGCGGGACA-1","1",61,85,9467,8646,85,16,8646,2015
"ACTCAAGTGCAAGGCT-1","1",60,86,9342,8719,86,17,8719,2140
"ACAAGGATGCTTTAGG-1","1",61,87,9467,8791,87,16,8791,2015
"TTGAACGACGTGCTGA-1","1",60,88,9342,8863,88,17,8863,2140
"ATTCATCGTTGAGGCA-1","1",61,89,9468,8935,89,16,8935,2014
"TGCAACCCATCTGCGG-1","1",60,90,9342,9008,90,17,9008,2140
"AGTGCTAAACACAGCA-1","1",61,91,9468,9080,91,16,9080,2014
"AACTCCAGAGCGTGTT-1","1",60,92,9342,9152,92,17,9152,2140
"TCTCCACAAGTTGAAT-1","1",61,93,9468,9224,93,16,9224,2014
"CTTTGCATCGCTCTTG-1","1",60,94,9343,9296,94,17,9296,2139
"TCACAAACCGAGGTAC-1","1",61,95,9468,9368,95,16,9368,2014
"CCGTAGGAAATCCCTG-1","1",60,96,9343,9441,96,17,9441,2139
"AAACATTTCCCGGATT-1","1",61,97,9469,9513,97,16,9513,2013
"GCCTCCGACAATTCAC-1","1",60,98,9343,9585,98,17,9585,2139
"TCTGCATACCTTGCTT-1","1",61,99,9469,9657,99,16,9657,2013
"ACCCATTTGTCCCTCT-1","1",60,100,9343,9730,100,17,9730,2139
"CTGCAGAGAATCAGAG-1","1",61,101,9469,9802,101,16,9802,2013
"GGAAACTAAATGGGCC-1","1",60,102,9343,9874,102,17,9874,2139
"CAACCTACCGAGCAGT-1","1",61,103,9469,9946,103,16,9946,2013
"CCGTAGGGTTGTTTAC-1","1",60,104,9344,10018,104,17,10018,2138
"GGTTTGTGACCTGAGG-1","1",61,105,9469,10090,105,16,10090,2013
"TAACCTAGGGAGTCCA-1","1",60,106,9344,10163,106,17,10163,2138
"TTCCATCGACAGCGTG-1","0",61,107,9470,10235,107,16,10235,2012
"ATCTCCCACGGAATAT-1","0",60,108,9344,10307,108,17,10307,2138
"GTTTCAAACGAGTTGT-1","0",61,109,9470,10379,109,16,10379,2012
"GGAACTTTGGCGATTA-1","0",60,110,9344,10451,110,17,10451,2138
"CTGCAAGCACGTTCCG-1","0",61,111,9470,10523,111,16,10523,2012
"CACAGTCCCGCTTCGC-1","0",60,112,9345,10596,112,17,10596,2137
"TACGCTCGGTATTGGA-1","0",61,113,9470,10668,113,16,10668,2012
"CTGGTAAAGTGTGGGC-1","0",60,114,9345,10740,114,17,10740,2137
"CAACCAGTGGCCTACC-1","0",61,115,9471,10812,115,16,10812,2011
"TCTTCGCGGTGAGAGG-1","0",60,116,9345,10885,116,17,10885,2137
"TTCGGGTTGCCACGGG-1","0",61,117,9471,10957,117,16,10957,2011
"ACCGATAGGCATAACC-1","0",60,118,9345,11029,118,17,11029,2137
"CTTATAGATGGCTGTT-1","0",61,119,9471,11101,119,16,11101,2011
"AGACGCCCACTTCGCC-1","0",60,120,9346,11173,120,17,11173,2136
"AGGTCGCCTCCCAACA-1","0",61,121,9471,11245,121,16,11245,2011
"CCTCACGTCAGCTAAT-1","0",60,122,9346,11318,122,17,11318,2136
"CCACCTGTATGGAATA-1","0",61,123,9471,11390,123,16,11390,2011
"GGACTCGAAGCTTTCA-1","0",60,124,9346,11462,124,17,11462,2136
"AAGCCGGAGAGCAGGA-1","0",61,125,9472,11534,125,16,11534,2010
"GCCTATCAGGTAAGAT-1","0",60,126,9346,11606,126,17,11606,2136
"TCAGAGTGTGAGCATG-1","0",61,127,9472,11678,127,16,11678,2010
"AAACATGGTGAGAGGA-1","0",62,0,9583,2510,0,15,2510,1899
"ATCATTGTACCGCATT-1","0",63,1,9709,2582,1,14,2582,1773
"TCAGCTTGAGCTTTCG-1","0",62,2,9583,2655,2,15,2655,1899
"CCGCGCAAGATACCCA-1","1",63,3,9709,2726,3,14,2726,1773
"CTATACTTAAAGCGAG-1","1",62,4,9583,2799,4,15,2799,1899
"ACCGTCCACTGGGCCC-1","1",63,5,9709,2871,5,14,2871,1773
"AAGACCAAATAACTCA-1","1",62,6,9584,2943,6,15,2943,1898
"TGTTTCTGAAGCGTGC-1","1",63,7,9709,3015,7,14,3015,1773
"TTCTCTTACAGGTGAT-1","1",62,8,9584,3088,8,15,3088,1898
"AATTCATTGTCATGCA-1","1",63,9,9710,3160,9,14,3160,1772
"GCCCGAGAGTCTAAAT-1","1",62,10,9584,3232,10,15,3232,1898
"ATATAGAGTATTGGTC-1","1",63,11,9710,3304,11,14,3304,1772
"TTGAAGGATGGGCGCC-1","1",62,12,9584,3376,12,15,3376,1898
"TAGTACCACAACTTTC-1","1",63,13,9710,3448,13,14,3448,1772
"ATCCCATCCACAGCGC-1","1",62,14,9585,3521,14,15,3521,1897
"CTTAGGTATAGACCAG-1","1",63,15,9710,3593,15,14,3593,1772
"TGACTCCGAATCATAC-1","1",62,16,9585,3665,16,15,3665,1897
"ACTACATCCCGACAAG-1","1",63,17,9711,3737,17,14,3737,1771
"TTGCCGCAGACCTACA-1","1",62,18,9585,3810,18,15,3810,1897
"TAAGAGGGACAGGGAC-1","1",63,19,9711,3882,19,14,3882,1771
"CGAATGAAGTCATTGC-1","1",62,20,9585,3954,20,15,3954,1897
"AAGGGAACGACTGGCT-1","1",63,21,9711,4026,21,14,4026,1771
"CGAATCTGCTCGACGC-1","1",62,22,9586,4098,22,15,4098,1896
"ATCGTGGAAAGTCTGG-1","1",63,23,9711,4170,23,14,4170,1771
"CCTATGGCTCCTAGTG-1","1",62,24,9586,4243,24,15,4243,1896
"CGTCGCTTGGTTATAC-1","1",63,25,9712,4315,25,14,4315,1770
"TGCTTAGAGAGAATGC-1","1",62,26,9586,4387,26,15,4387,1896
"GATTGCTCCAGTTGCA-1","1",63,27,9712,4459,27,14,4459,1770
"CGTGCTTCTACCTAAA-1","1",62,28,9586,4531,28,15,4531,1896
"ACTCCAATATCATCAT-1","1",63,29,9712,4603,29,14,4603,1770
"GCCGACCCACGACTGC-1","1",62,30,9586,4676,30,15,4676,1896
"GAGGGTAGTAACAAAG-1","1",63,31,9712,4748,31,14,4748,1770
"GGCCGAGACTCTGGTG-1","1",62,32,9587,4820,32,15,4820,1895
"TATATAGGGCTTTACG-1","1",63,33,9712,4892,33,14,4892,1770
"TGCCGGATGTACGAGC-1","1",62,34,9587,4965,34,15,4965,1895
"AGGTAGATCGAGATAT-1","1",63,35,9713,5037,35,14,5037,1769
"GATCAACATAAAGGGA-1","1",62,36,9587,5109,36,15,5109,1895
"TAACAGCGTTTGTGCT-1","1",63,37,9713,5181,37,14,5181,1769
"CTATAGGCGTTGATGT-1","1",62,38,9587,5253,38,15,5253,1895
"GGTTTAATTACCATCG-1","1",63,39,9713,5325,39,14,5325,1769
"CTCTTCTGGAAGTTAG-1","1",62,40,9588,5398,40,15,5398,1894
"ATCTGACATGGAAGGA-1","1",63,41,9713,5470,41,14,5470,1769
"TACGTACTAGTGCTGA-1","1",62,42,9588,5542,42,15,5542,1894
"ATGACTATCAGCTGTG-1","1",63,43,9714,5614,43,14,5614,1768
"CTTTGGGATTGTTGCA-1","1",62,44,9588,5686,44,15,5686,1894
"AGACTGTTACCGGGTC-1","1",63,45,9714,5758,45,14,5758,1768
"TCCTAACCGTCGGGCA-1","1",62,46,9588,5831,46,15,5831,1894
"ACGCAAACTAATAGAT-1","1",63,47,9714,5903,47,14,5903,1768
"AAGTGAGTCGGGTTTA-1","1",62,48,9589,5975,48,15,5975,1893
"TAAAGCGGTATTTCCA-1","1",63,49,9714,6047,49,14,6047,1768
"CTCCTCCAGCTCACAC-1","1",62,50,9589,6120,50,15,6120,1893
"CGGTCCGTCGCAAGCC-1","1",63,51,9714,6192,51,14,6192,1768
"CCTATATTTGTCCTGG-1","1",62,52,9589,6264,52,15,6264,1893
"TCCAATAAAGGCTACC-1","1",63,53,9715,6336,53,14,6336,1767
"AAAGGCTACGGACCAT-1","1",62,54,9589,6408,54,15,6408,1893
"CGTGACCAGTCCTCTG-1","1",63,55,9715,6480,55,14,6480,1767
"GATCTGCTATCTAAGG-1","1",62,56,9589,6553,56,15,6553,1893
"CGAATGACGCATAATG-1","1",63,57,9715,6625,57,14,6625,1767
"GCTCAATGTAATACCG-1","1",62,58,9590,6697,58,15,6697,1892
"CTATGCCCGAATGCAA-1","1",63,59,9715,6769,59,14,6769,1767
"CACAGGGCCGTTGTCA-1","1",62,60,9590,6842,60,15,6842,1892
"TCAATACGCCGTCATG-1","1",63,61,9716,6914,61,14,6914,1766
"AGCGGACACTTCGTAG-1","1",62,62,9590,6986,62,15,6986,1892
"ATACGTTATGCACGGA-1","1",63,63,9716,7058,63,14,7058,1766
"GAGTAGATACTAGTTG-1","1",62,64,9590,7130,64,15,7130,1892
"CCAGCTCGAACGCATT-1","1",63,65,9716,7202,65,14,7202,1766
"TGCTTCCCAAGCAGTA-1","1",62,66,9591,7275,66,15,7275,1891
"GTAGACACGCCTGACT-1","1",63,67,9716,7347,67,14,7347,1766
"CTCACATTTACTAAAT-1","1",62,68,9591,7419,68,15,7419,1891
"GAATGCGAATCGGTTC-1","1",63,69,9717,7491,69,14,7491,1765
"TAAGGCCCGTCACCCT-1","1",62,70,9591,7563,70,15,7563,1891
"GAGTATGCGCGTGCAT-1","1",63,71,9717,7635,71,14,7635,1765
"ATCCACATCGACAGAA-1","1",62,72,9591,7708,72,15,7708,1891
"TAGACGAAACGCCAAT-1","1",63,73,9717,7780,73,14,7780,1765
"CAGCAGTCTGTGCTGC-1","1",62,74,9591,7852,74,15,7852,1891
"CTCACTGTGATACTTA-1","1",63,75,9717,7924,75,14,7924,1765
"TTAATTGCTTTGGGTG-1","1",62,76,9592,7997,76,15,7997,1890
"GTAGTCTACGATATTG-1","1",63,77,9717,8069,77,14,8069,1765
"TTGCCGCTTTCTAGTA-1","1",62,78,9592,8141,78,15,8141,1890
"GAACCTTTAACGATCC-1","1",63,79,9718,8213,79,14,8213,1764
"TGGACCAATCTAAGAT-1","1",62,80,9592,8285,80,15,8285,1890
"CTAGTAGAAAGGGATT-1","1",63,81,9718,8357,81,14,8357,1764
"AACCTCGCTTTAGCCC-1","1",62,82,9592,8430,82,15,8430,1890
"GAGTGTCAACCAGAAA-1","1",63,83,9718,8502,83,14,8502,1764
"GTGATCCTTGTCATGA-1","0",62,84,9593,8574,84,15,8574,1889
"CTCAACTAACCCGGAT-1","1",63,85,9718,8646,85,14,8646,1764
"AGTGGCGTCTGAAGGT-1","1",62,86,9593,8718,86,15,8718,1889
"GGGAAGGGCTTTCTCA-1","1",63,87,9719,8790,87,14,8790,1763
"AGGCCTGAGAATCTCG-1","1",62,88,9593,8863,88,15,8863,1889
"AGCCACAGGTTACCCG-1","1",63,89,9719,8935,89,14,8935,1763
"TGCAATCTAACACGGT-1","1",62,90,9593,9007,90,15,9007,1889
"GTTTGGGTTTCGCCCG-1","1",63,91,9719,9079,91,14,9079,1763
"CCTATGTCCACTCCAC-1","1",62,92,9594,9152,92,15,9152,1888
"CTGCCTTTCTAGTAAA-1","1",63,93,9719,9224,93,14,9224,1763
"TTAGTAAACCTGCTCT-1","1",62,94,9594,9296,94,15,9296,1888
"TTGTGGTGGTACTAAG-1","1",63,95,9720,9368,95,14,9368,1762
"CCTCCTGTTGTGTCGT-1","1",62,96,9594,9440,96,15,9440,1888
"ACAAAGCATGACCTAG-1","1",63,97,9720,9512,97,14,9512,1762
"ATAGCAACTAGGGAAG-1","1",62,98,9594,9585,98,15,9585,1888
"CCGCTCTTCCGAACTA-1","1",63,99,9720,9657,99,14,9657,1762
"TAGAATAGCCGATGAA-1","1",62,100,9594,9729,100,15,9729,1888
"GGTCTCCGTCCAGGTT-1","0",63,101,9720,9801,101,14,9801,1762
"TAATTACGTCAGTAGA-1","0",62,102,9595,9874,102,15,9874,1887
"TACGTAAAGCGGAGTG-1","0",63,103,9720,9945,103,14,9945,1762
"GCTACAATCGAGGATA-1","1",62,104,9595,10018,104,15,10018,1887
"TCAGCCAATCCGTAAA-1","0",63,105,9721,10090,105,14,10090,1761
"ATCATAGCCCTATGTA-1","0",62,106,9595,10162,106,15,10162,1887
"GAGGCCTGTTGATACA-1","0",63,107,9721,10234,107,14,10234,1761
"ATATACGCTCGTGACG-1","0",62,108,9595,10307,108,15,10307,1887
"CCCTTTAATGGAGTTC-1","0",63,109,9721,10379,109,14,10379,1761
"TTACACGATCTGCGAC-1","0",62,110,9596,10451,110,15,10451,1886
"TCGCATAAAGGGCGCA-1","0",63,111,9721,10523,111,14,10523,1761
"TGTAGCCATCCCATTC-1","0",62,112,9596,10595,112,15,10595,1886
"GGGTCTATCGCTTTCC-1","0",63,113,9722,10667,113,14,10667,1760
"GGAGGGTCAAGTAAGA-1","0",62,114,9596,10740,114,15,10740,1886
"TACGGCATGGACGCTA-1","0",63,115,9722,10812,115,14,10812,1760
"CACGTCAATCAATGGA-1","0",62,116,9596,10884,116,15,10884,1886
"CGCTTGGACGGATAGA-1","0",63,117,9722,10956,117,14,10956,1760
"CGCGGTACGGTATACA-1","0",62,118,9597,11029,118,15,11029,1885
"CCTACTCAACACGATT-1","0",63,119,9722,11101,119,14,11101,1760
"CGTTTGGTGTTGTGGG-1","0",62,120,9597,11173,120,15,11173,1885
"GTTGTTGCAAGATGGC-1","0",63,121,9722,11245,121,14,11245,1760
"CATTCGTCGTAGCGGT-1","0",62,122,9597,11317,122,15,11317,1885
"CAGCCTCGATAGCGGT-1","0",63,123,9723,11389,123,14,11389,1759
"TCATAAGTCCAAGAAG-1","0",62,124,9597,11462,124,15,11462,1885
"AAAGTGCCATCAATTA-1","0",63,125,9723,11534,125,14,11534,1759
"GTTGCAGTCGACAACA-1","0",62,126,9597,11606,126,15,11606,1885
"TAAATGGGCTACTGAG-1","0",63,127,9723,11678,127,14,11678,1759
"GGACAAGCCATGATCG-1","0",64,0,9834,2510,0,13,2510,1648
"TCCAATGCGTCGCCGC-1","0",65,1,9960,2582,1,12,2582,1522
"AAAGAATGACCTTAGA-1","0",64,2,9834,2654,2,13,2654,1648
"CCTATTATTCCGGCCG-1","0",65,3,9960,2726,3,12,2726,1522
"CAGTAAGGGACGTCTC-1","0",64,4,9835,2798,4,13,2798,1647
"GGGATGGACCCGCGTC-1","0",65,5,9960,2870,5,12,2870,1522
"GACGCATACCCGTCGG-1","1",64,6,9835,2943,6,13,2943,1647
"GGGCAGGATTTCTGTG-1","1",65,7,9961,3015,7,12,3015,1521
"TATCTGAGCCGATATT-1","1",64,8,9835,3087,8,13,3087,1647
"AATGTATGGCACTGTA-1","1",65,9,9961,3159,9,12,3159,1521
"GCCTTTGTCAGTGGAC-1","1",64,10,9835,3232,10,13,3232,1647
"AACCATAGGGTTGAAC-1","1",65,11,9961,3304,11,12,3304,1521
"AAACTTAATTGCACGC-1","1",64,12,9836,3376,12,13,3376,1646
"TAGGCGGCTGCAAAGA-1","1",65,13,9961,3448,13,12,3448,1521
"TCCATCAATACTAATC-1","1",64,14,9836,3520,14,13,3520,1646
"ACCTCGAACTTATGCT-1","1",65,15,9962,3592,15,12,3592,1520
"ACAAACCATGCGTCCT-1","1",64,16,9836,3665,16,13,3665,1646
"ACACCGGTCTGACCGC-1","1",65,17,9962,3737,17,12,3737,1520
"ATGGCAGCATTACGAT-1","1",64,18,9836,3809,18,13,3809,1646
"CTGGTGAATGGGCCTA-1","1",65,19,9962,3881,19,12,3881,1520
"CACAGAGACGAGGACG-1","1",64,20,9837,3954,20,13,3954,1645
"GCACAAACCCTAGATG-1","1",65,21,9962,4026,21,12,4026,1520
"ACTATGTCCAGCTGCC-1","1",64,22,9837,4098,22,13,4098,1645
"AAGCCGCCGTGAAATC-1","1",65,23,9962,4170,23,12,4170,1520
"ATGGGTGTATACCTCC-1","1",64,24,9837,4242,24,13,4242,1645
"TAAGCGCGAATCAAAT-1","1",65,25,9963,4314,25,12,4314,1519
"AGCCCGGCATTAGAGG-1","1",64,26,9837,4387,26,13,4387,1645
"GTGATCAAGCGTGCAC-1","1",65,27,9963,4459,27,12,4459,1519
"CTGCCTTTAATACCTT-1","1",64,28,9837,4531,28,13,4531,1645
"TACCTCCACACCAATG-1","1",65,29,9963,4603,29,12,4603,1519
"GAGCATCAACAACTTG-1","1",64,30,9838,4675,30,13,4675,1644
"CATACGAACTAGCTGG-1","1",65,31,9963,4747,31,12,4747,1519
"GGGAACGGTTTCAGAT-1","1",64,32,9838,4820,32,13,4820,1644
"AGGGTGCCGTTCTTTA-1","1",65,33,9964,4892,33,12,4892,1518
"ACGACTGGTCATACTC-1","1",64,34,9838,4964,34,13,4964,1644
"GGATCTTACTGCCCTT-1","1",65,35,9964,5036,35,12,5036,1518
"TACTCCTCTAGTTGAC-1","1",64,36,9838,5109,36,13,5109,1644
"GTAGCTCCGGGAGGCT-1","1",65,37,9964,5181,37,12,5181,1518
"GGACTCGTGAGTGGTC-1","1",64,38,9839,5253,38,13,5253,1643
"GTAGTTCGAAGGCGAA-1","1",65,39,9964,5325,39,12,5325,1518
"CTCAAACCACTGCCCG-1","1",64,40,9839,5397,40,13,5397,1643
"GAGGGAGTCAGATCGC-1","1",65,41,9965,5469,41,12,5469,1517
"GCGTCCCTAAGACATA-1","1",64,42,9839,5542,42,13,5542,1643
"TCTCTTACCGCGAACC-1","1",65,43,9965,5614,43,12,5614,1517
"GGCTACTATACACTCC-1","1",64,44,9839,5686,44,13,5686,1643
"CGTTGCCCGCGTGGGA-1","1",65,45,9965,5758,45,12,5758,1517
"TATAGAGTCGCTTGAA-1","1",64,46,9840,5830,46,13,5830,1642
"ATGTTGTAGTCTGTTT-1","1",65,47,9965,5902,47,12,5902,1517
"AGTATACACAGCGACA-1","1",64,48,9840,5975,48,13,5975,1642
"TGTGGTTGCTAAAGCT-1","1",65,49,9965,6047,49,12,6047,1517
"TGATTCCCGGTTACCT-1","1",64,50,9840,6119,50,13,6119,1642
"CACTGACGATTGTGGA-1","1",65,51,9966,6191,51,12,6191,1516
"AACATTGTGACTCGAG-1","1",64,52,9840,6264,52,13,6264,1642
"GTCCAATATTTAGCCT-1","1",65,53,9966,6336,53,12,6336,1516
"GCTCTTTCCGCTAGTG-1","1",64,54,9840,6408,54,13,6408,1642
"GGGTCAGGAGCTAGAT-1","1",65,55,9966,6480,55,12,6480,1516
"AGGTGGTGACCTTCGC-1","1",64,56,9841,6552,56,13,6552,1641
"CCCGGGTCGTTCAGGG-1","1",65,57,9966,6624,57,12,6624,1516
"AGCCAAGCTTTGTGTC-1","1",64,58,9841,6697,58,13,6697,1641
"TGTGGCGGGCTTCTGG-1","1",65,59,9967,6769,59,12,6769,1515
"CGAGGGTATCCAGGTG-1","1",64,60,9841,6841,60,13,6841,1641
"CGTTCAGACCCGCGAA-1","1",65,61,9967,6913,61,12,6913,1515
"TCATATGAGCTTTGTT-1","1",64,62,9841,6986,62,13,6986,1641
"AGTTGACGGTCCTTGC-1","1",65,63,9967,7057,63,12,7057,1515
"ATAATTAGCTAAGTAG-1","1",64,64,9842,7130,64,13,7130,1640
"GGTCTTGAGCGCTCTT-1","1",65,65,9967,7202,65,12,7202,1515
"CGTTGTCGGCAATTGA-1","1",64,66,9842,7274,66,13,7274,1640
"TCTTGCTCCCGATACT-1","1",65,67,9968,7346,67,12,7346,1514
"AGCAGAAGGAGAAAGA-1","1",64,68,9842,7419,68,13,7419,1640
"GAAGCCACTGATTATG-1","1",65,69,9968,7491,69,12,7491,1514
"TGCTCTTGAGAGTTTG-1","1",64,70,9842,7563,70,13,7563,1640
"GACATCCGTCGAACTG-1","1",65,71,9968,7635,71,12,7635,1514
"AGATATAATACGACTA-1","1",64,72,9842,7707,72,13,7707,1640
"TCGCTACTGGCTTTGA-1","1",65,73,9968,7779,73,12,7779,1514
"GTGACAGCTTCCCACT-1","1",64,74,9843,7852,74,13,7852,1639
"GTGACGCAGGTTTCAT-1","1",65,75,9968,7924,75,12,7924,1514
"GGGAAGACGGTCTGTC-1","1",64,76,9843,7996,76,13,7996,1639
"CGTCGCATGTGAGCCA-1","1",65,77,9969,8068,77,12,8068,1513
"AGAAGGTTGTAGGTCG-1","1",64,78,9843,8141,78,13,8141,1639
"GGCCGGCGTCTGCTAT-1","1",65,79,9969,8213,79,12,8213,1513
"TTGACCAGGAACAACT-1","1",64,80,9843,8285,80,13,8285,1639
"AGTCGTATAAAGCAGA-1","1",65,81,9969,8357,81,12,8357,1513
"GGCGTAGGGAAAGCTG-1","0",64,82,9844,8429,82,13,8429,1638
"AAACCTAAGCAGCCGG-1","1",65,83,9969,8501,83,12,8501,1513
"ATTGCCTTTATGTTTG-1","1",64,84,9844,8574,84,13,8574,1638
"CAGGCAGTCTTACCAG-1","1",65,85,9970,8646,85,12,8646,1512
"AGCTAAGTACGCAGGC-1","1",64,86,9844,8718,86,13,8718,1638
"AAATCCGATACACGCC-1","1",65,87,9970,8790,87,12,8790,1512
"CGAGAGCTTTCACTAC-1","1",64,88,9844,8862,88,13,8862,1638
"CGCCCAGCGTTTCACG-1","1",65,89,9970,8934,89,12,8934,1512
"TTAAGTATTGTTATCC-1","1",64,90,9845,9007,90,13,9007,1637
"AAACGGGCGTACGGGT-1","1",65,91,9970,9079,91,12,9079,1512
"GTATCCTTTGGTAACC-1","1",64,92,9845,9151,92,13,9151,1637
"CATAGTCAAATACATA-1","1",65,93,9970,9223,93,12,9223,1512
"TCTATGCTATAACGAC-1","1",64,94,9845,9296,94,13,9296,1637
"ACGTTCTGTACAAGTC-1","1",65,95,9971,9368,95,12,9368,1511
"CGCGAAGTGGCATACT-1","1",64,96,9845,9440,96,13,9440,1637
"ACCAACCGCACTCCAC-1","1",65,97,9971,9512,97,12,9512,1511
"GTCATGCGCGAGGGCT-1","1",64,98,9845,9584,98,13,9584,1637
"TAGGCTAAAGTGGCAC-1","0",65,99,9971,9656,99,12,9656,1511
"TGGCTACACTCTACCT-1","0",64,100,9846,9729,100,13,9729,1636
"TGTCCACGGCTCAACT-1","0",65,101,9971,9801,101,12,9801,1511
"AATTGCAGCAATCGAC-1","0",64,102,9846,9873,102,13,9873,1636
"GTCAACCAGGCCTATA-1","0",65,103,9972,9945,103,12,9945,1510
"ATCTTATCGCACACCC-1","0",64,104,9846,10017,104,13,10017,1636
"GTCTATTGCATGCTCG-1","0",65,105,9972,10089,105,12,10089,1510
"GCACGTGGTTTACTTA-1","0",64,106,9846,10162,106,13,10162,1636
"ATTCGCGCCTTGAGAG-1","0",65,107,9972,10234,107,12,10234,1510
"AGCGATGCGCCTAATA-1","0",64,108,9847,10306,108,13,10306,1635
"TCTATAGGTGGGTAAT-1","0",65,109,9972,10378,109,12,10378,1510
"AGATACCAATAGAACC-1","0",64,110,9847,10451,110,13,10451,1635
"CGTGTATGGGAGCTGA-1","0",65,111,9973,10523,111,12,10523,1509
"ATGTACATGCGGTGAG-1","0",64,112,9847,10595,112,13,10595,1635
"TTGGCTCAATATGTGT-1","0",65,113,9973,10667,113,12,10667,1509
"GTTCGGAGCACTCAAC-1","0",64,114,9847,10739,114,13,10739,1635
"TCCCTCTTCTCAAGGG-1","0",65,115,9973,10811,115,12,10811,1509
"TTACGTATCTATGACA-1","0",64,116,9848,10884,116,13,10884,1634
"CCCATATAGGTCGATT-1","0",65,117,9973,10956,117,12,10956,1509
"GTCCACGTCGCATTCG-1","0",64,118,9848,11028,118,13,11028,1634
"AATTGTGGTTGCCAAA-1","0",65,119,9973,11100,119,12,11100,1509
"AGGAACGAACGACTTC-1","0",64,120,9848,11173,120,13,11173,1634
"TAATTCCAATGCTTCA-1","0",65,121,9974,11245,121,12,11245,1508
"AGGGCCCTAATGTTCT-1","0",64,122,9848,11317,122,13,11317,1634
"AGGTGTTGCCGACCAC-1","0",65,123,9974,11389,123,12,11389,1508
"CTGAGAGTAGAAATAC-1","0",64,124,9848,11461,124,13,11461,1634
"TAGAAGAAGGGTTACA-1","0",65,125,9974,11533,125,12,11533,1508
"GGTGACTGATAGAGAG-1","0",64,126,9849,11606,126,13,11606,1633
"TACCCTCGGTAACCCT-1","0",65,127,9974,11678,127,12,11678,1508
"TGTAAGACTGATAAGA-1","0",66,0,10085,2509,0,11,2509,1397
"GTCACTCATGAGCGAT-1","0",67,1,10211,2581,1,10,2581,1271
"CGGTTTACTGAACATT-1","0",66,2,10086,2654,2,11,2654,1396
"GAGATCGATCTTACTC-1","0",67,3,10211,2726,3,10,2726,1271
"TCTTTCATCCGTCCTT-1","0",66,4,10086,2798,4,11,2798,1396
"TCGGATCTGGATGACC-1","0",67,5,10212,2870,5,10,2870,1270
"GTCCTAGGATACCTTA-1","0",66,6,10086,2942,6,11,2942,1396
"TGTACCCGACCCTAAT-1","0",67,7,10212,3014,7,10,3014,1270
"AGGTTCTCCTTTCCGG-1","1",66,8,10086,3087,8,11,3087,1396
"AATTGCGTGGATTACA-1","1",67,9,10212,3159,9,10,3159,1270
"CGATAGCGATACAGTG-1","1",66,10,10087,3231,10,11,3231,1395
"CGCCCTAATTGTTCAA-1","1",67,11,10212,3303,11,10,3303,1270
"ATTATGAGACCCAATT-1","1",66,12,10087,3376,12,11,3376,1395
"CCTCCTAGCTAGAGTC-1","1",67,13,10213,3448,13,10,3448,1269
"CGAAGGGTTTCAGATT-1","1",66,14,10087,3520,14,11,3520,1395
"CACAAGCTAAGAAAGG-1","1",67,15,10213,3592,15,10,3592,1269
"CACCGGTAGAGACATT-1","1",66,16,10087,3664,16,11,3664,1395
"ACTCATGGCAGCCTTC-1","1",67,17,10213,3736,17,10,3736,1269
"CATCCAATATAGTTTG-1","1",66,18,10088,3809,18,11,3809,1394
"CAGATATGAAGATGAC-1","1",67,19,10213,3881,19,10,3881,1269
"GCAAAGGGCGTTAGCC-1","1",66,20,10088,3953,20,11,3953,1394
"CTGTTGTTCAGTCGTA-1","1",67,21,10213,4025,21,10,4025,1269
"AAAGGCCCTATAATAC-1","1",66,22,10088,4098,22,11,4098,1394
"AACATTGAAGTTGATC-1","1",67,23,10214,4170,23,10,4170,1268
"GCTAGCGATAGGTCTT-1","1",66,24,10088,4242,24,11,4242,1394
"ATTGCCTATTAGACCG-1","1",67,25,10214,4314,25,10,4314,1268
"GGGCGTTTACATTCAT-1","1",66,26,10088,4386,26,11,4386,1394
"CCTCTACAAGGATTGG-1","1",67,27,10214,4458,27,10,4458,1268
"AGTGACTGTGACACAA-1","1",66,28,10089,4531,28,11,4531,1393
"AGCCCTCCCTGGTGGC-1","1",67,29,10214,4603,29,10,4603,1268
"CGGTTGAGTATCCTTC-1","1",66,30,10089,4675,30,11,4675,1393
"CATTATCCCATTAACG-1","1",67,31,10215,4747,31,10,4747,1267
"AATGTGCTAATCTGAG-1","1",66,32,10089,4819,32,11,4819,1393
"CTTAGTTGAGGAATCG-1","1",67,33,10215,4891,33,10,4891,1267
"CTTCTGGGCGTACCTA-1","1",66,34,10089,4964,34,11,4964,1393
"AGTCAAATGATGTGAT-1","1",67,35,10215,5036,35,10,5036,1267
"TGAACAAGCAGGGACT-1","1",66,36,10090,5108,36,11,5108,1392
"AATACCGGAGGGCTGT-1","1",67,37,10215,5180,37,10,5180,1267
"GTTTGGTGATCGGTGC-1","1",66,38,10090,5253,38,11,5253,1392
"GACTGCTGGTGAGAAA-1","1",67,39,10216,5325,39,10,5325,1266
"CGATCCTCGCAACATA-1","1",66,40,10090,5397,40,11,5397,1392
"CCAACCTTATGTAACT-1","1",67,41,10216,5469,41,10,5469,1266
"CGTGGTACCCAAAGGC-1","1",66,42,10090,5541,42,11,5541,1392
"AACCCGACAACCCGTG-1","1",67,43,10216,5613,43,10,5613,1266
"TATGTAAAGTGCTTAA-1","1",66,44,10091,5686,44,11,5686,1391
"GCAAGTGTAAAGCATG-1","1",67,45,10216,5758,45,10,5758,1266
"GTAACTGCCCAAGGAG-1","1",66,46,10091,5830,46,11,5830,1391
"GGTGCATAAATGATTA-1","1",67,47,10216,5902,47,10,5902,1266
"TAGTCCCGGAGACCAC-1","1",66,48,10091,5974,48,11,5974,1391
"CGGCCAGAGCGACCAT-1","1",67,49,10217,6046,49,10,6046,1265
"TGAATGAGTGTTTCCC-1","1",66,50,10091,6119,50,11,6119,1391
"TTCACTTCCTAGAACG-1","1",67,51,10217,6191,51,10,6191,1265
"CGCTTAGTATTGATAC-1","1",66,52,10091,6263,52,11,6263,1391
"AACGCGACCTTGGGCG-1","1",67,53,10217,6335,53,10,6335,1265
"GTGCACCAGCTTCAAC-1","1",66,54,10092,6408,54,11,6408,1390
"TTCTATTAAACGCAGC-1","1",67,55,10217,6480,55,10,6480,1265
"TGGCAAGCACAAGTCG-1","1",66,56,10092,6552,56,11,6552,1390
"ATCTGCTGTTATCGCC-1","1",67,57,10218,6624,57,10,6624,1264
"AATTCCAAGCATGTAC-1","1",66,58,10092,6696,58,11,6696,1390
"AAACGGTTGCGAACTG-1","1",67,59,10218,6768,59,10,6768,1264
"GAAGGAGTCGAGTGCG-1","1",66,60,10092,6841,60,11,6841,1390
"GGCAAGCCCATAGTGG-1","1",67,61,10218,6913,61,10,6913,1264
"TGACCAAATCTTAAAC-1","1",66,62,10093,6985,62,11,6985,1389
"TTCGGTACTGTAGAGG-1","1",67,63,10218,7057,63,10,7057,1264
"ATGTACGATGACGTCG-1","1",66,64,10093,7129,64,11,7129,1389
"ATCTAGCTTGTGAGGG-1","1",67,65,10219,7201,65,10,7201,1263
"AGCGGGTCTGACACTC-1","1",66,66,10093,7274,66,11,7274,1389
"GAGGTACGCGTGTCCC-1","1",67,67,10219,7346,67,10,7346,1263
"GCACTGCCTACCTTTA-1","1",66,68,10093,7418,68,11,7418,1389
"GGAGCGAGGCCTACTT-1","1",67,69,10219,7490,69,10,7490,1263
"AAACTCGGTTCGCAAT-1","1",66,70,10093,7563,70,11,7563,1389
"GGCGCTTCATTCCCTG-1","1",67,71,10219,7635,71,10,7635,1263
"TGCTCGGTGGGTCACC-1","1",66,72,10094,7707,72,11,7707,1388
"AAGCGCAGGGCTTTGA-1","1",67,73,10219,7779,73,10,7779,1263
"GACCTTCCACGTCTAC-1","1",66,74,10094,7851,74,11,7851,1388
"GTTAGCCCATGACATC-1","1",67,75,10220,7923,75,10,7923,1262
"AATTCGATTCGAGGAT-1","1",66,76,10094,7996,76,11,7996,1388
"AGTCTTTAAAGTGTCC-1","1",67,77,10220,8068,77,10,8068,1262
"GACTAGGCCGTTAGGT-1","1",66,78,10094,8140,78,11,8140,1388
"TCCAAGCCTAGACACA-1","1",67,79,10220,8212,79,10,8212,1262
"GATTGGGAAAGGTTGT-1","1",66,80,10095,8285,80,11,8285,1387
"GATGAGGAACCTTCGG-1","1",67,81,10220,8357,81,10,8357,1262
"TGAATACCGACGCGTA-1","1",66,82,10095,8429,82,11,8429,1387
"AATCGTGAGCCGAGCA-1","1",67,83,10221,8501,83,10,8501,1261
"GCGAAGAATCTGACGG-1","1",66,84,10095,8573,84,11,8573,1387
"GAACAACTGGGATGAA-1","1",67,85,10221,8645,85,10,8645,1261
"TCGCCGACATATTCGC-1","1",66,86,10095,8718,86,11,8718,1387
"CGTAGAGAGTAATTAT-1","1",67,87,10221,8790,87,10,8790,1261
"CGATAGTCGTACTGCA-1","1",66,88,10096,8862,88,11,8862,1386
"CGCATGCCGAATGCGT-1","1",67,89,10221,8934,89,10,8934,1261
"CTCTAGCCCTCGGAAA-1","1",66,90,10096,9006,90,11,9006,1386
"TCCAACTCAGCTATCT-1","1",67,91,10221,9078,91,10,9078,1261
"GTCTAGTGAGCCGCTT-1","1",66,92,10096,9151,92,11,9151,1386
"TACCGAATAATTGTAA-1","1",67,93,10222,9223,93,10,9223,1260
"ATATAACACGGGCGCA-1","1",66,94,10096,9295,94,11,9295,1386
"GCATGCTAATAACGAT-1","0",67,95,10222,9367,95,10,9367,1260
"TCCGGGCTTGACGGGA-1","1",66,96,10096,9440,96,11,9440,1386
"ATTATTCAGAGTCACT-1","0",67,97,10222,9512,97,10,9512,1260
"TAGCAGTATGACTAAA-1","0",66,98,10097,9584,98,11,9584,1385
"TATGAAGAATTAAGGT-1","0",67,99,10222,9656,99,10,9656,1260
"CAAGGCCAGTGGTGCA-1","0",66,100,10097,9728,100,11,9728,1385
"TGCGTACGGCTAATTG-1","0",67,101,10223,9800,101,10,9800,1259
"CAGATAATGGGCGGGT-1","0",66,102,10097,9873,102,11,9873,1385
"GAGAACGGTTCTGACT-1","0",67,103,10223,9945,103,10,9945,1259
"CGCTTCGGTCTAAGAC-1","0",66,104,10097,10017,104,11,10017,1385
"AGCATTACGAGGCAAG-1","0",67,105,10223,10089,105,10,10089,1259
"AAGTTGTGATGTTATA-1","0",66,106,10098,10161,106,11,10161,1384
"TTGCTCATAGTACGTG-1","0",67,107,10223,10233,107,10,10233,1259
"TACTTAAACATGTACA-1","0",66,108,10098,10306,108,11,10306,1384
"AGTGAGTCGAATTAAC-1","0",67,109,10224,10378,109,10,10378,1258
"TAGGCCTATATAGTCT-1","0",66,110,10098,10450,110,11,10450,1384
"ACTCGCCGTTCGATAA-1","0",67,111,10224,10522,111,10,10522,1258
"GGTACGTTGCGGCCGG-1","0",66,112,10098,10595,112,11,10595,1384
"TATTGCCGGGCTTGTA-1","0",67,113,10224,10667,113,10,10667,1258
"GGTAAACTCTGCGCTG-1","0",66,114,10099,10739,114,11,10739,1383
"TCCCTTGTCTGAAACT-1","0",67,115,10224,10811,115,10,10811,1258
"CATGATCGCTTTGAGA-1","0",66,116,10099,10883,116,11,10883,1383
"GGACGGGCGACCAACC-1","0",67,117,10224,10955,117,10,10955,1258
"GAGAGGCCTATGTGTA-1","0",66,118,10099,11028,118,11,11028,1383
"TCGTAACTCCCAAGAC-1","0",67,119,10225,11100,119,10,11100,1257
"CGTATCTAGAACTAAG-1","0",66,120,10099,11172,120,11,11172,1383
"GCACCTTCCCGAAGGT-1","0",67,121,10225,11244,121,10,11244,1257
"TACCTCTTTACCATCC-1","0",66,122,10099,11317,122,11,11317,1383
"TGACTCTAACTGGTAA-1","0",67,123,10225,11388,123,10,11388,1257
"GAGAAACTGGATCCCA-1","0",66,124,10100,11461,124,11,11461,1382
"ATCCGGACCAGCCTGA-1","0",67,125,10225,11533,125,10,11533,1257
"TTATTTAGGTTCCTTA-1","0",66,126,10100,11605,126,11,11605,1382
"CGAATTCCCGGTTCAA-1","0",67,127,10226,11677,127,10,11677,1256
"TAGTTTGATCGGTCGC-1","0",68,0,10337,2509,0,9,2509,1145
"AGTCGAAACGATTCAG-1","0",69,1,10462,2581,1,8,2581,1020
"ACGTCGGGCAACTCGG-1","0",68,2,10337,2653,2,9,2653,1145
"ACTTGCTCTATCTACC-1","0",69,3,10463,2725,3,8,2725,1019
"ATTACGGGCTACGGTT-1","0",68,4,10337,2798,4,9,2798,1145
"GCAAACGTAAGCGACC-1","0",69,5,10463,2870,5,8,2870,1019
"TTCGGACTGGGCATGG-1","0",68,6,10337,2942,6,9,2942,1145
"GGGCCATTCGTGCTGG-1","0",69,7,10463,3014,7,8,3014,1019
"GAGTTGTCACCAGTCT-1","0",68,8,10338,3086,8,9,3086,1144
"AGTAATTTGCAAGCGT-1","0",69,9,10463,3158,9,8,3158,1019
"GTGGCCGGTTTCTCGG-1","0",68,10,10338,3231,10,9,3231,1144
"ATCTTAGGGCATTAAT-1","0",69,11,10464,3303,11,8,3303,1018
"CTACATATCGCGGGAC-1","0",68,12,10338,3375,12,9,3375,1144
"ATGGTATTTACTGATT-1","0",69,13,10464,3447,13,8,3447,1018
"CCGTCAACCTCTGGCG-1","1",68,14,10338,3520,14,9,3520,1144
"GCTTCGACGTTCAATC-1","0",69,15,10464,3592,15,8,3592,1018
"GACCGATTAAATATGT-1","1",68,16,10339,3664,16,9,3664,1143
"GTCGAATTTGGGCGCT-1","1",69,17,10464,3736,17,8,3736,1018
"TCACGGCCCAAGAGAG-1","1",68,18,10339,3808,18,9,3808,1143
"CTACGATCCTATCCTA-1","1",69,19,10464,3880,19,8,3880,1018
"TGCAGTGGTAGGGAAC-1","1",68,20,10339,3953,20,9,3953,1143
"TTGCCTAATCCAAAGT-1","1",69,21,10465,4025,21,8,4025,1017
"AGCGAGACGTGAAGGC-1","1",68,22,10339,4097,22,9,4097,1143
"TTCTACCTCAATCGGT-1","1",69,23,10465,4169,23,8,4169,1017
"TACGCTGCTGTGTTAA-1","1",68,24,10339,4241,24,9,4241,1143
"TAGTCCTGCACTAAGC-1","1",69,25,10465,4313,25,8,4313,1017
"AGCACACGTTTAGACT-1","1",68,26,10340,4386,26,9,4386,1142
"GTTCGACAATTGTATA-1","1",69,27,10465,4458,27,8,4458,1017
"CCATGTTCATCTATAT-1","1",68,28,10340,4530,28,9,4530,1142
"CCCTCGATAATACACA-1","1",69,29,10466,4602,29,8,4602,1016
"ACTGCCCGCCATTCTC-1","1",68,30,10340,4675,30,9,4675,1142
"CTATATCCAGCCTGGC-1","1",69,31,10466,4747,31,8,4747,1016
"CGCACGTCTGTTTATG-1","1",68,32,10340,4819,32,9,4819,1142
"AATCAGGTTTCATTTA-1","1",69,33,10466,4891,33,8,4891,1016
"AGAGAAACACCAGAAA-1","1",68,34,10341,4963,34,9,4963,1141
"ACCCGATTGGTTCCGA-1","1",69,35,10466,5035,35,8,5035,1016
"TACCAGGAATCCCGTC-1","1",68,36,10341,5108,36,9,5108,1141
"AAGTGCTTCTCTATTG-1","1",69,37,10467,5180,37,8,5180,1015
"TGCATGTGACCCATAG-1","1",68,38,10341,5252,38,9,5252,1141
"TAGATTCAAAGTGCGG-1","1",69,39,10467,5324,39,8,5324,1015
"AGGGTCAGAGCACTCG-1","1",68,40,10341,5397,40,9,5397,1141
"GTGAGATAACCTTATA-1","1",69,41,10467,5469,41,8,5469,1015
"GTGTCAGTGTACGTGG-1","1",68,42,10342,5541,42,9,5541,1140
"CTGTAGTGAGGATCGA-1","1",69,43,10467,5613,43,8,5613,1015
"GATAGTGCGAGTAAGT-1","1",68,44,10342,5685,44,9,5685,1140
"AGGGTTCAGACGGTCC-1","1",69,45,10467,5757,45,8,5757,1015
"GGACTCGACAGCGCAT-1","1",68,46,10342,5830,46,9,5830,1140
"CACTCTCAAGCATCGA-1","1",69,47,10468,5902,47,8,5902,1014
"GAGCGGAATGCGGTGT-1","1",68,48,10342,5974,48,9,5974,1140
"CAGTTCGAGGACCCGA-1","1",69,49,10468,6046,49,8,6046,1014
"CGTAACTTCGACACTT-1","1",68,50,10342,6118,50,9,6118,1140
"TGATCACCACACTGAC-1","1",69,51,10468,6190,51,8,6190,1014
"CATACTTCTTTCTCCG-1","1",68,52,10343,6263,52,9,6263,1139
"CAAGTAAGTGATAGAC-1","1",69,53,10468,6335,53,8,6335,1014
"AGCCCGCAACAAGCAG-1","1",68,54,10343,6407,54,9,6407,1139
"GCTCCATGCAAAGCAA-1","1",69,55,10469,6479,55,8,6479,1013
"TCGTACCGACGTCAAG-1","1",68,56,10343,6552,56,9,6552,1139
"ATTATCGGAATGTACG-1","1",69,57,10469,6624,57,8,6624,1013
"ACCTACTATAAATCTA-1","1",68,58,10343,6696,58,9,6696,1139
"TATCCTATCAACTGGT-1","1",69,59,10469,6768,59,8,6768,1013
"GCGCGGTCTAGTAACT-1","1",68,60,10344,6840,60,9,6840,1138
"CCTTCGTATAGAATCC-1","1",69,61,10469,6912,61,8,6912,1013
"TGGGCGATACAATAAG-1","1",68,62,10344,6985,62,9,6985,1138
"TGACATGTAACGTGAC-1","1",69,63,10470,7057,63,8,7057,1012
"TTGGGAAGACGAGCCG-1","1",68,64,10344,7129,64,9,7129,1138
"GGTGTAAATCGATTGT-1","1",69,65,10470,7201,65,8,7201,1012
"GAACTGTGGAGAGACA-1","1",68,66,10344,7273,66,9,7273,1138
"TCCACATCGTATATTG-1","1",69,67,10470,7345,67,8,7345,1012
"CCTATGGTCAAAGCTG-1","1",68,68,10344,7418,68,9,7418,1138
"TCCTTGTCCTTTAATT-1","1",69,69,10470,7490,69,8,7490,1012
"AAGTTTATGGGCCCAA-1","1",68,70,10345,7562,70,9,7562,1137
"GTCCGGGTTCACATTA-1","1",69,71,10470,7634,71,8,7634,1012
"ATGTAGCGCGCGTAGG-1","1",68,72,10345,7707,72,9,7707,1137
"TACGGAAGCCAAACCA-1","1",69,73,10471,7779,73,8,7779,1011
"GCCCTGAGGATGGGCT-1","1",68,74,10345,7851,74,9,7851,1137
"CGGGCGATGGATCACG-1","1",69,75,10471,7923,75,8,7923,1011
"TGCGGACTTGACTCCG-1","1",68,76,10345,7995,76,9,7995,1137
"TAATACTAGAACAGAC-1","0",69,77,10471,8067,77,8,8067,1011
"TCAAATTGTTGTGCCG-1","1",68,78,10346,8140,78,9,8140,1136
"GGGCAGTCAACGCCAA-1","1",69,79,10471,8212,79,8,8212,1011
"TCGCTGCCAATGCTGT-1","1",68,80,10346,8284,80,9,8284,1136
"TACGTGGGCCCAGGGC-1","1",69,81,10472,8356,81,8,8356,1010
"GCCTACGTTCTGTGCA-1","1",68,82,10346,8429,82,9,8429,1136
"TTGCGTGTGTAGGCAT-1","1",69,83,10472,8501,83,8,8501,1010
"TCCTAAAGATTCAGAC-1","1",68,84,10346,8573,84,9,8573,1136
"TGGGTGCACAAGCCAT-1","1",69,85,10472,8645,85,8,8645,1010
"GGGAGCGACCGTAGTG-1","1",68,86,10347,8717,86,9,8717,1135
"CATAGAGGAGATACTA-1","0",69,87,10472,8789,87,8,8789,1010
"CTTCGATTGCGCAAGC-1","1",68,88,10347,8862,88,9,8862,1135
"GTGCCTGAGACCAAAC-1","0",69,89,10472,8934,89,8,8934,1010
"TCATCCTCAGCTGCTT-1","1",68,90,10347,9006,90,9,9006,1135
"TGCAACTACTGGTTGA-1","0",69,91,10473,9078,91,8,9078,1009
"ATGTTGATTAGAGACT-1","0",68,92,10347,9150,92,9,9150,1135
"GTTTCTAGAGGCGCGG-1","0",69,93,10473,9222,93,8,9222,1009
"TACAAGGGCTTCTTTA-1","0",68,94,10347,9295,94,9,9295,1135
"ACAGGCACGGATCCTT-1","0",69,95,10473,9367,95,8,9367,1009
"CCCAAGTCATTACACT-1","0",68,96,10348,9439,96,9,9439,1134
"ACTCTGACCTAATAGA-1","0",69,97,10473,9511,97,8,9511,1009
"GGATGGCTTGAAGTAT-1","0",68,98,10348,9584,98,9,9584,1134
"ACCCTCCCGTCAGGGC-1","0",69,99,10474,9656,99,8,9656,1008
"AGCTTCTTCTCGAGCA-1","0",68,100,10348,9728,100,9,9728,1134
"TTGCGCTTGATCAATA-1","0",69,101,10474,9800,101,8,9800,1008
"TGGGTGTAATAGATTT-1","0",68,102,10348,9872,102,9,9872,1134
"CATGGTTTATTAATCA-1","0",69,103,10474,9944,103,8,9944,1008
"TTGCCTTCTCGCCGGG-1","0",68,104,10349,10017,104,9,10017,1133
"TTAAAGTAAGTCGCCA-1","0",69,105,10474,10089,105,8,10089,1008
"AGTTGGCAAGGCTAGA-1","0",68,106,10349,10161,106,9,10161,1133
"CCGCACTTGCAATGAC-1","0",69,107,10475,10233,107,8,10233,1007
"AATGTTGTCGTGAGAC-1","0",68,108,10349,10305,108,9,10305,1133
"CCAAGGTTGCCCTTTC-1","0",69,109,10475,10377,109,8,10377,1007
"TGTGACTAGAGTTTGC-1","0",68,110,10349,10450,110,9,10450,1133
"TTGTGATCTGTTCAGT-1","0",69,111,10475,10522,111,8,10522,1007
"GGAGTTGATTCTGTGT-1","0",68,112,10349,10594,112,9,10594,1133
"GTAGTGAGCAACCTCA-1","0",69,113,10475,10666,113,8,10666,1007
"AAGACATACGTGGTTT-1","0",68,114,10350,10739,114,9,10739,1132
"CATCCCGAGATTCATA-1","0",69,115,10475,10811,115,8,10811,1007
"GGCCGCAGGAACCGCA-1","0",68,116,10350,10883,116,9,10883,1132
"CCAGAAACTGATGCGA-1","0",69,117,10476,10955,117,8,10955,1006
"ACCCGTAGTCTAGTTG-1","0",68,118,10350,11027,118,9,11027,1132
"AGGGTCTGGACGCAGT-1","0",69,119,10476,11099,119,8,11099,1006
"TTGAAACCCTCATTCC-1","0",68,120,10350,11172,120,9,11172,1132
"TCAATCCCGCGCCAAA-1","0",69,121,10476,11244,121,8,11244,1006
"AGGACATCGGCACACT-1","0",68,122,10351,11316,122,9,11316,1131
"GACAAGACGCCCGTGC-1","0",69,123,10476,11388,123,8,11388,1006
"GAGTAAATTAAGAACC-1","0",68,124,10351,11460,124,9,11460,1131
"TAAGTCGGTGAGCTAG-1","0",69,125,10477,11532,125,8,11532,1005
"CTTACTGACTCCTCTG-1","0",68,126,10351,11605,126,9,11605,1131
"TTAACTGATCGTTTGG-1","0",69,127,10477,11677,127,8,11677,1005
"GGGCGATCCATAGGCC-1","0",70,0,10588,2509,0,7,2509,894
"CGTATTGTTTGGCGCC-1","0",71,1,10714,2581,1,6,2581,768
"CGCGTGGGCCTGTGTT-1","0",70,2,10588,2653,2,7,2653,894
"AAATCTGCCCGCGTCC-1","0",71,3,10714,2725,3,6,2725,768
"GCTGAAGGGTTCTTGG-1","0",70,4,10588,2797,4,7,2797,894
"TAATTGCGCTGATTAC-1","0",71,5,10714,2869,5,6,2869,768
"TCGCGCGTTTACATGA-1","0",70,6,10589,2942,6,7,2942,893
"TAACTGAAATACGCCT-1","0",71,7,10714,3014,7,6,3014,768
"CCTGTCGTGTATGAAG-1","0",70,8,10589,3086,8,7,3086,893
"CGGGAACGCCCTGCAT-1","0",71,9,10715,3158,9,6,3158,767
"AGTTGCGGTCCTCAAC-1","0",70,10,10589,3230,10,7,3230,893
"GGGTCCTTGGAAGAAG-1","0",71,11,10715,3302,11,6,3302,767
"CGGGAAGTACCGTGGC-1","0",70,12,10589,3375,12,7,3375,893
"ACGGTCACCGAGAACA-1","0",71,13,10715,3447,13,6,3447,767
"TAGACTCAGTTGGCCT-1","0",70,14,10590,3519,14,7,3519,892
"CCTTCCGCAACGCTGC-1","0",71,15,10715,3591,15,6,3591,767
"CAGTGTTAATCTCTCA-1","0",70,16,10590,3664,16,7,3664,892
"CAGGCCAGTACCACCT-1","0",71,17,10715,3736,17,6,3736,767
"GATCGCTGTGGTGCGT-1","0",70,18,10590,3808,18,7,3808,892
"GTATCTCGGGCGCTTT-1","0",71,19,10716,3880,19,6,3880,766
"CCGGGCTAAGAATTTC-1","1",70,20,10590,3952,20,7,3952,892
"CTTCACGCCCTGGTAC-1","0",71,21,10716,4024,21,6,4024,766
"CGGATGAATGCTGTGA-1","1",70,22,10590,4097,22,7,4097,892
"CTCTGCAGGCATTCTT-1","0",71,23,10716,4169,23,6,4169,766
"TCAAAGTCACGGCGTC-1","1",70,24,10591,4241,24,7,4241,891
"TGGGTTTCGGGCGTAC-1","0",71,25,10716,4313,25,6,4313,766
"TGCTATGGCAAAGGGA-1","1",70,26,10591,4385,26,7,4385,891
"TTCACGGTCGTCACGT-1","1",71,27,10717,4457,27,6,4457,765
"CGTAAAGCAAGAAATC-1","1",70,28,10591,4530,28,7,4530,891
"CTGATCCCTTTATGCA-1","1",71,29,10717,4602,29,6,4602,765
"GAGTATACCCTAATCA-1","1",70,30,10591,4674,30,7,4674,891
"CCACGGCAGGTGTAGG-1","1",71,31,10717,4746,31,6,4746,765
"ACGTACTTTGGCACGG-1","1",70,32,10592,4819,32,7,4819,890
"CCTGAGAATAAATGCA-1","1",71,33,10717,4891,33,6,4891,765
"TTGATGCCGCTCGTCG-1","1",70,34,10592,4963,34,7,4963,890
"GCCAGGAAAGAACACT-1","1",71,35,10718,5035,35,6,5035,764
"TCCGACCGCTAATCAA-1","1",70,36,10592,5107,36,7,5107,890
"TATATCAAAGTGATCT-1","1",71,37,10718,5179,37,6,5179,764
"CCTCGGTTTCCTTGCC-1","1",70,38,10592,5252,38,7,5252,890
"TAAATTTAGTAACACC-1","1",71,39,10718,5324,39,6,5324,764
"CTCGTTACGGCTACCA-1","1",70,40,10592,5396,40,7,5396,890
"GCCGTCGGTTTCGGGC-1","1",71,41,10718,5468,41,6,5468,764
"GTTCCGTCCGCCTGCA-1","1",70,42,10593,5541,42,7,5541,889
"CTAGGGATAGGGACAA-1","1",71,43,10718,5613,43,6,5613,764
"GTCCAGGCACGTGTGC-1","1",70,44,10593,5685,44,7,5685,889
"GAGGAATATCTCTTTG-1","1",71,45,10719,5757,45,6,5757,763
"CGTTCAAGGAAACGGA-1","1",70,46,10593,5829,46,7,5829,889
"GTGGGAACAAACCGGG-1","1",71,47,10719,5901,47,6,5901,763
"GGGCACGTAGTACTGT-1","1",70,48,10593,5974,48,7,5974,889
"ACTACAAAGAGAGGTG-1","1",71,49,10719,6046,49,6,6046,763
"GGTGTAGGTAAGTAAA-1","1",70,50,10594,6118,50,7,6118,888
"CCTGTTCAACCTCGGG-1","0",71,51,10719,6190,51,6,6190,763
"TGAGGTGTGTGGCGGA-1","1",70,52,10594,6262,52,7,6262,888
"ATTGTCTGTTTCATGT-1","1",71,53,10720,6334,53,6,6334,762
"GCCGGTCGTATCTCTC-1","1",70,54,10594,6407,54,7,6407,888
"ATATGGGATAGCAACT-1","1",71,55,10720,6479,55,6,6479,762
"GATAGAACCCGCTAGG-1","1",70,56,10594,6551,56,7,6551,888
"ATCCCATTTCCGTGGG-1","1",71,57,10720,6623,57,6,6623,762
"GATGCTACCTTCGATG-1","1",70,58,10595,6696,58,7,6696,887
"TGCAAAGTTCGTCTGT-1","1",71,59,10720,6768,59,6,6768,762
"GTTCAGTCGCCAAATG-1","1",70,60,10595,6840,60,7,6840,887
"GTCTCCGCCTCAATAC-1","1",71,61,10721,6912,61,6,6912,761
"AGTAGAAGGCGCCTCA-1","1",70,62,10595,6984,62,7,6984,887
"GTTGTAGATTTATGAG-1","1",71,63,10721,7056,63,6,7056,761
"CTATTTGCTTGGAGGA-1","1",70,64,10595,7129,64,7,7129,887
"AGCCATATAGTATGTG-1","1",71,65,10721,7201,65,6,7201,761
"TGTTCCGGCCTGAGCT-1","1",70,66,10595,7273,66,7,7273,887
"TGCCGTGGGACCCAAT-1","0",71,67,10721,7345,67,6,7345,761
"TTGCAAGAAGACTCCT-1","1",70,68,10596,7417,68,7,7417,886
"CCGCTCCAGGGCGATC-1","0",71,69,10721,7489,69,6,7489,761
"CAAACCCTCCGGCGGG-1","1",70,70,10596,7562,70,7,7562,886
"CGGACCTTTACGTCCC-1","1",71,71,10722,7634,71,6,7634,760
"ACGTAGGAGAGTCGCT-1","1",70,72,10596,7706,72,7,7706,886
"CTGCGACCTCGCCGAA-1","1",71,73,10722,7778,73,6,7778,760
"GGCCCAGCTGGTTTGC-1","1",70,74,10596,7851,74,7,7851,886
"GGATTAATCATGGACC-1","0",71,75,10722,7923,75,6,7923,760
"GAGATGGCTTTAATCA-1","1",70,76,10597,7995,76,7,7995,885
"AGTACAGAAGCTTATA-1","0",71,77,10722,8067,77,6,8067,760
"GCGGCTTTAGCAAGTT-1","1",70,78,10597,8139,78,7,8139,885
"ACCGAGTCTCCTTATT-1","0",71,79,10723,8211,79,6,8211,759
"GACCACACTTCCCTTT-1","1",70,80,10597,8284,80,7,8284,885
"TGTAGCCAATTCCGTT-1","0",71,81,10723,8356,81,6,8356,759
"CTCGTCTGTGCCTTCG-1","0",70,82,10597,8428,82,7,8428,885
"GGACTCTTTGACTAAG-1","0",71,83,10723,8500,83,6,8500,759
"TCATCGACGACCGTCG-1","0",70,84,10598,8572,84,7,8572,884
"TACTACGTGCAATGCG-1","0",71,85,10723,8644,85,6,8644,759
"CCCTACTTGAACAATG-1","0",70,86,10598,8717,86,7,8717,884
"GCAGCTGTCAACGCAT-1","0",71,87,10723,8789,87,6,8789,759
"ATCTACCATCTGCTCC-1","0",70,88,10598,8861,88,7,8861,884
"TCTCAAATCAATCGGG-1","0",71,89,10724,8933,89,6,8933,758
"ACTCCGGCCGACCACT-1","0",70,90,10598,9006,90,7,9006,884
"TACACCTCTTCGAATC-1","0",71,91,10724,9078,91,6,9078,758
"GTGGCTGTTTCTGTTC-1","0",70,92,10598,9150,92,7,9150,884
"ACGACTCTAGGGCCGA-1","0",71,93,10724,9222,93,6,9222,758
"TCGTTTACGCGACCCT-1","0",70,94,10599,9294,94,7,9294,883
"AGGATATCCGACTGCA-1","0",71,95,10724,9366,95,6,9366,758
"GACACTTCCAATTACC-1","0",70,96,10599,9439,96,7,9439,883
"ACGGTACAGTTCAATG-1","0",71,97,10725,9511,97,6,9511,757
"CTTGATGACCATCCAG-1","0",70,98,10599,9583,98,7,9583,883
"CTGGTAAAGACTTACA-1","0",71,99,10725,9655,99,6,9655,757
"CTTGCCCACCCACGCA-1","0",70,100,10599,9728,100,7,9728,883
"CATTACGCAGGAAGGG-1","0",71,101,10725,9800,101,6,9800,757
"GGACAACCATGAAGCC-1","0",70,102,10600,9872,102,7,9872,882
"GTTATCAAGCTATCGA-1","0",71,103,10725,9944,103,6,9944,757
"AGGTGCACGTCCACAT-1","0",70,104,10600,10016,104,7,10016,882
"AAAGAATGTGGACTAA-1","0",71,105,10726,10088,105,6,10088,756
"ACCAAGTCATCGGCAG-1","0",70,106,10600,10161,106,7,10161,882
"AGTAACTATAGCAGCC-1","0",71,107,10726,10233,107,6,10233,756
"GGGAAAGAATGCCAAC-1","0",70,108,10600,10305,108,7,10305,882
"AATCGGTATAGCCCTC-1","0",71,109,10726,10377,109,6,10377,756
"GGCACTGCGGTGGTTT-1","0",70,110,10600,10449,110,7,10449,882
"CGTCCTCATCGCGTGC-1","0",71,111,10726,10521,111,6,10521,756
"CTTAACTTACAGTATA-1","0",70,112,10601,10594,112,7,10594,881
"GTGAGTCGACTAATAG-1","0",71,113,10726,10666,113,6,10666,756
"TGTACTTCCGGGCATG-1","0",70,114,10601,10738,114,7,10738,881
"CACAAACCGCAGAACT-1","0",71,115,10727,10810,115,6,10810,755
"GCTTTACACAACTGGG-1","0",70,116,10601,10883,116,7,10883,881
"CACCGATGATGGGTAC-1","0",71,117,10727,10955,117,6,10955,755
"TCAATATACAGGAGGC-1","0",70,118,10601,11027,118,7,11027,881
"AACGACCTCCTAGCCG-1","0",71,119,10727,11099,119,6,11099,755
"GTTACCAAGGCGTACG-1","0",70,120,10602,11171,120,7,11171,880
"TAGCTCACTGTGTTTG-1","0",71,121,10727,11243,121,6,11243,755
"TCGGCAGGGTTAAGGG-1","0",70,122,10602,11316,122,7,11316,880
"TGTTAACAAAGTGACT-1","0",71,123,10728,11388,123,6,11388,754
"CAGAGCGATGGATGCT-1","0",70,124,10602,11460,124,7,11460,880
"CATAGTGGGCACGCCT-1","0",71,125,10728,11532,125,6,11532,754
"AAACGCTGGGCACGAC-1","0",70,126,10602,11604,126,7,11604,880
"TGTTCTCATACTATAG-1","0",71,127,10728,11676,127,6,11676,754
"TCCGCTGGGTCGATCG-1","0",72,0,10839,2508,0,5,2508,643
"TTAGCATCCCTCACGT-1","0",73,1,10965,2580,1,4,2580,517
"AGCCTTGTCACTGATA-1","0",72,2,10839,2653,2,5,2653,643
"GTTTCTTGTTAGAGCT-1","0",73,3,10965,2725,3,4,2725,517
"TCGGAGTCCTGGTTGC-1","0",72,4,10840,2797,4,5,2797,642
"ACGGGTTGTGACCTGT-1","0",73,5,10965,2869,5,4,2869,517
"TGACAGAAATCTTGCT-1","0",72,6,10840,2941,6,5,2941,642
"TAGCCATGATTGCCTA-1","0",73,7,10966,3013,7,4,3013,516
"CGAAGCCACAGCATGG-1","0",72,8,10840,3086,8,5,3086,642
"ACCCGTAGCAGAGAAT-1","0",73,9,10966,3158,9,4,3158,516
"AGCTTGATCAGGGTAG-1","0",72,10,10840,3230,10,5,3230,642
"CTATAAGTAGGGTTTG-1","0",73,11,10966,3302,11,4,3302,516
"TATAGTTAGGTGTACT-1","0",72,12,10841,3374,12,5,3374,641
"TACGCTGATAGTTGTA-1","0",73,13,10966,3446,13,4,3446,516
"TTCTCAATTGCTACAA-1","0",72,14,10841,3519,14,5,3519,641
"GTTGCCCTAACGGGTG-1","0",73,15,10966,3591,15,4,3591,516
"GACATTTCGCCCAGCC-1","0",72,16,10841,3663,16,5,3663,641
"GTAACTACGTAGACCT-1","0",73,17,10967,3735,17,4,3735,515
"CCAGTGTACAGACCGA-1","0",72,18,10841,3808,18,5,3808,641
"GCCCGATGCCCAGTTC-1","0",73,19,10967,3880,19,4,3880,515
"CGAACCTCTTTCCTAG-1","0",72,20,10841,3952,20,5,3952,641
"CATGCACATGAGAGGC-1","0",73,21,10967,4024,21,4,4024,515
"CCAAATCAAAGGGCAA-1","0",72,22,10842,4096,22,5,4096,640
"GTAGTTTAAGCACACG-1","0",73,23,10967,4168,23,4,4168,515
"TAAGTGAATAGTCTAC-1","0",72,24,10842,4241,24,5,4241,640
"GGTCCACGTCTATTTG-1","0",73,25,10968,4313,25,4,4313,514
"CCCTCAGATCGAGAAC-1","0",72,26,10842,4385,26,5,4385,640
"ACATTCGCGCGGAATA-1","0",73,27,10968,4457,27,4,4457,514
"CTATGAACACCTTGCC-1","0",72,28,10842,4529,28,5,4529,640
"CGAATGGTAGGTCGTC-1","0",73,29,10968,4601,29,4,4601,514
"TCGACATAGCGTAGCG-1","0",72,30,10843,4674,30,5,4674,639
"GACGTTGCTCGGCGGC-1","0",73,31,10968,4746,31,4,4746,514
"CTCGAGGCAAGTTTCA-1","0",72,32,10843,4818,32,5,4818,639
"GCTGGGAGCGCGTCAA-1","0",73,33,10969,4890,33,4,4890,513
"GACGATATCACTGGGT-1","1",72,34,10843,4963,34,5,4963,639
"CAGCTCTGGGCTCACT-1","0",73,35,10969,5035,35,4,5035,513
"TAGTCTGCGGCACATT-1","0",72,36,10843,5107,36,5,5107,639
"TGGTCGATATACCTCT-1","0",73,37,10969,5179,37,4,5179,513
"TTCAGTTCAAGAGGAG-1","0",72,38,10843,5251,38,5,5251,639
"GTCTGTAGGTTGAACA-1","0",73,39,10969,5323,39,4,5323,513
"GAGAGTCTCGGGAGAG-1","1",72,40,10844,5396,40,5,5396,638
"TTGTTTGTATTACACG-1","0",73,41,10969,5468,41,4,5468,513
"GCACAGCACGGGCCGA-1","0",72,42,10844,5540,42,5,5540,638
"AAACAGTGTTCCTGGG-1","0",73,43,10970,5612,43,4,5612,512
"TGGAGAATAATCGTCC-1","1",72,44,10844,5684,44,5,5684,638
"CGCCGCGTTCTGAACG-1","0",73,45,10970,5756,45,4,5756,512
"CATGCGTTGAGAGGAG-1","1",72,46,10844,5829,46,5,5829,638
"TACGCTCCTAGAACTG-1","0",73,47,10970,5901,47,4,5901,512
"CCTTGTGAACGTGGTT-1","1",72,48,10845,5973,48,5,5973,637
"TTAAAGGCGATGCTCG-1","0",73,49,10970,6045,49,4,6045,512
"TAAAGTGCACGTCTCG-1","0",72,50,10845,6118,50,5,6118,637
"TGTCCGCAAACAATTC-1","0",73,51,10971,6190,51,4,6190,511
"AGGCCTATCATACCAA-1","0",72,52,10845,6262,52,5,6262,637
"ACTGGGATGCCAGTGC-1","1",73,53,10971,6334,53,4,6334,511
"CGATCCACCATTGTTG-1","0",72,54,10845,6406,54,5,6406,637
"GGGCATGCATGTCGAG-1","0",73,55,10971,6478,55,4,6478,511
"TCCAGGCAGGACGATC-1","0",72,56,10846,6551,56,5,6551,636
"CAATGACCCTTAATTT-1","0",73,57,10971,6623,57,4,6623,511
"ATCAAGATCCCAGGAC-1","0",72,58,10846,6695,58,5,6695,636
"CTCAGAGCTAATGTCG-1","0",73,59,10971,6767,59,4,6767,511
"CTGCGATTTCGAGATT-1","1",72,60,10846,6840,60,5,6840,636
"ATGGTATTGGGAACCG-1","0",73,61,10972,6912,61,4,6912,510
"TAGGTTCTGCTGAGAA-1","0",72,62,10846,6984,62,5,6984,636
"GCCTGTCCCGGTGCAT-1","0",73,63,10972,7056,63,4,7056,510
"GGCCTGCTCTGATGTT-1","0",72,64,10846,7128,64,5,7128,636
"TAGAGGGAGTTTATCT-1","0",73,65,10972,7200,65,4,7200,510
"CTCTACATCCTGCGTG-1","0",72,66,10847,7273,66,5,7273,635
"ACACATTTCCGTAGAC-1","0",73,67,10972,7345,67,4,7345,510
"TGGGTGTTAAGTAGAA-1","0",72,68,10847,7417,68,5,7417,635
"GAGCTCAACATGAGCG-1","0",73,69,10973,7489,69,4,7489,509
"GCACACAGCTATTACC-1","0",72,70,10847,7561,70,5,7561,635
"GCGACGGTAGTCTCCT-1","0",73,71,10973,7633,71,4,7633,509
"GTATCAAGGTACTTCC-1","0",72,72,10847,7706,72,5,7706,635
"GGAAAGGGAATTGAGC-1","0",73,73,10973,7778,73,4,7778,509
"TACACAGCCGTGGTGC-1","0",72,74,10848,7850,74,5,7850,634
"CGGTTGGGCAGGGTCC-1","0",73,75,10973,7922,75,4,7922,509
"GCACGCCGATTCCCGC-1","0",72,76,10848,7995,76,5,7995,634
"CGCTTTCCGCCAAGGT-1","0",73,77,10974,8067,77,4,8067,508
"TGCCCGATAGTTAGAA-1","0",72,78,10848,8139,78,5,8139,634
"TCAGAACGGCGGTAAT-1","0",73,79,10974,8211,79,4,8211,508
"CCACTCAGATCCGCAA-1","0",72,80,10848,8283,80,5,8283,634
"GAAGGGTCATTAAGAC-1","0",73,81,10974,8355,81,4,8355,508
"GCGGTCTTGCTTTCAC-1","0",72,82,10849,8428,82,5,8428,633
"GGAAGGACACCGTATA-1","0",73,83,10974,8500,83,4,8500,508
"CGCGGGAATTCCTTTC-1","0",72,84,10849,8572,84,5,8572,633
"TCTATCCGATTGCACA-1","0",73,85,10974,8644,85,4,8644,508
"TACTCGTTTGAATCAA-1","0",72,86,10849,8716,86,5,8716,633
"GTCTGCCGACTCGACG-1","0",73,87,10975,8788,87,4,8788,507
"TACGGGTAATAACATA-1","0",72,88,10849,8861,88,5,8861,633
"CCAGTTCGGTAACTCA-1","0",73,89,10975,8933,89,4,8933,507
"CGTGCACACCACTGTA-1","0",72,90,10849,9005,90,5,9005,633
"CTTCAGTTGGACAACG-1","0",73,91,10975,9077,91,4,9077,507
"TGATCTATCACACTCT-1","0",72,92,10850,9150,92,5,9150,632
"TAGCAGATACTTAGGG-1","0",73,93,10975,9222,93,4,9222,507
"CACCGGGCATCACAAG-1","0",72,94,10850,9294,94,5,9294,632
"AGTGGCCCGCAAATGG-1","0",73,95,10976,9366,95,4,9366,506
"CTCGCTAGGTAAGCGA-1","0",72,96,10850,9438,96,5,9438,632
"GATAGATAGTACAGTC-1","0",73,97,10976,9510,97,4,9510,506
"CGAGACTACTGCTGCT-1","0",72,98,10850,9583,98,5,9583,632
"ACATTTGAAACCTAAC-1","0",73,99,10976,9655,99,4,9655,506
"GACACAGCCGGGACTG-1","0",72,100,10851,9727,100,5,9727,631
"ACGGAACACGAGTGCC-1","0",73,101,10976,9799,101,4,9799,506
"ACGCCAGTGCGTTTGC-1","0",72,102,10851,9872,102,5,9872,631
"GCACCTAGGCGAGTCC-1","0",73,103,10977,9944,103,4,9944,505
"TCACTATCCCTTCGGT-1","0",72,104,10851,10016,104,5,10016,631
"TGAGTGTAACAACGGG-1","0",73,105,10977,10088,105,4,10088,505
"ATTGGTTGTGCATTAC-1","0",72,106,10851,10160,106,5,10160,631
"CTGGCGATTTACATGT-1","0",73,107,10977,10232,107,4,10232,505
"TCCACCAAGACATAGG-1","0",72,108,10851,10305,108,5,10305,631
"AACGTCGCTGCACTTC-1","0",73,109,10977,10377,109,4,10377,505
"GTCTCCCGAGTCCCGT-1","0",72,110,10852,10449,110,5,10449,630
"AGCCCGCACTACAATG-1","0",73,111,10977,10521,111,4,10521,505
"GGCACGCTGCTACAGT-1","0",72,112,10852,10593,112,5,10593,630
"GCTTGAGTGACCTCTG-1","0",73,113,10978,10665,113,4,10665,504
"ATAGCCATAACAGTCA-1","0",72,114,10852,10738,114,5,10738,630
"TAGGAGGCTCGAGAAC-1","0",73,115,10978,10810,115,4,10810,504
"GTCGGGTGAAGTACCG-1","0",72,116,10852,10882,116,5,10882,630
"CACCCGCGTTTGACAC-1","0",73,117,10978,10954,117,4,10954,504
"TCTCAGGCTACTCGCT-1","0",72,118,10853,11027,118,5,11027,629
"TAGATTCTCTAGCAAA-1","0",73,119,10978,11099,119,4,11099,504
"CCCATTATTGTATCCT-1","0",72,120,10853,11171,120,5,11171,629
"GTTAATAGCGTCATTA-1","0",73,121,10979,11243,121,4,11243,503
"TACTCATTGACGCATC-1","0",72,122,10853,11315,122,5,11315,629
"TAGTGACAAGCTCTAC-1","0",73,123,10979,11387,123,4,11387,503
"ATCGCCGTGGTTCATG-1","0",72,124,10853,11460,124,5,11460,629
"CTGCTCTCAACACACC-1","0",73,125,10979,11532,125,4,11532,503
"GCATGACACAAAGGAA-1","0",72,126,10854,11604,126,5,11604,628
"CAACGATCGATCCAAT-1","0",73,127,10979,11676,127,4,11676,503
"ATACAGCGTCCACTGA-1","0",74,0,11090,2508,0,3,2508,392
"TCACGATTAATACGTT-1","0",75,1,11216,2580,1,2,2580,266
"CGTGAACTGACCCGAT-1","0",74,2,11091,2652,2,3,2652,391
"TCGATGTTACGGCCGT-1","0",75,3,11216,2724,3,2,2724,266
"GACCGGTGATACTCTC-1","0",74,4,11091,2797,4,3,2797,391
"TCTGTTTAGATTGTTC-1","0",75,5,11217,2868,5,2,2868,265
"GCTACTCGGACGCAGA-1","0",74,6,11091,2941,6,3,2941,391
"AAGAAAGTTTGATGGG-1","0",75,7,11217,3013,7,2,3013,265
"CGCCAGTAGTACCTTG-1","0",74,8,11091,3085,8,3,3085,391
"CTCCCTTGTATCAAGG-1","0",75,9,11217,3157,9,2,3157,265
"ACTTTATACACCACTT-1","0",74,10,11092,3230,10,3,3230,390
"AGATCTGGAGAGGATA-1","0",75,11,11217,3302,11,2,3302,265
"TCATCCATCTGATCAC-1","0",74,12,11092,3374,12,3,3374,390
"AGAACACGGCGATGGT-1","0",75,13,11217,3446,13,2,3446,265
"CCGCTCCGGATAAGCT-1","0",74,14,11092,3518,14,3,3518,390
"TGGTCGGGTACAGGGC-1","0",75,15,11218,3590,15,2,3590,264
"ACGGACGCAGCGACAA-1","0",74,16,11092,3663,16,3,3663,390
"ACATGCTTACGGCAGC-1","0",75,17,11218,3735,17,2,3735,264
"CAGGGAGATAGGCCAG-1","0",74,18,11092,3807,18,3,3807,390
"TCGCCACCCGGATTAC-1","0",75,19,11218,3879,19,2,3879,264
"TCTTGGTCAATGATAC-1","0",74,20,11093,3952,20,3,3952,389
"CATAGGGACACTTGTG-1","0",75,21,11218,4024,21,2,4024,264
"CACGAGCAAACCAGAC-1","0",74,22,11093,4096,22,3,4096,389
"GGGATATTGATCGCCA-1","0",75,23,11219,4168,23,2,4168,263
"TAATGTCGGTTCATGG-1","0",74,24,11093,4240,24,3,4240,389
"CGATTTGTCATTAATG-1","0",75,25,11219,4312,25,2,4312,263
"TTAAGATACCCAGAGA-1","0",74,26,11093,4385,26,3,4385,389
"CGACCGTTGGTATTCG-1","0",75,27,11219,4457,27,2,4457,263
"ACTACCATCCGAGGGC-1","0",74,28,11094,4529,28,3,4529,388
"TCTACGCACGATCTCC-1","0",75,29,11219,4601,29,2,4601,263
"AAGCCACTTGCAGGTA-1","0",74,30,11094,4673,30,3,4673,388
"ACGTTGTCGTTGAAAG-1","0",75,31,11220,4745,31,2,4745,262
"ACCGCTAGTCATTGGT-1","0",74,32,11094,4818,32,3,4818,388
"CATGAGTCCATCACGG-1","0",75,33,11220,4890,33,2,4890,262
"ATGTCTTGTTTGACTC-1","0",74,34,11094,4962,34,3,4962,388
"TCCCAAACATCCTCTA-1","0",75,35,11220,5034,35,2,5034,262
"CAACGCGATGAGCCAA-1","0",74,36,11094,5107,36,3,5107,388
"GACACCCAAAGACGCG-1","0",75,37,11220,5179,37,2,5179,262
"ACGTTCACTATGCCGC-1","0",74,38,11095,5251,38,3,5251,387
"ATGGACTGCTTAGTTG-1","0",75,39,11220,5323,39,2,5323,262
"CCATGGCAAACGCTCA-1","0",74,40,11095,5395,40,3,5395,387
"TTGTCTCGGCAAGATG-1","0",75,41,11221,5467,41,2,5467,261
"TTCGAACGAAACATGC-1","0",74,42,11095,5540,42,3,5540,387
"GGAAAGTCTTGATTGT-1","0",75,43,11221,5612,43,2,5612,261
"ATCATAGATCGACGAG-1","0",74,44,11095,5684,44,3,5684,387
"GATTAGAAACAAGCGT-1","0",75,45,11221,5756,45,2,5756,261
"GCTGCGAAGAATTATT-1","0",74,46,11096,5828,46,3,5828,386
"TTCCAGTGGGTTTCGT-1","0",75,47,11221,5900,47,2,5900,261
"GCTCATTGATCATATC-1","0",74,48,11096,5973,48,3,5973,386
"ATACGAGGTTTGTAAG-1","0",75,49,11222,6045,49,2,6045,260
"GTCTATACACGCATGG-1","0",74,50,11096,6117,50,3,6117,386
"GATTTGCGCTAACACC-1","0",75,51,11222,6189,51,2,6189,260
"TGGTGCCCTGCCTTAC-1","0",74,52,11096,6262,52,3,6262,386
"TCGAATCGCAGGGTAG-1","0",75,53,11222,6334,53,2,6334,260
"GGTAGGCCAATATCAC-1","0",74,54,11097,6406,54,3,6406,385
"CGTAAATAACAAAGGG-1","0",75,55,11222,6478,55,2,6478,260
"GACTCTAGAGTTCCAA-1","0",74,56,11097,6550,56,3,6550,385
"ACTTGTTACCGGATCA-1","0",75,57,11222,6622,57,2,6622,260
"GGCATTGAACATCTCA-1","0",74,58,11097,6695,58,3,6695,385
"AACCCGCTGTATTCCA-1","0",75,59,11223,6767,59,2,6767,259
"TAACAGGTTCCCTTAG-1","0",74,60,11097,6839,60,3,6839,385
"GTTCTTGTAACTCAAT-1","0",75,61,11223,6911,61,2,6911,259
"GATTCTGTTAATGAGT-1","0",74,62,11097,6984,62,3,6984,385
"GGACACCTCGGTGTTG-1","0",75,63,11223,7056,63,2,7056,259
"CGATCGAGAAGCACCA-1","0",74,64,11098,7128,64,3,7128,384
"CTGCTCTGACGGCAAA-1","0",75,65,11223,7200,65,2,7200,259
"CCCAGGAAGAATTCGA-1","0",74,66,11098,7272,66,3,7272,384
"TGTCGTGGGTATAGGC-1","0",75,67,11224,7344,67,2,7344,258
"ATATGTCTAGAGCGTG-1","0",74,68,11098,7417,68,3,7417,384
"GCGGGCAGACGGGTGA-1","0",75,69,11224,7489,69,2,7489,258
"CGAAGATCAGTTTCAT-1","0",74,70,11098,7561,70,3,7561,384
"ACGCCACTCGAAACAG-1","0",75,71,11224,7633,71,2,7633,258
"CTTAGATGTTTCATCC-1","0",74,72,11099,7705,72,3,7705,383
"GCGAATGGACTAGCGA-1","0",75,73,11224,7777,73,2,7777,258
"TAAATTGTGGGTAAAG-1","0",74,74,11099,7850,74,3,7850,383
"ATTTATACTGGTAAAG-1","0",75,75,11225,7922,75,2,7922,257
"GCGTCGTAACATGGTC-1","0",74,76,11099,7994,76,3,7994,383
"CGGTATGGGCACTCTG-1","0",75,77,11225,8066,77,2,8066,257
"CTATCACAACGCTGGA-1","0",74,78,11099,8139,78,3,8139,383
"ACCACACGGTTGATGG-1","0",75,79,11225,8211,79,2,8211,257
"TCAGCGCACGCCGTTT-1","0",74,80,11100,8283,80,3,8283,382
"AATGTTAAGACCCTGA-1","0",75,81,11225,8355,81,2,8355,257
"CTTACATAGATTTCTT-1","0",74,82,11100,8427,82,3,8427,382
"AACATAGCGTGTATCG-1","0",75,83,11225,8499,83,2,8499,257
"AGCAGTCGAAGCATGC-1","0",74,84,11100,8572,84,3,8572,382
"GTACTACGGCCTCGTT-1","0",75,85,11226,8644,85,2,8644,256
"TTGGCCAAATTGTATC-1","0",74,86,11100,8716,86,3,8716,382
"TCAGAGGACGCGTTAG-1","0",75,87,11226,8788,87,2,8788,256
"AGTAATCTAAGGGTGG-1","0",74,88,11100,8860,88,3,8860,382
"AATTATACCCAGCAAG-1","0",75,89,11226,8932,89,2,8932,256
"CCCTACCCACACCCAG-1","0",74,90,11101,9005,90,3,9005,381
"CTCTGTCCATGCACCA-1","0",75,91,11226,9077,91,2,9077,256
"TCGCCTCCTTCGGCTC-1","0",74,92,11101,9149,92,3,9149,381
"CCTGATTCGCGAAGAA-1","0",75,93,11227,9221,93,2,9221,255
"GACTTCAACGCATCAA-1","0",74,94,11101,9294,94,3,9294,381
"GCTTCCCGTAAGCTCC-1","0",75,95,11227,9366,95,2,9366,255
"AGAACTGTACTTTGTA-1","0",74,96,11101,9438,96,3,9438,381
"CCTTAAGTACGCAATT-1","0",75,97,11227,9510,97,2,9510,255
"GGCCAATTGTATAGAC-1","0",74,98,11102,9582,98,3,9582,380
"AGAATACAGGCTATCC-1","0",75,99,11227,9654,99,2,9654,255
"AATACCTGATGTGAAC-1","0",74,100,11102,9727,100,3,9727,380
"TAGAGTGTTCCGGGTA-1","0",75,101,11228,9799,101,2,9799,254
"GCTTCCATGTAACCGC-1","0",74,102,11102,9871,102,3,9871,380
"GGTTCGCATTTGCCGT-1","0",75,103,11228,9943,103,2,9943,254
"TCAATCCGGGAAGTTT-1","0",74,104,11102,10015,104,3,10015,380
"CCGGAAGTGCAATATG-1","0",75,105,11228,10087,105,2,10087,254
"CTCATAAATGTGTATA-1","0",74,106,11102,10160,106,3,10160,380
"GACGGGCATCGAATTT-1","0",75,107,11228,10232,107,2,10232,254
"GCTAAGCCCAGTATGC-1","0",74,108,11103,10304,108,3,10304,379
"GCTATAAGGGCCAGGA-1","0",75,109,11228,10376,109,2,10376,254
"GCGGATTACTTGTTCT-1","0",74,110,11103,10449,110,3,10449,379
"TACAACAGCGCATACA-1","0",75,111,11229,10521,111,2,10521,253
"TCTAACCTAGCCTGCG-1","0",74,112,11103,10593,112,3,10593,379
"TCTACCCGCATCATTT-1","0",75,113,11229,10665,113,2,10665,253
"GTCTTACCACGCCAAG-1","0",74,114,11103,10737,114,3,10737,379
"AATAACGTCGCGCCCA-1","0",75,115,11229,10809,115,2,10809,253
"CGTTTCGGTTATATGC-1","0",74,116,11104,10882,116,3,10882,378
"TACGCTGCACGGTCGT-1","0",75,117,11229,10954,117,2,10954,253
"CGTTAAATACGACCAG-1","0",74,118,11104,11026,118,3,11026,378
"TCGACTGACGATGGCT-1","0",75,119,11230,11098,119,2,11098,252
"ACGCTACTGAATGGGC-1","0",74,120,11104,11171,120,3,11171,378
"AAGGGTTAGCCATGCG-1","0",75,121,11230,11243,121,2,11243,252
"ACGTTTCGGTGCACTT-1","0",74,122,11104,11315,122,3,11315,378
"TTAACCCGAGGCGTGT-1","0",75,123,11230,11387,123,2,11387,252
"GCCCGTCAAGCCCAAT-1","0",74,124,11105,11459,124,3,11459,377
"ATTCGTCCCGAGGTTA-1","0",75,125,11230,11531,125,2,11531,252
"TCAAATTATGTTCGAC-1","0",74,126,11105,11604,126,3,11604,377
"AACGTTCTACCATTGT-1","0",75,127,11230,11676,127,2,11676,252
"CTGTCCTGCGCACTAC-1","0",76,0,11342,2507,0,1,2507,140
"GCCCAGCGACACAAAG-1","0",77,1,11467,2579,1,0,2579,15
"TATAGCTATTATCTCT-1","0",76,2,11342,2652,2,1,2652,140
"AAGCTATGGATTGACC-1","0",77,3,11468,2724,3,0,2724,14
"CCGAAACACGACCTCT-1","0",76,4,11342,2796,4,1,2796,140
"ATCAGAAGCTGGTTGC-1","0",77,5,11468,2868,5,0,2868,14
"TGAACCTGAATGTGAG-1","0",76,6,11342,2940,6,1,2940,140
"TCAGAGCATGTCAACG-1","0",77,7,11468,3012,7,0,3012,14
"ATACCCTCCCGGCCAA-1","0",76,8,11343,3085,8,1,3085,139
"GCCACCTTATTCGCGA-1","0",77,9,11468,3157,9,0,3157,14
"CAACGAGCTTATTATG-1","0",76,10,11343,3229,10,1,3229,139
"GATCCAACCTTTAAAC-1","0",77,11,11468,3301,11,0,3301,14
"TTGTGGAGACAGCCGG-1","0",76,12,11343,3374,12,1,3374,139
"AGATAATCACACCTAT-1","0",77,13,11469,3446,13,0,3446,13
"GGTTAGGGATGCTAAT-1","0",76,14,11343,3518,14,1,3518,139
"TCATGAAGCGCTGCAT-1","0",77,15,11469,3590,15,0,3590,13
"CCAGGCGAGATGGTCT-1","0",76,16,11343,3662,16,1,3662,139
"CGACTTGCCGGGAAAT-1","0",77,17,11469,3734,17,0,3734,13
"GTGCCAAACGTTTCGA-1","0",76,18,11344,3807,18,1,3807,138
"TGCTCAAAGGATGCAC-1","0",77,19,11469,3879,19,0,3879,13
"GCCTCAGGTACCGGTC-1","0",76,20,11344,3951,20,1,3951,138
"ACAAGTAATTGTAAGG-1","0",77,21,11470,4023,21,0,4023,12
"TTAGAGTATTGTCGAG-1","0",76,22,11344,4096,22,1,4096,138
"GTCATCCCAAACTCAC-1","0",77,23,11470,4168,23,0,4168,12
"CTCCTAGTAATCGTGA-1","0",76,24,11344,4240,24,1,4240,138
"CCCTCATCACAGAGTA-1","0",77,25,11470,4312,25,0,4312,12
"GGAAACAGAGCTTGGG-1","0",76,26,11345,4384,26,1,4384,137
"ACATCGCAATATTCGG-1","0",77,27,11470,4456,27,0,4456,12
"TTAGCCATAGGGCTCG-1","0",76,28,11345,4529,28,1,4529,137
"CGGATTCTGCCTTATG-1","0",77,29,11471,4601,29,0,4601,11
"TTGTTGGCAATGACTG-1","0",76,30,11345,4673,30,1,4673,137
"GGATCTACCGTTCGTC-1","0",77,31,11471,4745,31,0,4745,11
"GGTGGGATTAGGTCCC-1","0",76,32,11345,4817,32,1,4817,137
"AATAGGCACGACCCTT-1","0",77,33,11471,4889,33,0,4889,11
"GAGGTCCGTTCGCTGT-1","0",76,34,11345,4962,34,1,4962,137
"TGACAACTTAAAGGTG-1","0",77,35,11471,5034,35,0,5034,11
"AGCTAAGCTCCGTCCG-1","0",76,36,11346,5106,36,1,5106,136
"CTAGCCCGGGAGACGA-1","0",77,37,11471,5178,37,0,5178,11
"CCCAGATTCCCGTGAC-1","0",76,38,11346,5251,38,1,5251,136
"GCCCGTTCACACAATT-1","0",77,39,11472,5323,39,0,5323,10
"ACAAACTCCATCAGAG-1","0",76,40,11346,5395,40,1,5395,136
"GGTTCCGTACGACTAA-1","0",77,41,11472,5467,41,0,5467,10
"TTGCGGAAAGCTGCCC-1","0",76,42,11346,5539,42,1,5539,136
"GGAACTCGTGAATACG-1","0",77,43,11472,5611,43,0,5611,10
"GGTTACCGCTCCCTAC-1","0",76,44,11347,5684,44,1,5684,135
"AGCGACTTTGAAGACA-1","0",77,45,11472,5756,45,0,5756,10
"CCGTTTCCTTTCCGTG-1","0",76,46,11347,5828,46,1,5828,135
"TGGATGGCATCTTGGA-1","0",77,47,11473,5900,47,0,5900,9
"CAAGTCGTTGAAATCT-1","0",76,48,11347,5972,48,1,5972,135
"TGCAAACGTACTAGTT-1","0",77,49,11473,6044,49,0,6044,9
"GGCTGTCCTACTGCGG-1","0",76,50,11347,6117,50,1,6117,135
"TACTGCATGATTAAAT-1","0",77,51,11473,6189,51,0,6189,9
"CGGACCTCTGTAGTTA-1","0",76,52,11348,6261,52,1,6261,134
"CCCTAGCTCTAAGGTC-1","0",77,53,11473,6333,53,0,6333,9
"GTAACAGGTTAACGGC-1","0",76,54,11348,6406,54,1,6406,134
"CCCGCAAATAATCATC-1","0",77,55,11473,6478,55,0,6478,9
"AATCCCGCTCAGAGCC-1","0",76,56,11348,6550,56,1,6550,134
"AACGTCATCCGGCTTG-1","0",77,57,11474,6622,57,0,6622,8
"CTCGTGGCACTGAAAG-1","0",76,58,11348,6694,58,1,6694,134
"CTTTATCCGACGCATG-1","0",77,59,11474,6766,59,0,6766,8
"AAATGACTGATCAAAC-1","0",76,60,11348,6839,60,1,6839,134
"TTCGTGCATGTTATAG-1","0",77,61,11474,6911,61,0,6911,8
"ATCAAAGAGCCGTGGT-1","0",76,62,11349,6983,62,1,6983,133
"ATGTCATAATAAACGA-1","0",77,63,11474,7055,63,0,7055,8
"CTTAATCGACTTAGTA-1","0",76,64,11349,7128,64,1,7128,133
"CTAAAGGATGAGATAC-1","0",77,65,11475,7199,65,0,7199,7
"GTGCTATCCAGCTGGA-1","0",76,66,11349,7272,66,1,7272,133
"GACAGAGGTCTTCAGT-1","0",77,67,11475,7344,67,0,7344,7
"TCGATTTACGAAACGA-1","0",76,68,11349,7416,68,1,7416,133
"AGGCTTAAGTTGCACA-1","0",77,69,11475,7488,69,0,7488,7
"TAGGATCTTAACCGCA-1","0",76,70,11350,7561,70,1,7561,132
"GACTTTCGAGCGGTTC-1","0",77,71,11475,7633,71,0,7633,7
"CCCTGGGAGGGATCCT-1","0",76,72,11350,7705,72,1,7705,132
"TAGTAGTTGCCGGACA-1","0",77,73,11476,7777,73,0,7777,6
"GCCCTAAGTGCAGGAT-1","0",76,74,11350,7849,74,1,7849,132
"ACTTGGGCTTTCGCCA-1","0",77,75,11476,7921,75,0,7921,6
"CATGATACGGTGAAAC-1","0",76,76,11350,7994,76,1,7994,132
"TCCTGCAGCCGCCAAT-1","0",77,77,11476,8066,77,0,8066,6
"GTCCGTTAGAGGGCCT-1","0",76,78,11350,8138,78,1,8138,132
"GCTTTATTAAGTTACC-1","0",77,79,11476,8210,79,0,8210,6
"AATCGAGGTCTCAAGG-1","0",76,80,11351,8283,80,1,8283,131
"GTGCTGTTAGAACATA-1","0",77,81,11476,8355,81,0,8355,6
"GGCTTCTCGTGGGTGG-1","0",76,82,11351,8427,82,1,8427,131
"CCTACAGTTGAGGGAG-1","0",77,83,11477,8499,83,0,8499,5
"TATCCCTCGATCTGCA-1","0",76,84,11351,8571,84,1,8571,131
"CCGGTATCTGGCGACT-1","0",77,85,11477,8643,85,0,8643,5
"CTCTAACACCGGCAGC-1","0",76,86,11351,8716,86,1,8716,131
"CTTCATCACCAGGGCT-1","0",77,87,11477,8788,87,0,8788,5
"GGCTGGCAATCCCACG-1","0",76,88,11352,8860,88,1,8860,130
"CAAACCATAAGCGTAT-1","0",77,89,11477,8932,89,0,8932,5
"CATGTGGGCTCATCAC-1","0",76,90,11352,9004,90,1,9004,130
"CCCGTGACAGTGCCTT-1","0",77,91,11478,9076,91,0,9076,4
"GATTATCTTGCATTAT-1","0",76,92,11352,9149,92,1,9149,130
"GAGTCCACCAGGTTTA-1","0",77,93,11478,9221,93,0,9221,4
"TGTACTATCGCTCGTT-1","0",76,94,11352,9293,94,1,9293,130
"TTAGCGAATAGATAGG-1","0",77,95,11478,9365,95,0,9365,4
"ACATACAATCAAGCGG-1","0",76,96,11353,9438,96,1,9438,129
"ATTCGTGTACCCATTC-1","0",77,97,11478,9510,97,0,9510,4
"GCTAGCAACGCACCTA-1","0",76,98,11353,9582,98,1,9582,129
"ACCTCAGCGAGGCGCA-1","0",77,99,11479,9654,99,0,9654,3
"TCCGGGCCACTAACGG-1","0",76,100,11353,9726,100,1,9726,129
"TCCCAATATCGACGAC-1","0",77,101,11479,9798,101,0,9798,3
"GGATTGAAGTAGCCTC-1","0",76,102,11353,9871,102,1,9871,129
"GGCGCACAGTTTACCT-1","0",77,103,11479,9943,103,0,9943,3
"CCCGGCACGTGTCAGG-1","0",76,104,11353,10015,104,1,10015,129
"AGTAAGGGACAGAATC-1","0",77,105,11479,10087,105,0,10087,3
"TTGCGCACAACCACGT-1","0",76,106,11354,10159,106,1,10159,128
"CCTGCTACAACCATAC-1","0",77,107,11479,10231,107,0,10231,3
"CTGGGCTACTGGAGAG-1","0",76,108,11354,10304,108,1,10304,128
"AGCTACGAATGGTGGT-1","0",77,109,11480,10376,109,0,10376,2
"ATTCGTTTATCGTATT-1","0",76,110,11354,10448,110,1,10448,128
"GGCATTCCCTCCCTCG-1","0",77,111,11480,10520,111,0,10520,2
"AGTTATTCAGACTGTG-1","0",76,112,11354,10593,112,1,10593,128
"CCACTTTCCTTCTAGG-1","0",77,113,11480,10665,113,0,10665,2
"CGCAGTTCTATCTTTC-1","0",76,114,11355,10737,114,1,10737,127
"AGGAGCGTTTATTATC-1","0",77,115,11480,10809,115,0,10809,2
"GACAGGTAATCCGTGT-1","0",76,116,11355,10881,116,1,10881,127
"TTCCCAAAGTACTGAT-1","0",77,117,11481,10953,117,0,10953,1
"CTGCAGGGTGACGCTC-1","0",76,118,11355,11026,118,1,11026,127
"TCATGGAGGCCTTTGT-1","0",77,119,11481,11098,119,0,11098,1
"ATGGCCCGAAAGGTTA-1","0",76,120,11355,11170,120,1,11170,127
"CGTAATATGGCCCTTG-1","0",77,121,11481,11242,121,0,11242,1
"AGAGTCTTAATGAAAG-1","0",76,122,11356,11315,122,1,11315,126
"GAACGTTTGTATCCAC-1","0",77,123,11481,11387,123,0,11387,1
"ATTGAATTCCCTGTAG-1","0",76,124,11356,11459,124,1,11459,126
"TACCTCACCAATTGTA-1","0",77,125,11481,11531,125,0,11531,1
"AGTCGAATTAGCGTAA-1","0",76,126,11356,11603,126,1,11603,126
"TTGAAGTGCATCTACA-1","0",77,127,11482,11675,127,0,11675,0
