"barcode","in_tissue","array_row","array_col","pxl_row_in_fullres","pxl_col_in_fullres","array_x","array_y","pixels_x","pixels_y"
"CGAGGATATTCAGAGC-1","0",0,0,-862,33824,223,127,33824,40112
"TCTGGTACTAATGCGG-1","0",0,2,-864,33459,221,127,33459,40114
"AGGTGACCATGACGCT-1","0",0,4,-866,33093,219,127,33093,40116
"CAGAGGTGTACGTAGC-1","0",0,6,-867,32728,217,127,32728,40117
"TAGCTAGAAGATACAT-1","0",0,8,-869,32363,215,127,32363,40119
"AGCACTGACCGGCTTA-1","0",0,10,-871,31998,213,127,31998,40121
"ATAACCTAAGGCGTCA-1","0",0,12,-872,31633,211,127,31633,40122
"TAGAACCTCAGTTAGA-1","0",0,14,-874,31268,209,127,31268,40124
"CCGACATAAGTATCAA-1","0",0,16,-876,30902,207,127,30902,40126
"GACTACCAACTGGTCC-1","0",0,18,-878,30537,205,127,30537,40128
"TAGAGGATTGAAGCTT-1","0",0,20,-879,30172,203,127,30172,40129
"GTAACACTACCGATGC-1","0",0,22,-881,29807,201,127,29807,40131
"ACATTCCAATCCGCGT-1","0",0,24,-883,29442,199,127,29442,40133
"GTCTATTACAGGCGCA-1","0",0,26,-884,29077,197,127,29077,40134
"TCACGGCGCCGTAAGC-1","0",0,28,-886,28711,195,127,28711,40136
"CTATGCCGTCATTACG-1","0",0,30,-888,28346,193,127,28346,40138
"ACAGGATTGCTATGCT-1","0",0,32,-890,27981,191,127,27981,40140
"TAGTGCACGTACAATT-1","0",0,34,-891,27616,189,127,27616,40141
"AACAGCGATGCTTCAA-1","0",0,36,-893,27251,187,127,27251,40143
"GTATACCGCCAGTGAG-1","0",0,38,-895,26886,185,127,26886,40145
"CCGCTCAAGATCCGGC-1","0",0,40,-896,26520,183,127,26520,40146
"ACTCTAGCGGCCTGCA-1","0",0,42,-898,26155,181,127,26155,40148
"ACTCGTTGGAAGATGT-1","0",0,44,-900,25790,179,127,25790,40150
"TACGTACGACAGTCGG-1","0",0,46,-902,25425,177,127,25425,40152
"TGGTACAATTATCGCA-1","0",0,48,-903,25060,175,127,25060,40153
"CGGAGTATCTAAGAGC-1","0",0,50,-905,24695,173,127,24695,40155
"CATCCGAATGTCATTG-1","0",0,52,-907,24329,171,127,24329,40157
"GTGGCGGTTGCGACTG-1","0",0,54,-908,23964,169,127,23964,40158
"TCAGGAGTCGACCGCC-1","0",0,56,-910,23599,167,127,23599,40160
"AATACGTAACAGTTGT-1","0",0,58,-912,23234,165,127,23234,40162
"GTGATGCTTGAGTAGG-1","0",0,60,-914,22869,163,127,22869,40164
"AACTGCGGTGTTCGGC-1","0",0,62,-915,22504,161,127,22504,40165
"CCGATAGTATCCTCAT-1","0",0,64,-917,22138,159,127,22138,40167
"TACGTAAGGAGTGGCC-1","0",0,66,-919,21773,157,127,21773,40169
"CTTGGTGCTTCGTGAA-1","0",0,68,-920,21408,155,127,21408,40170
"GCCTTCTGCGTAGGTA-1","0",0,70,-922,21043,153,127,21043,40172
"AGGTGAATAATCGAAC-1","0",0,72,-924,20678,151,127,20678,40174
"GTAATGCTCGAGAATA-1","0",0,74,-926,20313,149,127,20313,40176
"GTCCAGTTCTGATGGT-1","0",0,76,-927,19947,147,127,19947,40177
"TCCGTCACCTCGGCCG-1","0",0,78,-929,19582,145,127,19582,40179
"ACGGTATGTTAGAACT-1","0",0,80,-931,19217,143,127,19217,40181
"TAACAGGCAGGCATGA-1","0",0,82,-932,18852,141,127,18852,40182
"CATCGTGAGCCTCACT-1","0",0,84,-934,18487,139,127,18487,40184
"GCAAGGTGGATTATTC-1","0",0,86,-936,18122,137,127,18122,40186
"TCGGCGTAATCATATT-1","0",0,88,-938,17756,135,127,17756,40188
"GTCAGCTCATGCTCAA-1","0",0,90,-939,17391,133,127,17391,40189
"CGGATTGCGTTACGGT-1","0",0,92,-941,17026,131,127,17026,40191
"CACTCAAGCGAGCGTG-1","0",0,94,-943,16661,129,127,16661,40193
"ATAGTCTGCAACCAGC-1","0",0,96,-944,16296,127,127,16296,40194
"GGAATGGCTCGCACCA-1","0",0,98,-946,15931,125,127,15931,40196
"GCCTAACAGCCGATTC-1","0",0,100,-948,15565,123,127,15565,40198
"CTGAATCATAGTCGAC-1","0",0,102,-950,15200,121,127,15200,40200
"TGGTACAATCCATACG-1","0",0,104,-951,14835,119,127,14835,40201
"CTAGCAGGACAAGTGC-1","0",0,106,-953,14470,117,127,14470,40203
"CCATGACACCGGTTCG-1","0",0,108,-955,14105,115,127,14105,40205
"GTTCCGCTATCCACCT-1","0",0,110,-956,13740,113,127,13740,40206
"AGTGTCACGAAGACAA-1","0",0,112,-958,13374,111,127,13374,40208
"TGAGTTGTCGGTTATG-1","0",0,114,-960,13009,109,127,13009,40210
"TAAGGTTGATAGAAGC-1","0",0,116,-962,12644,107,127,12644,40212
"GGTGAAGCGAATCTCC-1","0",0,118,-963,12279,105,127,12279,40213
"GTTCCTCGTAACCGGA-1","0",0,120,-965,11914,103,127,11914,40215
"TGTCTGTCCATTGACG-1","0",0,122,-967,11549,101,127,11549,40217
"GCCTGTGAACGGCATT-1","0",0,124,-968,11183,99,127,11183,40218
"TGCCAGCCATGCGTCA-1","0",0,126,-970,10818,97,127,10818,40220
"ATAGTTAACTAGGATG-1","0",0,128,-972,10453,95,127,10453,40222
"CGCAACGCATTCACCG-1","0",0,130,-974,10088,93,127,10088,40224
"ATCGTAACGCTTCTAG-1","0",0,132,-975,9723,91,127,9723,40225
"TCACTGGCTCACATAG-1","0",0,134,-977,9358,89,127,9358,40227
"TCTTACGAATGGTATC-1","0",0,136,-979,8992,87,127,8992,40229
"AAGCACGTAATTGACT-1","0",0,138,-980,8627,85,127,8627,40230
"AGTTGCACCGGAATGA-1","0",0,140,-982,8262,83,127,8262,40232
"ACATAGCACGAGGTTA-1","0",0,142,-984,7897,81,127,7897,40234
"TACGTAAGGCCGTCAT-1","0",0,144,-985,7532,79,127,7532,40235
"CATGTTACGGTTGTAC-1","0",0,146,-987,7167,77,127,7167,40237
"ATCACGTTGTGAGCCA-1","0",0,148,-989,6801,75,127,6801,40239
"ATTCCGCCTAATGTTC-1","0",0,150,-991,6436,73,127,6436,40241
"CAGTCTCATCGCGGAA-1","0",0,152,-992,6071,71,127,6071,40242
"ATCATTCATCAGTCGT-1","0",0,154,-994,5706,69,127,5706,40244
"CCGTAATGACGCCGAC-1","0",0,156,-996,5341,67,127,5341,40246
"ACTAAGACTTAACTTG-1","0",0,158,-997,4976,65,127,4976,40247
"TATCTAGGTGTCTTAG-1","0",0,160,-999,4610,63,127,4610,40249
"ATGCCAGTCTTGCCTT-1","0",0,162,-1001,4245,61,127,4245,40251
"AGCCAGCCTATGAGAT-1","0",0,164,-1003,3880,59,127,3880,40253
"TGGTGCGATATCCAAC-1","0",0,166,-1004,3515,57,127,3515,40254
"CTGAAGGTTCCAATTA-1","0",0,168,-1006,3150,55,127,3150,40256
"ACGTTAACCACTTATG-1","0",0,170,-1008,2785,53,127,2785,40258
"CTAAGACAGCCGACTG-1","0",0,172,-1009,2419,51,127,2419,40259
"GTTAGGTATGACCACG-1","0",0,174,-1011,2054,49,127,2054,40261
"TAATGTAAGACGTCCT-1","0",0,176,-1013,1689,47,127,1689,40263
"TAGGACCTGAGTCATC-1","0",0,178,-1015,1324,45,127,1324,40265
"CGCTAGACCAACCGAA-1","0",0,180,-1016,959,43,127,959,40266
"AACAGTCCAGCATACC-1","0",0,182,-1018,594,41,127,594,40268
"CACTGGCCAGTCTTCC-1","0",0,184,-1020,229,39,127,229,40270
"ATCTTAGCTCACAACT-1","0",0,186,-1021,-137,37,127,-137,40271
"TCGCGGTATGCCGGAC-1","0",0,188,-1023,-502,35,127,-502,40273
"ACATCTGACCACATTC-1","0",0,190,-1025,-867,33,127,-867,40275
"TGCAGACGCCTTCGCC-1","0",0,192,-1027,-1232,31,127,-1232,40277
"GTCCTTCCTCCACGCA-1","0",0,194,-1028,-1597,29,127,-1597,40278
"GGCGTATCCTTAAGTA-1","0",0,196,-1030,-1962,27,127,-1962,40280
"CTGTTGGATACCGCGG-1","0",0,198,-1032,-2328,25,127,-2328,40282
"AAGATGCAAGGATTCC-1","0",0,200,-1033,-2693,23,127,-2693,40283
"TACGTACAGTAGCTCG-1","0",0,202,-1035,-3058,21,127,-3058,40285
"ACTAGGTCAAGTGAGT-1","0",0,204,-1037,-3423,19,127,-3423,40287
"AACCAATCCTTCCTGC-1","0",0,206,-1039,-3788,17,127,-3788,40289
"TGTCAGCATATCGCAT-1","0",0,208,-1040,-4153,15,127,-4153,40290
"GATCACTCCGGCCATG-1","0",0,210,-1042,-4519,13,127,-4519,40292
"GCACTCCTAGAATGAC-1","0",0,212,-1044,-4884,11,127,-4884,40294
"TGAGAAGGAATGTCTA-1","0",0,214,-1045,-5249,9,127,-5249,40295
"AGCGACAACCGCCATG-1","0",0,216,-1047,-5614,7,127,-5614,40297
"CAGCTGGCGTCTGCAG-1","0",0,218,-1049,-5979,5,127,-5979,40299
"GAATGACAATTCACAG-1","0",0,220,-1051,-6344,3,127,-6344,40301
"CTGGCCACAAGAATGC-1","0",0,222,-1052,-6710,1,127,-6710,40302
"ACTCCTTCAACTAGGC-1","0",1,1,-549,33640,222,126,33640,39799
"ATTGCATGAGGCGTCG-1","0",1,3,-551,33275,220,126,33275,39801
"TAATTACTCGTACAAT-1","0",1,5,-552,32909,218,126,32909,39802
"CAAGTGCGAATGCTAG-1","0",1,7,-554,32544,216,126,32544,39804
"TGTCCTGTCGGTGGCG-1","0",1,9,-556,32179,214,126,32179,39806
"ATTGACTTGGATGCGT-1","0",1,11,-558,31814,212,126,31814,39808
"GAACGCGGTGCGCTTC-1","0",1,13,-559,31449,210,126,31449,39809
"CACCTTCCGTCCTTGG-1","0",1,15,-561,31084,208,126,31084,39811
"TCCGTTATGCCGGTAT-1","0",1,17,-563,30718,206,126,30718,39813
"TCGCCTGCGTAGAATA-1","0",1,19,-564,30353,204,126,30353,39814
"CTTCCTTAGGTTAGCA-1","0",1,21,-566,29988,202,126,29988,39816
"GTATGCCTTCGTATGT-1","0",1,23,-568,29623,200,126,29623,39818
"GCTTGCAACCTAATGT-1","0",1,25,-570,29258,198,126,29258,39820
"AGACGCTAGACTGTGC-1","0",1,27,-571,28893,196,126,28893,39821
"TAACGAAGATGAGTCT-1","0",1,29,-573,28527,194,126,28527,39823
"AATTGGTTAGACTATT-1","0",1,31,-575,28162,192,126,28162,39825
"ATCTGGCTTGCGTCGG-1","0",1,33,-576,27797,190,126,27797,39826
"GTTGACCGTCCACCTC-1","0",1,35,-578,27432,188,126,27432,39828
"TCTGGTCAGTAGGTTG-1","0",1,37,-580,27067,186,126,27067,39830
"ACAATACGGCTCTGGC-1","0",1,39,-582,26702,184,126,26702,39832
"ATAGCTATGAGTGCTT-1","0",1,41,-583,26336,182,126,26336,39833
"GATCACAGGAAGACTA-1","0",1,43,-585,25971,180,126,25971,39835
"GGCATCAAGAGTAGCA-1","0",1,45,-587,25606,178,126,25606,39837
"CAAGGCTCTAGATGTA-1","0",1,47,-588,25241,176,126,25241,39838
"CTCACCGTTGGAGTGG-1","0",1,49,-590,24876,174,126,24876,39840
"AAGAACCTATCCAACT-1","0",1,51,-592,24511,172,126,24511,39842
"CAGCTGTACTCCACCG-1","0",1,53,-593,24145,170,126,24145,39843
"CTTCCTCAGTGCCAGC-1","0",1,55,-595,23780,168,126,23780,39845
"TGTCCTCATGAAGCTG-1","0",1,57,-597,23415,166,126,23415,39847
"GCACATGACTTGCGAT-1","0",1,59,-599,23050,164,126,23050,39849
"GTCTATTGGAGCTGAC-1","0",1,61,-600,22685,162,126,22685,39850
"ATGTCATTCCGAGGTG-1","0",1,63,-602,22320,160,126,22320,39852
"GACGTTCCGGTACAAT-1","0",1,65,-604,21954,158,126,21954,39854
"TGGTACGGTGTCCGGC-1","0",1,67,-605,21589,156,126,21589,39855
"AATACGGCGTACGCAT-1","0",1,69,-607,21224,154,126,21224,39857
"CGGTCCAACACCGGTT-1","0",1,71,-609,20859,152,126,20859,39859
"GTCGCAGAGTAGTCTG-1","0",1,73,-611,20494,150,126,20494,39861
"CCACTGAGCCGACCTG-1","0",1,75,-612,20129,148,126,20129,39862
"CTGGAAGTCGACGTCT-1","0",1,77,-614,19763,146,126,19763,39864
"TGAGCGCTCAGATGGC-1","0",1,79,-616,19398,144,126,19398,39866
"TGGTGAAGCGGCACAA-1","0",1,81,-617,19033,142,126,19033,39867
"TGCAACGTTCAGGTAC-1","0",1,83,-619,18668,140,126,18668,39869
"TGTCTGTACTCACTAA-1","0",1,85,-621,18303,138,126,18303,39871
"GCACATGGTACCTCGG-1","0",1,87,-623,17938,136,126,17938,39873
"GCGGTCCGATTATCAC-1","0",1,89,-624,17572,134,126,17572,39874
"TGCTCCAGCAATTACG-1","0",1,91,-626,17207,132,126,17207,39876
"GTACTCGAGCGTGACA-1","0",1,93,-628,16842,130,126,16842,39878
"CGATAATTAACAGATA-1","0",1,95,-629,16477,128,126,16477,39879
"CTGATTGCTCGCTGGA-1","0",1,97,-631,16112,126,126,16112,39881
"GGACGGAATGAATGAA-1","0",1,99,-633,15747,124,126,15747,39883
"TGGCCAGAGTGGCGAG-1","0",1,101,-635,15381,122,126,15381,39885
"TAACCAACCGATAACA-1","0",1,103,-636,15016,120,126,15016,39886
"CGCTCGTTCAGGCTGG-1","0",1,105,-638,14651,118,126,14651,39888
"CTCGAGCATCCTAATA-1","0",1,107,-640,14286,116,126,14286,39890
"CGACCAGCGTAGCTAC-1","0",1,109,-641,13921,114,126,13921,39891
"GGAATCGGCATAAGAC-1","0",1,111,-643,13556,112,126,13556,39893
"GTAGTCACCAGGAACG-1","0",1,113,-645,13190,110,126,13190,39895
"GATGGATGGTTCCGAT-1","0",1,115,-647,12825,108,126,12825,39897
"CTATTAATGTGGATGC-1","0",1,117,-648,12460,106,126,12460,39898
"GCTACAACGGTCATTA-1","0",1,119,-650,12095,104,126,12095,39900
"CAGACGCTTGAAGACG-1","0",1,121,-652,11730,102,126,11730,39902
"TGGCCTAATATTAGAT-1","0",1,123,-653,11365,100,126,11365,39903
"GTGAACGACTCGTTGC-1","0",1,125,-655,10999,98,126,10999,39905
"ATCCAACGTACCGGCC-1","0",1,127,-657,10634,96,126,10634,39907
"CCTCGCAGCCTGTATC-1","0",1,129,-659,10269,94,126,10269,39909
"GTCTTAGAATAATGTA-1","0",1,131,-660,9904,92,126,9904,39910
"AAGGTTATCGTTCGGC-1","0",1,133,-662,9539,90,126,9539,39912
"TCGGAGCGGCATTGCT-1","0",1,135,-664,9174,88,126,9174,39914
"TCATCTGCGTGGCATG-1","0",1,137,-665,8808,86,126,8808,39915
"ATTATGCCGTAATCGA-1","0",1,139,-667,8443,84,126,8443,39917
"GAGTAATGGATTGCGG-1","0",1,141,-669,8078,82,126,8078,39919
"AGTCGATCTACATCCT-1","0",1,143,-671,7713,80,126,7713,39921
"TGTCAGATAAGAACTA-1","0",1,145,-672,7348,78,126,7348,39922
"CCTCATACTTGATGTT-1","0",1,147,-674,6983,76,126,6983,39924
"ACCGATGTGGTTAGTA-1","0",1,149,-676,6617,74,126,6617,39926
"ATTACCTTCGCTATTC-1","0",1,151,-677,6252,72,126,6252,39927
"CAACTTAGATCGGTAT-1","0",1,153,-679,5887,70,126,5887,39929
"ATAGCTGTATCTGTAC-1","0",1,155,-681,5522,68,126,5522,39931
"TCGTGACTATCAGGAC-1","0",1,157,-683,5157,66,126,5157,39933
"AATACGTCACCACTGA-1","0",1,159,-684,4792,64,126,4792,39934
"GCTCAGATTCCTACGT-1","0",1,161,-686,4426,62,126,4426,39936
"CGAGTCCGTTATAGTA-1","0",1,163,-688,4061,60,126,4061,39938
"TGGCCATGGATCCAGC-1","0",1,165,-689,3696,58,126,3696,39939
"TCGTATTAGAGTATTA-1","0",1,167,-691,3331,56,126,3331,39941
"GCCAGAACTTGGTACT-1","0",1,169,-693,2966,54,126,2966,39943
"CAGAGCAACAGTATAC-1","0",1,171,-695,2601,52,126,2601,39945
"TCATCTACTTGGTAGA-1","0",1,173,-696,2235,50,126,2235,39946
"GAACAGCTCGACTATT-1","0",1,175,-698,1870,48,126,1870,39948
"ATACATTCGCCACTCC-1","0",1,177,-700,1505,46,126,1505,39950
"CATTCTGGACCGTCAT-1","0",1,179,-701,1140,44,126,1140,39951
"AAGCGACTTAATCCGA-1","0",1,181,-703,775,42,126,775,39953
"AGTGCGGTAACTGCTA-1","0",1,183,-705,410,40,126,410,39955
"GAGTATAGCGACCGAT-1","0",1,185,-707,44,38,126,44,39957
"GGTAACTGATTAGATG-1","0",1,187,-708,-321,36,126,-321,39958
"GATGGACCGTCCATCC-1","0",1,189,-710,-686,34,126,-686,39960
"TGCAGAACCTCAGAGG-1","0",1,191,-712,-1051,32,126,-1051,39962
"GGAATGAACTGTGACA-1","0",1,193,-713,-1416,30,126,-1416,39963
"CATAGACCGGTTGTCG-1","0",1,195,-715,-1781,28,126,-1781,39965
"ACGCAACATTCCTCGG-1","0",1,197,-717,-2147,26,126,-2147,39967
"AGCTACTCATTATGTA-1","0",1,199,-719,-2512,24,126,-2512,39969
"AGATCAACTCTACTGA-1","0",1,201,-720,-2877,22,126,-2877,39970
"AGCCATCAATGGAAGC-1","0",1,203,-722,-3242,20,126,-3242,39972
"TCAGGAGCTTGGATTG-1","0",1,205,-724,-3607,18,126,-3607,39974
"ACTTACCGGCTATTCT-1","0",1,207,-725,-3972,16,126,-3972,39975
"TGTCTGCCATTGAACA-1","0",1,209,-727,-4338,14,126,-4338,39977
"AAGGCGGAACGTTACT-1","0",1,211,-729,-4703,12,126,-4703,39979
"TGAAGATCGCTATCAG-1","0",1,213,-731,-5068,10,126,-5068,39981
"GCTTCTCATACCAAGA-1","0",1,215,-732,-5433,8,126,-5433,39982
"TCCTGCCGTAGAGTTC-1","0",1,217,-734,-5798,6,126,-5798,39984
"CATCTTGACCACTGTT-1","0",1,219,-736,-6163,4,126,-6163,39986
"GACAGAATACCTGATC-1","0",1,221,-737,-6529,2,126,-6529,39987
"GACAAGTGCTTAAGCG-1","0",1,223,-739,-6894,0,126,-6894,39989
"CGGCTTACGGAATCGC-1","0",2,0,-230,33821,223,125,33821,39480
"TGCCTACACCTCTACA-1","0",2,2,-232,33456,221,125,33456,39482
"GTACCTGTATGGCAGA-1","0",2,4,-234,33090,219,125,33090,39484
"GGCCGAACGCTTCAGG-1","0",2,6,-236,32725,217,125,32725,39486
"AGAAGGCGACTACCGC-1","0",2,8,-237,32360,215,125,32360,39487
"AAGGACCTGAATAGAA-1","0",2,10,-239,31995,213,125,31995,39489
"TAGAGGCAGACTAACC-1","0",2,12,-241,31630,211,125,31630,39491
"GTTCTTCGGATTCAAT-1","0",2,14,-242,31265,209,125,31265,39492
"TCATCCACCTCCGGAT-1","0",2,16,-244,30899,207,125,30899,39494
"TCTGCAACTCCTAGGC-1","0",2,18,-246,30534,205,125,30534,39496
"GTACGAACGTACGTGC-1","0",2,20,-248,30169,203,125,30169,39498
"AGACGTCCATCGAAGG-1","0",2,22,-249,29804,201,125,29804,39499
"AAGACTGATGTAACTG-1","0",2,24,-251,29439,199,125,29439,39501
"CATCAGTAAGTCGCAC-1","0",2,26,-253,29074,197,125,29074,39503
"GTCTTCGAAGCTACGC-1","0",2,28,-254,28708,195,125,28708,39504
"CCTGTCTATGCGAGCG-1","0",2,30,-256,28343,193,125,28343,39506
"TCGGAATGTAGATTAA-1","0",2,32,-258,27978,191,125,27978,39508
"GCTCATAGGAGTTGGT-1","0",2,34,-260,27613,189,125,27613,39510
"ACGCTCCTGCGATCGC-1","0",2,36,-261,27248,187,125,27248,39511
"AATACTGTTAGAACAA-1","0",2,38,-263,26883,185,125,26883,39513
"GCGATAATGAGCAGAC-1","0",2,40,-265,26517,183,125,26517,39515
"ACATGCCTTCTGTCGG-1","0",2,42,-266,26152,181,125,26152,39516
"ACAGGTACGGCCAAGA-1","0",2,44,-268,25787,179,125,25787,39518
"GTGGAGATTCTTGGAA-1","0",2,46,-270,25422,177,125,25422,39520
"ACCGTTCGTGAAGTCT-1","0",2,48,-272,25057,175,125,25057,39522
"CAAGTCTTCATGCCAA-1","0",2,50,-273,24692,173,125,24692,39523
"GTAGAATCTGTTACGC-1","0",2,52,-275,24326,171,125,24326,39525
"TCAGTTGCAGACGATG-1","0",2,54,-277,23961,169,125,23961,39527
"GCCAGACACTAAGTCA-1","0",2,56,-278,23596,167,125,23596,39528
"AGCTGTCTGTGGAACG-1","0",2,58,-280,23231,165,125,23231,39530
"GGAACAGCTCGTTGGT-1","0",2,60,-282,22866,163,125,22866,39532
"TCGCTAGCGTATCCGT-1","0",2,62,-284,22501,161,125,22501,39534
"AATACGAGATCGCATA-1","0",2,64,-285,22136,159,125,22136,39535
"TCACATAGTTAAGGTA-1","0",2,66,-287,21770,157,125,21770,39537
"GGAGTCCGCCTTATCT-1","0",2,68,-289,21405,155,125,21405,39539
"GTCTAGCGTACTCAGT-1","0",2,70,-290,21040,153,125,21040,39540
"GCTAACCAGAAGCTCG-1","0",2,72,-292,20675,151,125,20675,39542
"TGGTAGAAGCTATGCA-1","0",2,74,-294,20310,149,125,20310,39544
"TATCGCAATGTAAGTT-1","0",2,76,-296,19945,147,125,19945,39546
"GATCTTATCACTGCGA-1","0",2,78,-297,19579,145,125,19579,39547
"GACATCCTCACTTCTG-1","0",2,80,-299,19214,143,125,19214,39549
"ATGCGATGTTCCGTGG-1","0",2,82,-301,18849,141,125,18849,39551
"GCTGGAAGACTATCGG-1","0",2,84,-302,18484,139,125,18484,39552
"CTCCTGTCAATTATGT-1","0",2,86,-304,18119,137,125,18119,39554
"TACGTTCTGTGATCAT-1","0",2,88,-306,17754,135,125,17754,39556
"AACATGGTCAGCCACC-1","0",2,90,-308,17388,133,125,17388,39558
"CGTTCCTCCGGCTATG-1","0",2,92,-309,17023,131,125,17023,39559
"ACTGCACCATTGATCC-1","0",2,94,-311,16658,129,125,16658,39561
"TAGTTCGTAGGATTCC-1","0",2,96,-313,16293,127,125,16293,39563
"ACCTTCTACGCCAGTG-1","0",2,98,-314,15928,125,125,15928,39564
"ATGACGCCTACATGGC-1","0",2,100,-316,15563,123,125,15563,39566
"CAAGATAATTGCCTAA-1","0",2,102,-318,15197,121,125,15197,39568
"AATCTGGTACATCTTA-1","0",2,104,-319,14832,119,125,14832,39569
"GCCATTCCTCAGCCAT-1","0",2,106,-321,14467,117,125,14467,39571
"CGTTAACTCGGTATCT-1","0",2,108,-323,14102,115,125,14102,39573
"TACAAGATAGACTGTC-1","0",2,110,-325,13737,113,125,13737,39575
"TGCTATTGCTTACGTG-1","0",2,112,-326,13372,111,125,13372,39576
"TCGTAGTCCAATGTCT-1","0",2,114,-328,13006,109,125,13006,39578
"CTCGTACGCATGGTTG-1","0",2,116,-330,12641,107,125,12641,39580
"TCAGGATTGTGGCTCG-1","0",2,118,-331,12276,105,125,12276,39581
"GCTGAAGCGTCTTCCG-1","0",2,120,-333,11911,103,125,11911,39583
"GTCTGTAAGTACCGAG-1","0",2,122,-335,11546,101,125,11546,39585
"CAAGATTACTAATATG-1","0",2,124,-337,11181,99,125,11181,39587
"TCGCCTAACCACGCAG-1","0",2,126,-338,10815,97,125,10815,39588
"GTCGGTGGCGTTGCTT-1","0",2,128,-340,10450,95,125,10450,39590
"ATGAGTCCAACCTTGG-1","0",2,130,-342,10085,93,125,10085,39592
"TCGCCTGCAATAGTGC-1","0",2,132,-343,9720,91,125,9720,39593
"GATTGAGTCGTGGCAC-1","0",2,134,-345,9355,89,125,9355,39595
"TAGATGCTTCTATGAT-1","0",2,136,-347,8990,87,125,8990,39597
"AATACTAACGGCCTTC-1","0",2,138,-349,8624,85,125,8624,39599
"TGCGGCCTATGCTTAG-1","0",2,140,-350,8259,83,125,8259,39600
"CTCGATTGGAGCGAGG-1","0",2,142,-352,7894,81,125,7894,39602
"AATTAAGCTATCGTGA-1","0",2,144,-354,7529,79,125,7529,39604
"GCCACGAATCCTTACC-1","0",2,146,-355,7164,77,125,7164,39605
"TCCGGTCTAGCTCGTG-1","0",2,148,-357,6799,75,125,6799,39607
"GTTGGTTAACGCGAAT-1","0",2,150,-359,6433,73,125,6433,39609
"ACGTTAGTCGTTGTCC-1","0",2,152,-361,6068,71,125,6068,39611
"ACTCCTGAGCCAAGTT-1","0",2,154,-362,5703,69,125,5703,39612
"ATGAGTCAATTCGGAG-1","0",2,156,-364,5338,67,125,5338,39614
"CGGTGACTAAGCAACT-1","0",2,158,-366,4973,65,125,4973,39616
"CACCATTATCTGGTAC-1","0",2,160,-367,4608,63,125,4608,39617
"ACGCACAGGCGACCGA-1","0",2,162,-369,4242,61,125,4242,39619
"CACTACCAGACGGTAG-1","0",2,164,-371,3877,59,125,3877,39621
"GCCACGAACCTACACT-1","0",2,166,-373,3512,57,125,3512,39623
"TAGACAGGCGTCAACC-1","0",2,168,-374,3147,55,125,3147,39624
"GTTGCTTGCCTCTGCC-1","0",2,170,-376,2782,53,125,2782,39626
"CCTTATCTTCCTCATC-1","0",2,172,-378,2417,51,125,2417,39628
"TAGGACAGCCTAACTC-1","0",2,174,-379,2051,49,125,2051,39629
"AGACGTCCTCACAGTA-1","0",2,176,-381,1686,47,125,1686,39631
"CTCGCAGTGCCGATGG-1","0",2,178,-383,1321,45,125,1321,39633
"CACTTAATGCGTCTTC-1","0",2,180,-385,956,43,125,956,39635
"TGGCTGGAATCTACCA-1","0",2,182,-386,591,41,125,591,39636
"CTCAATGACGGCACAT-1","0",2,184,-388,226,39,125,226,39638
"TCATCCGAATACGAGC-1","0",2,186,-390,-140,37,125,-140,39640
"ATTACTATTGCCTCGT-1","0",2,188,-391,-505,35,125,-505,39641
"CTTGACAGGCTTGGCA-1","0",2,190,-393,-870,33,125,-870,39643
"TAAGACTACAGAGTAT-1","0",2,192,-395,-1235,31,125,-1235,39645
"GCCGTATTGAGGACGG-1","0",2,194,-397,-1600,29,125,-1600,39647
"ACTGCACGCTCATGCC-1","0",2,196,-398,-1965,27,125,-1965,39648
"ATACATCAGCTGGTAT-1","0",2,198,-400,-2331,25,125,-2331,39650
"GTGCAGTCTGTATGAT-1","0",2,200,-402,-2696,23,125,-2696,39652
"AACCAATCTAACAAGA-1","0",2,202,-403,-3061,21,125,-3061,39653
"ATCTCGGTCCGGCGTC-1","0",2,204,-405,-3426,19,125,-3426,39655
"CAAGTGAGCGTAGATG-1","0",2,206,-407,-3791,17,125,-3791,39657
"TGCGATCTATTATGAG-1","0",2,208,-409,-4156,15,125,-4156,39659
"ATCGGTAGCCATCAAC-1","0",2,210,-410,-4522,13,125,-4522,39660
"GCCGGCTGGTTAAGAT-1","0",2,212,-412,-4887,11,125,-4887,39662
"CCGCAAGTAGGCATCA-1","0",2,214,-414,-5252,9,125,-5252,39664
"TAGTATCTCAACAGCC-1","0",2,216,-415,-5617,7,125,-5617,39665
"CTCGACGTGATCCACC-1","0",2,218,-417,-5982,5,125,-5982,39667
"CAACTGTATGTTGAAC-1","0",2,220,-419,-6347,3,125,-6347,39669
"AACTGTTCACGCCTGA-1","0",2,222,-421,-6713,1,125,-6713,39671
"CCTACACCTCGAGGCT-1","0",3,1,83,33637,222,124,33637,39167
"CTCGATGCCGCTTGCT-1","0",3,3,81,33272,220,124,33272,39169
"TGATAGACGCCTAGGC-1","0",3,5,79,32906,218,124,32906,39171
"CGATGAGTCGTTCGAG-1","0",3,7,78,32541,216,124,32541,39172
"CGGCTCCGGTTCGAGG-1","0",3,9,76,32176,214,124,32176,39174
"ACAGCCTTCCTCATTC-1","0",3,11,74,31811,212,124,31811,39176
"TCTTGTTAACCAGCGG-1","0",3,13,73,31446,210,124,31446,39177
"GACGAGTGACAGTAAT-1","0",3,15,71,31081,208,124,31081,39179
"GTTCCGCTAGAATCTT-1","0",3,17,69,30715,206,124,30715,39181
"CGGTTAGACTGCACGA-1","0",3,19,67,30350,204,124,30350,39183
"GAGTGCCGACAATAGT-1","0",3,21,66,29985,202,124,29985,39184
"GCAAGCACGATAAGAA-1","0",3,23,64,29620,200,124,29620,39186
"CATTGCGTAACTATGG-1","0",3,25,62,29255,198,124,29255,39188
"ACTTCCTCATTGTAGC-1","0",3,27,61,28890,196,124,28890,39189
"AGCGTTCCACTAGGAT-1","0",3,29,59,28524,194,124,28524,39191
"ACGTCATACGGACTTG-1","0",3,31,57,28159,192,124,28159,39193
"TGAGTGAGACATCATA-1","0",3,33,55,27794,190,124,27794,39195
"GTACAGATCCTCTTCC-1","0",3,35,54,27429,188,124,27429,39196
"TCGTCCTCGGAGATTG-1","0",3,37,52,27064,186,124,27064,39198
"CGACTAAGCTAGTTCT-1","0",3,39,50,26699,184,124,26699,39200
"CGCTGCGGATGCTCAA-1","0",3,41,49,26333,182,124,26333,39201
"AATACTAAGTAGTGAA-1","0",3,43,47,25968,180,124,25968,39203
"GCCGAGGCGGCAACCT-1","0",3,45,45,25603,178,124,25603,39205
"CTATTACAGATGCAGT-1","0",3,47,43,25238,176,124,25238,39207
"CTCGACTGACGGTACG-1","0",3,49,42,24873,174,124,24873,39208
"TCGAATCATAATGTCG-1","0",3,51,40,24508,172,124,24508,39210
"GCTCGCGATTACCGCC-1","0",3,53,38,24142,170,124,24142,39212
"ACTGATCCTTAAGGTA-1","0",3,55,37,23777,168,124,23777,39213
"TAGGCTCGCAGGCAGG-1","0",3,57,35,23412,166,124,23412,39215
"GTGCAGTGCGAACTAT-1","0",3,59,33,23047,164,124,23047,39217
"TCCAGTTACAGAACAT-1","0",3,61,31,22682,162,124,22682,39219
"TCGTTGAGATGCGACC-1","0",3,63,30,22317,160,124,22317,39220
"TCTATTCCACATAACA-1","0",3,65,28,21951,158,124,21951,39222
"CACCTCGTCCTAGTAT-1","0",3,67,26,21586,156,124,21586,39224
"CGCAAGAATACCGGCG-1","0",3,69,25,21221,154,124,21221,39225
"ACCATCACGATCTGAC-1","0",3,71,23,20856,152,124,20856,39227
"AGCGATGCACGATTGG-1","0",3,73,21,20491,150,124,20491,39229
"AGTTGTCTTCAGGAAG-1","0",3,75,19,20126,148,124,20126,39231
"TAACAGTTGAGCCATC-1","0",3,77,18,19760,146,124,19760,39232
"GCCAGATACCACTGAC-1","0",3,79,16,19395,144,124,19395,39234
"TACAACGCGAGTTGCG-1","0",3,81,14,19030,142,124,19030,39236
"AGACTTAATCCTCGCT-1","0",3,83,13,18665,140,124,18665,39237
"GTACGATTGCACGCAA-1","0",3,85,11,18300,138,124,18300,39239
"GTAATGAGATGTTAGT-1","0",3,87,9,17935,136,124,17935,39241
"GCTTAGCCTGGTATCT-1","0",3,89,7,17569,134,124,17569,39243
"TATCAGCTTACTAATG-1","0",3,91,6,17204,132,124,17204,39244
"CTGGCTCATCGGTAAG-1","0",3,93,4,16839,130,124,16839,39246
"CGGTGACTCGGCTCGG-1","0",3,95,2,16474,128,124,16474,39248
"CGACTGGCCTTACAGT-1","0",3,97,1,16109,126,124,16109,39249
"CAGAAGTTCGTGTCTT-1","0",3,99,-1,15744,124,124,15744,39251
"GGTTGCCTCATCTGGT-1","0",3,101,-3,15378,122,124,15378,39253
"TCAAGGCAGTCACTTG-1","0",3,103,-5,15013,120,124,15013,39255
"CTTCATAGTAGCTGAA-1","0",3,105,-6,14648,118,124,14648,39256
"AACTGGTCTGGATAGA-1","0",3,107,-8,14283,116,124,14283,39258
"ATGTTAGACGGCAGTT-1","0",3,109,-10,13918,114,124,13918,39260
"GAATGTTAGCTCACGG-1","0",3,111,-11,13553,112,124,13553,39261
"CCATAGATCGCTCCGG-1","0",3,113,-13,13187,110,124,13187,39263
"GTCTAGGATGAGAATC-1","0",3,115,-15,12822,108,124,12822,39265
"GTCTTGACGAAGTCTT-1","0",3,117,-17,12457,106,124,12457,39267
"AGGCCTGGTTGACAAT-1","0",3,119,-18,12092,104,124,12092,39268
"GCTTCTCCACGGATGT-1","0",3,121,-20,11727,102,124,11727,39270
"TCACCTAAGTCTGGAA-1","0",3,123,-22,11362,100,124,11362,39272
"GGTTCACTAGTTATCG-1","0",3,125,-23,10996,98,124,10996,39273
"TCGTATGTGGTATCCG-1","0",3,127,-25,10631,96,124,10631,39275
"TGCGTTAGATGAGCAA-1","0",3,129,-27,10266,94,124,10266,39277
"GTACAGGTATGACACT-1","0",3,131,-29,9901,92,124,9901,39279
"TCATCCACCTCAACCA-1","0",3,133,-30,9536,90,124,9536,39280
"GAGTAAGATCACAGAT-1","0",3,135,-32,9171,88,124,9171,39282
"CTTGCCAGATCCGTCG-1","0",3,137,-34,8805,86,124,8805,39284
"AGGCAAGGAGTTACGC-1","0",3,139,-35,8440,84,124,8440,39285
"GCCGTAAGTCGTCCTG-1","0",3,141,-37,8075,82,124,8075,39287
"GACGCATCACGTGGAT-1","0",3,143,-39,7710,80,124,7710,39289
"GGAATGAATTAGTGAG-1","0",3,145,-41,7345,78,124,7345,39291
"CCGAGTGACCTCGGTT-1","0",3,147,-42,6980,76,124,6980,39292
"ATTATGCGAACGCTCC-1","0",3,149,-44,6614,74,124,6614,39294
"TGACCTCCACAGTTGG-1","0",3,151,-46,6249,72,124,6249,39296
"CCACTGCTAACAGTTA-1","0",3,153,-47,5884,70,124,5884,39297
"ATCCTGGCTCAGCACG-1","0",3,155,-49,5519,68,124,5519,39299
"GCTTATGCTTGTAGCA-1","0",3,157,-51,5154,66,124,5154,39301
"GTCAGCTTGTTACACT-1","0",3,159,-53,4789,64,124,4789,39303
"TGTAGGTGGACCTCTA-1","0",3,161,-54,4423,62,124,4423,39304
"AGCTTGCCTAAGCCAT-1","0",3,163,-56,4058,60,124,4058,39306
"GACTTGGTACCGATAC-1","0",3,165,-58,3693,58,124,3693,39308
"TCAGTTCTTGCGTCGC-1","0",3,167,-59,3328,56,124,3328,39309
"GATAATTACTAGGCAC-1","0",3,169,-61,2963,54,124,2963,39311
"AAGGACTTCGAGACTG-1","0",3,171,-63,2598,52,124,2598,39313
"TGGTTGGTCTATTCCT-1","0",3,173,-65,2232,50,124,2232,39315
"CTGCATGATCCTTGGC-1","0",3,175,-66,1867,48,124,1867,39316
"GCCTTCGCGACGTATG-1","0",3,177,-68,1502,46,124,1502,39318
"TCATCGAATTCCGTGA-1","0",3,179,-70,1137,44,124,1137,39320
"TACAGATATGTCCTAA-1","0",3,181,-71,772,42,124,772,39321
"ATGGAGAAGGATCCTA-1","0",3,183,-73,407,40,124,407,39323
"TGTATCGCACAATATC-1","0",3,185,-75,41,38,124,41,39325
"CCACCGATGTGCTGAG-1","0",3,187,-77,-324,36,124,-324,39327
"TGCATCGCAGTTGTGC-1","0",3,189,-78,-689,34,124,-689,39328
"ACGCGGAGCCATCCGG-1","0",3,191,-80,-1054,32,124,-1054,39330
"CGTTACCGATAGCGTA-1","0",3,193,-82,-1419,30,124,-1419,39332
"TATGACCTTGAGGCCT-1","0",3,195,-83,-1784,28,124,-1784,39333
"CAGACGTGTCGTCTAT-1","0",3,197,-85,-2150,26,124,-2150,39335
"TCAATCTACTAGCGTG-1","0",3,199,-87,-2515,24,124,-2515,39337
"GAGGTACGATTGTCCT-1","0",3,201,-89,-2880,22,124,-2880,39339
"GAGGTCTAAGCATTCA-1","0",3,203,-90,-3245,20,124,-3245,39340
"ATACGGTCACTAGATC-1","0",3,205,-92,-3610,18,124,-3610,39342
"TCGAGCACGCATACAA-1","0",3,207,-94,-3975,16,124,-3975,39344
"CAATGCACAATTAGTG-1","0",3,209,-95,-4341,14,124,-4341,39345
"GTATACTGGTACTCCT-1","0",3,211,-97,-4706,12,124,-4706,39347
"TCGCGGTAAGTAATCC-1","0",3,213,-99,-5071,10,124,-5071,39349
"CGCACTGGCCTGTAAT-1","0",3,215,-101,-5436,8,124,-5436,39351
"TCCGCCGACAGGACCT-1","0",3,217,-102,-5801,6,124,-5801,39352
"ATACTATGTAATACGT-1","0",3,219,-104,-6166,4,124,-6166,39354
"GAGTGCGTAGAATACG-1","0",3,221,-106,-6532,2,124,-6532,39356
"TAACAGCAGAAGACAG-1","0",3,223,-107,-6897,0,124,-6897,39357
"CTGGTGCGTTACAACC-1","0",4,0,401,33818,223,123,33818,38849
"AAGAATCGTGCCGACT-1","0",4,2,400,33453,221,123,33453,38850
"GCCGTAGGCGTCCATG-1","0",4,4,398,33088,219,123,33088,38852
"TCAGTCTGATGTTATC-1","0",4,6,396,32722,217,123,32722,38854
"GTTGCTAGATTCCAAG-1","0",4,8,394,32357,215,123,32357,38856
"AGAAGCTGACTCCTCA-1","0",4,10,393,31992,213,123,31992,38857
"ATACCTGAGTTAGAAG-1","0",4,12,391,31627,211,123,31627,38859
"AGAAGGCGATACGTAC-1","0",4,14,389,31262,209,123,31262,38861
"ATAGTGCCGCCAGATA-1","0",4,16,388,30897,207,123,30897,38862
"TGGACTACGAATCGAC-1","0",4,18,386,30531,205,123,30531,38864
"GGCGAGGCACGAAGGA-1","0",4,20,384,30166,203,123,30166,38866
"TCACCATGCGAGAAGC-1","0",4,22,382,29801,201,123,29801,38868
"GTTGCCACTGTTGGTC-1","0",4,24,381,29436,199,123,29436,38869
"CCGGATTGCGAGTGCG-1","0",4,26,379,29071,197,123,29071,38871
"AGTGATGGAGCTCCGT-1","0",4,28,377,28706,195,123,28706,38873
"CTTAGCGTGCTTATTG-1","0",4,30,376,28340,193,123,28340,38874
"GCGAACAAGATGGTAT-1","0",4,32,374,27975,191,123,27975,38876
"CCTGGACTAATTAGCT-1","0",4,34,372,27610,189,123,27610,38878
"GCCGTACAGCCTACAG-1","0",4,36,370,27245,187,123,27245,38880
"ACAGAATATCTGTATC-1","0",4,38,369,26880,185,123,26880,38881
"CTGTGCTCTGCTTAAC-1","0",4,40,367,26515,183,123,26515,38883
"AGGACGCCGACTCAAG-1","0",4,42,365,26149,181,123,26149,38885
"CACCTCGAATGGTACC-1","0",4,44,364,25784,179,123,25784,38886
"AGCGTGTCGACCTCCA-1","0",4,46,362,25419,177,123,25419,38888
"ACGCCGTCCGTGTCAC-1","0",4,48,360,25054,175,123,25054,38890
"CTAGCATATGTCCATG-1","0",4,50,359,24689,173,123,24689,38891
"AGTTAGTTATGTAGAT-1","0",4,52,357,24324,171,123,24324,38893
"CTCGTGGATAACGGTT-1","0",4,54,355,23958,169,123,23958,38895
"GGTTCTCGTAAGAATG-1","0",4,56,353,23593,167,123,23593,38897
"GTCCTGAGATCGATAC-1","0",4,58,352,23228,165,123,23228,38898
"AATATCCTGCAGTTGG-1","0",4,60,350,22863,163,123,22863,38900
"ACATCGTGTCTTCCTC-1","0",4,62,348,22498,161,123,22498,38902
"CTATGCCTTGAATGAG-1","0",4,64,347,22133,159,123,22133,38903
"AGGTGACACCAATGCT-1","0",4,66,345,21767,157,123,21767,38905
"CGCCTTGGTCTAGATA-1","0",4,68,343,21402,155,123,21402,38907
"TGCGTTGCGTGGCTGT-1","0",4,70,341,21037,153,123,21037,38909
"CATCAGATTGTAGGAC-1","0",4,72,340,20672,151,123,20672,38910
"GGTCCTTGCGGACATA-1","0",4,74,338,20307,149,123,20307,38912
"GCCTTGAGATCAACTA-1","0",4,76,336,19942,147,123,19942,38914
"TCGCCTGATCAGTATG-1","0",4,78,335,19576,145,123,19576,38915
"TGAACGTGCGAAGTGA-1","0",4,80,333,19211,143,123,19211,38917
"TCCTGAACTCTTAGAA-1","0",4,82,331,18846,141,123,18846,38919
"TCATTCAGTCAATACT-1","0",4,84,329,18481,139,123,18481,38921
"GATAAGTTCATGGATA-1","0",4,86,328,18116,137,123,18116,38922
"GGATAAGTCGGACGAA-1","0",4,88,326,17751,135,123,17751,38924
"TGTCACAGTAGCGACG-1","0",4,90,324,17385,133,123,17385,38926
"CCTTCGCACGCTGTAT-1","0",4,92,323,17020,131,123,17020,38927
"GTACAAGATACTAGAT-1","0",4,94,321,16655,129,123,16655,38929
"TCTATTCGGCTCTAAT-1","1",4,96,319,16290,127,123,16290,38931
"TGTTCTAATCGGCCAG-1","0",4,98,317,15925,125,123,15925,38933
"TGGCGAATCTACTCTT-1","0",4,100,316,15560,123,123,15560,38934
"GGCGCCACAGGTACGG-1","0",4,102,314,15194,121,123,15194,38936
"ACCGTAGAGGATAGCT-1","0",4,104,312,14829,119,123,14829,38938
"CTAAGTAATGACCTCC-1","0",4,106,311,14464,117,123,14464,38939
"CCTCCGCTCCACGACA-1","0",4,108,309,14099,115,123,14099,38941
"ATCCGGCCTCAATGCG-1","0",4,110,307,13734,113,123,13734,38943
"TGGCCAGACGATCCAA-1","0",4,112,305,13369,111,123,13369,38945
"ACTGAGGCTGAGGTCG-1","0",4,114,304,13003,109,123,13003,38946
"CTGCATCCACAGTGTC-1","0",4,116,302,12638,107,123,12638,38948
"GTAATGCAGCCGGCAC-1","0",4,118,300,12273,105,123,12273,38950
"GGAGTGTCTATCCAGG-1","0",4,120,299,11908,103,123,11908,38951
"TGAGCACCAAGTTGCC-1","0",4,122,297,11543,101,123,11543,38953
"TCGGCAGGTCGAGCGT-1","0",4,124,295,11178,99,123,11178,38955
"CTGACTAATGAGTATT-1","0",4,126,293,10812,97,123,10812,38957
"AGGATAGAGTTCGCAG-1","0",4,128,292,10447,95,123,10447,38958
"TAAGGTATAAGGTATT-1","0",4,130,290,10082,93,123,10082,38960
"CTCCACTATCGCCAAT-1","0",4,132,288,9717,91,123,9717,38962
"GCAAGAACTATGCTAA-1","0",4,134,287,9352,89,123,9352,38963
"GTGGCGGTCATATGGC-1","0",4,136,285,8987,87,123,8987,38965
"AGCGGAAGCCAATTCT-1","0",4,138,283,8621,85,123,8621,38967
"ATTGCACGCTGTTACA-1","0",4,140,281,8256,83,123,8256,38969
"AGCTAGATTGGTCAGC-1","0",4,142,280,7891,81,123,7891,38970
"TGTTGCGTATGTATTA-1","0",4,144,278,7526,79,123,7526,38972
"GCCGGCAGTTGAGGTG-1","0",4,146,276,7161,77,123,7161,38974
"GTCAGTAAGTTATTCC-1","0",4,148,275,6796,75,123,6796,38975
"TCATGGTGGACAACTG-1","0",4,150,273,6430,73,123,6430,38977
"CAGGCTATGAATGTTG-1","0",4,152,271,6065,71,123,6065,38979
"AACACCATACGATAGT-1","0",4,154,269,5700,69,123,5700,38981
"TACGCCGTGACTCCTA-1","0",4,156,268,5335,67,123,5335,38982
"CAGAAGTACTCAGGAA-1","0",4,158,266,4970,65,123,4970,38984
"ATGTGACAACTGCCAC-1","0",4,160,264,4605,63,123,4605,38986
"TGATTCACGACACTTC-1","0",4,162,263,4239,61,123,4239,38987
"ATTAAGGCTGAAGAGT-1","0",4,164,261,3874,59,123,3874,38989
"CGCTTGTTAGTTATGC-1","0",4,166,259,3509,57,123,3509,38991
"GATAATTAACCGAGTA-1","0",4,168,257,3144,55,123,3144,38993
"CCTTCATAGCTGTTAT-1","0",4,170,256,2779,53,123,2779,38994
"CACGAAGGCACCTTGC-1","0",4,172,254,2414,51,123,2414,38996
"CGCAATCTAGAAGGAG-1","0",4,174,252,2048,49,123,2048,38998
"GCTAGTTCACTAACTG-1","0",4,176,251,1683,47,123,1683,38999
"CTGAAGACAGGTCGCA-1","0",4,178,249,1318,45,123,1318,39001
"TACCTCTACCTAATTC-1","0",4,180,247,953,43,123,953,39003
"GTACGCCACCGATATG-1","0",4,182,245,588,41,123,588,39005
"GGTAGCGTTATCATAA-1","0",4,184,244,223,39,123,223,39006
"ATGCTTACATGTCTTA-1","0",4,186,242,-143,37,123,-143,39008
"TCCGGTTGAACACGGT-1","0",4,188,240,-508,35,123,-508,39010
"GTTAGGAACATGCCAC-1","0",4,190,239,-873,33,123,-873,39011
"CGTACTTGAGGAACCG-1","0",4,192,237,-1238,31,123,-1238,39013
"ATGCTGACATAGGTGC-1","0",4,194,235,-1603,29,123,-1603,39015
"TACGACGTATGAATGA-1","0",4,196,233,-1968,27,123,-1968,39017
"CTAGCACTTCATGGAG-1","0",4,198,232,-2334,25,123,-2334,39018
"CTTAGTCCGATCGCTG-1","0",4,200,230,-2699,23,123,-2699,39020
"TATTCTCGTTGGACGC-1","0",4,202,228,-3064,21,123,-3064,39022
"GTTCCGGCTCTATCCT-1","0",4,204,227,-3429,19,123,-3429,39023
"AGGACGTCCGCTAGCG-1","0",4,206,225,-3794,17,123,-3794,39025
"AGGCCTATGGTAATAC-1","0",4,208,223,-4159,15,123,-4159,39027
"CACTCCGAATTATCCG-1","0",4,210,221,-4525,13,123,-4525,39029
"GTGAATTAGTTAAGCG-1","0",4,212,220,-4890,11,123,-4890,39030
"CACTCAAGGTGACGTA-1","0",4,214,218,-5255,9,123,-5255,39032
"GTTGCCGTCGAGTGTA-1","0",4,216,216,-5620,7,123,-5620,39034
"GCTTGCTCGGTAGATA-1","0",4,218,215,-5985,5,123,-5985,39035
"CTGGTGAGAATCAAGT-1","0",4,220,213,-6350,3,123,-6350,39037
"CGAGCGTGTCTGCGCT-1","0",4,222,211,-6716,1,123,-6716,39039
"CTCCGTGCACCATTCG-1","0",5,1,715,33634,222,122,33634,38535
"TCCTGCCGAATGCTTA-1","0",5,3,713,33269,220,122,33269,38537
"CGTTCGATCGCTCACG-1","0",5,5,711,32903,218,122,32903,38539
"ACTCGTACTAACGATC-1","0",5,7,709,32538,216,122,32538,38541
"CTGATGGACAAGAATG-1","0",5,9,708,32173,214,122,32173,38542
"GGACGGTAGCCTTGGC-1","0",5,11,706,31808,212,122,31808,38544
"CTTCGAATAAGATTCC-1","0",5,13,704,31443,210,122,31443,38546
"AACGGCGATACGCCAC-1","0",5,15,703,31078,208,122,31078,38547
"GGTTCTTATTCAGACA-1","0",5,17,701,30712,206,122,30712,38549
"ACGTTACTCAATTCGG-1","0",5,19,699,30347,204,122,30347,38551
"GAACTCGCGTATAGCT-1","0",5,21,697,29982,202,122,29982,38553
"CCTGTCCTTCGAATGT-1","0",5,23,696,29617,200,122,29617,38554
"TATGGCCACTGGCGGA-1","0",5,25,694,29252,198,122,29252,38556
"ATGAGTCAGTCTCACT-1","0",5,27,692,28887,196,122,28887,38558
"ATGAGCTAGGCGCCTA-1","0",5,29,691,28521,194,122,28521,38559
"GAAGTATCAGTGCGGT-1","0",5,31,689,28156,192,122,28156,38561
"TCGATCTGATGTCCAG-1","0",5,33,687,27791,190,122,27791,38563
"ATCTATGCTGCGACGC-1","0",5,35,685,27426,188,122,27426,38565
"CAGAGGAAGATACTAT-1","0",5,37,684,27061,186,122,27061,38566
"GCATAGCGCTCAATCA-1","0",5,39,682,26696,184,122,26696,38568
"GAATGAGCGTGCGGTG-1","0",5,41,680,26330,182,122,26330,38570
"GCAGTAAGAACGCTAG-1","0",5,43,679,25965,180,122,25965,38571
"GGAACAGCTCGCCATA-1","0",5,45,677,25600,178,122,25600,38573
"CACTGTCTCGAAGATC-1","0",5,47,675,25235,176,122,25235,38575
"ATCGTAAGTACAATTG-1","0",5,49,673,24870,174,122,24870,38577
"CGGACCGACTTGCCTA-1","0",5,51,672,24505,172,122,24505,38578
"GGAGTGTCACTTCATC-1","0",5,53,670,24139,170,122,24139,38580
"TGTAGGACGGATCCAT-1","0",5,55,668,23774,168,122,23774,38582
"TCAACGAGCACCAACA-1","0",5,57,667,23409,166,122,23409,38583
"ATCCGTAGAATTAGCT-1","0",5,59,665,23044,164,122,23044,38585
"ATCCGTCCTTGCCTCC-1","0",5,61,663,22679,162,122,22679,38587
"TAGTGATCCGACGTAC-1","0",5,63,661,22314,160,122,22314,38589
"GGTTAGATACTTCCTT-1","0",5,65,660,21948,158,122,21948,38590
"GACAAGCGGCGATGGA-1","0",5,67,658,21583,156,122,21583,38592
"GACCAATTGAACTACG-1","0",5,69,656,21218,154,122,21218,38594
"ATAACTAGGCCTGTAA-1","0",5,71,655,20853,152,122,20853,38595
"TCGGAGCGCAATGCGT-1","0",5,73,653,20488,150,122,20488,38597
"CGCAATCGATGATCCA-1","0",5,75,651,20123,148,122,20123,38599
"CATTGTCGTAATCTGT-1","0",5,77,649,19757,146,122,19757,38601
"GGACAATGAGCGGTGA-1","0",5,79,648,19392,144,122,19392,38602
"TACACTAGAACAATTC-1","0",5,81,646,19027,142,122,19027,38604
"TCATCGGTTCTGTTCC-1","0",5,83,644,18662,140,122,18662,38606
"CTTGGAGGCTTGACGG-1","0",5,85,643,18297,138,122,18297,38607
"GTGCACTGAGCCGGAA-1","0",5,87,641,17932,136,122,17932,38609
"CATACAGAGCATCCTA-1","0",5,89,639,17566,134,122,17566,38611
"CAGGCCTTAATTACGG-1","0",5,91,637,17201,132,122,17201,38613
"ACCAACGCTGGAGGCG-1","0",5,93,636,16836,130,122,16836,38614
"TACTAGGATCTTGCCA-1","0",5,95,634,16471,128,122,16471,38616
"TGCGCCATTAAGTCTA-1","0",5,97,632,16106,126,122,16106,38618
"CGCTATTAGCCTCGCT-1","0",5,99,631,15741,124,122,15741,38619
"CATTGTAATCGCGGCT-1","0",5,101,629,15375,122,122,15375,38621
"AGGCATTAGACCAAGC-1","0",5,103,627,15010,120,122,15010,38623
"CCTCCGGTTGTCCGTT-1","0",5,105,625,14645,118,122,14645,38625
"CGTTACTATTAGTAGC-1","0",5,107,624,14280,116,122,14280,38626
"CATCCTTGCGAATTGC-1","0",5,109,622,13915,114,122,13915,38628
"ATGCTGCGGACGTGAA-1","0",5,111,620,13550,112,122,13550,38630
"GTAAGTATCCGCAGAT-1","0",5,113,619,13184,110,122,13184,38631
"ATAGTGGAATAGACCA-1","0",5,115,617,12819,108,122,12819,38633
"AGTCGGCCACTGGCCG-1","0",5,117,615,12454,106,122,12454,38635
"ATGTTAGATGCGCCTG-1","0",5,119,613,12089,104,122,12089,38637
"GTGATATCACTCCGGC-1","0",5,121,612,11724,102,122,11724,38638
"TGCCACCTATGCACGA-1","0",5,123,610,11359,100,122,11359,38640
"AGCTGTGCCACGGCTT-1","0",5,125,608,10993,98,122,10993,38642
"TAAGCACTAGATGTCG-1","0",5,127,607,10628,96,122,10628,38643
"TACTAGGCGTGACGGA-1","0",5,129,605,10263,94,122,10263,38645
"GTTACAGTTATCCGGA-1","0",5,131,603,9898,92,122,9898,38647
"TGCCACTCCGGCCGTC-1","0",5,133,601,9533,90,122,9533,38649
"ACATGCCTGTACATAC-1","0",5,135,600,9168,88,122,9168,38650
"ACAGAACAGAACTTCG-1","0",5,137,598,8803,86,122,8803,38652
"TGTTCGTACGGTCCAG-1","0",5,139,596,8437,84,122,8437,38654
"ATGCTTCAGGACGAAG-1","0",5,141,595,8072,82,122,8072,38655
"CAGCTTAAGCGGTGTA-1","0",5,143,593,7707,80,122,7707,38657
"CGGTCTACCGATGGAC-1","0",5,145,591,7342,78,122,7342,38659
"ATGCGATACGATAGCT-1","0",5,147,589,6977,76,122,6977,38661
"GGTTGCAACCTATCAG-1","0",5,149,588,6612,74,122,6612,38662
"GTTAATCCATAACAGA-1","0",5,151,586,6246,72,122,6246,38664
"GACATTAGCAGATAAT-1","0",5,153,584,5881,70,122,5881,38666
"GGACGGAATTATGTGC-1","0",5,155,583,5516,68,122,5516,38667
"ACTCGATTACCTTATG-1","0",5,157,581,5151,66,122,5151,38669
"CAATCATACCAGGACC-1","0",5,159,579,4786,64,122,4786,38671
"GTTATGTATTGCATTG-1","0",5,161,577,4421,62,122,4421,38673
"GTGGTTGCATTAGTGC-1","0",5,163,576,4055,60,122,4055,38674
"GACGGTAACCTTATCT-1","0",5,165,574,3690,58,122,3690,38676
"CGGATTGACCAGCGTC-1","0",5,167,572,3325,56,122,3325,38678
"ACGTTAGTCGTGAGGA-1","0",5,169,571,2960,54,122,2960,38679
"TCCGAAGTCTATGTAT-1","0",5,171,569,2595,52,122,2595,38681
"TGCTGTAGTCAAGATT-1","0",5,173,567,2230,50,122,2230,38683
"ACAGGCTGACCGAATT-1","0",5,175,565,1864,48,122,1864,38685
"CAGTCTCAATCGTTCG-1","0",5,177,564,1499,46,122,1499,38686
"CCTTATCTCAGGACTC-1","0",5,179,562,1134,44,122,1134,38688
"GTACGATTGACTCACG-1","0",5,181,560,769,42,122,769,38690
"CACGCCACATCCTGAA-1","0",5,183,559,404,40,122,404,38691
"TAGGACCAGGCTGACA-1","0",5,185,557,39,38,122,39,38693
"CCTGGCATTACATCGG-1","0",5,187,555,-327,36,122,-327,38695
"CTCCTTCGATCTTGTT-1","0",5,189,553,-692,34,122,-692,38697
"TCCGTGTTCGAACACC-1","0",5,191,552,-1057,32,122,-1057,38698
"CAAGTGTCAATCAGGT-1","0",5,193,550,-1422,30,122,-1422,38700
"GTTAATGCCTGTGCGT-1","0",5,195,548,-1787,28,122,-1787,38702
"TCTTGTAGCTACCGAT-1","0",5,197,547,-2152,26,122,-2152,38703
"ATTACTGAAGATCTTG-1","0",5,199,545,-2518,24,122,-2518,38705
"CCACTGTAGGATACGC-1","0",5,201,543,-2883,22,122,-2883,38707
"GGCTGATGGTGAGCGG-1","0",5,203,541,-3248,20,122,-3248,38709
"CAACAGGTTGCCTTGT-1","0",5,205,540,-3613,18,122,-3613,38710
"TATCATAGCGGCCACT-1","0",5,207,538,-3978,16,122,-3978,38712
"CTAGTTCCATAGTTGA-1","0",5,209,536,-4343,14,122,-4343,38714
"GGATAACTGGCAATAG-1","0",5,211,535,-4709,12,122,-4709,38715
"CGAGTTGCCAAGGACG-1","0",5,213,533,-5074,10,122,-5074,38717
"TCTACAGCCACGGCCA-1","0",5,215,531,-5439,8,122,-5439,38719
"CTATCCATAACATAGT-1","0",5,217,529,-5804,6,122,-5804,38721
"CTGATTCTCGGTATTC-1","0",5,219,528,-6169,4,122,-6169,38722
"TAACGAAGTCTGCTCG-1","0",5,221,526,-6534,2,122,-6534,38724
"TAAGACCTGGAGATGT-1","0",5,223,524,-6900,0,122,-6900,38726
"TAAGTGCTACCGTAGG-1","0",6,0,1033,33815,223,121,33815,38217
"AGAATAGCTCTGACGA-1","0",6,2,1031,33450,221,121,33450,38219
"TGGTGCATCACTGTAA-1","0",6,4,1030,33085,219,121,33085,38220
"ATCGTCGGTGGCTTCT-1","0",6,6,1028,32719,217,121,32719,38222
"GTCAGTTACTGCCTAA-1","0",6,8,1026,32354,215,121,32354,38224
"CGAATATGGTCTTCTG-1","0",6,10,1025,31989,213,121,31989,38225
"TGTCAGTCCAACTCCT-1","0",6,12,1023,31624,211,121,31624,38227
"GTCCTTATGTTCGAAC-1","0",6,14,1021,31259,209,121,31259,38229
"TAGGTCACTGTTATAA-1","0",6,16,1019,30894,207,121,30894,38231
"GATCCACCGTCCAAGG-1","0",6,18,1018,30528,205,121,30528,38232
"CAGTAGGAAGACGTAG-1","0",6,20,1016,30163,203,121,30163,38234
"TACAAGACCAGGCAAG-1","0",6,22,1014,29798,201,121,29798,38236
"GCGTCTCATCTGCGCC-1","0",6,24,1013,29433,199,121,29433,38237
"CTGAAGGATCAGCTGT-1","0",6,26,1011,29068,197,121,29068,38239
"AGCCTCGTAATGTCTG-1","0",6,28,1009,28703,195,121,28703,38241
"TATGGAGCTAGTCGGT-1","0",6,30,1007,28337,193,121,28337,38243
"ATCTTATGATCACGAG-1","0",6,32,1006,27972,191,121,27972,38244
"TCCAGTTGACGTCAGT-1","0",6,34,1004,27607,189,121,27607,38246
"CTATACGAGTAGAACA-1","0",6,36,1002,27242,187,121,27242,38248
"GGTAGTTGAGCCTGAA-1","0",6,38,1001,26877,185,121,26877,38249
"CTGGCACCTTCGCCAG-1","0",6,40,999,26512,183,121,26512,38251
"ATTGTTACCTGAGGAC-1","0",6,42,997,26146,181,121,26146,38253
"CTTAATTAATGGAACG-1","0",6,44,995,25781,179,121,25781,38255
"CCTTAGCGCAAGATTA-1","0",6,46,994,25416,177,121,25416,38256
"TCAGGATGAGTGTATT-1","0",6,48,992,25051,175,121,25051,38258
"CAATCCTCGTTCGTTA-1","0",6,50,990,24686,173,121,24686,38260
"GCCAGATGCGCTCGGT-1","0",6,52,989,24321,171,121,24321,38261
"CGATGGCCAGAATGTC-1","0",6,54,987,23955,169,121,23955,38263
"TAATGTTATGCGGCAA-1","0",6,56,985,23590,167,121,23590,38265
"CAGGAGGCAGGCCAAC-1","0",6,58,983,23225,165,121,23225,38267
"GGTCAATGGAAGATGA-1","0",6,60,982,22860,163,121,22860,38268
"AAGGCGATCGCAACGG-1","0",6,62,980,22495,161,121,22495,38270
"TGCTGTCTCGCTTAAC-1","0",6,64,978,22130,159,121,22130,38272
"ATTGACCAGGTCGGAC-1","0",6,66,977,21764,157,121,21764,38273
"ATTACTTGAGTAGCGA-1","0",6,68,975,21399,155,121,21399,38275
"TAACAATTCATCCACT-1","0",6,70,973,21034,153,121,21034,38277
"TGCGTTGCGTAATCGC-1","0",6,72,971,20669,151,121,20669,38279
"CAGAGGTGTTCAGATA-1","0",6,74,970,20304,149,121,20304,38280
"GTATACGAAGGCTACA-1","0",6,76,968,19939,147,121,19939,38282
"CTGGCAATCATTCATA-1","0",6,78,966,19573,145,121,19573,38284
"ACTTACTCAATATGAC-1","0",6,80,965,19208,143,121,19208,38285
"CCACAAGCACGAGCTT-1","0",6,82,963,18843,141,121,18843,38287
"CAGTATACTTCGTTCC-1","0",6,84,961,18478,139,121,18478,38289
"GCACGGTCGTGGATGC-1","0",6,86,959,18113,137,121,18113,38291
"GGTAGCGGCACGCCTT-1","0",6,88,958,17748,135,121,17748,38292
"TCGCCACCTCGAAGTG-1","0",6,90,956,17382,133,121,17382,38294
"AATTCGGACTGAGCAT-1","0",6,92,954,17017,131,121,17017,38296
"CAGCTCTGGTGACACT-1","0",6,94,953,16652,129,121,16652,38297
"AACAGCTGTCGCAGAA-1","0",6,96,951,16287,127,121,16287,38299
"TGTAGGAGGCATACTA-1","0",6,98,949,15922,125,121,15922,38301
"CACCTATTCCTTGTGG-1","0",6,100,947,15557,123,121,15557,38303
"GTGCCTAATCATGTAG-1","0",6,102,946,15191,121,121,15191,38304
"ACGATGTTGGTGTAAG-1","0",6,104,944,14826,119,121,14826,38306
"CACTGGTGGCTGGCGT-1","0",6,106,942,14461,117,121,14461,38308
"AAGGTGAGACGGCTTA-1","0",6,108,941,14096,115,121,14096,38309
"CGAGTCTTAACTACCG-1","0",6,110,939,13731,113,121,13731,38311
"CTTCTAACCGGCCAGC-1","0",6,112,937,13366,111,121,13366,38313
"GGTATGAGTGGTCGTG-1","0",6,114,935,13000,109,121,13000,38315
"CACGGCATACCACTAT-1","0",6,116,934,12635,107,121,12635,38316
"CCGACAAGTTCGTTGC-1","0",6,118,932,12270,105,121,12270,38318
"TGTCTTATACTAGGTC-1","0",6,120,930,11905,103,121,11905,38320
"ATTAAGCACTGTGAAT-1","0",6,122,929,11540,101,121,11540,38321
"TCTATTCACGAAGTGC-1","0",6,124,927,11175,99,121,11175,38323
"TGCGGACCGGTGTTGA-1","0",6,126,925,10809,97,121,10809,38325
"CACCGACACGGTCGAC-1","0",6,128,923,10444,95,121,10444,38327
"GTGCCTGCGTACTGCG-1","0",6,130,922,10079,93,121,10079,38328
"CTTAGTCTATGTGATG-1","0",6,132,920,9714,91,121,9714,38330
"ACAACGGCTCACAGAA-1","0",6,134,918,9349,89,121,9349,38332
"TCAGAACCTCCGATGT-1","0",6,136,917,8984,87,121,8984,38333
"TCGCCAATGGTGTTCT-1","0",6,138,915,8618,85,121,8618,38335
"TACCATCTTCGGACGT-1","0",6,140,913,8253,83,121,8253,38337
"TCCTCAAGTGGCGTGG-1","0",6,142,911,7888,81,121,7888,38339
"TCATTGCATGATGTGC-1","0",6,144,910,7523,79,121,7523,38340
"CACCTCAGCTTGAGTT-1","0",6,146,908,7158,77,121,7158,38342
"ACTTGATCGAACGATA-1","0",6,148,906,6793,75,121,6793,38344
"CTTCACAGGTGGCAGG-1","0",6,150,905,6427,73,121,6427,38345
"CATCTACGTAAGGACT-1","0",6,152,903,6062,71,121,6062,38347
"GCTCCACGCCGTCATT-1","0",6,154,901,5697,69,121,5697,38349
"TGCGTTAATTCCGCGT-1","0",6,156,899,5332,67,121,5332,38351
"GAGCCTGTATAGAACA-1","0",6,158,898,4967,65,121,4967,38352
"GGCAATGCATCAGCAT-1","0",6,160,896,4602,63,121,4602,38354
"GGATTCGTATGGTCTT-1","0",6,162,894,4236,61,121,4236,38356
"CATAAGATGAACGAAC-1","0",6,164,893,3871,59,121,3871,38357
"CATACCTCTGAGCACC-1","0",6,166,891,3506,57,121,3506,38359
"ATGAGTTCAGTCTGCG-1","0",6,168,889,3141,55,121,3141,38361
"AGTACCGAGTAATCAA-1","0",6,170,887,2776,53,121,2776,38363
"CGAACTATCCTATTGA-1","0",6,172,886,2411,51,121,2411,38364
"CGAGTGCTGTCGCTAC-1","0",6,174,884,2045,49,121,2045,38366
"TCGTCCTACTCCACCT-1","0",6,176,882,1680,47,121,1680,38368
"TACCTGGTAGAAGGCC-1","0",6,178,881,1315,45,121,1315,38369
"AACTCAGTCTCAGTCG-1","0",6,180,879,950,43,121,950,38371
"CGGTCCATTCGATAAG-1","0",6,182,877,585,41,121,585,38373
"TCGCGAACCGAATCTA-1","0",6,184,875,220,39,121,220,38375
"CCAACCGAGCAGCCGG-1","0",6,186,874,-146,37,121,-146,38376
"CTGTCAATCAACGTGC-1","0",6,188,872,-511,35,121,-511,38378
"TACCTCCGAGCACTAT-1","0",6,190,870,-876,33,121,-876,38380
"GCTTATTGGTCGAAGT-1","0",6,192,869,-1241,31,121,-1241,38381
"AAGCGACTGCAAGTCC-1","0",6,194,867,-1606,29,121,-1606,38383
"ACGCAACGTGGTCTGC-1","0",6,196,865,-1971,27,121,-1971,38385
"GGTACCTTGGTCCGGA-1","0",6,198,863,-2337,25,121,-2337,38387
"TCGGTGCTTACCGCAG-1","0",6,200,862,-2702,23,121,-2702,38388
"CAAGTATTCCTGTTCC-1","0",6,202,860,-3067,21,121,-3067,38390
"ATAACATGACCGATCT-1","0",6,204,858,-3432,19,121,-3432,38392
"ATAGTCGGTCGTAATG-1","0",6,206,857,-3797,17,121,-3797,38393
"GCCATATCGAACGCAT-1","0",6,208,855,-4162,15,121,-4162,38395
"ACTCCTGCCGGATCAC-1","0",6,210,853,-4528,13,121,-4528,38397
"ATGAGCGATACCTGCG-1","0",6,212,851,-4893,11,121,-4893,38399
"ATACAATAGTCGAGCT-1","0",6,214,850,-5258,9,121,-5258,38400
"GCCTTCGCTCTATGGT-1","0",6,216,848,-5623,7,121,-5623,38402
"CTGACTGTCCGTGATC-1","0",6,218,846,-5988,5,121,-5988,38404
"TGCGCATCTTATGGAT-1","0",6,220,845,-6353,3,121,-6353,38405
"CAGAACAACGAGTGCA-1","0",6,222,843,-6719,1,121,-6719,38407
"AACTAGTACCTAGAGT-1","0",7,1,1346,33631,222,120,33631,37904
"GTAACCGATGTTGGTT-1","0",7,3,1345,33266,220,120,33266,37905
"GCACAGGAGTATCGGA-1","0",7,5,1343,32900,218,120,32900,37907
"CTACTGAGACAGCTTG-1","0",7,7,1341,32535,216,120,32535,37909
"AATCGAGCGACGGTCA-1","0",7,9,1339,32170,214,120,32170,37911
"TAATCTGGCATCTAAG-1","0",7,11,1338,31805,212,120,31805,37912
"AGTCGGTTCATCAGAT-1","0",7,13,1336,31440,210,120,31440,37914
"TAACGCGTTCCGCTCA-1","0",7,15,1334,31075,208,120,31075,37916
"CTACTTCGCTACCATA-1","0",7,17,1333,30710,206,120,30710,37917
"CCGTATACCTTATGGC-1","0",7,19,1331,30344,204,120,30344,37919
"GAAGTCCACTTCGTTC-1","0",7,21,1329,29979,202,120,29979,37921
"ACTGTATGATGGCTCA-1","0",7,23,1327,29614,200,120,29614,37923
"CCACGTATAACAATCA-1","0",7,25,1326,29249,198,120,29249,37924
"TAGCCGATTACATTGG-1","0",7,27,1324,28884,196,120,28884,37926
"AACGACCATAAGCGTG-1","0",7,29,1322,28519,194,120,28519,37928
"TCATGGCTACCAAGCT-1","0",7,31,1321,28153,192,120,28153,37929
"CCTCGCAGCGTAGAGG-1","0",7,33,1319,27788,190,120,27788,37931
"GCGAAGACTCGGCCAC-1","0",7,35,1317,27423,188,120,27423,37933
"TGCCACCTATCCGTTC-1","0",7,37,1315,27058,186,120,27058,37935
"CTCACGATTAGCAGGC-1","0",7,39,1314,26693,184,120,26693,37936
"TCCTAATACAGTTCGC-1","0",7,41,1312,26328,182,120,26328,37938
"CGAAGATAGGTTGATA-1","0",7,43,1310,25962,180,120,25962,37940
"AGCGGATCAACGCCAC-1","0",7,45,1309,25597,178,120,25597,37941
"GTCCGTCACGCTGGTA-1","0",7,47,1307,25232,176,120,25232,37943
"GACTGATTAACCACAA-1","0",7,49,1305,24867,174,120,24867,37945
"TGGTACATTGAGACGC-1","0",7,51,1303,24502,172,120,24502,37947
"ACAATACGAGAATTAC-1","0",7,53,1302,24137,170,120,24137,37948
"ATAAGCCACTTCTAAG-1","0",7,55,1300,23771,168,120,23771,37950
"ATGTACAGGCTAATGA-1","0",7,57,1298,23406,166,120,23406,37952
"TAGTGATCGGAATCAA-1","0",7,59,1297,23041,164,120,23041,37953
"AATAGTAAGGATAGTA-1","0",7,61,1295,22676,162,120,22676,37955
"CTGTCAGGCTTAAGCT-1","0",7,63,1293,22311,160,120,22311,37957
"TCAGAATCGGTGTTCG-1","0",7,65,1291,21946,158,120,21946,37959
"GATCACTCGTTCTAAT-1","0",7,67,1290,21580,156,120,21580,37960
"AGCGTGGTCCGCAATA-1","0",7,69,1288,21215,154,120,21215,37962
"ACAGGCGGATACATCT-1","0",7,71,1286,20850,152,120,20850,37964
"TGATTCGTTCACGTTA-1","0",7,73,1285,20485,150,120,20485,37965
"GTTCATCTTCCGTCGA-1","0",7,75,1283,20120,148,120,20120,37967
"ATGTTAGTCTCGATGC-1","0",7,77,1281,19755,146,120,19755,37969
"ACAGTCCGTCTTGGTG-1","0",7,79,1279,19389,144,120,19389,37971
"TAAGTGAAGTCCTAGA-1","0",7,81,1278,19024,142,120,19024,37972
"TGCACGGTCGACTACG-1","0",7,83,1276,18659,140,120,18659,37974
"GGATCGAGCTGAACAA-1","0",7,85,1274,18294,138,120,18294,37976
"GTCAACGCTTGCAACA-1","0",7,87,1273,17929,136,120,17929,37977
"CGTAGTTGGACCTTGG-1","0",7,89,1271,17564,134,120,17564,37979
"CGTAGTTCGGCCTGCC-1","0",7,91,1269,17198,132,120,17198,37981
"TCGGAGAACAGACTAC-1","0",7,93,1267,16833,130,120,16833,37983
"AGGTCCAACCTCCGCT-1","0",7,95,1266,16468,128,120,16468,37984
"TACACTGTAGCGTTGC-1","0",7,97,1264,16103,126,120,16103,37986
"TCTACATACTTACAAT-1","0",7,99,1262,15738,124,120,15738,37988
"GTCCGTACTCACTGCA-1","0",7,101,1261,15373,122,120,15373,37989
"CGTAAGCCTATTGGCA-1","0",7,103,1259,15007,120,120,15007,37991
"AGTGCTACCAGAGCAT-1","0",7,105,1257,14642,118,120,14642,37993
"AATATGCCACCTCCGC-1","0",7,107,1255,14277,116,120,14277,37995
"GTGATAATGTCCAGTG-1","0",7,109,1254,13912,114,120,13912,37996
"GCATTGGTGAATTAAG-1","0",7,111,1252,13547,112,120,13547,37998
"GTTACTAGTTGCGTCT-1","0",7,113,1250,13182,110,120,13182,38000
"AGGACTCAGACACTTA-1","0",7,115,1249,12816,108,120,12816,38001
"ATGTCGAGCTCCGGAT-1","0",7,117,1247,12451,106,120,12451,38003
"AGTTATGCAACTTAGT-1","0",7,119,1245,12086,104,120,12086,38005
"TACCGCATACATCTGG-1","0",7,121,1243,11721,102,120,11721,38007
"GCCAGGCTTGACGCTT-1","0",7,123,1242,11356,100,120,11356,38008
"CCGGAGGTAATTCTTA-1","0",7,125,1240,10991,98,120,10991,38010
"GTTATGTCCTTATCGG-1","0",7,127,1238,10625,96,120,10625,38012
"CCGGCAGCCATCTGTA-1","0",7,129,1237,10260,94,120,10260,38013
"ATGTTCGTAACTACGA-1","0",7,131,1235,9895,92,120,9895,38015
"CCTATGCCGTGCTCTG-1","0",7,133,1233,9530,90,120,9530,38017
"TAACCGAAGCCGGAAT-1","0",7,135,1231,9165,88,120,9165,38019
"CGACCAGATAAGCGAA-1","0",7,137,1230,8800,86,120,8800,38020
"CGCACGGATGCCGCAA-1","0",7,139,1228,8434,84,120,8434,38022
"CCTCCACCGAGCACCA-1","0",7,141,1226,8069,82,120,8069,38024
"GCACAGTGGATAGCCT-1","0",7,143,1225,7704,80,120,7704,38025
"GAGTGCGGTGTTGATG-1","0",7,145,1223,7339,78,120,7339,38027
"TCTATTGGTAGACAAG-1","0",7,147,1221,6974,76,120,6974,38029
"ATAGAATCATGACCAC-1","0",7,149,1219,6609,74,120,6609,38031
"TAAGCCTTAGCGGCGT-1","0",7,151,1218,6243,72,120,6243,38032
"GATGAGCTATCCGGTT-1","0",7,153,1216,5878,70,120,5878,38034
"CGGTGCGTAATATCAA-1","0",7,155,1214,5513,68,120,5513,38036
"GGAGGCCTAGGCCTAA-1","0",7,157,1213,5148,66,120,5148,38037
"TAGTCTTGACGTATCT-1","0",7,159,1211,4783,64,120,4783,38039
"CTACTTACGCGAATAC-1","0",7,161,1209,4418,62,120,4418,38041
"CAAGTGAACCTACGAT-1","0",7,163,1207,4052,60,120,4052,38043
"TAGGTCACAAGCTACC-1","0",7,165,1206,3687,58,120,3687,38044
"ATTGTTAACTGGTAGC-1","0",7,167,1204,3322,56,120,3322,38046
"CTATCCTGACATACCG-1","0",7,169,1202,2957,54,120,2957,38048
"CACGATAAGATGTCGC-1","0",7,171,1201,2592,52,120,2592,38049
"ATGAGTCATTGCGTGA-1","0",7,173,1199,2227,50,120,2227,38051
"TACAACCGGAGGCGTG-1","0",7,175,1197,1861,48,120,1861,38053
"ATAGTCGCGACAGACC-1","0",7,177,1195,1496,46,120,1496,38055
"CTACAGTGCATGGCTT-1","0",7,179,1194,1131,44,120,1131,38056
"CTCGATCGGATCACCG-1","0",7,181,1192,766,42,120,766,38058
"TGCATTGACGTCCTCA-1","0",7,183,1190,401,40,120,401,38060
"TCACGAACTCTGGTAT-1","0",7,185,1189,36,38,120,36,38061
"ACGTGGAGCGGTAGTG-1","0",7,187,1187,-330,36,120,-330,38063
"GTTGTCTGAAGGATTG-1","1",7,189,1185,-695,34,120,-695,38065
"ACTGAGCAGACACGCC-1","0",7,191,1183,-1060,32,120,-1060,38067
"TGACCAGTATGTCTTA-1","0",7,193,1182,-1425,30,120,-1425,38068
"AAGAGCACAGTTACCG-1","0",7,195,1180,-1790,28,120,-1790,38070
"GTATTAATACGTTAAG-1","0",7,197,1178,-2155,26,120,-2155,38072
"GCAAGCCATGGTTGAA-1","0",7,199,1177,-2521,24,120,-2521,38073
"GTGGAAGGTACCGTCC-1","0",7,201,1175,-2886,22,120,-2886,38075
"GCGATACTAGTAGAAG-1","0",7,203,1173,-3251,20,120,-3251,38077
"TAGACAGCTGGTAGGA-1","0",7,205,1172,-3616,18,120,-3616,38078
"TGCTACTTGTTAATAC-1","0",7,207,1170,-3981,16,120,-3981,38080
"GCTAACCGAGATTCCA-1","0",7,209,1168,-4346,14,120,-4346,38082
"GTCCACAAGTTACATC-1","0",7,211,1166,-4712,12,120,-4712,38084
"TAGATGCTGGTCGGAG-1","0",7,213,1165,-5077,10,120,-5077,38085
"TACGTACTTGGAACGT-1","0",7,215,1163,-5442,8,120,-5442,38087
"CTACTCCACCGGATCC-1","0",7,217,1161,-5807,6,120,-5807,38089
"GGCGGAGCGGTCGATG-1","0",7,219,1160,-6172,4,120,-6172,38090
"ATGAGTATAACCACTT-1","0",7,221,1158,-6537,2,120,-6537,38092
"AGCTCAAGACGTAGCT-1","0",7,223,1156,-6903,0,120,-6903,38094
"TCTGTACCGATACTCG-1","0",8,0,1665,33812,223,119,33812,37585
"GATGAGGTCAAGGTAG-1","0",8,2,1663,33447,221,119,33447,37587
"CTACAGATAAGAGTAG-1","0",8,4,1661,33082,219,119,33082,37589
"GACTTAGGTAGAGGTA-1","0",8,6,1660,32716,217,119,32716,37590
"GTCGCATGTACTGTCG-1","0",8,8,1658,32351,215,119,32351,37592
"CCTCATGAAGCAAGCT-1","0",8,10,1656,31986,213,119,31986,37594
"AGCGGAACTGAATGTA-1","0",8,12,1655,31621,211,119,31621,37595
"CTGGTGATTAAGCGTA-1","0",8,14,1653,31256,209,119,31256,37597
"AGCCTCTACAATTGAG-1","0",8,16,1651,30891,207,119,30891,37599
"TCTGCGAGTCTGTATT-1","0",8,18,1649,30525,205,119,30525,37601
"GGCCGATTCGCCTCTT-1","0",8,20,1648,30160,203,119,30160,37602
"AACGCTATTAGCTCAT-1","0",8,22,1646,29795,201,119,29795,37604
"GGTACCTGCGAGCGAG-1","0",8,24,1644,29430,199,119,29430,37606
"CTGCTCACGAGTGCGG-1","0",8,26,1643,29065,197,119,29065,37607
"TCGGAAGCTTCTCATT-1","0",8,28,1641,28700,195,119,28700,37609
"ACGTTCTTGTACCAGA-1","0",8,30,1639,28334,193,119,28334,37611
"CAAGACGAGGTCCTCA-1","0",8,32,1637,27969,191,119,27969,37613
"GTATGATCACCGACGG-1","0",8,34,1636,27604,189,119,27604,37614
"CGGTAGACGCCAACCG-1","0",8,36,1634,27239,187,119,27239,37616
"ATAGAAGGTGAATATC-1","0",8,38,1632,26874,185,119,26874,37618
"CTCACGTCAACAGGCC-1","0",8,40,1631,26509,183,119,26509,37619
"ACTTCACGCCAGGCAT-1","0",8,42,1629,26143,181,119,26143,37621
"CGGTGACTGACTTGGA-1","0",8,44,1627,25778,179,119,25778,37623
"AGTAGATTGCCAACCA-1","0",8,46,1625,25413,177,119,25413,37625
"TGACCAGTCACTAGGT-1","0",8,48,1624,25048,175,119,25048,37626
"TGGACACGAAGAATCC-1","0",8,50,1622,24683,173,119,24683,37628
"CTCACGATCCGAGTCG-1","0",8,52,1620,24318,171,119,24318,37630
"TCGTCATCTGTAGAGC-1","0",8,54,1619,23952,169,119,23952,37631
"GCCTGTGAGTACTGGT-1","0",8,56,1617,23587,167,119,23587,37633
"TGTATGGTAGGCGTGC-1","0",8,58,1615,23222,165,119,23222,37635
"GTGACATGATCTTACC-1","0",8,60,1613,22857,163,119,22857,37637
"CCTCACCTAGACGTGC-1","0",8,62,1612,22492,161,119,22492,37638
"TCCGATTCATGGCGCT-1","0",8,64,1610,22127,159,119,22127,37640
"CCTTAGTGTCGTGATC-1","0",8,66,1608,21761,157,119,21761,37642
"CAAGGCCTAATGAACC-1","0",8,68,1607,21396,155,119,21396,37643
"GCAACATGGTTGCCGC-1","0",8,70,1605,21031,153,119,21031,37645
"TCCAGTCATAGGCGTG-1","0",8,72,1603,20666,151,119,20666,37647
"ACAAGTTATTCAATTC-1","0",8,74,1601,20301,149,119,20301,37649
"CTCCATGCTGGTCTTC-1","0",8,76,1600,19936,147,119,19936,37650
"ATGCTCTTGACATAAT-1","0",8,78,1598,19570,145,119,19570,37652
"GAAGCTACTGTTATCT-1","0",8,80,1596,19205,143,119,19205,37654
"GCGTGATAACAGGACA-1","0",8,82,1595,18840,141,119,18840,37655
"ATGCTCTTATCGTTAG-1","1",8,84,1593,18475,139,119,18475,37657
"TGTTGGAAGCTACAAT-1","0",8,86,1591,18110,137,119,18110,37659
"AGCGGTGCAGTACGGA-1","0",8,88,1589,17745,135,119,17745,37661
"CGGCAAGTGCATAAGC-1","0",8,90,1588,17379,133,119,17379,37662
"TAGCGTATGGTTGGCT-1","0",8,92,1586,17014,131,119,17014,37664
"CTATAACTGTCGCACT-1","0",8,94,1584,16649,129,119,16649,37666
"GTTATCGCACCTGACA-1","0",8,96,1583,16284,127,119,16284,37667
"GGTTCCTCCGTGTCGT-1","0",8,98,1581,15919,125,119,15919,37669
"CAAGTGCGGACATCGG-1","0",8,100,1579,15554,123,119,15554,37671
"TCCGACGCCTGTCTGC-1","1",8,102,1577,15188,121,119,15188,37673
"GTAACGTACCGATTCC-1","1",8,104,1576,14823,119,119,14823,37674
"ATTGCCTGGAGTAGAA-1","1",8,106,1574,14458,117,119,14458,37676
"AGGTTCGCGGTTATTG-1","1",8,108,1572,14093,115,119,14093,37678
"TGCGGACGTTAAGCTA-1","1",8,110,1571,13728,113,119,13728,37679
"CTGACTCCGCGGAATC-1","1",8,112,1569,13363,111,119,13363,37681
"TAGATGTCACAATGAG-1","1",8,114,1567,12997,109,119,12997,37683
"GTTGACTAAGGAGTGA-1","1",8,116,1565,12632,107,119,12632,37685
"TAACCGGATCTTACCT-1","1",8,118,1564,12267,105,119,12267,37686
"ACGACTGTGCACTCCG-1","1",8,120,1562,11902,103,119,11902,37688
"TGTATTGTATACCGGC-1","1",8,122,1560,11537,101,119,11537,37690
"TCCGTGTACACCGAAT-1","1",8,124,1559,11172,99,119,11172,37691
"TGTATGAAGCGTATTC-1","1",8,126,1557,10806,97,119,10806,37693
"GTGCAGGCAGGCCTCA-1","1",8,128,1555,10441,95,119,10441,37695
"AATCTACGCTGTATCA-1","0",8,130,1553,10076,93,119,10076,37697
"GCGTACAATGCGGATC-1","0",8,132,1552,9711,91,119,9711,37698
"GACCTCCGTACCTACT-1","0",8,134,1550,9346,89,119,9346,37700
"AGGAATACTCGTCTAA-1","0",8,136,1548,8981,87,119,8981,37702
"CAACAGATTCTGACAT-1","0",8,138,1547,8615,85,119,8615,37703
"CGGACAGTCTATTCGC-1","0",8,140,1545,8250,83,119,8250,37705
"GTCAGTAACCGCCATT-1","0",8,142,1543,7885,81,119,7885,37707
"GGCACGATGAACAACC-1","0",8,144,1541,7520,79,119,7520,37709
"AACCAACAAGAATGAC-1","0",8,146,1540,7155,77,119,7155,37710
"CATCAGTCGCATACGG-1","0",8,148,1538,6790,75,119,6790,37712
"CAGCTGGACGAGATCT-1","0",8,150,1536,6424,73,119,6424,37714
"TCGGTATCTATGACCG-1","0",8,152,1535,6059,71,119,6059,37715
"TAACAGGCTCGACCGA-1","0",8,154,1533,5694,69,119,5694,37717
"CGCTATTAGAGTGGTA-1","0",8,156,1531,5329,67,119,5329,37719
"GTTGCCACGCACATAG-1","0",8,158,1529,4964,65,119,4964,37721
"TAGACTAACCTTGGAA-1","0",8,160,1528,4599,63,119,4599,37722
"ATAACCTAAGTGCAAC-1","0",8,162,1526,4233,61,119,4233,37724
"GCTCAAGAGGTTGAAT-1","0",8,164,1524,3868,59,119,3868,37726
"TGCTACCGGTTGTCTA-1","0",8,166,1523,3503,57,119,3503,37727
"AATTGGCACTCCGGTC-1","0",8,168,1521,3138,55,119,3138,37729
"TCCTGAAGTATTCGGC-1","0",8,170,1519,2773,53,119,2773,37731
"TGTCACGTTGTCAATA-1","0",8,172,1517,2408,51,119,2408,37733
"GGATGCAAGGTAAGTG-1","0",8,174,1516,2042,49,119,2042,37734
"AGGTATCAATTATGTT-1","0",8,176,1514,1677,47,119,1677,37736
"GCTAACAGCTCGGCCA-1","0",8,178,1512,1312,45,119,1312,37738
"ATCCTATGAATCGTTG-1","0",8,180,1511,947,43,119,947,37739
"AATCCTGGCGCATCCT-1","0",8,182,1509,582,41,119,582,37741
"GCACCTCCACTCTACA-1","0",8,184,1507,217,39,119,217,37743
"CTAGCATATCCGTAAC-1","0",8,186,1505,-149,37,119,-149,37745
"AAGCAGCCATCATTAG-1","0",8,188,1504,-514,35,119,-514,37746
"GGCGTGTACAACCTCA-1","0",8,190,1502,-879,33,119,-879,37748
"GCGTCGTGGCCAACCT-1","0",8,192,1500,-1244,31,119,-1244,37750
"TCGCACTGTCCACCTC-1","0",8,194,1499,-1609,29,119,-1609,37751
"CTGATTCTCGAACGGA-1","0",8,196,1497,-1974,27,119,-1974,37753
"TACTAGTACTCAACCG-1","0",8,198,1495,-2340,25,119,-2340,37755
"TCATTCAGAAGCATTA-1","0",8,200,1493,-2705,23,119,-2705,37757
"CCTTAGCGGAACTTAC-1","0",8,202,1492,-3070,21,119,-3070,37758
"AGATAAGGCATACAGG-1","0",8,204,1490,-3435,19,119,-3435,37760
"GTCAGCTCCTTCACTC-1","0",8,206,1488,-3800,17,119,-3800,37762
"TCCGTAGAGCACGTGA-1","0",8,208,1487,-4165,15,119,-4165,37763
"CGCTAGACGGATTAGC-1","0",8,210,1485,-4531,13,119,-4531,37765
"TAGCGTTCGCAGGTAA-1","0",8,212,1483,-4896,11,119,-4896,37767
"GAAGCTGAGGTTAGTC-1","0",8,214,1481,-5261,9,119,-5261,37769
"CCTAATGGCAATACAA-1","0",8,216,1480,-5626,7,119,-5626,37770
"AAGACTGAGTGAGCCA-1","0",8,218,1478,-5991,5,119,-5991,37772
"ATGTACTGTCGGCAGA-1","0",8,220,1476,-6356,3,119,-6356,37774
"ATCTCCTTAAGACTGA-1","0",8,222,1475,-6722,1,119,-6722,37775
"ACAACTGAGGTGGCCG-1","0",9,1,1978,33628,222,118,33628,37272
"CGCCGGCCGCAAGAAC-1","0",9,3,1976,33263,220,118,33263,37274
"GGCAGCGGTCTGGTGA-1","0",9,5,1975,32898,218,118,32898,37275
"GTGGTTCGTTAATGTA-1","0",9,7,1973,32532,216,118,32532,37277
"GACAAGCTCCGCACAT-1","0",9,9,1971,32167,214,118,32167,37279
"TAGACATGAAGGTCTT-1","0",9,11,1969,31802,212,118,31802,37281
"GCCTTATCAATTACTA-1","0",9,13,1968,31437,210,118,31437,37282
"ATTAGAAGGCAGACAG-1","0",9,15,1966,31072,208,118,31072,37284
"CAGTCTGGTACATATG-1","0",9,17,1964,30707,206,118,30707,37286
"TGCCACCGTAGCTGAT-1","0",9,19,1963,30341,204,118,30341,37287
"GACTGAGGAAGGTATC-1","0",9,21,1961,29976,202,118,29976,37289
"CCGGTAACGGCATTCC-1","0",9,23,1959,29611,200,118,29611,37291
"AATTATTCCGGTAGAC-1","0",9,25,1957,29246,198,118,29246,37293
"CACTACAACTGGCCGT-1","0",9,27,1956,28881,196,118,28881,37294
"TCGCCGACGGAGACAG-1","0",9,29,1954,28516,194,118,28516,37296
"TAGAGGTTGCAGCGTC-1","0",9,31,1952,28150,192,118,28150,37298
"CGTCACTGTCGCATGC-1","0",9,33,1951,27785,190,118,27785,37299
"TAACAGACAGACAACT-1","0",9,35,1949,27420,188,118,27420,37301
"TGCTGTGAAGGTGAAG-1","0",9,37,1947,27055,186,118,27055,37303
"ATTCTAACTTATCACG-1","0",9,39,1945,26690,184,118,26690,37305
"ACCTCCGACGTGAGGC-1","0",9,41,1944,26325,182,118,26325,37306
"CGACCGTGGACAATTG-1","0",9,43,1942,25959,180,118,25959,37308
"AGGACCAAGTGACAGG-1","0",9,45,1940,25594,178,118,25594,37310
"TCAGCCGTTGACAGAA-1","0",9,47,1939,25229,176,118,25229,37311
"CACGTATGGACGTCTG-1","0",9,49,1937,24864,174,118,24864,37313
"GCACCTAGCCACTCAA-1","0",9,51,1935,24499,172,118,24499,37315
"ATTGCCGACTGCTTAA-1","0",9,53,1933,24134,170,118,24134,37317
"CTGGTAATAGCAGGAA-1","0",9,55,1932,23768,168,118,23768,37318
"CCAATCAGGTCGCAGA-1","0",9,57,1930,23403,166,118,23403,37320
"CAGATATCTAGAGCCT-1","0",9,59,1928,23038,164,118,23038,37322
"TGCATTACCACTAACA-1","0",9,61,1927,22673,162,118,22673,37323
"GTATGTTGATGTATGA-1","0",9,63,1925,22308,160,118,22308,37325
"CGGTCTCCGTTGGATC-1","0",9,65,1923,21943,158,118,21943,37327
"GTCTAGAACGCAAGTC-1","0",9,67,1921,21577,156,118,21577,37329
"GCGAAGGTACCGGATT-1","0",9,69,1920,21212,154,118,21212,37330
"CGCACTAACAGATGCC-1","0",9,71,1918,20847,152,118,20847,37332
"TAGTTCCAATCTCCAG-1","0",9,73,1916,20482,150,118,20482,37334
"ATGGAGGCGTCGTTAT-1","0",9,75,1915,20117,148,118,20117,37335
"AATCTGGATCAGGCAA-1","0",9,77,1913,19752,146,118,19752,37337
"GTTGCTCCACGGCTCC-1","0",9,79,1911,19386,144,118,19386,37339
"ACGTTACACGCAAGAT-1","1",9,81,1909,19021,142,118,19021,37341
"CCACGTATGCCGTAGC-1","1",9,83,1908,18656,140,118,18656,37342
"GCCTGTCTGGTGCCAC-1","1",9,85,1906,18291,138,118,18291,37344
"TCCAACAGACGTGAGC-1","0",9,87,1904,17926,136,118,17926,37346
"GCAAGATACAGGCGGT-1","0",9,89,1903,17561,134,118,17561,37347
"GCATTGCTTCAGGTGG-1","0",9,91,1901,17195,132,118,17195,37349
"CTATTACTCACGATCG-1","1",9,93,1899,16830,130,118,16830,37351
"GACAACCTCCTTCAAG-1","1",9,95,1897,16465,128,118,16465,37353
"CTTCGCCTATTGCATG-1","1",9,97,1896,16100,126,118,16100,37354
"CATAAGTGATGCCAGT-1","1",9,99,1894,15735,124,118,15735,37356
"ATCGCATGTTACCTAC-1","1",9,101,1892,15370,122,118,15370,37358
"TCTACAACGCCGTCTA-1","1",9,103,1891,15004,120,118,15004,37359
"TGAATGACCTTAACCG-1","1",9,105,1889,14639,118,118,14639,37361
"GTATGCACCTAACGGT-1","1",9,107,1887,14274,116,118,14274,37363
"TGTCAACACTCAGCGG-1","1",9,109,1885,13909,114,118,13909,37365
"CTGCGGTAGACCAAGT-1","1",9,111,1884,13544,112,118,13544,37366
"CTGTGCAGTTACAGGA-1","1",9,113,1882,13179,110,118,13179,37368
"GATGGACCAACCTCCA-1","1",9,115,1880,12813,108,118,12813,37370
"CAGCTGAGCATAGGTT-1","1",9,117,1879,12448,106,118,12448,37371
"CTGCTACCATTACAGG-1","1",9,119,1877,12083,104,118,12083,37373
"CCACCTCGCATTCGTC-1","1",9,121,1875,11718,102,118,11718,37375
"GCCGTAACCGTTCCTC-1","1",9,123,1873,11353,100,118,11353,37377
"TATGCTGTCGGTGATA-1","1",9,125,1872,10988,98,118,10988,37378
"AATCGACAGCGGTGCG-1","1",9,127,1870,10622,96,118,10622,37380
"ATTAAGCAGTGAATAC-1","1",9,129,1868,10257,94,118,10257,37382
"CAATGCGGACTGTTCA-1","1",9,131,1867,9892,92,118,9892,37383
"TGTACCGGTGCCGTTG-1","1",9,133,1865,9527,90,118,9527,37385
"GACAGAAGCATTGGAA-1","0",9,135,1863,9162,88,118,9162,37387
"GTCTATACCATGCTCC-1","0",9,137,1861,8797,86,118,8797,37389
"GACTACCACTAGTATG-1","0",9,139,1860,8431,84,118,8431,37390
"GCACAGCTACGGACAG-1","0",9,141,1858,8066,82,118,8066,37392
"GAGGTAGATTGTGATA-1","0",9,143,1856,7701,80,118,7701,37394
"CGGAACTCTGGAAGAT-1","0",9,145,1855,7336,78,118,7336,37395
"TGGTTAACAGATAACA-1","0",9,147,1853,6971,76,118,6971,37397
"GTCGAATAAGAAGCCT-1","0",9,149,1851,6606,74,118,6606,37399
"TGCGTCCTATACTCGC-1","0",9,151,1849,6240,72,118,6240,37401
"TAAGCACGTTCGGAGG-1","0",9,153,1848,5875,70,118,5875,37402
"TGAAGACCAGTCGGTT-1","0",9,155,1846,5510,68,118,5510,37404
"TAATTAGTGCACCGTG-1","0",9,157,1844,5145,66,118,5145,37406
"CTGCCTGAACATAGCT-1","0",9,159,1843,4780,64,118,4780,37407
"ACGTGGTTCTATCCAC-1","0",9,161,1841,4415,62,118,4415,37409
"GGCATAGGAGTATGAC-1","0",9,163,1839,4049,60,118,4049,37411
"CAGAGCGAATGCTGCC-1","0",9,165,1838,3684,58,118,3684,37412
"GAGCGATCACTGTCAC-1","0",9,167,1836,3319,56,118,3319,37414
"CCATACTCACAAGATG-1","0",9,169,1834,2954,54,118,2954,37416
"CTGACCGACGTGATGT-1","0",9,171,1832,2589,52,118,2589,37418
"TGTCCTGGTCGACACC-1","0",9,173,1831,2224,50,118,2224,37419
"GTCTGTAACCACATTC-1","0",9,175,1829,1858,48,118,1858,37421
"AGTTGGCGACTGGAGT-1","0",9,177,1827,1493,46,118,1493,37423
"GTTGCTGTTGGCCGTC-1","0",9,179,1826,1128,44,118,1128,37424
"TGAATTAGCGCTTCAC-1","0",9,181,1824,763,42,118,763,37426
"ACCTGCACATCACGTA-1","0",9,183,1822,398,40,118,398,37428
"CAGCATCGAGAAGTAT-1","0",9,185,1820,33,38,118,33,37430
"GCGGCAATCCTTAAGA-1","0",9,187,1819,-333,36,118,-333,37431
"ACATTGGTCACGCAAC-1","0",9,189,1817,-698,34,118,-698,37433
"TGTCCTTAATGCGAAC-1","0",9,191,1815,-1063,32,118,-1063,37435
"AATTCTGCACTAAGCT-1","0",9,193,1814,-1428,30,118,-1428,37436
"TACGGTTGGCGGTACA-1","0",9,195,1812,-1793,28,118,-1793,37438
"TATGGCGGTATGAATG-1","0",9,197,1810,-2158,26,118,-2158,37440
"CATGCAGTGCTTCCGT-1","0",9,199,1808,-2524,24,118,-2524,37442
"GACAATGGAGTAACAG-1","0",9,201,1807,-2889,22,118,-2889,37443
"TCGTGAACGTAGGCCA-1","0",9,203,1805,-3254,20,118,-3254,37445
"GACACCGCACATCAGG-1","0",9,205,1803,-3619,18,118,-3619,37447
"TGTAATGAGTGCAGTG-1","0",9,207,1802,-3984,16,118,-3984,37448
"CTGATTACAGCATAAT-1","0",9,209,1800,-4349,14,118,-4349,37450
"AAGGAGGCAGCGGTGA-1","0",9,211,1798,-4715,12,118,-4715,37452
"GATCCAAGCTAATGCC-1","0",9,213,1796,-5080,10,118,-5080,37454
"ATACATAATCTGAGTC-1","0",9,215,1795,-5445,8,118,-5445,37455
"TGAGTTGGCACCGCGA-1","0",9,217,1793,-5810,6,118,-5810,37457
"AGCCTCGCAGTTAGCG-1","0",9,219,1791,-6175,4,118,-6175,37459
"TAAGCGTGCTATCTAG-1","0",9,221,1790,-6540,2,118,-6540,37460
"ATAGTGAGCACGTCTT-1","0",9,223,1788,-6906,0,118,-6906,37462
"TAGTTCACTTGCTCTT-1","0",10,0,2297,33809,223,117,33809,36953
"TACCGTAAGCCTTCAG-1","0",10,2,2295,33444,221,117,33444,36955
"CTGCGAACGAGCTGAA-1","0",10,4,2293,33079,219,117,33079,36957
"GTCTGTGATCGTCCTG-1","0",10,6,2291,32713,217,117,32713,36959
"TCACTATGACGAACTG-1","0",10,8,2290,32348,215,117,32348,36960
"CCGGTGCAGATATGGC-1","0",10,10,2288,31983,213,117,31983,36962
"GAACTAGGAGACGTCA-1","0",10,12,2286,31618,211,117,31618,36964
"GGTCTGCAATTCAGCG-1","0",10,14,2285,31253,209,117,31253,36965
"TCAGTTCAAGGTTGAT-1","0",10,16,2283,30888,207,117,30888,36967
"CGAACTCAATTACAGT-1","0",10,18,2281,30522,205,117,30522,36969
"TGGTACGGCGGTCCGA-1","0",10,20,2279,30157,203,117,30157,36971
"ATAACGAAGGAAGGCG-1","0",10,22,2278,29792,201,117,29792,36972
"CTTAGTCTATCATAGA-1","0",10,24,2276,29427,199,117,29427,36974
"TAATTGCGCCGTGCAA-1","0",10,26,2274,29062,197,117,29062,36976
"TCACCTAAGAGTATCT-1","0",10,28,2273,28697,195,117,28697,36977
"GGCGGACACGCTAACT-1","0",10,30,2271,28331,193,117,28331,36979
"TGAGCTCCGTTGCTTC-1","0",10,32,2269,27966,191,117,27966,36981
"CTAAGTTCGGACGGCT-1","0",10,34,2267,27601,189,117,27601,36983
"GCCTTCGCTCAACCTG-1","0",10,36,2266,27236,187,117,27236,36984
"TGGTACTGCACTGTCG-1","0",10,38,2264,26871,185,117,26871,36986
"CGGTTGCTGATACCTA-1","0",10,40,2262,26506,183,117,26506,36988
"CTATCCATCTTGGACG-1","0",10,42,2261,26140,181,117,26140,36989
"ACAGTGTATCATGCTC-1","0",10,44,2259,25775,179,117,25775,36991
"AGGATATCACGCACGA-1","0",10,46,2257,25410,177,117,25410,36993
"ATCCGGCTCCGTCGCA-1","0",10,48,2255,25045,175,117,25045,36995
"CTATTCACCGCCGAGG-1","0",10,50,2254,24680,173,117,24680,36996
"CCAATAGTCACCTTGT-1","0",10,52,2252,24315,171,117,24315,36998
"CGACCACGCCAGGACT-1","0",10,54,2250,23949,169,117,23949,37000
"TATCTAGGAACCGTTC-1","0",10,56,2249,23584,167,117,23584,37001
"CTAAGACTAACATTGT-1","0",10,58,2247,23219,165,117,23219,37003
"GAAGTAGCTGTAATCA-1","0",10,60,2245,22854,163,117,22854,37005
"CGTACAACTTATGGTT-1","0",10,62,2243,22489,161,117,22489,37007
"TCAAGCATTCGATACC-1","0",10,64,2242,22124,159,117,22124,37008
"ATAGTGACGCTGGTCT-1","0",10,66,2240,21758,157,117,21758,37010
"GTATCTGGTGTCCTAT-1","0",10,68,2238,21393,155,117,21393,37012
"CAGACGATTAATCTAG-1","0",10,70,2237,21028,153,117,21028,37013
"AGCGTGGCATGTCTCC-1","0",10,72,2235,20663,151,117,20663,37015
"TAGAGTCCGTTAACGC-1","0",10,74,2233,20298,149,117,20298,37017
"ATCCACTTAGTAATCT-1","0",10,76,2231,19933,147,117,19933,37019
"CGTCGGACTATCAGAA-1","1",10,78,2230,19567,145,117,19567,37020
"TCACTAACCGATTAAC-1","1",10,80,2228,19202,143,117,19202,37022
"ATCTGACTAAGGAGTC-1","1",10,82,2226,18837,141,117,18837,37024
"AGTGCGATAGTCGCGA-1","1",10,84,2225,18472,139,117,18472,37025
"GACAAGCTCGCAATGG-1","1",10,86,2223,18107,137,117,18107,37027
"CCATTCTTGTAGTGTA-1","1",10,88,2221,17742,135,117,17742,37029
"CTTCGTCCATAAGGCT-1","1",10,90,2219,17376,133,117,17376,37031
"CATCTGCCGTCCAGCG-1","1",10,92,2218,17011,131,117,17011,37032
"CATGGTGCACTAACGC-1","1",10,94,2216,16646,129,117,16646,37034
"TATCTACAACCTCAGT-1","1",10,96,2214,16281,127,117,16281,37036
"TCCAGTTAAGACCGTT-1","1",10,98,2213,15916,125,117,15916,37037
"GAGCTCCTGACCGCAG-1","1",10,100,2211,15551,123,117,15551,37039
"GCTCATACGGCAAGTC-1","1",10,102,2209,15185,121,117,15185,37041
"TCTAGAGCTCACGCTC-1","1",10,104,2207,14820,119,117,14820,37043
"GTTCATTGCTGGCTGG-1","1",10,106,2206,14455,117,117,14455,37044
"CAACCGTACACTCATC-1","1",10,108,2204,14090,115,117,14090,37046
"GCGATCCTGGATACTC-1","1",10,110,2202,13725,113,117,13725,37048
"CACCTCGCGAACCATT-1","1",10,112,2201,13360,111,117,13360,37049
"CTAACGGAGCTTCGCA-1","1",10,114,2199,12994,109,117,12994,37051
"TGTAGTGCAGCGCATG-1","1",10,116,2197,12629,107,117,12629,37053
"ATCTTAGACACGAAGA-1","1",10,118,2195,12264,105,117,12264,37055
"ACAACGCAGATGCACC-1","1",10,120,2194,11899,103,117,11899,37056
"GGCTACGATTACTAGA-1","1",10,122,2192,11534,101,117,11534,37058
"TGTCACTAGCAGTTGA-1","1",10,124,2190,11169,99,117,11169,37060
"TGTCTGCGACCTATTC-1","1",10,126,2189,10803,97,117,10803,37061
"GCTTGAAGTACTGCCT-1","1",10,128,2187,10438,95,117,10438,37063
"AGTATTCGTCATGGTG-1","1",10,130,2185,10073,93,117,10073,37065
"GGTTATAATCTAACGT-1","1",10,132,2183,9708,91,117,9708,37067
"GATACACCATGACTGT-1","1",10,134,2182,9343,89,117,9343,37068
"GTCTTCAGGCCAGGTC-1","0",10,136,2180,8978,87,117,8978,37070
"CCATAGTTCTGTGGAT-1","0",10,138,2178,8613,85,117,8613,37072
"CCGCGTGGTCCATGCG-1","0",10,140,2177,8247,83,117,8247,37073
"ATGCTCGCCATTGCTG-1","0",10,142,2175,7882,81,117,7882,37075
"ACAGAATCACCGTTCC-1","0",10,144,2173,7517,79,117,7517,37077
"GGAGTGGACCGGAAGG-1","0",10,146,2171,7152,77,117,7152,37079
"CTCGAACGACATCAAT-1","0",10,148,2170,6787,75,117,6787,37080
"CGGAGTAATTCAGGCT-1","0",10,150,2168,6422,73,117,6422,37082
"GTAACCAACATATCAC-1","0",10,152,2166,6056,71,117,6056,37084
"ATGGAGTTGTACCTTA-1","0",10,154,2165,5691,69,117,5691,37085
"AACTCAGCACTCCTAC-1","0",10,156,2163,5326,67,117,5326,37087
"GGATTCCGGAAGTATG-1","0",10,158,2161,4961,65,117,4961,37089
"TAACGCTCTGTTATCC-1","0",10,160,2159,4596,63,117,4596,37091
"TATGGACACCGTCGCC-1","0",10,162,2158,4231,61,117,4231,37092
"ATCCTGGAGCTTCAGG-1","0",10,164,2156,3865,59,117,3865,37094
"AGGTACAATGGCCTCG-1","0",10,166,2154,3500,57,117,3500,37096
"GAACCGAGCTATCCGA-1","0",10,168,2153,3135,55,117,3135,37097
"CGTTGGATTAGGTGTC-1","0",10,170,2151,2770,53,117,2770,37099
"CTATGTTAGCACATCT-1","0",10,172,2149,2405,51,117,2405,37101
"ATGTAGTCCGTGCGTC-1","0",10,174,2147,2040,49,117,2040,37103
"GTCTCGGAAGCAGGAG-1","0",10,176,2146,1674,47,117,1674,37104
"GAAGGACTGAACTTGA-1","0",10,178,2144,1309,45,117,1309,37106
"ACTGACATCCTGAGGT-1","0",10,180,2142,944,43,117,944,37108
"TAACGAGCGAATCTAA-1","0",10,182,2141,579,41,117,579,37109
"ATTCTACAGGAGAATG-1","0",10,184,2139,214,39,117,214,37111
"TAAGACGTCACGATTA-1","0",10,186,2137,-151,37,117,-151,37113
"GACTGATCGCACTGTA-1","0",10,188,2135,-517,35,117,-517,37115
"TAGAGTATCCTCGAGC-1","0",10,190,2134,-882,33,117,-882,37116
"ATAGAACGGCTCCTAT-1","0",10,192,2132,-1247,31,117,-1247,37118
"CGCCTCTAGCGTGAGT-1","0",10,194,2130,-1612,29,117,-1612,37120
"AATGGTCTACTCGCCA-1","0",10,196,2129,-1977,27,117,-1977,37121
"AATCTACGTCAACTTA-1","0",10,198,2127,-2342,25,117,-2342,37123
"TGTCCTACAGGAATCA-1","0",10,200,2125,-2708,23,117,-2708,37125
"CTGCGAAGGAAGCTCG-1","0",10,202,2124,-3073,21,117,-3073,37126
"TCGGTGTCATCCGTGG-1","0",10,204,2122,-3438,19,117,-3438,37128
"GTGGTATTCTATAGTT-1","0",10,206,2120,-3803,17,117,-3803,37130
"CGATGCATACCAGCGA-1","0",10,208,2118,-4168,15,117,-4168,37132
"GTAATGCCTCTTATGA-1","0",10,210,2117,-4533,13,117,-4533,37133
"CACCGACAAGTCCGTA-1","0",10,212,2115,-4899,11,117,-4899,37135
"ATAGAACCATCCAGCC-1","0",10,214,2113,-5264,9,117,-5264,37137
"AACATGCGGCGTATGT-1","0",10,216,2112,-5629,7,117,-5629,37138
"TACATCTACTCAATCT-1","0",10,218,2110,-5994,5,117,-5994,37140
"GCAGGCCAGATACGAC-1","0",10,220,2108,-6359,3,117,-6359,37142
"CGACTTGCGTGATCGG-1","0",10,222,2106,-6724,1,117,-6724,37144
"AGGTCACCATACATTA-1","0",11,1,2610,33625,222,116,33625,36640
"TAGGACCTATCATGGC-1","0",11,3,2608,33260,220,116,33260,36642
"GCTATGCGTCCGAAGT-1","0",11,5,2606,32895,218,116,32895,36644
"TCAGGATGCGGTGACA-1","0",11,7,2605,32529,216,116,32529,36645
"TCTAGAGGCAGCGGTG-1","0",11,9,2603,32164,214,116,32164,36647
"ACGGCTGGTACACCGG-1","0",11,11,2601,31799,212,116,31799,36649
"ATTAGTATCTATGAAG-1","0",11,13,2599,31434,210,116,31434,36651
"ACGGCTGTGATTATCG-1","0",11,15,2598,31069,208,116,31069,36652
"ACCTAGGTCTTAACAA-1","0",11,17,2596,30704,206,116,30704,36654
"CATATCGCTAAGTTAC-1","0",11,19,2594,30338,204,116,30338,36656
"AGGCTAAGTCACGGAT-1","0",11,21,2593,29973,202,116,29973,36657
"TATTCCGGTATTCGGT-1","0",11,23,2591,29608,200,116,29608,36659
"CTGTACTCACCAACAG-1","0",11,25,2589,29243,198,116,29243,36661
"GAGGATCCTTCGAGCC-1","0",11,27,2587,28878,196,116,28878,36663
"ACGCAACGTCAGTGGT-1","0",11,29,2586,28513,194,116,28513,36664
"ACGGCTGCCGAACTCG-1","0",11,31,2584,28147,192,116,28147,36666
"GGCTTGTTCAATGTAC-1","0",11,33,2582,27782,190,116,27782,36668
"TGTCGCGGCTACGCAC-1","0",11,35,2581,27417,188,116,27417,36669
"GTCCGTACCGGTCTGA-1","0",11,37,2579,27052,186,116,27052,36671
"CGTGAGCTTCCGGCGT-1","0",11,39,2577,26687,184,116,26687,36673
"CGGTCTGCGTTAAGAC-1","0",11,41,2575,26322,182,116,26322,36675
"CGGTTCTGGCTAATCG-1","0",11,43,2574,25956,180,116,25956,36676
"GGCCACGGAGACCGAG-1","0",11,45,2572,25591,178,116,25591,36678
"AACATCAATCCAGTCA-1","0",11,47,2570,25226,176,116,25226,36680
"CTCGACAATTGTAGAC-1","0",11,49,2569,24861,174,116,24861,36681
"TAGAGCGATGGCGGTG-1","0",11,51,2567,24496,172,116,24496,36683
"GATTCCTGGCGACAAG-1","0",11,53,2565,24131,170,116,24131,36685
"ACTGAGACTCTGCGTA-1","0",11,55,2563,23765,168,116,23765,36687
"GGTAGTGCTTCGCAGA-1","0",11,57,2562,23400,166,116,23400,36688
"AATACTCAAGTGACTC-1","0",11,59,2560,23035,164,116,23035,36690
"TCAAGGCCATAATGCA-1","0",11,61,2558,22670,162,116,22670,36692
"CTCCTACGAGGCCAGA-1","0",11,63,2557,22305,160,116,22305,36693
"CGTCTAGCTACTGTTA-1","0",11,65,2555,21940,158,116,21940,36695
"TGGAGTAATCGCAACT-1","0",11,67,2553,21574,156,116,21574,36697
"CATCTGTTATTGACGC-1","0",11,69,2551,21209,154,116,21209,36699
"CATCAGCGTCAGCTGT-1","1",11,71,2550,20844,152,116,20844,36700
"GAGTGCCTAACGGCCA-1","1",11,73,2548,20479,150,116,20479,36702
"CTACCAGTGCGTACCT-1","1",11,75,2546,20114,148,116,20114,36704
"TACTAGTGGAGTGGCG-1","1",11,77,2545,19749,146,116,19749,36705
"TGTAGGTTCTTGAACG-1","1",11,79,2543,19383,144,116,19383,36707
"TCCAACATGCAACGCC-1","1",11,81,2541,19018,142,116,19018,36709
"CCTCTAGCCAACCTAC-1","1",11,83,2539,18653,140,116,18653,36711
"TCTACTATCACTTAGC-1","1",11,85,2538,18288,138,116,18288,36712
"GTATGGTCATCTAACT-1","1",11,87,2536,17923,136,116,17923,36714
"AGGCATCCTATCTTAA-1","1",11,89,2534,17558,134,116,17558,36716
"CGAGCCGGCGCTATCG-1","1",11,91,2533,17192,132,116,17192,36717
"AACATACCTCCGGCTG-1","1",11,93,2531,16827,130,116,16827,36719
"ACTCGTGGCATGCGCT-1","1",11,95,2529,16462,128,116,16462,36721
"CCGTTGCGTTCTCCAT-1","1",11,97,2527,16097,126,116,16097,36723
"GGTCTAAGCCGATGGT-1","1",11,99,2526,15732,124,116,15732,36724
"TATGCTAATGCTAGCC-1","1",11,101,2524,15367,122,116,15367,36726
"CTCGCCAGCGAATATT-1","1",11,103,2522,15001,120,116,15001,36728
"AGCAGGAGGCGATCGA-1","1",11,105,2521,14636,118,116,14636,36729
"TATCTAACGCGTATAC-1","1",11,107,2519,14271,116,116,14271,36731
"GTATGGTGTCCTATAA-1","1",11,109,2517,13906,114,116,13906,36733
"CCGTCCGACGCACGCT-1","1",11,111,2516,13541,112,116,13541,36734
"ATTAGCCGCATATTAC-1","1",11,113,2514,13176,110,116,13176,36736
"GCTTGGATCAACTGCC-1","1",11,115,2512,12810,108,116,12810,36738
"CTTCCGAGTACGGCCA-1","1",11,117,2510,12445,106,116,12445,36740
"TGCAACGTCGCCGACC-1","1",11,119,2509,12080,104,116,12080,36741
"GTGGACAATTCCGACT-1","1",11,121,2507,11715,102,116,11715,36743
"ATGCCTCGCCGATGTA-1","1",11,123,2505,11350,100,116,11350,36745
"TGCTACGATGGACACG-1","1",11,125,2504,10985,98,116,10985,36746
"AAGTCTACTTATTCAT-1","1",11,127,2502,10619,96,116,10619,36748
"ACAGCCTTGGAGACTC-1","1",11,129,2500,10254,94,116,10254,36750
"TAATTAGTGCCGTCGG-1","1",11,131,2498,9889,92,116,9889,36752
"GTAGCAACTGTTGACG-1","0",11,133,2497,9524,90,116,9524,36753
"GCTTGGCTTGCGACTC-1","0",11,135,2495,9159,88,116,9159,36755
"GGATTCGGAACCACCT-1","0",11,137,2493,8794,86,116,8794,36757
"CAGCCACTAGAACTGG-1","0",11,139,2492,8428,84,116,8428,36758
"TGGCCATTACTCAGGT-1","0",11,141,2490,8063,82,116,8063,36760
"GCTGGAGGCACGTCAT-1","0",11,143,2488,7698,80,116,7698,36762
"CTTACGCTGTGCTACA-1","0",11,145,2486,7333,78,116,7333,36764
"ACTAATACGTATTGTT-1","0",11,147,2485,6968,76,116,6968,36765
"GGATGCTTGTAACCGC-1","0",11,149,2483,6603,74,116,6603,36767
"GCTGACGCGTTAGCTT-1","0",11,151,2481,6237,72,116,6237,36769
"GGTTAATGCGATTCGT-1","0",11,153,2480,5872,70,116,5872,36770
"TCCTGCCGACCAAGAA-1","0",11,155,2478,5507,68,116,5507,36772
"AGGACTAGGCTTCAGA-1","0",11,157,2476,5142,66,116,5142,36774
"CTAAGACGATCCAAGG-1","0",11,159,2474,4777,64,116,4777,36776
"CTAGCACTTGAATACC-1","0",11,161,2473,4412,62,116,4412,36777
"TACCATTCAATGAGAA-1","0",11,163,2471,4046,60,116,4046,36779
"GTAATGCTATGCGTCT-1","0",11,165,2469,3681,58,116,3681,36781
"AGGCATAATCGCATCC-1","0",11,167,2468,3316,56,116,3316,36782
"TCGTATTATGATAGTG-1","0",11,169,2466,2951,54,116,2951,36784
"TGGTACTCACTGATCT-1","0",11,171,2464,2586,52,116,2586,36786
"TGATCTGTAAGCAACA-1","0",11,173,2462,2221,50,116,2221,36788
"TAGACAGCCTTAGATG-1","0",11,175,2461,1855,48,116,1855,36789
"GATCGCCTGCTACGAC-1","0",11,177,2459,1490,46,116,1490,36791
"AGCGTGAATAGGCGCA-1","0",11,179,2457,1125,44,116,1125,36793
"GAATTGCATTGTGACT-1","0",11,181,2456,760,42,116,760,36794
"GGCAGAGTTCCGCTCC-1","0",11,183,2454,395,40,116,395,36796
"TAATTACTCAACTCAG-1","0",11,185,2452,30,38,116,30,36798
"CGGAACAACCACTGAT-1","0",11,187,2450,-336,36,116,-336,36800
"ATAAGAACATAGGCTC-1","0",11,189,2449,-701,34,116,-701,36801
"ACTCGTTGTAGTATTA-1","0",11,191,2447,-1066,32,116,-1066,36803
"GCACAGCACTCCAGAC-1","0",11,193,2445,-1431,30,116,-1431,36805
"ATCAATCTATGGTAGG-1","0",11,195,2444,-1796,28,116,-1796,36806
"TGTAAGGCTTGCCAAC-1","0",11,197,2442,-2161,26,116,-2161,36808
"GACTGTATCGGTTGCA-1","0",11,199,2440,-2527,24,116,-2527,36810
"GCCTCATCGCGAATTC-1","0",11,201,2438,-2892,22,116,-2892,36812
"CAACCTCAGTAAGGTT-1","0",11,203,2437,-3257,20,116,-3257,36813
"ATCGTCAGTGCATATC-1","0",11,205,2435,-3622,18,116,-3622,36815
"GCCACGTTCGTCGGTC-1","0",11,207,2433,-3987,16,116,-3987,36817
"TAAGCACGGAGGTTGG-1","0",11,209,2432,-4352,14,116,-4352,36818
"CTGACGCCAAGTCATA-1","0",11,211,2430,-4718,12,116,-4718,36820
"GTCTATCGTGGCTATC-1","0",11,213,2428,-5083,10,116,-5083,36822
"CGCTCGGTCACGTACT-1","0",11,215,2426,-5448,8,116,-5448,36824
"GGTGCAACTAATTACC-1","0",11,217,2425,-5813,6,116,-5813,36825
"TCCAATTCAGTCCGCA-1","0",11,219,2423,-6178,4,116,-6178,36827
"CATTAGTCGTCCGTGA-1","0",11,221,2421,-6543,2,116,-6543,36829
"AATTGGAACGTGCTAC-1","0",11,223,2420,-6909,0,116,-6909,36830
"TAGGACTAGCGACCGG-1","0",12,0,2928,33806,223,115,33806,36322
"GGCGGATTCCGATTAG-1","0",12,2,2927,33441,221,115,33441,36323
"AGGCCGACTAGTTGAG-1","0",12,4,2925,33076,219,115,33076,36325
"GCGAATCATTGCTTAG-1","0",12,6,2923,32710,217,115,32710,36327
"TCTTGCCGGCGTCTTG-1","0",12,8,2921,32345,215,115,32345,36329
"TAAGCAAGGCAGGCTT-1","0",12,10,2920,31980,213,115,31980,36330
"GTAGACCAATGACATA-1","0",12,12,2918,31615,211,115,31615,36332
"AACCGCCTAGCTGTCA-1","0",12,14,2916,31250,209,115,31250,36334
"CCTAATCCTTCTGAAG-1","0",12,16,2915,30885,207,115,30885,36335
"TCCGTGGCCATCCTGG-1","0",12,18,2913,30520,205,115,30520,36337
"GGAGCACCGCAATAAG-1","0",12,20,2911,30154,203,115,30154,36339
"GCACTCCGAGGCCACG-1","0",12,22,2909,29789,201,115,29789,36341
"ACAGAATAGATTAAGA-1","0",12,24,2908,29424,199,115,29424,36342
"TGGCAAGCACCATAGC-1","0",12,26,2906,29059,197,115,29059,36344
"TGAATGCCTGAGTTGG-1","0",12,28,2904,28694,195,115,28694,36346
"GTCAGCTGACTCCAAT-1","0",12,30,2903,28329,193,115,28329,36347
"CGTATCAAGATGGTCC-1","0",12,32,2901,27963,191,115,27963,36349
"TCTGCAGGAGATTCAC-1","0",12,34,2899,27598,189,115,27598,36351
"CCACAGTTCCTTGCTC-1","0",12,36,2897,27233,187,115,27233,36353
"TACGTACATGCGTTGT-1","0",12,38,2896,26868,185,115,26868,36354
"TGATTCTGGAATTCAT-1","0",12,40,2894,26503,183,115,26503,36356
"CCTGCTCGGTTGTCCG-1","0",12,42,2892,26138,181,115,26138,36358
"ATTACTCAACAGTGCG-1","0",12,44,2891,25772,179,115,25772,36359
"CTAGTTGATCGCTGCC-1","0",12,46,2889,25407,177,115,25407,36361
"ACGTTATCGCACCTTG-1","0",12,48,2887,25042,175,115,25042,36363
"TCGACCAAGACTGGTT-1","0",12,50,2885,24677,173,115,24677,36365
"ACCAGCTTAATCGATT-1","0",12,52,2884,24312,171,115,24312,36366
"GCGGAAGAATGGATAC-1","0",12,54,2882,23947,169,115,23947,36368
"TCTTACATGTTAACAG-1","0",12,56,2880,23581,167,115,23581,36370
"TAGTTCCATACTGTCC-1","0",12,58,2879,23216,165,115,23216,36371
"CTCCAATCTGAATGCA-1","0",12,60,2877,22851,163,115,22851,36373
"CAGCTACGACCGTTAA-1","0",12,62,2875,22486,161,115,22486,36375
"CGCTCGAGATCAGAGG-1","0",12,64,2873,22121,159,115,22121,36377
"CTGGCTCGCTCGGTCG-1","1",12,66,2872,21756,157,115,21756,36378
"ATACTAGACATACAGC-1","1",12,68,2870,21390,155,115,21390,36380
"CGACCAGCTTGTATAG-1","1",12,70,2868,21025,153,115,21025,36382
"AGCTTCTGCCGGTCAA-1","1",12,72,2867,20660,151,115,20660,36383
"TCCAATTCTTAGACGC-1","1",12,74,2865,20295,149,115,20295,36385
"CCGCAGTTAGATCTAG-1","1",12,76,2863,19930,147,115,19930,36387
"AGCGTGTAACCGTATT-1","1",12,78,2861,19565,145,115,19565,36389
"TACACTGACTTAGCTT-1","1",12,80,2860,19199,143,115,19199,36390
"AGATAATCCGTTCGGT-1","1",12,82,2858,18834,141,115,18834,36392
"ATTATGTTGATCCATT-1","1",12,84,2856,18469,139,115,18469,36394
"TGTAGACCGCACGTAA-1","1",12,86,2855,18104,137,115,18104,36395
"ATACTGGCTGGAACGC-1","1",12,88,2853,17739,135,115,17739,36397
"CCAGAAGTGCAGATAG-1","1",12,90,2851,17374,133,115,17374,36399
"CAATGCACTTCGAATG-1","1",12,92,2849,17008,131,115,17008,36401
"TCTAACTCCTGGAATT-1","1",12,94,2848,16643,129,115,16643,36402
"ACCGGCAGTAATCAGA-1","1",12,96,2846,16278,127,115,16278,36404
"TACAAGCGTGTCGTAT-1","1",12,98,2844,15913,125,115,15913,36406
"GTAAGTATCATAGGCG-1","1",12,100,2843,15548,123,115,15548,36407
"CTCCAGTGAAGTCAGT-1","1",12,102,2841,15183,121,115,15183,36409
"AGTGTAATGCTCGCCG-1","1",12,104,2839,14817,119,115,14817,36411
"CTCCGCGTCCTGCCGT-1","1",12,106,2837,14452,117,115,14452,36413
"TGGCCATATCAACGTC-1","1",12,108,2836,14087,115,115,14087,36414
"AAGCCGACTCGCTCGA-1","1",12,110,2834,13722,113,115,13722,36416
"AATAACCAGATCCAAG-1","1",12,112,2832,13357,111,115,13357,36418
"GAGCGGCTCCAAGAGT-1","1",12,114,2831,12992,109,115,12992,36419
"ACTCCTTGTCGCCTGA-1","1",12,116,2829,12626,107,115,12626,36421
"GTAATGCGAAGCCTTA-1","1",12,118,2827,12261,105,115,12261,36423
"TGGAGTCCGAACGTGG-1","1",12,120,2825,11896,103,115,11896,36425
"TCCGCCTCTTGCCGAC-1","1",12,122,2824,11531,101,115,11531,36426
"GTTCTGCTATCTCGAC-1","1",12,124,2822,11166,99,115,11166,36428
"TGTATGGATGGTAACT-1","1",12,126,2820,10801,97,115,10801,36430
"CCACAGTGCGTAACAA-1","1",12,128,2819,10435,95,115,10435,36431
"ATTGCCAATGCCACTG-1","1",12,130,2817,10070,93,115,10070,36433
"TACGTACGCCACATTG-1","1",12,132,2815,9705,91,115,9705,36435
"ATGCATCCGGCACCTG-1","0",12,134,2813,9340,89,115,9340,36437
"GACTCGCCGATGTTAA-1","0",12,136,2812,8975,87,115,8975,36438
"CTGTCCTTATCGCCGG-1","0",12,138,2810,8610,85,115,8610,36440
"TCACTACGTCTTCCGT-1","0",12,140,2808,8244,83,115,8244,36442
"GTCAACGTTCCAGATA-1","0",12,142,2807,7879,81,115,7879,36443
"AAGGTAGTATGGAAGC-1","0",12,144,2805,7514,79,115,7514,36445
"TCCTGATCCTGGCCGC-1","0",12,146,2803,7149,77,115,7149,36447
"ATAACTAGCTACGGAC-1","0",12,148,2801,6784,75,115,6784,36449
"TCAGTCTGAACGTAAT-1","0",12,150,2800,6419,73,115,6419,36450
"GTAGCGTAGGCGAACT-1","0",12,152,2798,6053,71,115,6053,36452
"TCGCCGCTTATGGTAC-1","0",12,154,2796,5688,69,115,5688,36454
"CCGGCGAGGCAACGAT-1","0",12,156,2795,5323,67,115,5323,36455
"ACCTTCCTAGTCATCG-1","0",12,158,2793,4958,65,115,4958,36457
"TAAGGTGCGAGTGGCT-1","0",12,160,2791,4593,63,115,4593,36459
"ATCAGAATTGGAACCT-1","0",12,162,2790,4228,61,115,4228,36460
"TGAGCTGAACGACAAG-1","0",12,164,2788,3862,59,115,3862,36462
"GTCAGTGCTAATGGTC-1","0",12,166,2786,3497,57,115,3497,36464
"GCCAAGCGAAGGCCTG-1","0",12,168,2784,3132,55,115,3132,36466
"CTAAGGCCAACATGAC-1","0",12,170,2783,2767,53,115,2767,36467
"CGGCCTCCTGTCTGAT-1","0",12,172,2781,2402,51,115,2402,36469
"GTTGTCCAATCTAGGT-1","0",12,174,2779,2037,49,115,2037,36471
"GCTTGGATGAGCCGTA-1","0",12,176,2778,1671,47,115,1671,36472
"TCGGTGCGATGATTCT-1","0",12,178,2776,1306,45,115,1306,36474
"CGTACATCTGTACGGC-1","0",12,180,2774,941,43,115,941,36476
"CCGAACCTATTATCAG-1","0",12,182,2772,576,41,115,576,36478
"ACTCAGGAATACATGT-1","0",12,184,2771,211,39,115,211,36479
"TGTCGTCTTCGACATA-1","0",12,186,2769,-154,37,115,-154,36481
"CATGTTGACAATCGAC-1","0",12,188,2767,-520,35,115,-520,36483
"AATTCTCCGCGTATGC-1","0",12,190,2766,-885,33,115,-885,36484
"GGAGTCTGCCAGTTGG-1","0",12,192,2764,-1250,31,115,-1250,36486
"TGTTGATAAGGCGATC-1","0",12,194,2762,-1615,29,115,-1615,36488
"ATAGGCCAGCTTCTAA-1","0",12,196,2760,-1980,27,115,-1980,36490
"CGAGCGCTAAGCCTGT-1","0",12,198,2759,-2345,25,115,-2345,36491
"CCATACAGCTCATATC-1","0",12,200,2757,-2711,23,115,-2711,36493
"TGCTGTGAGCAGTACT-1","0",12,202,2755,-3076,21,115,-3076,36495
"TCTATGGAGCTCATAG-1","0",12,204,2754,-3441,19,115,-3441,36496
"CAGTAGACCGCCTGAG-1","0",12,206,2752,-3806,17,115,-3806,36498
"CTACAGCCACGACAAC-1","0",12,208,2750,-4171,15,115,-4171,36500
"TGCAGATTATGTCGTG-1","0",12,210,2748,-4536,13,115,-4536,36502
"GTGCAGTCGACTTAGA-1","0",12,212,2747,-4902,11,115,-4902,36503
"ACTAATTCCGAGCGGC-1","0",12,214,2745,-5267,9,115,-5267,36505
"GTCTCGGTATCAACTC-1","0",12,216,2743,-5632,7,115,-5632,36507
"GAGGTAGTGAATCCAG-1","0",12,218,2742,-5997,5,115,-5997,36508
"TGTTAATCAGCGAGGA-1","0",12,220,2740,-6362,3,115,-6362,36510
"CATGGTAATACCACTG-1","0",12,222,2738,-6727,1,115,-6727,36512
"GGCGCAGAAGGTCCGA-1","0",13,1,3241,33622,222,114,33622,36009
"TCTTGCATACTAACTC-1","0",13,3,3240,33257,220,114,33257,36010
"TCACTGAGCAGAAGGA-1","0",13,5,3238,32892,218,114,32892,36012
"TCACATAGGAAGTCAA-1","0",13,7,3236,32526,216,114,32526,36014
"AACAGTATCAACGCTT-1","0",13,9,3235,32161,214,114,32161,36015
"TCCAACAGTTACATAA-1","0",13,11,3233,31796,212,114,31796,36017
"CAGTGAATGAGTAATC-1","0",13,13,3231,31431,210,114,31431,36019
"GTCGCACGCCTCTATT-1","0",13,15,3229,31066,208,114,31066,36021
"CCGAAGGACGATGAGT-1","0",13,17,3228,30701,206,114,30701,36022
"CAGCTTCAATGCTCCG-1","0",13,19,3226,30335,204,114,30335,36024
"TGTAACATCAACTTGT-1","0",13,21,3224,29970,202,114,29970,36026
"GTGCAACCATCTCCAC-1","0",13,23,3223,29605,200,114,29605,36027
"GGCTTCACCAACCATG-1","0",13,25,3221,29240,198,114,29240,36029
"AACTGCCTGAGGTATG-1","0",13,27,3219,28875,196,114,28875,36031
"AGGTCACGTGGCTAAC-1","0",13,29,3217,28510,194,114,28510,36033
"AGATAATCACCATATG-1","0",13,31,3216,28144,192,114,28144,36034
"AACATAGTCGCAGCTC-1","0",13,33,3214,27779,190,114,27779,36036
"TACCGTCGTTGCAGTC-1","0",13,35,3212,27414,188,114,27414,36038
"CTAGTTATAATCTGGT-1","0",13,37,3211,27049,186,114,27049,36039
"AACAGGCCATCCGCGT-1","0",13,39,3209,26684,184,114,26684,36041
"TCGCGGATGGCGAACA-1","0",13,41,3207,26319,182,114,26319,36043
"TGATGGTTGTTCCACC-1","0",13,43,3205,25953,180,114,25953,36045
"CCAAGACGTGATGGCT-1","0",13,45,3204,25588,178,114,25588,36046
"ATGTACTTAGATACAT-1","0",13,47,3202,25223,176,114,25223,36048
"CTACCAGACATTCCTA-1","0",13,49,3200,24858,174,114,24858,36050
"AATCTATTCTAGATAG-1","1",13,51,3199,24493,172,114,24493,36051
"TCCGCCGACTTCAGCA-1","1",13,53,3197,24128,170,114,24128,36053
"ACAGGCGGAATCCGTA-1","1",13,55,3195,23762,168,114,23762,36055
"CAGTTGCAGCGTTCGG-1","1",13,57,3193,23397,166,114,23397,36057
"GTAGAAGTGACAGGTG-1","1",13,59,3192,23032,164,114,23032,36058
"TGCGGAGCTATTGAAT-1","1",13,61,3190,22667,162,114,22667,36060
"GAGTCTGGTGCGCTAA-1","1",13,63,3188,22302,160,114,22302,36062
"AAGAATCTATGATATC-1","1",13,65,3187,21937,158,114,21937,36063
"AGACTACCAGCAACGT-1","1",13,67,3185,21571,156,114,21571,36065
"GCTTCGTAGCGTGGTC-1","1",13,69,3183,21206,154,114,21206,36067
"TCGGAGAACAAGTGCT-1","1",13,71,3182,20841,152,114,20841,36068
"AGCAAGGTCGTGTTCG-1","1",13,73,3180,20476,150,114,20476,36070
"GCAGGCCACGGCGTTA-1","1",13,75,3178,20111,148,114,20111,36072
"ATTAGATTACAGGACC-1","1",13,77,3176,19746,146,114,19746,36074
"TAGCCGAAGCTCGTCA-1","1",13,79,3175,19380,144,114,19380,36075
"ACTGACGTCCAGCCTA-1","1",13,81,3173,19015,142,114,19015,36077
"ATTCCTTCGAGTCCTA-1","1",13,83,3171,18650,140,114,18650,36079
"GTAAGTGATGAGTCTG-1","1",13,85,3170,18285,138,114,18285,36080
"GGACGTTGAAGCGTTC-1","1",13,87,3168,17920,136,114,17920,36082
"TATCCTGCCGTCTGCA-1","1",13,89,3166,17555,134,114,17555,36084
"ATGTCAACTTCAGGAA-1","1",13,91,3164,17189,132,114,17189,36086
"GACACTCGTGTTCGCT-1","1",13,93,3163,16824,130,114,16824,36087
"CAGTGAGCCAATTAGC-1","1",13,95,3161,16459,128,114,16459,36089
"TATGTCCACGCTATAG-1","1",13,97,3159,16094,126,114,16094,36091
"TGCGGCAAGGACGCGA-1","1",13,99,3158,15729,124,114,15729,36092
"GTACCTCCGCAGCTCA-1","1",13,101,3156,15364,122,114,15364,36094
"CGCTCGCATAGATGCA-1","1",13,103,3154,14998,120,114,14998,36096
"GACCATGTCCATCATG-1","1",13,105,3152,14633,118,114,14633,36098
"ATTACTCATGGATTGG-1","1",13,107,3151,14268,116,114,14268,36099
"AACTATAAGACTCGGT-1","1",13,109,3149,13903,114,114,13903,36101
"TCTAGGACCTACGGCA-1","1",13,111,3147,13538,112,114,13538,36103
"CTATCCGGTGGCCTTA-1","1",13,113,3146,13173,110,114,13173,36104
"GACGTTCCGAATTCAA-1","1",13,115,3144,12807,108,114,12807,36106
"ATGTAGATCTCCTAGC-1","1",13,117,3142,12442,106,114,12442,36108
"GGCTGCATAGATTCGT-1","1",13,119,3140,12077,104,114,12077,36110
"CCATAGTTATGGACAA-1","1",13,121,3139,11712,102,114,11712,36111
"CAGAGGTCGCTACGTA-1","1",13,123,3137,11347,100,114,11347,36113
"GGACAGTAATGCCTAC-1","1",13,125,3135,10982,98,114,10982,36115
"GTCAGCCGGCTAGAAG-1","1",13,127,3134,10616,96,114,10616,36116
"TCGCACATGTCCTGGT-1","1",13,129,3132,10251,94,114,10251,36118
"ACGCGTGCCGAGACCT-1","1",13,131,3130,9886,92,114,9886,36120
"ACATCATAGCACGTCC-1","0",13,133,3128,9521,90,114,9521,36122
"TCAGCCGCGTTGACTC-1","0",13,135,3127,9156,88,114,9156,36123
"TGAGACGTTATTGACA-1","0",13,137,3125,8791,86,114,8791,36125
"GTCTAGCGCTAATAGG-1","0",13,139,3123,8425,84,114,8425,36127
"CAGAACCGTGAGCGGA-1","0",13,141,3122,8060,82,114,8060,36128
"CAAGTGCTAATCGCGA-1","0",13,143,3120,7695,80,114,7695,36130
"GGCGGAAGTGGAGCCT-1","0",13,145,3118,7330,78,114,7330,36132
"TCGTCAGGAATTCACT-1","0",13,147,3116,6965,76,114,6965,36134
"ATACATCCAACTCAAT-1","0",13,149,3115,6600,74,114,6600,36135
"TAAGGTATCTCGCCAC-1","0",13,151,3113,6234,72,114,6234,36137
"CCTCCACGGCTGACAA-1","0",13,153,3111,5869,70,114,5869,36139
"GATATCAGAAGTATTC-1","0",13,155,3110,5504,68,114,5504,36140
"ATAGAATCGTGCGTGG-1","0",13,157,3108,5139,66,114,5139,36142
"GGTGTCAGCGCCTAAT-1","0",13,159,3106,4774,64,114,4774,36144
"TCATAGATCACTGTGC-1","0",13,161,3104,4409,62,114,4409,36146
"AGTACCACGAGCTTGG-1","0",13,163,3103,4043,60,114,4043,36147
"GTATGTCCGCACCGAA-1","0",13,165,3101,3678,58,114,3678,36149
"ACGCGTCGACCAGGAA-1","0",13,167,3099,3313,56,114,3313,36151
"TAGCGTTCGGAGTCTG-1","0",13,169,3098,2948,54,114,2948,36152
"GGACGTGGCCAGGATT-1","0",13,171,3096,2583,52,114,2583,36154
"ATAGCTAACTTCCATC-1","0",13,173,3094,2218,50,114,2218,36156
"GGTACCGCGGAAGCTC-1","0",13,175,3092,1852,48,114,1852,36158
"GAGTAGTCTTCCTCAG-1","0",13,177,3091,1487,46,114,1487,36159
"TACTAGCTTGGTGAAC-1","0",13,179,3089,1122,44,114,1122,36161
"GATTCCAAGTATTCAG-1","0",13,181,3087,757,42,114,757,36163
"ATACTGACTTCTTGGA-1","0",13,183,3086,392,40,114,392,36164
"CACGAAGGCCACTATG-1","0",13,185,3084,27,38,114,27,36166
"AGGACCTGCTCCAGAT-1","0",13,187,3082,-339,36,114,-339,36168
"GTCAACGTGATTCATA-1","0",13,189,3080,-704,34,114,-704,36170
"GATAAGCATTAGGCTT-1","0",13,191,3079,-1069,32,114,-1069,36171
"TCAGACTGTATGACTG-1","0",13,193,3077,-1434,30,114,-1434,36173
"GCTAACGTTAACCGGT-1","0",13,195,3075,-1799,28,114,-1799,36175
"CGCCTTGTATTGTATT-1","0",13,197,3074,-2164,26,114,-2164,36176
"GACAACCTAACTCCAC-1","0",13,199,3072,-2530,24,114,-2530,36178
"CGTAGTACGACCGGAG-1","0",13,201,3070,-2895,22,114,-2895,36180
"TATTGACGTCGCGTGA-1","0",13,203,3068,-3260,20,114,-3260,36182
"ACAACTATCGATAGCC-1","0",13,205,3067,-3625,18,114,-3625,36183
"ATTGGCTTCTCGGTCA-1","0",13,207,3065,-3990,16,114,-3990,36185
"TGGCTGGACGGAGTAT-1","0",13,209,3063,-4355,14,114,-4355,36187
"ATCTCAACGGATTGCC-1","0",13,211,3062,-4720,12,114,-4720,36188
"AGTCGGCATGTATCAC-1","0",13,213,3060,-5086,10,114,-5086,36190
"CCTTATCCGCTCATCC-1","0",13,215,3058,-5451,8,114,-5451,36192
"GTCTGAACCGTATGGC-1","0",13,217,3056,-5816,6,114,-5816,36194
"CGCAAGTCTACATACT-1","0",13,219,3055,-6181,4,114,-6181,36195
"CGTAAGTGGACTTACG-1","0",13,221,3053,-6546,2,114,-6546,36197
"CTCGATGTACCAGTAT-1","0",13,223,3051,-6911,0,114,-6911,36199
"AACTGGATAACTTCGG-1","0",14,0,3560,33803,223,113,33803,35690
"TGCCTACGGCCTATAA-1","0",14,2,3558,33438,221,113,33438,35692
"CTTCAAGTCTCCGCAC-1","0",14,4,3557,33073,219,113,33073,35693
"ACGTTACAGACTGTGA-1","0",14,6,3555,32708,217,113,32708,35695
"TATGTCGTAAGGAGCT-1","0",14,8,3553,32342,215,113,32342,35697
"GAACCAACGCCGCACC-1","0",14,10,3551,31977,213,113,31977,35699
"CAGTTGACTCGGCTGT-1","0",14,12,3550,31612,211,113,31612,35700
"AGTGCGAATGGCAAGT-1","0",14,14,3548,31247,209,113,31247,35702
"CCGGCAATAGCCTCGC-1","0",14,16,3546,30882,207,113,30882,35704
"TACGGAACCTGGTGTC-1","0",14,18,3545,30517,205,113,30517,35705
"GCGGCTCGAACGGACC-1","0",14,20,3543,30151,203,113,30151,35707
"TAAGAATAGCATGATT-1","0",14,22,3541,29786,201,113,29786,35709
"CTTAGTAACTACCTAT-1","0",14,24,3539,29421,199,113,29421,35711
"CACCGGTGCTTCGCTG-1","0",14,26,3538,29056,197,113,29056,35712
"CAATCAGATATCTTGG-1","0",14,28,3536,28691,195,113,28691,35714
"TAGTTCCACGTGTTCC-1","0",14,30,3534,28326,193,113,28326,35716
"GATCCACGTGCTATCG-1","0",14,32,3533,27960,191,113,27960,35717
"GCCGGCCAACGTTATT-1","0",14,34,3531,27595,189,113,27595,35719
"CTCAAGATGGCCACCG-1","0",14,36,3529,27230,187,113,27230,35721
"GCTGGAGGCTTAAGGT-1","0",14,38,3527,26865,185,113,26865,35723
"TCACCGCTGTATTGTC-1","0",14,40,3526,26500,183,113,26500,35724
"ATCTCACTATGAGCTC-1","1",14,42,3524,26135,181,113,26135,35726
"CCACGTTCGAGTTCCG-1","1",14,44,3522,25769,179,113,25769,35728
"CAAGTCGGAGGTTGTA-1","1",14,46,3521,25404,177,113,25404,35729
"ACTGACTCGATAAGGT-1","1",14,48,3519,25039,175,113,25039,35731
"TCGATCTGCCGCGAGC-1","1",14,50,3517,24674,173,113,24674,35733
"GCCATAGATCCTTCAA-1","1",14,52,3515,24309,171,113,24309,35735
"AGACTAGAGTTCGTGC-1","1",14,54,3514,23944,169,113,23944,35736
"CTTACGTCCGAACATT-1","1",14,56,3512,23578,167,113,23578,35738
"CTGGCCACTCCTATAA-1","1",14,58,3510,23213,165,113,23213,35740
"GTGCCATACATTGATG-1","1",14,60,3509,22848,163,113,22848,35741
"ATTCCAGTGGAATAAG-1","1",14,62,3507,22483,161,113,22483,35743
"TGATTCTAACCGTGAG-1","1",14,64,3505,22118,159,113,22118,35745
"CTCCAGTGTCTAAGTA-1","1",14,66,3503,21753,157,113,21753,35747
"CTATGCAAGAACTCAT-1","1",14,68,3502,21387,155,113,21387,35748
"TGGTTGAAGTTACGTG-1","1",14,70,3500,21022,153,113,21022,35750
"CGCAATGCCTATACGC-1","1",14,72,3498,20657,151,113,20657,35752
"TAAGCCACCGAGTTCC-1","1",14,74,3497,20292,149,113,20292,35753
"TGGAAGTCCGCCAGTA-1","1",14,76,3495,19927,147,113,19927,35755
"AGTCTGCGGAATCTGC-1","1",14,78,3493,19562,145,113,19562,35757
"CTTCGTAATGCTTGCC-1","1",14,80,3491,19196,143,113,19196,35759
"GCCGAGATGACGGCCA-1","1",14,82,3490,18831,141,113,18831,35760
"ACTCGTTCGCCGTGAG-1","1",14,84,3488,18466,139,113,18466,35762
"GACGCTGTAACTACAG-1","1",14,86,3486,18101,137,113,18101,35764
"GCGAGCGACATTCCGT-1","1",14,88,3485,17736,135,113,17736,35765
"GGTCTATCAAGGTGAT-1","1",14,90,3483,17371,133,113,17371,35767
"CACTTCCGGACGAAGC-1","1",14,92,3481,17005,131,113,17005,35769
"AGGCATAGCGTCCTTA-1","1",14,94,3479,16640,129,113,16640,35771
"CAACCGTACGCCGTCT-1","1",14,96,3478,16275,127,113,16275,35772
"CTCACGTACCAATAAC-1","1",14,98,3476,15910,125,113,15910,35774
"CCTTCAGGTTATCGCC-1","1",14,100,3474,15545,123,113,15545,35776
"CCTACGCTGAAGTATC-1","1",14,102,3473,15180,121,113,15180,35777
"GCAACATGAGGAGTGC-1","1",14,104,3471,14814,119,113,14814,35779
"GGTACCTAACTCATTG-1","1",14,106,3469,14449,117,113,14449,35781
"TGACTTGAGCTACAAC-1","1",14,108,3468,14084,115,113,14084,35782
"CGAGGACGCCTCGAAC-1","1",14,110,3466,13719,113,113,13719,35784
"AGCGGTACCAGGAACG-1","1",14,112,3464,13354,111,113,13354,35786
"TAACAGTCCAATTGTC-1","1",14,114,3462,12989,109,113,12989,35788
"ATGAGTAACCTGCCGT-1","1",14,116,3461,12623,107,113,12623,35789
"TCCGTACTAGCCGCAC-1","1",14,118,3459,12258,105,113,12258,35791
"GGACGTGGATAAGGAG-1","1",14,120,3457,11893,103,113,11893,35793
"GCTCGAGTGCCGAGCG-1","1",14,122,3456,11528,101,113,11528,35794
"TCGACTATCTTGCCTG-1","1",14,124,3454,11163,99,113,11163,35796
"TAGCAGGTGGAGCATC-1","1",14,126,3452,10798,97,113,10798,35798
"CATCGGTGTAAGCACC-1","1",14,128,3450,10432,95,113,10432,35800
"GTTACGCACCTGAAGA-1","1",14,130,3449,10067,93,113,10067,35801
"TGTCAGATTACGCAGT-1","1",14,132,3447,9702,91,113,9702,35803
"CTGCGGTGATAAGAGC-1","0",14,134,3445,9337,89,113,9337,35805
"AACATGAGCTGACATC-1","0",14,136,3444,8972,87,113,8972,35806
"GGCTCATAGATAGGAG-1","0",14,138,3442,8607,85,113,8607,35808
"CTCATCTATGGACGGC-1","0",14,140,3440,8241,83,113,8241,35810
"GAGGCGCTCGGAGCTT-1","0",14,142,3438,7876,81,113,7876,35812
"ACAGGTGGACCGGACG-1","0",14,144,3437,7511,79,113,7511,35813
"CTCCTTCGACGTACAT-1","0",14,146,3435,7146,77,113,7146,35815
"CTAAGTATTCCAAGCC-1","0",14,148,3433,6781,75,113,6781,35817
"TATTAGCGTGCTACTT-1","0",14,150,3432,6416,73,113,6416,35818
"ATGCGTATTGCGCCTG-1","0",14,152,3430,6050,71,113,6050,35820
"CGGCACTCTTAGCCTG-1","0",14,154,3428,5685,69,113,5685,35822
"AGCAATTCTAAGTGTC-1","0",14,156,3426,5320,67,113,5320,35824
"CCATAGTAACCTATGA-1","0",14,158,3425,4955,65,113,4955,35825
"AAGTACGTACCATCAC-1","0",14,160,3423,4590,63,113,4590,35827
"CGGTTCTAAGCTAGAT-1","0",14,162,3421,4225,61,113,4225,35829
"GTGAACTCCTGAGCTA-1","0",14,164,3420,3859,59,113,3859,35830
"TAACTCGACGGTTATT-1","0",14,166,3418,3494,57,113,3494,35832
"ATACTCTGTTCAGCGA-1","0",14,168,3416,3129,55,113,3129,35834
"ATCGGTCCTGTAATTA-1","0",14,170,3414,2764,53,113,2764,35836
"CGTAACCTGTCACGTT-1","0",14,172,3413,2399,51,113,2399,35837
"GATCCAAGACCAATCA-1","0",14,174,3411,2034,49,113,2034,35839
"CAGCTGTCTGAACGAC-1","0",14,176,3409,1668,47,113,1668,35841
"GAGTGCAAGAGCAATG-1","0",14,178,3408,1303,45,113,1303,35842
"GATAATGTTGTACAGA-1","0",14,180,3406,938,43,113,938,35844
"GACCGCAAGCAGGCAT-1","0",14,182,3404,573,41,113,573,35846
"CCGGATCACGTGATTG-1","0",14,184,3402,208,39,113,208,35848
"AGCGATGCTGCGAGAT-1","0",14,186,3401,-157,37,113,-157,35849
"GTCTCATGGAGCGAGT-1","0",14,188,3399,-523,35,113,-523,35851
"GGTAAGGCGTGGTCTG-1","0",14,190,3397,-888,33,113,-888,35853
"ATGAGGAACCGGCTTG-1","0",14,192,3396,-1253,31,113,-1253,35854
"CCTGTCTATTACAATG-1","0",14,194,3394,-1618,29,113,-1618,35856
"CACTGGCGAGTAACTC-1","0",14,196,3392,-1983,27,113,-1983,35858
"GTCTATTCACTCGTCC-1","0",14,198,3390,-2348,25,113,-2348,35860
"AGAAGTGCGTACTCAG-1","0",14,200,3389,-2714,23,113,-2714,35861
"GTTAACTGCTCGTGAA-1","0",14,202,3387,-3079,21,113,-3079,35863
"ACTATTACATAGATGG-1","0",14,204,3385,-3444,19,113,-3444,35865
"GGTCACGGTTGACAGA-1","0",14,206,3384,-3809,17,113,-3809,35866
"CTCGATGTTCTGAACT-1","0",14,208,3382,-4174,15,113,-4174,35868
"CGAGCGCACCAGTTGC-1","0",14,210,3380,-4539,13,113,-4539,35870
"CGGTCTACTGGATTAT-1","0",14,212,3378,-4905,11,113,-4905,35872
"GTGGCGAGGTTCTGAG-1","0",14,214,3377,-5270,9,113,-5270,35873
"ACGTGGTCGCGGCTTA-1","0",14,216,3375,-5635,7,113,-5635,35875
"CGGAGCGTGGTTGCGT-1","0",14,218,3373,-6000,5,113,-6000,35877
"TAGGACCACTATAAGG-1","0",14,220,3372,-6365,3,113,-6365,35878
"CACCATCTATAGACAT-1","0",14,222,3370,-6730,1,113,-6730,35880
"CGTTCATGGTCGGCCA-1","0",15,1,3873,33619,222,112,33619,35377
"ACGTTACATGAGTCCG-1","0",15,3,3871,33254,220,112,33254,35379
"GAGTAGAACCTAAGAA-1","0",15,5,3870,32889,218,112,32889,35380
"TGTCCGCCGATCTGTA-1","0",15,7,3868,32523,216,112,32523,35382
"GCTCTGCAGGTTCACG-1","0",15,9,3866,32158,214,112,32158,35384
"CCATAGATCGGCGATC-1","0",15,11,3865,31793,212,112,31793,35385
"TACCATTGGCTAATCT-1","0",15,13,3863,31428,210,112,31428,35387
"GGACTCGTTGGTCTAG-1","0",15,15,3861,31063,208,112,31063,35389
"TACGACCGGCCATCCT-1","0",15,17,3860,30698,206,112,30698,35390
"TACACTAGCTGAACTG-1","0",15,19,3858,30332,204,112,30332,35392
"TCGAATAGCGTCACCA-1","0",15,21,3856,29967,202,112,29967,35394
"CGGCGTAATATGGTAT-1","0",15,23,3854,29602,200,112,29602,35396
"ATTACTGTCCAATTGA-1","0",15,25,3853,29237,198,112,29237,35397
"TACGTAAGGCGTCTGG-1","0",15,27,3851,28872,196,112,28872,35399
"GCGGTGGAGCTATCCG-1","0",15,29,3849,28507,194,112,28507,35401
"AACTTGCTAACGGTTC-1","0",15,31,3848,28141,192,112,28141,35402
"CAAGTCTTCGGTTCGG-1","0",15,33,3846,27776,190,112,27776,35404
"CTGTGGTCAAGCAGCC-1","0",15,35,3844,27411,188,112,27411,35406
"ATTCAGTCTTACCAGA-1","1",15,37,3842,27046,186,112,27046,35408
"CGCTGAGTAAGCGGTT-1","1",15,39,3841,26681,184,112,26681,35409
"GCCGAATCCTACCGAT-1","1",15,41,3839,26316,182,112,26316,35411
"ATTCCGACTGGAAGCC-1","1",15,43,3837,25950,180,112,25950,35413
"ATGTAGATCTGGAGTC-1","1",15,45,3836,25585,178,112,25585,35414
"TCGCCGCTAATCCAAT-1","1",15,47,3834,25220,176,112,25220,35416
"TGGACTTAGTCAAGAT-1","1",15,49,3832,24855,174,112,24855,35418
"TGTCTAATCTGTAGCA-1","1",15,51,3830,24490,172,112,24490,35420
"ACAGGTATAGATAATT-1","1",15,53,3829,24125,170,112,24125,35421
"CTCCTTCGATGGAACA-1","1",15,55,3827,23759,168,112,23759,35423
"TCGATCTGGTTCAGGT-1","1",15,57,3825,23394,166,112,23394,35425
"CTGTGGATACCAGTCC-1","1",15,59,3824,23029,164,112,23029,35426
"GTCGCAGTTAGCATTC-1","1",15,61,3822,22664,162,112,22664,35428
"AGATCTATAAGGCTTC-1","1",15,63,3820,22299,160,112,22299,35430
"GCACTCTAACGGATGC-1","1",15,65,3818,21934,158,112,21934,35432
"GTCTGTGGAGATTCCT-1","1",15,67,3817,21568,156,112,21568,35433
"TAATCGACATGTGCAC-1","1",15,69,3815,21203,154,112,21203,35435
"GTATTATGCTGACACT-1","1",15,71,3813,20838,152,112,20838,35437
"GTAGGAGCTTGTAGCG-1","1",15,73,3812,20473,150,112,20473,35438
"AGTGTCTAACCGCCGT-1","1",15,75,3810,20108,148,112,20108,35440
"GTTGGCTGCATGTCGC-1","1",15,77,3808,19743,146,112,19743,35442
"GGTATGGACTATGGTG-1","1",15,79,3806,19377,144,112,19377,35444
"TCATCTACGGCAGAAG-1","1",15,81,3805,19012,142,112,19012,35445
"AGGTGATTCCTTATAA-1","1",15,83,3803,18647,140,112,18647,35447
"TGCGTTATGGAGTCCA-1","1",15,85,3801,18282,138,112,18282,35449
"TGGACTGAATACAGCA-1","1",15,87,3800,17917,136,112,17917,35450
"GGATTCGTCCGACGGC-1","1",15,89,3798,17552,134,112,17552,35452
"ATGAGTTAGGAAGCAT-1","1",15,91,3796,17187,132,112,17187,35454
"CAGCCACCAGTTGAAT-1","1",15,93,3794,16821,130,112,16821,35456
"CAGTCTAGTAGGAGCT-1","1",15,95,3793,16456,128,112,16456,35457
"GTATCGGTCCGTTAAC-1","1",15,97,3791,16091,126,112,16091,35459
"TATTCCATCCTGGCTA-1","1",15,99,3789,15726,124,112,15726,35461
"CATTGCGTTGAGGCGG-1","1",15,101,3788,15361,122,112,15361,35462
"CCATGAACAGCAATTC-1","1",15,103,3786,14996,120,112,14996,35464
"TCTTGCAGATCTTCAA-1","1",15,105,3784,14630,118,112,14630,35466
"AACCGTGCGAATTGTA-1","1",15,107,3782,14265,116,112,14265,35468
"AGACTCCACGGTAGTG-1","1",15,109,3781,13900,114,112,13900,35469
"ATACTGGCTCTGACCT-1","1",15,111,3779,13535,112,112,13535,35471
"TCTTACGAGGTTCTAA-1","1",15,113,3777,13170,110,112,13170,35473
"ATAGAACGAAGAGGTT-1","1",15,115,3776,12805,108,112,12805,35474
"CAATGGTCCTGGCCGG-1","1",15,117,3774,12439,106,112,12439,35476
"TGTCGCGTCTGATAGA-1","1",15,119,3772,12074,104,112,12074,35478
"ACAGAACACTGGCGCC-1","1",15,121,3770,11709,102,112,11709,35480
"GACCTGTACGACATAA-1","1",15,123,3769,11344,100,112,11344,35481
"GTCAACGCCAGTGGAG-1","1",15,125,3767,10979,98,112,10979,35483
"CGGCATTCTGTCGCCG-1","1",15,127,3765,10614,96,112,10614,35485
"AGCAGGCCTGTCGATG-1","1",15,129,3764,10248,94,112,10248,35486
"GAATCACGCCGTACCT-1","1",15,131,3762,9883,92,112,9883,35488
"ATCATTGGATCGTCTT-1","1",15,133,3760,9518,90,112,9518,35490
"CTATTCACATGGTTGT-1","0",15,135,3758,9153,88,112,9153,35492
"CACGGCCGACAGCAGA-1","0",15,137,3757,8788,86,112,8788,35493
"TGGTTGTAACATTGGC-1","0",15,139,3755,8423,84,112,8423,35495
"ATTAACGCAAGATCAG-1","0",15,141,3753,8057,82,112,8057,35497
"TCATCTTGGTCCAACC-1","0",15,143,3752,7692,80,112,7692,35498
"ATTCCGGTTCGCTGGA-1","0",15,145,3750,7327,78,112,7327,35500
"CCTCACATCAATACGT-1","0",15,147,3748,6962,76,112,6962,35502
"ACCGTAATTGGCGGTC-1","0",15,149,3746,6597,74,112,6597,35504
"CACGCCTTAGGCCTGA-1","0",15,151,3745,6232,72,112,6232,35505
"ATTGTTGGCCGGATCC-1","0",15,153,3743,5866,70,112,5866,35507
"GGCATAGGTCGGTACT-1","0",15,155,3741,5501,68,112,5501,35509
"CTTGGATTGATCCTAC-1","0",15,157,3740,5136,66,112,5136,35510
"ATGTAGCATTACCGCT-1","0",15,159,3738,4771,64,112,4771,35512
"AGTGCGGAATTCGAGC-1","0",15,161,3736,4406,62,112,4406,35514
"TAACTTGTGAACCGAA-1","0",15,163,3734,4041,60,112,4041,35516
"ATGTATAGTAGCAACT-1","0",15,165,3733,3675,58,112,3675,35517
"AGCTGTTGTCCTGATC-1","0",15,167,3731,3310,56,112,3310,35519
"TGCGCACCATTATCAC-1","0",15,169,3729,2945,54,112,2945,35521
"ATCTGGAATATTGTGC-1","0",15,171,3728,2580,52,112,2580,35522
"CTAGTTGTGCTGGCGT-1","0",15,173,3726,2215,50,112,2215,35524
"GTCACTAGGCATGGTG-1","0",15,175,3724,1850,48,112,1850,35526
"GTACTTAGACCTCCTG-1","0",15,177,3722,1484,46,112,1484,35528
"CCACCGACTATCGCAT-1","0",15,179,3721,1119,44,112,1119,35529
"AATACTCAGCGAGCTT-1","0",15,181,3719,754,42,112,754,35531
"AGGACGCCTGCGCTAC-1","0",15,183,3717,389,40,112,389,35533
"CCTGCGGCACCACGAA-1","0",15,185,3716,24,38,112,24,35534
"CTTGAGATAGATCCTC-1","0",15,187,3714,-341,36,112,-341,35536
"TATCCTCGTCCACGCA-1","0",15,189,3712,-707,34,112,-707,35538
"CTGTGAATAGGCCGGC-1","0",15,191,3710,-1072,32,112,-1072,35540
"GCAATCGTTACAGTCA-1","0",15,193,3709,-1437,30,112,-1437,35541
"GCCTTCGATTGTCGGA-1","0",15,195,3707,-1802,28,112,-1802,35543
"AGTGCTAAGACCGCTT-1","0",15,197,3705,-2167,26,112,-2167,35545
"TGATTCTGAGGCGATA-1","0",15,199,3704,-2532,24,112,-2532,35546
"TGTCAGCGTAACGTTC-1","0",15,201,3702,-2898,22,112,-2898,35548
"CAAGTAGCGGAAGTCG-1","0",15,203,3700,-3263,20,112,-3263,35550
"GCCGGCGTTATGTCCG-1","0",15,205,3698,-3628,18,112,-3628,35552
"GCCAGTCAGCAACGCA-1","0",15,207,3697,-3993,16,112,-3993,35553
"CTCGGAGGACTCGTAG-1","0",15,209,3695,-4358,14,112,-4358,35555
"GAGCTGGAATCAGCAA-1","0",15,211,3693,-4723,12,112,-4723,35557
"TGCAGATTACCTATGC-1","0",15,213,3692,-5089,10,112,-5089,35558
"CTGGTGATTGACTCCG-1","0",15,215,3690,-5454,8,112,-5454,35560
"TGCTTAGAAGCAGTAG-1","0",15,217,3688,-5819,6,112,-5819,35562
"CCTCGGAATACCGCGA-1","0",15,219,3686,-6184,4,112,-6184,35564
"AGGTGACAGAGTGCGG-1","0",15,221,3685,-6549,2,112,-6549,35565
"GTAAGTAACGAGATAG-1","0",15,223,3683,-6914,0,112,-6914,35567
"GAGGTAGATGAGCCAT-1","0",16,0,4192,33800,223,111,33800,35058
"GATCGTGGATTCAAGA-1","0",16,2,4190,33435,221,111,33435,35060
"TCAGTCCGTTGCGGCT-1","0",16,4,4188,33070,219,111,33070,35062
"GGCAGCTGTTGCCTGA-1","0",16,6,4187,32705,217,111,32705,35063
"CTGCTACGTAGCACCG-1","0",16,8,4185,32339,215,111,32339,35065
"ACAGCGGCACGCGGTA-1","0",16,10,4183,31974,213,111,31974,35067
"ATTGCCGTGGAGCAGG-1","0",16,12,4181,31609,211,111,31609,35069
"CAGAACAATAAGGTCT-1","0",16,14,4180,31244,209,111,31244,35070
"GTCAGTGAATGTACTC-1","0",16,16,4178,30879,207,111,30879,35072
"TCTGGTAGGAACCAAG-1","0",16,18,4176,30514,205,111,30514,35074
"GATCCGGTAGGAGTGA-1","0",16,20,4175,30148,203,111,30148,35075
"AGGATAGCGGACTATT-1","0",16,22,4173,29783,201,111,29783,35077
"CTCGCCAAGATTATTG-1","0",16,24,4171,29418,199,111,29418,35079
"TCTATTACAACTTCGT-1","0",16,26,4169,29053,197,111,29053,35081
"CTTGTCTGGTCATAGA-1","0",16,28,4168,28688,195,111,28688,35082
"CGAGGAGTTCGCAACT-1","0",16,30,4166,28323,193,111,28323,35084
"GGCGTTGGAATGTCCG-1","1",16,32,4164,27957,191,111,27957,35086
"CTGGAAGAGTTGGTAA-1","1",16,34,4163,27592,189,111,27592,35087
"CCTGAATACTATTCGT-1","1",16,36,4161,27227,187,111,27227,35089
"GTATTAGGATTCTAAG-1","1",16,38,4159,26862,185,111,26862,35091
"AGTGAGCCGCCTGCGG-1","1",16,40,4157,26497,183,111,26497,35093
"ATTACATTGTATCACC-1","1",16,42,4156,26132,181,111,26132,35094
"TACACTTAAGGTGGAT-1","1",16,44,4154,25766,179,111,25766,35096
"ACCGATGTAATTAAGG-1","1",16,46,4152,25401,177,111,25401,35098
"GAACGCTTAGCGTGAG-1","1",16,48,4151,25036,175,111,25036,35099
"GACGCATTGCAATCTG-1","1",16,50,4149,24671,173,111,24671,35101
"CAATGGTTGTATGTGA-1","1",16,52,4147,24306,171,111,24306,35103
"TGTATGGATAGGCTCG-1","1",16,54,4145,23941,169,111,23941,35105
"TGCGGATCTGACTGCG-1","1",16,56,4144,23575,167,111,23575,35106
"GCTCCTGTGCCAGCGA-1","1",16,58,4142,23210,165,111,23210,35108
"CACGGCAGCGCACGAG-1","1",16,60,4140,22845,163,111,22845,35110
"TGGCATGTATTCTTAC-1","1",16,62,4139,22480,161,111,22480,35111
"TACTCCGCCAGCGAAT-1","1",16,64,4137,22115,159,111,22115,35113
"CTAATTCAAGCAGAAC-1","1",16,66,4135,21750,157,111,21750,35115
"GCTCCGGCACCAACTC-1","1",16,68,4134,21384,155,111,21384,35116
"TCATCCACAAGCGTCT-1","1",16,70,4132,21019,153,111,21019,35118
"GTGACCAGCGCTTATT-1","1",16,72,4130,20654,151,111,20654,35120
"GTCTAGTTGAGGCAGA-1","1",16,74,4128,20289,149,111,20289,35122
"AACCATAGTGAGTTGC-1","1",16,76,4127,19924,147,111,19924,35123
"GTCACTTATCGGCGTA-1","1",16,78,4125,19559,145,111,19559,35125
"GCAGGCCAATGTGCTG-1","1",16,80,4123,19193,143,111,19193,35127
"GTTCCAATGTGCTAAC-1","1",16,82,4122,18828,141,111,18828,35128
"TGTAGGATAATCGCTG-1","1",16,84,4120,18463,139,111,18463,35130
"ACCAATAATTACAGAT-1","1",16,86,4118,18098,137,111,18098,35132
"AAGGATGAATGTCTAA-1","1",16,88,4116,17733,135,111,17733,35134
"CACCTACCTGCGTATT-1","1",16,90,4115,17368,133,111,17368,35135
"GTGCTCCTAAGGTTCT-1","1",16,92,4113,17002,131,111,17002,35137
"TACGCAATAGGAGTTG-1","1",16,94,4111,16637,129,111,16637,35139
"TCAGTCATAGATCCAC-1","1",16,96,4110,16272,127,111,16272,35140
"GACAACGACCATACCT-1","1",16,98,4108,15907,125,111,15907,35142
"TAGGTCTGAACGTTCC-1","1",16,100,4106,15542,123,111,15542,35144
"GGAACACCGTATACAG-1","1",16,102,4104,15177,121,111,15177,35146
"TAATTAGCGGACTTGG-1","1",16,104,4103,14811,119,111,14811,35147
"TCCAACGGTACGATAC-1","1",16,106,4101,14446,117,111,14446,35149
"CAAGCTTCCATACATT-1","1",16,108,4099,14081,115,111,14081,35151
"CAACCGATCGCATAGA-1","1",16,110,4098,13716,113,111,13716,35152
"AGCATTGTCGAATAGA-1","1",16,112,4096,13351,111,111,13351,35154
"TACACCATGAGGCCAA-1","1",16,114,4094,12986,109,111,12986,35156
"CTGCGACAGATTGTCA-1","1",16,116,4092,12620,107,111,12620,35158
"CAAGTGAGCTCGCCAT-1","1",16,118,4091,12255,105,111,12255,35159
"AGCTGTCATGTATGGT-1","1",16,120,4089,11890,103,111,11890,35161
"AAGGTCATCCAATAGA-1","1",16,122,4087,11525,101,111,11525,35163
"GCGAAGACTACCTCTT-1","1",16,124,4086,11160,99,111,11160,35164
"ATGACCAGACAACTTA-1","1",16,126,4084,10795,97,111,10795,35166
"CAGCTGCAACATACTC-1","1",16,128,4082,10429,95,111,10429,35168
"GTAACACTATTAGTAC-1","1",16,130,4080,10064,93,111,10064,35170
"TGGTACTCTTCGCTCG-1","1",16,132,4079,9699,91,111,9699,35171
"CTGGCCTTACTCTGGA-1","1",16,134,4077,9334,89,111,9334,35173
"GCTCGCGGAAGGCACC-1","0",16,136,4075,8969,87,111,8969,35175
"ATTGGCTAGTCAGAGC-1","1",16,138,4074,8604,85,111,8604,35176
"ACGCAACGCTGCCGGT-1","0",16,140,4072,8238,83,111,8238,35178
"ACAAGTTATCAATCAT-1","0",16,142,4070,7873,81,111,7873,35180
"TACCATCTAATCGGCA-1","0",16,144,4068,7508,79,111,7508,35182
"CTATCCGTGGCTTAGA-1","0",16,146,4067,7143,77,111,7143,35183
"ACCATAACTTGCTTCG-1","0",16,148,4065,6778,75,111,6778,35185
"TGATGGTGTAGAACAT-1","0",16,150,4063,6413,73,111,6413,35187
"ATGTACTTACTGACGC-1","0",16,152,4062,6047,71,111,6047,35188
"TACAGCCTAACCTCCA-1","0",16,154,4060,5682,69,111,5682,35190
"ACGAGTATACGGTGCT-1","0",16,156,4058,5317,67,111,5317,35192
"CTTATTAATGTCTGGC-1","0",16,158,4056,4952,65,111,4952,35194
"CCTTCAGGTCCGTTAG-1","0",16,160,4055,4587,63,111,4587,35195
"GCAAGCTCCATACAAG-1","0",16,162,4053,4222,61,111,4222,35197
"AGCACTAACTTAGACA-1","0",16,164,4051,3856,59,111,3856,35199
"CAATGACTAGCAATCT-1","0",16,166,4050,3491,57,111,3491,35200
"TAGGCGCTGTCGACTA-1","0",16,168,4048,3126,55,111,3126,35202
"AAGATAACTTGGAGCC-1","0",16,170,4046,2761,53,111,2761,35204
"GACAACTAGGCAGCAA-1","0",16,172,4044,2396,51,111,2396,35206
"TGCTTAGACCAACTGG-1","0",16,174,4043,2031,49,111,2031,35207
"CTCCGGATTAGGCTGT-1","0",16,176,4041,1665,47,111,1665,35209
"CCAGTGGTAACACGAC-1","0",16,178,4039,1300,45,111,1300,35211
"AAGGTGGAAGCCACGC-1","0",16,180,4038,935,43,111,935,35212
"AAGGCGCTCAGCGTCT-1","0",16,182,4036,570,41,111,570,35214
"TGGTAATTAGTTCAAC-1","0",16,184,4034,205,39,111,205,35216
"GTATGCACCTTCACGG-1","0",16,186,4032,-160,37,111,-160,35218
"GCCTCCACGGTGCAGG-1","0",16,188,4031,-526,35,111,-526,35219
"GATGGATTCAAGTTCG-1","0",16,190,4029,-891,33,111,-891,35221
"ATGAGCTCGTATCGCC-1","0",16,192,4027,-1256,31,111,-1256,35223
"TAACTCCGCAGTGGCC-1","0",16,194,4026,-1621,29,111,-1621,35224
"TGTCAAGCGTCTATTG-1","0",16,196,4024,-1986,27,111,-1986,35226
"TACAGCTCTTATGATC-1","0",16,198,4022,-2351,25,111,-2351,35228
"CAGAGGCTGGTATGCC-1","0",16,200,4020,-2717,23,111,-2717,35230
"TCATGCCGTAATTCTT-1","0",16,202,4019,-3082,21,111,-3082,35231
"AAGTACTCGCGAATTA-1","0",16,204,4017,-3447,19,111,-3447,35233
"ATTACTGACTGCTAGT-1","0",16,206,4015,-3812,17,111,-3812,35235
"CGCCTTACCTAACTCA-1","0",16,208,4014,-4177,15,111,-4177,35236
"TAGCTCGCACGCGGTC-1","0",16,210,4012,-4542,13,111,-4542,35238
"TAACTGTCGTTGGTTC-1","0",16,212,4010,-4908,11,111,-4908,35240
"AACACTCGTTGTGACG-1","0",16,214,4008,-5273,9,111,-5273,35242
"GTTATCTGCTCAGACG-1","0",16,216,4007,-5638,7,111,-5638,35243
"GAGTAGGTTGACATAA-1","0",16,218,4005,-6003,5,111,-6003,35245
"TCCAATGTTAGGAGAT-1","0",16,220,4003,-6368,3,111,-6368,35247
"AGGTACTCGGAGACGT-1","0",16,222,4002,-6733,1,111,-6733,35248
"TCAGGAGCCGTCCATA-1","0",17,1,4505,33616,222,110,33616,34745
"ATAGGCTACTGATTAC-1","0",17,3,4503,33251,220,110,33251,34747
"GGTTGACATACACTGC-1","0",17,5,4502,32886,218,110,32886,34748
"AGGATCTTGACAAGTT-1","0",17,7,4500,32521,216,110,32521,34750
"CATATCCGTTACTCAT-1","0",17,9,4498,32155,214,110,32155,34752
"TGTTGCCGGAATGATC-1","0",17,11,4496,31790,212,110,31790,34754
"CATCTGAATTAAGCTC-1","0",17,13,4495,31425,210,110,31425,34755
"GGCCACTAACTGGATA-1","0",17,15,4493,31060,208,110,31060,34757
"TCCTCACGACCGTCCT-1","0",17,17,4491,30695,206,110,30695,34759
"AGTCGAGGACCTTACA-1","0",17,19,4490,30330,204,110,30330,34760
"CTCCGGTTGACGAATG-1","0",17,21,4488,29964,202,110,29964,34762
"CTATTACAAGTGATAG-1","0",17,23,4486,29599,200,110,29599,34764
"AGATAGGTTCCGTGTC-1","0",17,25,4484,29234,198,110,29234,34766
"CCTGCCGAGCAAGAAT-1","0",17,27,4483,28869,196,110,28869,34767
"TGTCTGCCTCGTTAAG-1","0",17,29,4481,28504,194,110,28504,34769
"GTCGCAACTAATCGTA-1","1",17,31,4479,28139,192,110,28139,34771
"CGATGAAGATGGAGCG-1","1",17,33,4478,27773,190,110,27773,34772
"CGAGATCAGTCTAGCG-1","1",17,35,4476,27408,188,110,27408,34774
"ATACAGGTCAGCACGC-1","1",17,37,4474,27043,186,110,27043,34776
"TCACCATTATAGTCCG-1","1",17,39,4472,26678,184,110,26678,34778
"GAAGGTTCGGCCTCGA-1","1",17,41,4471,26313,182,110,26313,34779
"GAGCTTAAGGCTGCAG-1","1",17,43,4469,25948,180,110,25948,34781
"GCCGCTGTATAGCACG-1","1",17,45,4467,25582,178,110,25582,34783
"AGCTGTCTACTTCCAG-1","1",17,47,4466,25217,176,110,25217,34784
"CTGCCGATAATGGATT-1","1",17,49,4464,24852,174,110,24852,34786
"TAATTAGGTGCAGAGC-1","1",17,51,4462,24487,172,110,24487,34788
"CCGACCGGAGAATCCG-1","1",17,53,4460,24122,170,110,24122,34790
"GTCTTCGACGTCAAGA-1","1",17,55,4459,23757,168,110,23757,34791
"TCGTCACGATCGAGTT-1","1",17,57,4457,23391,166,110,23391,34793
"ATTCCAATGAGGTTCG-1","1",17,59,4455,23026,164,110,23026,34795
"TGTAGGTGTCATGTTC-1","1",17,61,4454,22661,162,110,22661,34796
"GTGAGGTTCTACATAA-1","1",17,63,4452,22296,160,110,22296,34798
"ATAAGAGCACCGAGCA-1","1",17,65,4450,21931,158,110,21931,34800
"TATTCCTTCGGCTGAG-1","1",17,67,4448,21566,156,110,21566,34802
"TGTCAATACATACTGG-1","1",17,69,4447,21200,154,110,21200,34803
"CCGGCGAATACATGGT-1","1",17,71,4445,20835,152,110,20835,34805
"GGTTCTATTCGCTGAA-1","1",17,73,4443,20470,150,110,20470,34807
"TAGACATGCCGAAGGC-1","1",17,75,4442,20105,148,110,20105,34808
"CCGCGTCTAGCTCAAT-1","1",17,77,4440,19740,146,110,19740,34810
"ACTGACGGCAGATCCG-1","1",17,79,4438,19375,144,110,19375,34812
"CTCGTTACATCGCCGA-1","1",17,81,4436,19009,142,110,19009,34814
"CACGTAGCGGTTACAT-1","1",17,83,4435,18644,140,110,18644,34815
"GTCTGATTCGATTGCC-1","1",17,85,4433,18279,138,110,18279,34817
"AACTCACGCATCGCCA-1","1",17,87,4431,17914,136,110,17914,34819
"GCAACATCTACAGGTG-1","1",17,89,4430,17549,134,110,17549,34820
"GTAGTCCGCTACCACG-1","1",17,91,4428,17184,132,110,17184,34822
"ACCAACTCGGTTCTGG-1","1",17,93,4426,16818,130,110,16818,34824
"TCTAGCGATCCTAAGA-1","1",17,95,4424,16453,128,110,16453,34826
"CGGAGTCTTATGGAGC-1","1",17,97,4423,16088,126,110,16088,34827
"GGCGCAGGCATCAAGC-1","1",17,99,4421,15723,124,110,15723,34829
"GAGTTGTAGATAGGAA-1","1",17,101,4419,15358,122,110,15358,34831
"AAGCAATTACAATTGT-1","1",17,103,4418,14993,120,110,14993,34832
"TAGGTACATGGATATG-1","1",17,105,4416,14627,118,110,14627,34834
"GTTGACTACGTTAACC-1","1",17,107,4414,14262,116,110,14262,34836
"CTCGATTGCTTGAGGA-1","1",17,109,4412,13897,114,110,13897,34838
"AAGGAGAACACTGATG-1","1",17,111,4411,13532,112,110,13532,34839
"TGCTGTGATTGTCAGT-1","1",17,113,4409,13167,110,110,13167,34841
"ATAGAAGTCCGCCATG-1","1",17,115,4407,12802,108,110,12802,34843
"GTTATGTTCTAGTGTT-1","1",17,117,4406,12436,106,110,12436,34844
"GTGACCAATGGACATA-1","1",17,119,4404,12071,104,110,12071,34846
"GTTCATGGTGCTTGAA-1","1",17,121,4402,11706,102,110,11706,34848
"TACTAGGTAGATGCGT-1","1",17,123,4400,11341,100,110,11341,34850
"CTATTAGTCGGCCAAG-1","1",17,125,4399,10976,98,110,10976,34851
"ACATCGCTTCTAGGAT-1","1",17,127,4397,10611,96,110,10611,34853
"CAGCGAGCGTGAGCCG-1","1",17,129,4395,10245,94,110,10245,34855
"TCAGGATGCATTCAAG-1","1",17,131,4394,9880,92,110,9880,34856
"GTGCACTGTCTTATAG-1","1",17,133,4392,9515,90,110,9515,34858
"TCAAGGTAATCAACCG-1","1",17,135,4390,9150,88,110,9150,34860
"GGTTGATAGACAGACG-1","0",17,137,4388,8785,86,110,8785,34862
"GGTCGCTCCGACCTGT-1","0",17,139,4387,8420,84,110,8420,34863
"AACCAACTTATTACCT-1","0",17,141,4385,8054,82,110,8054,34865
"GTGAACTCCAAGGTCT-1","0",17,143,4383,7689,80,110,7689,34867
"TCAGTCCACGTGGCAT-1","0",17,145,4382,7324,78,110,7324,34868
"GGATAGGCTCCTGCTA-1","0",17,147,4380,6959,76,110,6959,34870
"AGACCGTACTAAGCCG-1","0",17,149,4378,6594,74,110,6594,34872
"GTGAACTTCGATACCG-1","0",17,151,4376,6229,72,110,6229,34874
"CGCTGCGGTATGGCGG-1","0",17,153,4375,5863,70,110,5863,34875
"TGTTACGCAGAAGGCC-1","0",17,155,4373,5498,68,110,5498,34877
"AAGCAGTGGTCCTACA-1","0",17,157,4371,5133,66,110,5133,34879
"ATCGTCTTCGTGTCTT-1","0",17,159,4370,4768,64,110,4768,34880
"ACCTCATCTGCAGGCA-1","0",17,161,4368,4403,62,110,4403,34882
"GCTTCTCCGTGAGCTG-1","0",17,163,4366,4038,60,110,4038,34884
"TCACTCGTACGGTCGA-1","0",17,165,4364,3672,58,110,3672,34886
"CGCACGAGCCTTCGGC-1","0",17,167,4363,3307,56,110,3307,34887
"ATGAGCTCGGAGGCCG-1","0",17,169,4361,2942,54,110,2942,34889
"ACGAGGACGTCGCATT-1","0",17,171,4359,2577,52,110,2577,34891
"GAGGATACCATCAAGA-1","0",17,173,4358,2212,50,110,2212,34892
"GTTCCGTAGGAAGCTC-1","0",17,175,4356,1847,48,110,1847,34894
"GCGACAATTGTCTTAG-1","0",17,177,4354,1481,46,110,1481,34896
"ACGAGGACGAAGACAT-1","0",17,179,4352,1116,44,110,1116,34898
"CATCAGGTAGGTGAAC-1","0",17,181,4351,751,42,110,751,34899
"GCCTGTCGGCACCTTC-1","0",17,183,4349,386,40,110,386,34901
"TGCTACTCCTCGCAAC-1","0",17,185,4347,21,38,110,21,34903
"GCCGTAACCTAAGGAA-1","0",17,187,4346,-344,36,110,-344,34904
"CTATCGGAAGTTACGC-1","0",17,189,4344,-710,34,110,-710,34906
"TACTCCTGTAGATCCG-1","0",17,191,4342,-1075,32,110,-1075,34908
"AACTATAATCAGTTCA-1","0",17,193,4340,-1440,30,110,-1440,34910
"CGCTGACCACTAATTC-1","0",17,195,4339,-1805,28,110,-1805,34911
"TATTAAGTCGGTTGGC-1","0",17,197,4337,-2170,26,110,-2170,34913
"ATCTTGTCATCTACGC-1","0",17,199,4335,-2535,24,110,-2535,34915
"TGTTCCAACCGTCGTT-1","0",17,201,4334,-2901,22,110,-2901,34916
"GGTAACTCTAGATCCT-1","0",17,203,4332,-3266,20,110,-3266,34918
"ACGGCTTGTTATACGT-1","0",17,205,4330,-3631,18,110,-3631,34920
"CTCACCAGGAACCATG-1","0",17,207,4328,-3996,16,110,-3996,34922
"GTCGAGACTTGTGGCG-1","0",17,209,4327,-4361,14,110,-4361,34923
"ATGTCACGCTATCTAT-1","0",17,211,4325,-4726,12,110,-4726,34925
"CATCGCTCTGTCCGTT-1","0",17,213,4323,-5092,10,110,-5092,34927
"ATAGTTACCAGAGTCG-1","0",17,215,4322,-5457,8,110,-5457,34928
"TGCTATGATCCGTTCG-1","0",17,217,4320,-5822,6,110,-5822,34930
"CGGTCTTGTACTCGAT-1","0",17,219,4318,-6187,4,110,-6187,34932
"ATACAGTAGGCGTTGT-1","0",17,221,4316,-6552,2,110,-6552,34934
"GGCGTGAAGCAAGTTC-1","0",17,223,4315,-6917,0,110,-6917,34935
"CCAGCGCTGTCCAATT-1","0",18,0,4823,33797,223,109,33797,34427
"AAGCGATTATACCTGC-1","0",18,2,4822,33432,221,109,33432,34428
"TCTGATAACGGACCTC-1","0",18,4,4820,33067,219,109,33067,34430
"TACTCCTTGGAGGTCC-1","0",18,6,4818,32702,217,109,32702,34432
"AACTGCGTCTCGTAAT-1","0",18,8,4817,32336,215,109,32336,34433
"CCACGTATGGCTCATG-1","0",18,10,4815,31971,213,109,31971,34435
"GACCTGAATATCCTGG-1","0",18,12,4813,31606,211,109,31606,34437
"TCTAACTTCGACATGC-1","0",18,14,4812,31241,209,109,31241,34438
"CTAATGCTTGATCTGT-1","0",18,16,4810,30876,207,109,30876,34440
"TAGCTAATCCGGCAGT-1","0",18,18,4808,30511,205,109,30511,34442
"AGGCATAACCGCGGTG-1","0",18,20,4806,30145,203,109,30145,34444
"CTAATTACTACGATCT-1","0",18,22,4805,29780,201,109,29780,34445
"TGTAACGTATTGAGGC-1","0",18,24,4803,29415,199,109,29415,34447
"GGTAGCAAGGTGTCAC-1","0",18,26,4801,29050,197,109,29050,34449
"AGGCCTGTATCCACGC-1","0",18,28,4800,28685,195,109,28685,34450
"AGCTCAGACACTGGTA-1","1",18,30,4798,28320,193,109,28320,34452
"TCGAATAATGTTGGAC-1","1",18,32,4796,27954,191,109,27954,34454
"GCTTATACAGTAGGTG-1","1",18,34,4794,27589,189,109,27589,34456
"CTCCTTACGGTATGAA-1","1",18,36,4793,27224,187,109,27224,34457
"GGCGCAGGTTCCTTAC-1","1",18,38,4791,26859,185,109,26859,34459
"CCACGTCGTGACGCGA-1","1",18,40,4789,26494,183,109,26494,34461
"AGGTGCAGAATTCAGA-1","1",18,42,4788,26129,181,109,26129,34462
"AAGGACAAGCAGTGTA-1","1",18,44,4786,25763,179,109,25763,34464
"GTACTTAGCCACGCTT-1","1",18,46,4784,25398,177,109,25398,34466
"AGATAACTCAGACTTC-1","1",18,48,4782,25033,175,109,25033,34468
"GACTAGATCGCCGTCT-1","1",18,50,4781,24668,173,109,24668,34469
"ACGTCAGGTACCAGAT-1","1",18,52,4779,24303,171,109,24303,34471
"AGGTTCCATAGTTAGC-1","1",18,54,4777,23938,169,109,23938,34473
"AACGCTCGTGGTCGAC-1","1",18,56,4776,23572,167,109,23572,34474
"TCTAGGTTGTTACATT-1","1",18,58,4774,23207,165,109,23207,34476
"CCGGAGGTTACGATGC-1","1",18,60,4772,22842,163,109,22842,34478
"TGAGGCCACTGCCATG-1","1",18,62,4770,22477,161,109,22477,34480
"ACAAGTTAGGCACGTA-1","1",18,64,4769,22112,159,109,22112,34481
"CGGCAATGTCGCTTCA-1","1",18,66,4767,21747,157,109,21747,34483
"AGTATTCTGTATAGTT-1","1",18,68,4765,21381,155,109,21381,34485
"TCTGGTCCTTATCATG-1","1",18,70,4764,21016,153,109,21016,34486
"TACAACGAGCTCGGCA-1","1",18,72,4762,20651,151,109,20651,34488
"AGACTCCGGCCGCTAT-1","1",18,74,4760,20286,149,109,20286,34490
"CTGACTATCTCGAACA-1","1",18,76,4758,19921,147,109,19921,34492
"CAGTCTCAGAGCCTGA-1","1",18,78,4757,19556,145,109,19556,34493
"TCAAGGACGGTAATCA-1","1",18,80,4755,19190,143,109,19190,34495
"TGTTCACTTCACATAA-1","1",18,82,4753,18825,141,109,18825,34497
"ATTCAGCCGTAACACG-1","1",18,84,4752,18460,139,109,18460,34498
"TCGGTGGAACTTATCG-1","1",18,86,4750,18095,137,109,18095,34500
"CGGTTAGGCGTACGAA-1","1",18,88,4748,17730,135,109,17730,34502
"CCTCACCGGCCGAGTG-1","1",18,90,4746,17365,133,109,17365,34504
"CAGCCAGCACAGGACA-1","1",18,92,4745,16999,131,109,16999,34505
"TGAAGACAATGACTGG-1","1",18,94,4743,16634,129,109,16634,34507
"TCTAGCAGCCATTCGC-1","1",18,96,4741,16269,127,109,16269,34509
"TGGACGCATAAGCGCT-1","1",18,98,4740,15904,125,109,15904,34510
"GCGTAAGTCTGTCTCA-1","1",18,100,4738,15539,123,109,15539,34512
"ACCATTAGGCTAAGTA-1","1",18,102,4736,15174,121,109,15174,34514
"GTTATGATTCGGAAGG-1","1",18,104,4734,14808,119,109,14808,34516
"TCGCGAGTGAAGGTCC-1","1",18,106,4733,14443,117,109,14443,34517
"CGACGCTCGCGAACGC-1","1",18,108,4731,14078,115,109,14078,34519
"GTGCATAACCATACCT-1","1",18,110,4729,13713,113,109,13713,34521
"CTCGTTGCGGTTCGGT-1","1",18,112,4728,13348,111,109,13348,34522
"TGAGGCAGAACCGTCG-1","1",18,114,4726,12983,109,109,12983,34524
"GTTAATGGCGAGGTAT-1","1",18,116,4724,12617,107,109,12617,34526
"TCTATCCAGATCTGGC-1","1",18,118,4722,12252,105,109,12252,34528
"CGAATACATATTCTGA-1","1",18,120,4721,11887,103,109,11887,34529
"CTCCGCTGGCCAGCAC-1","1",18,122,4719,11522,101,109,11522,34531
"CCTTCGAGTTACGAGG-1","1",18,124,4717,11157,99,109,11157,34533
"ACCACGTCCTGGCGGA-1","1",18,126,4716,10792,97,109,10792,34534
"GTGAACCTACGTATAG-1","1",18,128,4714,10426,95,109,10426,34536
"CAGTAGCCGTACCGCC-1","1",18,130,4712,10061,93,109,10061,34538
"AGAAGGCGGTGCCGCT-1","1",18,132,4710,9696,91,109,9696,34540
"TAAGGAGTACTCCACC-1","1",18,134,4709,9331,89,109,9331,34541
"GTAATAGTGCCGATCG-1","1",18,136,4707,8966,87,109,8966,34543
"ACTGACCTAGTTACTA-1","0",18,138,4705,8601,85,109,8601,34545
"TAGTTCAAGCCTCGTA-1","1",18,140,4704,8235,83,109,8235,34546
"ATGTCGATCTTGGTCC-1","0",18,142,4702,7870,81,109,7870,34548
"GGTACGATCGCTCGGA-1","0",18,144,4700,7505,79,109,7505,34550
"AAGGCGTGGAAGCGAC-1","0",18,146,4698,7140,77,109,7140,34552
"TACGGAGTTCGATCAT-1","0",18,148,4697,6775,75,109,6775,34553
"ATCCGGTGCGTCGAGC-1","0",18,150,4695,6410,73,109,6410,34555
"AGTGTACCAGATGTCA-1","0",18,152,4693,6044,71,109,6044,34557
"GTGGATTACTGATTCA-1","0",18,154,4692,5679,69,109,5679,34558
"CCGGTTACGGAGACCG-1","0",18,156,4690,5314,67,109,5314,34560
"AACCAACTTCTGTATT-1","0",18,158,4688,4949,65,109,4949,34562
"TGGTACTTATCGAACC-1","0",18,160,4686,4584,63,109,4584,34564
"GTATGGACTAGTCGTA-1","0",18,162,4685,4219,61,109,4219,34565
"CGTGTTGGACCGGCTC-1","0",18,164,4683,3853,59,109,3853,34567
"TCATGGACGAGTCTGT-1","0",18,166,4681,3488,57,109,3488,34569
"TGTCGCACAAGACACC-1","0",18,168,4680,3123,55,109,3123,34570
"ATCTTGATCATATGTC-1","0",18,170,4678,2758,53,109,2758,34572
"GACCTACGGTACTGGA-1","0",18,172,4676,2393,51,109,2393,34574
"GAGGATCGTGGACAGC-1","0",18,174,4674,2028,49,109,2028,34576
"GCGGCAATCTATGAAC-1","0",18,176,4673,1662,47,109,1662,34577
"TGTCAATAAGACGTCA-1","0",18,178,4671,1297,45,109,1297,34579
"AAGCGAAGCCGCACGT-1","0",18,180,4669,932,43,109,932,34581
"CCGCTCAGTCGATGAC-1","0",18,182,4668,567,41,109,567,34582
"GGACAGCGTAGACCGT-1","0",18,184,4666,202,39,109,202,34584
"CGGACCATGTAGTCAA-1","0",18,186,4664,-163,37,109,-163,34586
"TAAGACTCCTAGCGCT-1","0",18,188,4662,-529,35,109,-529,34588
"GTATCATACGCAAGTA-1","0",18,190,4661,-894,33,109,-894,34589
"TCATAGCTTATCAGAT-1","0",18,192,4659,-1259,31,109,-1259,34591
"AATACTCGGTCGATGC-1","0",18,194,4657,-1624,29,109,-1624,34593
"TGGAGTGAATTATGAA-1","0",18,196,4656,-1989,27,109,-1989,34594
"TCCAGTTGAGTCTGAG-1","0",18,198,4654,-2354,25,109,-2354,34596
"CGCCAGAACCTCATTG-1","0",18,200,4652,-2720,23,109,-2720,34598
"GCAGGACGCAACGCTC-1","0",18,202,4650,-3085,21,109,-3085,34600
"CCAGGTTATGCTTAGA-1","0",18,204,4649,-3450,19,109,-3450,34601
"TCTGTTCAGTGAACCT-1","0",18,206,4647,-3815,17,109,-3815,34603
"GGAGGTCCATTGCCTG-1","0",18,208,4645,-4180,15,109,-4180,34605
"GACCGAGGACGAAGGA-1","0",18,210,4644,-4545,13,109,-4545,34606
"ACCAACGCGGTTAACT-1","0",18,212,4642,-4911,11,109,-4911,34608
"GTGCGTCAACTTAAGA-1","0",18,214,4640,-5276,9,109,-5276,34610
"TAACTCGTTCGAACGC-1","0",18,216,4638,-5641,7,109,-5641,34612
"CCAGATAAGTCGTGTC-1","0",18,218,4637,-6006,5,109,-6006,34613
"GTATGATCATAATCTG-1","0",18,220,4635,-6371,3,109,-6371,34615
"TATTCGCAGTGAACCG-1","0",18,222,4633,-6736,1,109,-6736,34617
"ATGTTAACGTTAGAAC-1","0",19,1,5137,33613,222,108,33613,34113
"ACATCATAGAGCACAG-1","0",19,3,5135,33248,220,108,33248,34115
"GGTCTGCGTCCGCACC-1","0",19,5,5133,32883,218,108,32883,34117
"CGAGCGGTTGCAGCGA-1","0",19,7,5132,32518,216,108,32518,34118
"AATGAGCCTGACAATT-1","0",19,9,5130,32152,214,108,32152,34120
"ATAGTTCTGCGAGGAA-1","0",19,11,5128,31787,212,108,31787,34122
"TCGCGGTAACTCGTTG-1","0",19,13,5126,31422,210,108,31422,34124
"TAGCAGTGCCGACCAT-1","0",19,15,5125,31057,208,108,31057,34125
"TAACCTTGAGCACGGC-1","0",19,17,5123,30692,206,108,30692,34127
"TCGGAGGCTGATTATC-1","0",19,19,5121,30327,204,108,30327,34129
"CAGCTGCGATGTATTA-1","0",19,21,5120,29961,202,108,29961,34130
"CAGCCAAGGTTGAACC-1","0",19,23,5118,29596,200,108,29596,34132
"ATAACGAACGAGGCAC-1","0",19,25,5116,29231,198,108,29231,34134
"AGTGTAGATCAGAAGT-1","0",19,27,5114,28866,196,108,28866,34136
"CTGATTGCACCTCCTT-1","0",19,29,5113,28501,194,108,28501,34137
"CAACAGTTGATTATGC-1","1",19,31,5111,28136,192,108,28136,34139
"GTCATGCGAGCGACAT-1","1",19,33,5109,27770,190,108,27770,34141
"TGCCTACGGATCGATA-1","1",19,35,5108,27405,188,108,27405,34142
"ACAGCCAGGTAGACCG-1","1",19,37,5106,27040,186,108,27040,34144
"AACCTTCTGCCTACTG-1","1",19,39,5104,26675,184,108,26675,34146
"CACCGAGTAGATGACT-1","1",19,41,5102,26310,182,108,26310,34148
"GATAAGACCATCGTCA-1","1",19,43,5101,25945,180,108,25945,34149
"ATGTAGCCAGCAATGT-1","1",19,45,5099,25579,178,108,25579,34151
"GCCGCTATGGATGAAT-1","1",19,47,5097,25214,176,108,25214,34153
"TATGCTAAGCTCGGCG-1","1",19,49,5096,24849,174,108,24849,34154
"GCGTAGCAATCGGTCC-1","1",19,51,5094,24484,172,108,24484,34156
"CTTCACGAAGCGATAA-1","1",19,53,5092,24119,170,108,24119,34158
"CGACCACGGTCTCCGG-1","1",19,55,5090,23754,168,108,23754,34160
"CTATTCCGGCTCAGGT-1","1",19,57,5089,23388,166,108,23388,34161
"CTATGTGCAGGTTGTC-1","1",19,59,5087,23023,164,108,23023,34163
"GACTGATATTGTGACG-1","1",19,61,5085,22658,162,108,22658,34165
"CGTGTTGCATCCTCAC-1","1",19,63,5084,22293,160,108,22293,34166
"CAGCGAGCCGTGCAGG-1","1",19,65,5082,21928,158,108,21928,34168
"TATGGAAGATGCATGT-1","1",19,67,5080,21563,156,108,21563,34170
"TACATACGGCAACGAG-1","1",19,69,5078,21197,154,108,21197,34172
"GTCGCACGCAGAAGTG-1","1",19,71,5077,20832,152,108,20832,34173
"TATTGATTCGGTGAAC-1","1",19,73,5075,20467,150,108,20467,34175
"TCACCGGTGGTTCGGT-1","1",19,75,5073,20102,148,108,20102,34177
"AAGATGACATGTTGCG-1","1",19,77,5072,19737,146,108,19737,34178
"TCGCTTACTAAGTACA-1","1",19,79,5070,19372,144,108,19372,34180
"AGCTCATAGAGCTCGT-1","1",19,81,5068,19006,142,108,19006,34182
"CGGCGTTGTCTTGTTA-1","1",19,83,5066,18641,140,108,18641,34184
"CGGTGGCATAGGTTCC-1","1",19,85,5065,18276,138,108,18276,34185
"TCAGTTACAATAAGTT-1","1",19,87,5063,17911,136,108,17911,34187
"CTCGAATAGTTCCTTG-1","1",19,89,5061,17546,134,108,17546,34189
"TGTCAACCTACGCATA-1","1",19,91,5060,17181,132,108,17181,34190
"GTGGTAGTGAATGGCA-1","1",19,93,5058,16815,130,108,16815,34192
"AGTATTGCAATGTTCT-1","1",19,95,5056,16450,128,108,16450,34194
"CGACTGCCAGACGCAG-1","1",19,97,5054,16085,126,108,16085,34196
"TATGCGAGTATCCTTC-1","1",19,99,5053,15720,124,108,15720,34197
"CACCGACTCGCTCCTT-1","1",19,101,5051,15355,122,108,15355,34199
"TACCTATTGGCCGAGC-1","1",19,103,5049,14990,120,108,14990,34201
"AATACGTCGCTCAAGA-1","1",19,105,5048,14624,118,108,14624,34202
"CGAGTCGAGCAGCTAG-1","1",19,107,5046,14259,116,108,14259,34204
"GGACGTACGTGCTACG-1","1",19,109,5044,13894,114,108,13894,34206
"GCGGTATTGACAGAAT-1","1",19,111,5042,13529,112,108,13529,34208
"GTGACAGGCCTTATTG-1","1",19,113,5041,13164,110,108,13164,34209
"TAGAGTTGATGGTGCG-1","1",19,115,5039,12799,108,108,12799,34211
"TCTGGTCATATCAGAT-1","1",19,117,5037,12433,106,108,12433,34213
"TCTTGCTAGGTTCCTG-1","1",19,119,5036,12068,104,108,12068,34214
"GTGCACGCCGACAACG-1","1",19,121,5034,11703,102,108,11703,34216
"CGCTTACAGACTGAAC-1","1",19,123,5032,11338,100,108,11338,34218
"ATCTTAGATTCTTGAT-1","1",19,125,5030,10973,98,108,10973,34220
"ATGACCGTAGAAGTGC-1","1",19,127,5029,10608,96,108,10608,34221
"GTTCTAACCATTACGA-1","1",19,129,5027,10242,94,108,10242,34223
"ATACTGGCTCATGTGA-1","1",19,131,5025,9877,92,108,9877,34225
"ATCGTCTTGGCCACGC-1","1",19,133,5024,9512,90,108,9512,34226
"GCATAATGGATCTACC-1","1",19,135,5022,9147,88,108,9147,34228
"TCCGTAGTTGGTCGAA-1","1",19,137,5020,8782,86,108,8782,34230
"AGTGTAAGCTACAGGT-1","0",19,139,5018,8417,84,108,8417,34232
"ACAATGACGTACCATA-1","0",19,141,5017,8051,82,108,8051,34233
"GAAGCGAATGCATTGC-1","0",19,143,5015,7686,80,108,7686,34235
"TGTCAAGTTGAGATTG-1","0",19,145,5013,7321,78,108,7321,34237
"CTCGTTAACTTATGGA-1","0",19,147,5012,6956,76,108,6956,34238
"TAACGCAGGACGATAC-1","0",19,149,5010,6591,74,108,6591,34240
"AATACGATTCACGGCG-1","0",19,151,5008,6226,72,108,6226,34242
"TCACTAACCGCATGCT-1","0",19,153,5006,5860,70,108,5860,34244
"GTGCACGTCTGACATA-1","0",19,155,5005,5495,68,108,5495,34245
"AATACTAACCTGTATG-1","0",19,157,5003,5130,66,108,5130,34247
"TGCCACAACCGCAGGT-1","0",19,159,5001,4765,64,108,4765,34249
"ATGTTCTTGGTACTAT-1","0",19,161,5000,4400,62,108,4400,34250
"CAGACGTCCGCAGCCA-1","0",19,163,4998,4035,60,108,4035,34252
"GGCTTGCCGCACTCTG-1","0",19,165,4996,3669,58,108,3669,34254
"TACAAGGTGCGACCGT-1","0",19,167,4994,3304,56,108,3304,34256
"AAGACTTGTCGGTCCT-1","0",19,169,4993,2939,54,108,2939,34257
"TCACTAACGCAGCGGA-1","0",19,171,4991,2574,52,108,2574,34259
"GTTAATGCCGCAGGCG-1","0",19,173,4989,2209,50,108,2209,34261
"TCTACAACCTCCACTG-1","0",19,175,4988,1844,48,108,1844,34262
"GGCAGGTTAGCGTGGA-1","0",19,177,4986,1478,46,108,1478,34264
"AGGTTCTGCGTCGATT-1","0",19,179,4984,1113,44,108,1113,34266
"ATTGATAACAGGATAG-1","0",19,181,4982,748,42,108,748,34268
"CCTACGGCGTATCCTC-1","0",19,183,4981,383,40,108,383,34269
"TCTTAGGACATGTTAA-1","0",19,185,4979,18,38,108,18,34271
"CGGTTATGAATATTCT-1","0",19,187,4977,-347,36,108,-347,34273
"GTTGAACCAATTAGTC-1","0",19,189,4976,-713,34,108,-713,34274
"CCGGAGAACACCGGAG-1","0",19,191,4974,-1078,32,108,-1078,34276
"GAAGGTGATCGGAGAT-1","0",19,193,4972,-1443,30,108,-1443,34278
"TCGATATCTGTACGAA-1","0",19,195,4970,-1808,28,108,-1808,34280
"GACAATAGTGCTATCC-1","0",19,197,4969,-2173,26,108,-2173,34281
"GGATAATGCTTCGATA-1","0",19,199,4967,-2538,24,108,-2538,34283
"TGGAACGACAGTATGC-1","0",19,201,4965,-2904,22,108,-2904,34285
"AGCTCGCCTTCTTGGT-1","0",19,203,4964,-3269,20,108,-3269,34286
"CAAGTATCGTCCGTAT-1","0",19,205,4962,-3634,18,108,-3634,34288
"ATTGGCTACAGTGAGG-1","0",19,207,4960,-3999,16,108,-3999,34290
"GTCTTACACCTACTAA-1","0",19,209,4958,-4364,14,108,-4364,34292
"ACTCCTTGGCTAACTA-1","0",19,211,4957,-4729,12,108,-4729,34293
"TGCATAACTCCGCTTC-1","0",19,213,4955,-5095,10,108,-5095,34295
"ATTCACGCTATTCATA-1","0",19,215,4953,-5460,8,108,-5460,34297
"GCGTAGCAGTTAGAAT-1","0",19,217,4952,-5825,6,108,-5825,34298
"ACGCAACGCAACGTGC-1","0",19,219,4950,-6190,4,108,-6190,34300
"CGATGACCTGGACGGC-1","0",19,221,4948,-6555,2,108,-6555,34302
"ATGTTCGCAATATTAA-1","0",19,223,4947,-6920,0,108,-6920,34303
"TGCCACGGATACTTAT-1","0",20,0,5455,33794,223,107,33794,33795
"ACAGGTACTCGATAGC-1","0",20,2,5454,33429,221,107,33429,33796
"GAGCGGCTGCGACTAG-1","0",20,4,5452,33064,219,107,33064,33798
"CTAGGATGGTGCTCTG-1","0",20,6,5450,32699,217,107,32699,33800
"TGTCAATCGCATGGCG-1","0",20,8,5448,32333,215,107,32333,33802
"ATCCTCCACGTCGATG-1","0",20,10,5447,31968,213,107,31968,33803
"GAGCCAAGTATGACGG-1","0",20,12,5445,31603,211,107,31603,33805
"GATAGTGCATAGCCAT-1","0",20,14,5443,31238,209,107,31238,33807
"AGACCGTCATGCTGTC-1","0",20,16,5442,30873,207,107,30873,33808
"GTATACGACTTAGTCA-1","0",20,18,5440,30508,205,107,30508,33810
"GTGCGAATCCGATTCG-1","0",20,20,5438,30142,203,107,30142,33812
"CGCTATTGGCGGACGT-1","0",20,22,5436,29777,201,107,29777,33814
"CATCAGAATTGTAGTC-1","0",20,24,5435,29412,199,107,29412,33815
"AGACGCTCCAGCGATT-1","0",20,26,5433,29047,197,107,29047,33817
"TAAGAACGTGAGTGCT-1","0",20,28,5431,28682,195,107,28682,33819
"GCCACTTGGCGATCCG-1","0",20,30,5430,28317,193,107,28317,33820
"ATTCACATTCGCGGAC-1","1",20,32,5428,27951,191,107,27951,33822
"CAGTCTGCAGCTTACA-1","1",20,34,5426,27586,189,107,27586,33824
"TAGTATCATTAAGGTG-1","1",20,36,5424,27221,187,107,27221,33826
"ACTGTCGCTAGTTACG-1","1",20,38,5423,26856,185,107,26856,33827
"GCTTGGTGGACCGCCA-1","1",20,40,5421,26491,183,107,26491,33829
"ATCTGAACAGCTAGTA-1","1",20,42,5419,26126,181,107,26126,33831
"TAACAGGTCAGTATTG-1","1",20,44,5418,25760,179,107,25760,33832
"CTACCTCAAGTTCCAC-1","1",20,46,5416,25395,177,107,25395,33834
"AGTGCGAATTGTCGAC-1","1",20,48,5414,25030,175,107,25030,33836
"AAGACTGAAGCTTGTT-1","1",20,50,5412,24665,173,107,24665,33838
"ACAACCATACCTCGAA-1","1",20,52,5411,24300,171,107,24300,33839
"GTATACTGCCAACTCA-1","1",20,54,5409,23935,169,107,23935,33841
"GGCCGCCTTATGCAGC-1","1",20,56,5407,23569,167,107,23569,33843
"TAGGCGCATTCCGTCA-1","1",20,58,5406,23204,165,107,23204,33844
"CGAGGAAGTTAACCAG-1","1",20,60,5404,22839,163,107,22839,33846
"ATTCCATTGTAATGTA-1","1",20,62,5402,22474,161,107,22474,33848
"TCCGGAGGATGTCCTA-1","1",20,64,5400,22109,159,107,22109,33850
"TGAATTCAGGAAGTAG-1","1",20,66,5399,21744,157,107,21744,33851
"TCCGGCCTCGATCTAT-1","1",20,68,5397,21378,155,107,21378,33853
"CCATAGTGAACACTCA-1","1",20,70,5395,21013,153,107,21013,33855
"GCTTCGATCTATCATG-1","1",20,72,5394,20648,151,107,20648,33856
"ATCTGGTGTACAATCG-1","1",20,74,5392,20283,149,107,20283,33858
"GCTAACCGCACGATCT-1","1",20,76,5390,19918,147,107,19918,33860
"GCCTTAACCATCAGAT-1","1",20,78,5388,19553,145,107,19553,33862
"CTATTCTGCACCAACG-1","1",20,80,5387,19187,143,107,19187,33863
"GACAAGTGCGTTGTGC-1","1",20,82,5385,18822,141,107,18822,33865
"TACTGGCAAGCGTATC-1","1",20,84,5383,18457,139,107,18457,33867
"TGGCTCATCGTCTTGG-1","1",20,86,5382,18092,137,107,18092,33868
"ATCTGGATCCATGCTT-1","1",20,88,5380,17727,135,107,17727,33870
"CCATACATAATGAATG-1","1",20,90,5378,17362,133,107,17362,33872
"TGGAGTCGGCTGTACT-1","1",20,92,5376,16996,131,107,16996,33874
"ACTCTGAACTCGCTCG-1","1",20,94,5375,16631,129,107,16631,33875
"CGGTGGAGGCAATGTC-1","1",20,96,5373,16266,127,107,16266,33877
"CTCACGGACTAGCCAA-1","1",20,98,5371,15901,125,107,15901,33879
"CGGTCCGGCTCCTGTA-1","1",20,100,5370,15536,123,107,15536,33880
"CTCGCCGATATGGTTA-1","1",20,102,5368,15171,121,107,15171,33882
"TCAGTGTTCCACAGCA-1","1",20,104,5366,14806,119,107,14806,33884
"GTAACACTACAAGAGT-1","1",20,106,5364,14440,117,107,14440,33886
"GGTGATACAGCATGAT-1","1",20,108,5363,14075,115,107,14075,33887
"CGCTCGGCGTTGCAGG-1","1",20,110,5361,13710,113,107,13710,33889
"AATGAACTTATCAGTC-1","1",20,112,5359,13345,111,107,13345,33891
"CCTACCAAGATGAGGA-1","1",20,114,5358,12980,109,107,12980,33892
"CAGATATGCGGCTATG-1","1",20,116,5356,12615,107,107,12615,33894
"ATGCATTAGCGTATCT-1","1",20,118,5354,12249,105,107,12249,33896
"TCTGGTCTCAATTGAT-1","1",20,120,5352,11884,103,107,11884,33898
"GTACCTTCCTGCATCA-1","1",20,122,5351,11519,101,107,11519,33899
"ACCTGGTCACGCAACG-1","1",20,124,5349,11154,99,107,11154,33901
"TACCATTATCAACTTC-1","1",20,126,5347,10789,97,107,10789,33903
"ACAACGAGTGAATTAT-1","1",20,128,5346,10424,95,107,10424,33904
"CACTGACTGGCGTACC-1","1",20,130,5344,10058,93,107,10058,33906
"CCGTATCTCGAAGGTG-1","1",20,132,5342,9693,91,107,9693,33908
"GGTTCTGGTTGTATTG-1","1",20,134,5340,9328,89,107,9328,33910
"ATGAGCCACTGGTGGA-1","1",20,136,5339,8963,87,107,8963,33911
"TCCAGTACTAGACCAG-1","1",20,138,5337,8598,85,107,8598,33913
"GTCAACAGACTGAGTG-1","0",20,140,5335,8233,83,107,8233,33915
"AACAGGAGATGTAACG-1","0",20,142,5334,7867,81,107,7867,33916
"GGCGCTCATCAAGCAC-1","0",20,144,5332,7502,79,107,7502,33918
"TGGACTGTGATTGATT-1","0",20,146,5330,7137,77,107,7137,33920
"ACAGGCTGAATATCGA-1","0",20,148,5328,6772,75,107,6772,33922
"CGCCGGTCGATCGTGG-1","0",20,150,5327,6407,73,107,6407,33923
"GAAGCGTTGTGCACTC-1","0",20,152,5325,6042,71,107,6042,33925
"CTTGGAGCCATTAACA-1","0",20,154,5323,5676,69,107,5676,33927
"TGTCTGGACATATGAA-1","0",20,156,5322,5311,67,107,5311,33928
"TGAACTGCTCCTTGCC-1","0",20,158,5320,4946,65,107,4946,33930
"CGAGCGCAATAATGAC-1","0",20,160,5318,4581,63,107,4581,33932
"CCGGCATCACATACAA-1","0",20,162,5316,4216,61,107,4216,33934
"CTAGCAATTGTCGAGT-1","0",20,164,5315,3851,59,107,3851,33935
"CGAGGACAATAGGATA-1","0",20,166,5313,3485,57,107,3485,33937
"AGGACGTCCTGATACC-1","0",20,168,5311,3120,55,107,3120,33939
"TAGACAGTCGGTCAGC-1","0",20,170,5310,2755,53,107,2755,33940
"ATTGACCTATAACTAC-1","0",20,172,5308,2390,51,107,2390,33942
"CCGTGATGACCTATCA-1","0",20,174,5306,2025,49,107,2025,33944
"TGCATTCCTCTGGTCT-1","0",20,176,5304,1660,47,107,1660,33946
"GGCGCACTTCAACACC-1","0",20,178,5303,1294,45,107,1294,33947
"GGCGCCTAGTCTACGG-1","0",20,180,5301,929,43,107,929,33949
"GTAACATCTATCAGAT-1","0",20,182,5299,564,41,107,564,33951
"CGTCACGGCGGTCATA-1","0",20,184,5298,199,39,107,199,33952
"CAGATAAGATGCTGGA-1","0",20,186,5296,-166,37,107,-166,33954
"ACAGAATGCGCAGGTG-1","0",20,188,5294,-531,35,107,-531,33956
"TAATTGTCACCACGAA-1","0",20,190,5292,-897,33,107,-897,33958
"CTTAGCTAGCCGGTTC-1","0",20,192,5291,-1262,31,107,-1262,33959
"ATCAGATAGTTAAGTT-1","0",20,194,5289,-1627,29,107,-1627,33961
"GGAGATCCGTACCGGC-1","0",20,196,5287,-1992,27,107,-1992,33963
"TATCGTCATAATGCAG-1","0",20,198,5286,-2357,25,107,-2357,33964
"GACAACATTAAGGCTT-1","0",20,200,5284,-2722,23,107,-2722,33966
"GCACTCATTGTTCCGT-1","0",20,202,5282,-3088,21,107,-3088,33968
"GATTCCAACCTTGTTC-1","0",20,204,5280,-3453,19,107,-3453,33970
"AATCTGGACGATGCGT-1","0",20,206,5279,-3818,17,107,-3818,33971
"GTATTATGCAACATGG-1","0",20,208,5277,-4183,15,107,-4183,33973
"TCCACGGAACATCACG-1","0",20,210,5275,-4548,13,107,-4548,33975
"GGCCTCCGTGCGCATG-1","0",20,212,5274,-4913,11,107,-4913,33976
"GAATACAGCTACATTA-1","0",20,214,5272,-5279,9,107,-5279,33978
"CCAGACAGTGACTTGT-1","0",20,216,5270,-5644,7,107,-5644,33980
"CGGAGGCGTACAGCTC-1","0",20,218,5268,-6009,5,107,-6009,33982
"ATTGCATGATCGAGCC-1","0",20,220,5267,-6374,3,107,-6374,33983
"GAGGCCATACCTAAGT-1","0",20,222,5265,-6739,1,107,-6739,33985
"CGTTGGTAACCACGAC-1","0",21,1,5768,33610,222,106,33610,33482
"ATACGCGGTACGCTGT-1","0",21,3,5767,33245,220,106,33245,33483
"TAGACATACCAAGTAA-1","0",21,5,5765,32880,218,106,32880,33485
"CCTGTCCTCAGAGTCC-1","0",21,7,5763,32515,216,106,32515,33487
"GAGTGCTCGGTGCGTT-1","0",21,9,5762,32149,214,106,32149,33488
"TCGATCAAGGTTGTCT-1","0",21,11,5760,31784,212,106,31784,33490
"CGCACTGGAACGAGAC-1","0",21,13,5758,31419,210,106,31419,33492
"TAGATGCTCCGCGACA-1","0",21,15,5756,31054,208,106,31054,33494
"ACAGGACACGCAGCAC-1","0",21,17,5755,30689,206,106,30689,33495
"CTGCATGATCATCTTG-1","0",21,19,5753,30324,204,106,30324,33497
"AATTATAGTACTCAAG-1","0",21,21,5751,29958,202,106,29958,33499
"TCCGAACAATCGTTCA-1","0",21,23,5750,29593,200,106,29593,33500
"CAGCCGCAGAGTGAAG-1","0",21,25,5748,29228,198,106,29228,33502
"AACAGTGATGTACATC-1","0",21,27,5746,28863,196,106,28863,33504
"TACGACGTGCTGGTAT-1","0",21,29,5744,28498,194,106,28498,33506
"ATAGCTAGATCGCTCG-1","0",21,31,5743,28133,192,106,28133,33507
"CCACTGTACCTCGAGC-1","1",21,33,5741,27767,190,106,27767,33509
"TACGTTACAACCAAGT-1","1",21,35,5739,27402,188,106,27402,33511
"GGCAATCGTCACATGG-1","1",21,37,5738,27037,186,106,27037,33512
"CTGTATGTACAGCATG-1","1",21,39,5736,26672,184,106,26672,33514
"ATTCCTGTAGACTCGC-1","1",21,41,5734,26307,182,106,26307,33516
"ATTAGACACCAGTCCA-1","1",21,43,5732,25942,180,106,25942,33518
"TGGAAGGATTATGTGA-1","1",21,45,5731,25576,178,106,25576,33519
"CTCCATACAAGCATTC-1","1",21,47,5729,25211,176,106,25211,33521
"GCAGATTCGCCATATG-1","1",21,49,5727,24846,174,106,24846,33523
"TCAGTGACATAGGAGC-1","1",21,51,5726,24481,172,106,24481,33524
"CTGTACCTTCATGCAG-1","1",21,53,5724,24116,170,106,24116,33526
"GGTTAATCGTAGACCA-1","1",21,55,5722,23751,168,106,23751,33528
"ATGCTGGCGGAGGCTC-1","1",21,57,5720,23385,166,106,23385,33530
"AGGTTACAGTACAGCT-1","1",21,59,5719,23020,164,106,23020,33531
"GTCGAGTAAGGATGCA-1","1",21,61,5717,22655,162,106,22655,33533
"GAATCCGAGCGATTAG-1","1",21,63,5715,22290,160,106,22290,33535
"ATCCGTGGTACAAGTC-1","1",21,65,5714,21925,158,106,21925,33536
"CGGTATCTGTGCAACC-1","1",21,67,5712,21560,156,106,21560,33538
"GTGACCTAATAGACGT-1","1",21,69,5710,21194,154,106,21194,33540
"TCGTAACCTACCACAA-1","1",21,71,5708,20829,152,106,20829,33542
"ATGTATGGACCATAAG-1","1",21,73,5707,20464,150,106,20464,33543
"TATGTCCAGGAACGGC-1","1",21,75,5705,20099,148,106,20099,33545
"GTCATCCAGCGGCTAA-1","1",21,77,5703,19734,146,106,19734,33547
"GAACTACCGCCTGAGG-1","1",21,79,5702,19369,144,106,19369,33548
"AGTCGTCTGTTGAGAT-1","1",21,81,5700,19003,142,106,19003,33550
"GTGGAGCTCGGAGTGC-1","1",21,83,5698,18638,140,106,18638,33552
"AACAGGATGCTGGCAT-1","1",21,85,5696,18273,138,106,18273,33554
"GGCGGATTATGCTGCG-1","1",21,87,5695,17908,136,106,17908,33555
"CTTAGTAACTTGTCGA-1","1",21,89,5693,17543,134,106,17543,33557
"ACGTTAATGTCTATTG-1","1",21,91,5691,17178,132,106,17178,33559
"GGTTGCGTCAGATATG-1","1",21,93,5690,16812,130,106,16812,33560
"TAACAGTTCTACAGGT-1","1",21,95,5688,16447,128,106,16447,33562
"ATACGGCGAGCGTCCG-1","1",21,97,5686,16082,126,106,16082,33564
"GCCGTACAGTGGTAGA-1","1",21,99,5684,15717,124,106,15717,33566
"TAAGAAGTCGACATAA-1","1",21,101,5683,15352,122,106,15352,33567
"ATTAGACGTCGATACC-1","1",21,103,5681,14987,120,106,14987,33569
"TCACATCTCCGCACAT-1","1",21,105,5679,14621,118,106,14621,33571
"ACAAGTCTACAGGTCA-1","1",21,107,5678,14256,116,106,14256,33572
"ATCCGGCCTGGTATAG-1","1",21,109,5676,13891,114,106,13891,33574
"GGCAGCCGCTCGTCAC-1","1",21,111,5674,13526,112,106,13526,33576
"AATTCTGGTACCGCGG-1","1",21,113,5672,13161,110,106,13161,33578
"CTTCCGCTCCGCGTGG-1","1",21,115,5671,12796,108,106,12796,33579
"AACGTGGCCGACAATC-1","1",21,117,5669,12430,106,106,12430,33581
"ACTGCAACTTAATGGC-1","1",21,119,5667,12065,104,106,12065,33583
"TACGCCGGCAGATTAA-1","1",21,121,5666,11700,102,106,11700,33584
"CTCACCAGCAACGCAA-1","1",21,123,5664,11335,100,106,11335,33586
"ATCTCACTACCGCTGG-1","1",21,125,5662,10970,98,106,10970,33588
"GCAACATTGAGGTTGG-1","1",21,127,5660,10605,96,106,10605,33590
"CTGGCTGTTCTACTCC-1","1",21,129,5659,10239,94,106,10239,33591
"GCGTCGGCTGCCGACA-1","1",21,131,5657,9874,92,106,9874,33593
"TATTCGTCAAGTGAAT-1","1",21,133,5655,9509,90,106,9509,33595
"ATTCCGTCACCTACCA-1","1",21,135,5654,9144,88,106,9144,33596
"AATACTGGCGTACTAT-1","1",21,137,5652,8779,86,106,8779,33598
"CGGTTGCTTATGTCGT-1","0",21,139,5650,8414,84,106,8414,33600
"TGCGGATCGGAGACCT-1","0",21,141,5648,8048,82,106,8048,33602
"CTCATACCATTCCGGT-1","0",21,143,5647,7683,80,106,7683,33603
"TAATCTGGCTACAGTC-1","0",21,145,5645,7318,78,106,7318,33605
"TGAGACAGTATGGAAT-1","0",21,147,5643,6953,76,106,6953,33607
"AGTCAATGTCAATGCG-1","0",21,149,5642,6588,74,106,6588,33608
"ATCCACAAGAGGTTAA-1","0",21,151,5640,6223,72,106,6223,33610
"ACAGAACCTCCAGTTC-1","0",21,153,5638,5857,70,106,5857,33612
"GAACTCTGTAACGCGG-1","0",21,155,5636,5492,68,106,5492,33614
"TACGGAACGGAATAAC-1","0",21,157,5635,5127,66,106,5127,33615
"ATTGTCGCCGTGATGT-1","0",21,159,5633,4762,64,106,4762,33617
"ACCAACTCTAATTACC-1","0",21,161,5631,4397,62,106,4397,33619
"TGATTCACCAGTGGCT-1","0",21,163,5630,4032,60,106,4032,33620
"CTAAGGAGAATGTAGA-1","0",21,165,5628,3666,58,106,3666,33622
"GGACGGATTGTTCCTA-1","0",21,167,5626,3301,56,106,3301,33624
"CAGCATAATCACTCGA-1","0",21,169,5625,2936,54,106,2936,33625
"TACATAACCTTGAGTA-1","0",21,171,5623,2571,52,106,2571,33627
"CTGTTCCAATAGCCTC-1","0",21,173,5621,2206,50,106,2206,33629
"CCTTCATGACATTCAT-1","0",21,175,5619,1841,48,106,1841,33631
"ACCGATGGCTGCATAG-1","0",21,177,5618,1475,46,106,1475,33632
"TCCAGAGTACCTCATT-1","0",21,179,5616,1110,44,106,1110,33634
"ATTAGAAGTGAACGAA-1","0",21,181,5614,745,42,106,745,33636
"GTACCGCCTTATGAAG-1","0",21,183,5613,380,40,106,380,33637
"TCATAGTACTTCCGGC-1","0",21,185,5611,15,38,106,15,33639
"TGCTTAGATAGCCTAG-1","0",21,187,5609,-350,36,106,-350,33641
"AACGCTAACTCATATC-1","0",21,189,5607,-716,34,106,-716,33643
"CAGCTGGCGGCCTTCT-1","0",21,191,5606,-1081,32,106,-1081,33644
"GAGTCTCGTTGCCAGT-1","0",21,193,5604,-1446,30,106,-1446,33646
"GCTCGATAGCCAGTTG-1","0",21,195,5602,-1811,28,106,-1811,33648
"TACCGGCCGAGTCGCA-1","0",21,197,5601,-2176,26,106,-2176,33649
"GCACGACTACAACGCA-1","0",21,199,5599,-2541,24,106,-2541,33651
"GCTACCGTCCGAACGG-1","0",21,201,5597,-2907,22,106,-2907,33653
"AGCCATCGTATTACGG-1","0",21,203,5595,-3272,20,106,-3272,33655
"TCTATTGAAGTGAGTC-1","0",21,205,5594,-3637,18,106,-3637,33656
"ATGACATCCGGAGCTC-1","0",21,207,5592,-4002,16,106,-4002,33658
"GTGGTTGCTACGGTTA-1","0",21,209,5590,-4367,14,106,-4367,33660
"TCAGTCGATGTTCAGC-1","0",21,211,5589,-4732,12,106,-4732,33661
"CAATTGCTATGCACGC-1","0",21,213,5587,-5098,10,106,-5098,33663
"GTCCTTATGATAAGCG-1","0",21,215,5585,-5463,8,106,-5463,33665
"CCGTATCATTGGCCTT-1","0",21,217,5583,-5828,6,106,-5828,33667
"CAAGATAACACTAGCC-1","0",21,219,5582,-6193,4,106,-6193,33668
"ACGGTGCTGGAGACTA-1","0",21,221,5580,-6558,2,106,-6558,33670
"AAGATGAAGACCTCCA-1","0",21,223,5578,-6923,0,106,-6923,33672
"AGGTAGGCAGGTGAGC-1","0",22,0,6087,33791,223,105,33791,33163
"ATCGCAGTATGTATTA-1","0",22,2,6085,33426,221,105,33426,33165
"ATGCTTGGACTACACG-1","0",22,4,6084,33061,219,105,33061,33166
"TATTGAATCTCACGCC-1","0",22,6,6082,32696,217,105,32696,33168
"AATGAATGGAGCTGGT-1","0",22,8,6080,32331,215,105,32331,33170
"AGATAAGCTCTGCTCC-1","0",22,10,6078,31965,213,105,31965,33172
"ACGCCAACTGGATCTG-1","0",22,12,6077,31600,211,105,31600,33173
"CCGAGGTTACAGATGT-1","0",22,14,6075,31235,209,105,31235,33175
"TGCCGCTTGTCTCGGT-1","0",22,16,6073,30870,207,105,30870,33177
"AGCCGTGAGTTATCGG-1","0",22,18,6072,30505,205,105,30505,33178
"GTAGACAAGTGCCTGT-1","0",22,20,6070,30140,203,105,30140,33180
"TATTCGTCCTTAAGTA-1","0",22,22,6068,29774,201,105,29774,33182
"CGGTTGATTGACAAGG-1","0",22,24,6066,29409,199,105,29409,33184
"CCGCTCAAGGCCTAAG-1","0",22,26,6065,29044,197,105,29044,33185
"CTATCCACGTATCTTC-1","0",22,28,6063,28679,195,105,28679,33187
"ACAGGTTCACGTTCGT-1","0",22,30,6061,28314,193,105,28314,33189
"GGCGCTCAGCCATAGT-1","0",22,32,6060,27949,191,105,27949,33190
"GATGTAGTTGCTGGAG-1","1",22,34,6058,27583,189,105,27583,33192
"TCGCTAACTCTACCGA-1","1",22,36,6056,27218,187,105,27218,33194
"CGAGGAACGGAGCGGT-1","1",22,38,6054,26853,185,105,26853,33196
"GTAGCCACAAGCTTAG-1","1",22,40,6053,26488,183,105,26488,33197
"AGTGGCTTAAGGTGTC-1","1",22,42,6051,26123,181,105,26123,33199
"TAGTTCCGACCATTGG-1","1",22,44,6049,25758,179,105,25758,33201
"TAGCTCGCTTACATGG-1","1",22,46,6048,25392,177,105,25392,33202
"CCTTGTCCAACCTATC-1","1",22,48,6046,25027,175,105,25027,33204
"AGCCTCAGGAAGCATG-1","1",22,50,6044,24662,173,105,24662,33206
"AACCGTTGTAGAGCTC-1","1",22,52,6042,24297,171,105,24297,33208
"TATCCTCGAGATTCTT-1","1",22,54,6041,23932,169,105,23932,33209
"ACAGGACATGGAAGCC-1","1",22,56,6039,23567,167,105,23567,33211
"GTTCCTTAGAGTTAAT-1","1",22,58,6037,23201,165,105,23201,33213
"ACTAATAGGATGCCTG-1","1",22,60,6036,22836,163,105,22836,33214
"GCGGTTATGTGATTCT-1","1",22,62,6034,22471,161,105,22471,33216
"AGTGTCGTGGCGCCAC-1","1",22,64,6032,22106,159,105,22106,33218
"TAGACAATCACTCCTT-1","1",22,66,6030,21741,157,105,21741,33220
"GCATAGTGCCAAGACT-1","1",22,68,6029,21376,155,105,21376,33221
"TAGTGACCTGCAGACA-1","1",22,70,6027,21010,153,105,21010,33223
"GCAGTAATCTGCACGG-1","1",22,72,6025,20645,151,105,20645,33225
"TAGTATCCATTATGCC-1","1",22,74,6024,20280,149,105,20280,33226
"GCCTGGTCCGTGACAG-1","1",22,76,6022,19915,147,105,19915,33228
"CTCAATACATAGCGGT-1","1",22,78,6020,19550,145,105,19550,33230
"ATTCAGCTGACTGAGT-1","1",22,80,6018,19185,143,105,19185,33232
"ATCGATGAACTACGAC-1","1",22,82,6017,18819,141,105,18819,33233
"ACCGATCGTCAGACGC-1","1",22,84,6015,18454,139,105,18454,33235
"GATCACTCTGCGCTCA-1","1",22,86,6013,18089,137,105,18089,33237
"GAAGCTGCGTAACAAG-1","1",22,88,6012,17724,135,105,17724,33238
"CTAGCATCCATATTGG-1","1",22,90,6010,17359,133,105,17359,33240
"TATTCCTAGGTCCGAC-1","1",22,92,6008,16994,131,105,16994,33242
"CTGGAACACTACAGCT-1","1",22,94,6006,16628,129,105,16628,33244
"TCAAGGAGGCGTTACG-1","1",22,96,6005,16263,127,105,16263,33245
"CTCCGTGCGTATGCCA-1","1",22,98,6003,15898,125,105,15898,33247
"TACATATGAGAATAAC-1","1",22,100,6001,15533,123,105,15533,33249
"TCTATCCAATACAGCG-1","1",22,102,6000,15168,121,105,15168,33250
"GGTTCTTAGTGCGGTA-1","1",22,104,5998,14803,119,105,14803,33252
"ACAATCTAGGCGCACG-1","1",22,106,5996,14437,117,105,14437,33254
"ATCGCACCATAAGCCT-1","1",22,108,5994,14072,115,105,14072,33256
"CCATAGCGATCTCATC-1","1",22,110,5993,13707,113,105,13707,33257
"TAGCATGTGATACGTA-1","1",22,112,5991,13342,111,105,13342,33259
"CGACGGTATCACCGAA-1","1",22,114,5989,12977,109,105,12977,33261
"TATTCTCGTGGCCTTC-1","1",22,116,5988,12612,107,105,12612,33262
"AGCCTCGCTAGCTGCC-1","1",22,118,5986,12246,105,105,12246,33264
"CCGCGTGCGACGGAAG-1","1",22,120,5984,11881,103,105,11881,33266
"ATTATCTATCTGGCCA-1","1",22,122,5982,11516,101,105,11516,33268
"ACTGTAGCAGGACATA-1","1",22,124,5981,11151,99,105,11151,33269
"GCTGACAATATTCCTC-1","1",22,126,5979,10786,97,105,10786,33271
"TGGTACGGTGCCACAT-1","1",22,128,5977,10421,95,105,10421,33273
"CTCCAACTCACTTAAT-1","1",22,130,5976,10055,93,105,10055,33274
"TCGAATCGTCGGATTC-1","1",22,132,5974,9690,91,105,9690,33276
"TGGCTGAATTAAGTCG-1","1",22,134,5972,9325,89,105,9325,33278
"GCTGTTGATAACTTGT-1","1",22,136,5970,8960,87,105,8960,33280
"GATTGTACCTGTTCAA-1","0",22,138,5969,8595,85,105,8595,33281
"AGATGATTGATGACTC-1","0",22,140,5967,8230,83,105,8230,33283
"CACGCCACCGAGGCCT-1","0",22,142,5965,7864,81,105,7864,33285
"TACGTATGTTCATGAT-1","0",22,144,5964,7499,79,105,7499,33286
"CTGAATTGCTCAGAGG-1","0",22,146,5962,7134,77,105,7134,33288
"GATAAGTCGATACTAG-1","0",22,148,5960,6769,75,105,6769,33290
"GCTAACTGTAAGGTGA-1","0",22,150,5958,6404,73,105,6404,33292
"TGGTACTTATTGCCGT-1","0",22,152,5957,6039,71,105,6039,33293
"ACTGAGGCAGGACCAT-1","0",22,154,5955,5673,69,105,5673,33295
"TGTTCATTGTACTATT-1","0",22,156,5953,5308,67,105,5308,33297
"GGTTCTTAGGAGTACC-1","0",22,158,5952,4943,65,105,4943,33298
"TCCGCCAGGAGTAGCG-1","0",22,160,5950,4578,63,105,4578,33300
"GTACAGGATGTAATTA-1","0",22,162,5948,4213,61,105,4213,33302
"AGATGAATCTACTGTC-1","0",22,164,5946,3848,59,105,3848,33304
"GTATACGCGTATACCG-1","0",22,166,5945,3482,57,105,3482,33305
"GTGAACGGAGCTTAGA-1","0",22,168,5943,3117,55,105,3117,33307
"TATGACGAGTCTGCGA-1","0",22,170,5941,2752,53,105,2752,33309
"GTCTATGTTCGCGAGT-1","0",22,172,5940,2387,51,105,2387,33310
"GTGGTTACAAGCCTAC-1","0",22,174,5938,2022,49,105,2022,33312
"TGCCAACGATCGTCTT-1","0",22,176,5936,1657,47,105,1657,33314
"GGTTGCGTACCAGAAG-1","0",22,178,5934,1291,45,105,1291,33316
"GCTTCTTACAGCGACG-1","0",22,180,5933,926,43,105,926,33317
"AGCCTAAGTAGCACTG-1","0",22,182,5931,561,41,105,561,33319
"TGACGGCGCATGTCTG-1","0",22,184,5929,196,39,105,196,33321
"GACAGAATGGTGGAGC-1","0",22,186,5928,-169,37,105,-169,33322
"TGAATGCACTCAATGT-1","0",22,188,5926,-534,35,105,-534,33324
"GCCATACACGACCAAG-1","0",22,190,5924,-900,33,105,-900,33326
"GGTACCTATGTTCTCC-1","0",22,192,5922,-1265,31,105,-1265,33328
"CTTGCCTCGTAATTGC-1","0",22,194,5921,-1630,29,105,-1630,33329
"GAGGTGCGTAGTTCAC-1","0",22,196,5919,-1995,27,105,-1995,33331
"CGATGAAGATGTCCAT-1","0",22,198,5917,-2360,25,105,-2360,33333
"TAGAGTACTACGCTCG-1","0",22,200,5916,-2725,23,105,-2725,33334
"ACTCGTCCACTCAGGC-1","0",22,202,5914,-3091,21,105,-3091,33336
"ATTGCAGGATGTCTAC-1","0",22,204,5912,-3456,19,105,-3456,33338
"GCAGCCTTGGCGAGGT-1","0",22,206,5910,-3821,17,105,-3821,33340
"ACTTCTCGGCTCGGCC-1","0",22,208,5909,-4186,15,105,-4186,33341
"CAGGTTGTCTCATTAT-1","0",22,210,5907,-4551,13,105,-4551,33343
"GAAGCTGTATTGCTGG-1","0",22,212,5905,-4916,11,105,-4916,33345
"GCCGATGAGGTCTAGC-1","0",22,214,5904,-5282,9,105,-5282,33346
"TAACATAGTATGCTAT-1","0",22,216,5902,-5647,7,105,-5647,33348
"GACATCACGACACCTG-1","0",22,218,5900,-6012,5,105,-6012,33350
"GTCTCAAGTTCATTCA-1","0",22,220,5899,-6377,3,105,-6377,33351
"TAATCTGTGACTTGCT-1","0",22,222,5897,-6742,1,105,-6742,33353
"GGCTGAGTATCCATGA-1","0",23,1,6400,33607,222,104,33607,32850
"GAGTCTTGCGTTAATG-1","0",23,3,6398,33242,220,104,33242,32852
"TCACCTTACATTATGC-1","0",23,5,6397,32877,218,104,32877,32853
"CTATTCCGCCGTGAAT-1","0",23,7,6395,32512,216,104,32512,32855
"CGGCGACCTCAGCGAG-1","0",23,9,6393,32146,214,104,32146,32857
"AGGCAAGATACAGGCC-1","0",23,11,6392,31781,212,104,31781,32858
"CCTGGACTCGTCCTTA-1","0",23,13,6390,31416,210,104,31416,32860
"ATAGTGTCTGCATCGG-1","0",23,15,6388,31051,208,104,31051,32862
"TCTATTGGATAGAAGT-1","0",23,17,6386,30686,206,104,30686,32864
"ATTATCGAGTTGGTTC-1","0",23,19,6385,30321,204,104,30321,32865
"AGCGGTCCTCTTCACT-1","0",23,21,6383,29955,202,104,29955,32867
"AGACCGGTATCTTCAC-1","0",23,23,6381,29590,200,104,29590,32869
"GCAGCGACCTTGAAGA-1","0",23,25,6380,29225,198,104,29225,32870
"TCGTCATCACCATCTT-1","0",23,27,6378,28860,196,104,28860,32872
"GCGTTCCGGCGTTCTT-1","0",23,29,6376,28495,194,104,28495,32874
"GAACAAGGCTTCAGTA-1","0",23,31,6374,28130,192,104,28130,32876
"AGAACATACAACAGAT-1","0",23,33,6373,27764,190,104,27764,32877
"CTATCGTAGGAATATC-1","1",23,35,6371,27399,188,104,27399,32879
"GATAAGACTGGTTCGA-1","1",23,37,6369,27034,186,104,27034,32881
"TGATTCCAATTCAATA-1","1",23,39,6368,26669,184,104,26669,32882
"CTGGTGCGATTCGAAG-1","1",23,41,6366,26304,182,104,26304,32884
"AGGAGCCTCAGGTGAC-1","1",23,43,6364,25939,180,104,25939,32886
"CTCAAGCTGGCAGATG-1","1",23,45,6362,25573,178,104,25573,32888
"ACTCAGGCAGTGAGGA-1","1",23,47,6361,25208,176,104,25208,32889
"CACGGCTCATGCCAGT-1","1",23,49,6359,24843,174,104,24843,32891
"TGAGGAACGTAGGATT-1","1",23,51,6357,24478,172,104,24478,32893
"ATAGTTGGCGCTTCCT-1","1",23,53,6356,24113,170,104,24113,32894
"TCAGTGTTGACAGCTC-1","1",23,55,6354,23748,168,104,23748,32896
"GTCTCGCATGTATGCC-1","1",23,57,6352,23382,166,104,23382,32898
"ATTACCTTGCTCACAT-1","1",23,59,6350,23017,164,104,23017,32900
"CTCGACAGTATTAATA-1","1",23,61,6349,22652,162,104,22652,32901
"TGAACTCCTATCGGTG-1","1",23,63,6347,22287,160,104,22287,32903
"AATACTAATGTTGCAT-1","1",23,65,6345,21922,158,104,21922,32905
"CAATAGCAACAGCCTA-1","1",23,67,6344,21557,156,104,21557,32906
"GAGCTCAGTTCCGCGT-1","1",23,69,6342,21191,154,104,21191,32908
"TGGTCGCTGCCTAGAT-1","1",23,71,6340,20826,152,104,20826,32910
"GATGGACATGAAGTGG-1","1",23,73,6338,20461,150,104,20461,32912
"CTCGACGTGCTACGAA-1","1",23,75,6337,20096,148,104,20096,32913
"GCGTAAGTCTCCGGTA-1","1",23,77,6335,19731,146,104,19731,32915
"GCTTGAAGTCATAAGA-1","1",23,79,6333,19366,144,104,19366,32917
"GGAACTCGACCAATAA-1","1",23,81,6332,19000,142,104,19000,32918
"GAGGCGACCATGTTAG-1","1",23,83,6330,18635,140,104,18635,32920
"CCTAGACTCGAAGACC-1","1",23,85,6328,18270,138,104,18270,32922
"CTTGTAAGTGAAGAAC-1","1",23,87,6326,17905,136,104,17905,32924
"GTCAGTATCGATGAGT-1","1",23,89,6325,17540,134,104,17540,32925
"TGGCTGAATGCCAGGT-1","1",23,91,6323,17175,132,104,17175,32927
"TCGATCTACAACGTCC-1","1",23,93,6321,16809,130,104,16809,32929
"AGGACCAAGGATCGGT-1","1",23,95,6320,16444,128,104,16444,32930
"TATCTACCGTAAGCAC-1","1",23,97,6318,16079,126,104,16079,32932
"TCTACGCAGACCGGCA-1","1",23,99,6316,15714,124,104,15714,32934
"GGAATGCGCCTGGCGA-1","1",23,101,6314,15349,122,104,15349,32936
"ATGAACGTGCGTGATA-1","1",23,103,6313,14984,120,104,14984,32937
"CTATAATTCAACCTGT-1","1",23,105,6311,14618,118,104,14618,32939
"TCTAGCTCTTGGTTAA-1","1",23,107,6309,14253,116,104,14253,32941
"CGACATCTTGGTGATC-1","1",23,109,6308,13888,114,104,13888,32942
"TGGTGCGATAAGTTGT-1","1",23,111,6306,13523,112,104,13523,32944
"AACCAAGCATCTTGGA-1","1",23,113,6304,13158,110,104,13158,32946
"CGTTCCACTCAGGTAA-1","1",23,115,6302,12793,108,104,12793,32948
"TGGCTGAATCGACAGA-1","1",23,117,6301,12427,106,104,12427,32949
"GGTTACGTCCACGGCA-1","1",23,119,6299,12062,104,104,12062,32951
"TGTAGGTGATTGTTAG-1","1",23,121,6297,11697,102,104,11697,32953
"ATCTGGAACTGTCGCT-1","1",23,123,6296,11332,100,104,11332,32954
"TACGTAGCGGTGGCGA-1","1",23,125,6294,10967,98,104,10967,32956
"GCCACTGCGGCAGCGT-1","1",23,127,6292,10602,96,104,10602,32958
"CTACTGAGCGTTCATT-1","1",23,129,6291,10236,94,104,10236,32959
"AACGCTGGAACATGCA-1","1",23,131,6289,9871,92,104,9871,32961
"TGACCAGCACGGATCA-1","1",23,133,6287,9506,90,104,9506,32963
"CACTGTTAAGCGCAAT-1","1",23,135,6285,9141,88,104,9141,32965
"AGACTCCTGCCGTGTA-1","1",23,137,6284,8776,86,104,8776,32966
"CTCCTTATGTGCATCT-1","0",23,139,6282,8411,84,104,8411,32968
"ATTAGATCATTCGTCC-1","0",23,141,6280,8045,82,104,8045,32970
"TAGCGTCAGCCGAACT-1","0",23,143,6279,7680,80,104,7680,32971
"CGAGCGGTCAGCGTCA-1","0",23,145,6277,7315,78,104,7315,32973
"CCGGACTACGCCTTAA-1","0",23,147,6275,6950,76,104,6950,32975
"TCTTCGGTCATATGTC-1","0",23,149,6273,6585,74,104,6585,32977
"GTAACAGTTCAGGACG-1","0",23,151,6272,6220,72,104,6220,32978
"GTGGCGAGTGGCTCGC-1","0",23,153,6270,5854,70,104,5854,32980
"CCAAGCTATCAGATGG-1","0",23,155,6268,5489,68,104,5489,32982
"GCATTGACGATGACCA-1","0",23,157,6267,5124,66,104,5124,32983
"AAGCCAGCAATCGACC-1","0",23,159,6265,4759,64,104,4759,32985
"GGCGCCACGTTAGGAC-1","0",23,161,6263,4394,62,104,4394,32987
"CAACTGCCACGTAGGT-1","0",23,163,6261,4029,60,104,4029,32989
"TACGTACGACTGATCC-1","0",23,165,6260,3664,58,104,3664,32990
"CTACGATATCTGGTGC-1","0",23,167,6258,3298,56,104,3298,32992
"CTATCCTTAATTCGGA-1","0",23,169,6256,2933,54,104,2933,32994
"TGGATCCACGCCACAT-1","0",23,171,6255,2568,52,104,2568,32995
"TGGTAGGCTGAATGTA-1","0",23,173,6253,2203,50,104,2203,32997
"ACGAGGCGACAACTTG-1","0",23,175,6251,1838,48,104,1838,32999
"CCTCCGGTGGCATTGG-1","0",23,177,6249,1473,46,104,1473,33001
"TCACGCGGTACCTGCG-1","0",23,179,6248,1107,44,104,1107,33002
"ACCTGTGGCTATTCGG-1","0",23,181,6246,742,42,104,742,33004
"ACTCAGCGGAACGGCG-1","0",23,183,6244,377,40,104,377,33006
"CAACTTACATCCTCAA-1","0",23,185,6243,12,38,104,12,33007
"TGTATTGACTGGAACA-1","0",23,187,6241,-353,36,104,-353,33009
"ATACGGCACTACGCGG-1","0",23,189,6239,-718,34,104,-718,33011
"TCGGACTCGCCGAGCT-1","0",23,191,6237,-1084,32,104,-1084,33013
"GGTGATCGCACTGTGA-1","0",23,193,6236,-1449,30,104,-1449,33014
"ATGAGCGTATGTAACA-1","0",23,195,6234,-1814,28,104,-1814,33016
"ACGTTCAGGATCTACA-1","0",23,197,6232,-2179,26,104,-2179,33018
"GCTTCGATGCAATGAT-1","0",23,199,6231,-2544,24,104,-2544,33019
"CGACGCAATGAGCTAA-1","0",23,201,6229,-2909,22,104,-2909,33021
"ATTACTTCTGTTCACT-1","0",23,203,6227,-3275,20,104,-3275,33023
"GTAACATCAATAACGG-1","0",23,205,6225,-3640,18,104,-3640,33025
"TCCTGGTTATCTTAGA-1","0",23,207,6224,-4005,16,104,-4005,33026
"GGCCATCAGACTTCGG-1","0",23,209,6222,-4370,14,104,-4370,33028
"AGTCTAAGACGTGCGA-1","0",23,211,6220,-4735,12,104,-4735,33030
"ACCTCCAGGATATCTT-1","0",23,213,6219,-5100,10,104,-5100,33031
"CACTCATCCTCGTAGA-1","0",23,215,6217,-5466,8,104,-5466,33033
"TGCGATTCCGCCTGAT-1","0",23,217,6215,-5831,6,104,-5831,33035
"TCCAAGAATAGATTGT-1","0",23,219,6213,-6196,4,104,-6196,33037
"TATTCAGGTCGCTGAA-1","0",23,221,6212,-6561,2,104,-6561,33038
"ACTGACTCGTAATACT-1","0",23,223,6210,-6926,0,104,-6926,33040
"TCATTCTTAAGTTGGC-1","0",24,0,6719,33788,223,103,33788,32531
"ATTCGTGGAGGTGGTT-1","0",24,2,6717,33423,221,103,33423,32533
"AACTTCGCAAGTCGGC-1","0",24,4,6715,33058,219,103,33058,32535
"ATTACTTCCGCCATGA-1","0",24,6,6714,32693,217,103,32693,32536
"TCACTTGTTAGGCCAG-1","0",24,8,6712,32328,215,103,32328,32538
"TGAGGTGCTTCCGGTT-1","0",24,10,6710,31962,213,103,31962,32540
"TACGTGAGGTTGGACA-1","0",24,12,6708,31597,211,103,31597,32542
"GCCACGTTGCCATGCT-1","0",24,14,6707,31232,209,103,31232,32543
"CTGATTGCTAGATTAT-1","0",24,16,6705,30867,207,103,30867,32545
"TCTGTTAATTCTCCTT-1","0",24,18,6703,30502,205,103,30502,32547
"CTACTGGAATAACAGA-1","0",24,20,6702,30137,203,103,30137,32548
"ACATGTTGAGATTGGC-1","0",24,22,6700,29771,201,103,29771,32550
"GCGACATAACGGTTCC-1","0",24,24,6698,29406,199,103,29406,32552
"TATGGCCTAGCGGCTA-1","0",24,26,6696,29041,197,103,29041,32554
"GCTTACGCCAGGCGCT-1","0",24,28,6695,28676,195,103,28676,32555
"TAATTATCGCGGTAAT-1","0",24,30,6693,28311,193,103,28311,32557
"CGACTTCTGGTAGATA-1","0",24,32,6691,27946,191,103,27946,32559
"AGGAATCACCTTGGCA-1","0",24,34,6690,27580,189,103,27580,32560
"TATCAAGGTTGCCAAT-1","0",24,36,6688,27215,187,103,27215,32562
"TACGTGCGAGTACACC-1","1",24,38,6686,26850,185,103,26850,32564
"TGAGCCATCGGAGCCT-1","1",24,40,6684,26485,183,103,26485,32566
"CGGTAGCAACAGTGGT-1","1",24,42,6683,26120,181,103,26120,32567
"CAAGTCTATTGTGCTC-1","1",24,44,6681,25755,179,103,25755,32569
"GAGTCGTTACCTTAAT-1","1",24,46,6679,25389,177,103,25389,32571
"AATACATGGTTGACCA-1","1",24,48,6678,25024,175,103,25024,32572
"ATGTGCTTGCGTAAGG-1","1",24,50,6676,24659,173,103,24659,32574
"CAATGCATCACGGACT-1","1",24,52,6674,24294,171,103,24294,32576
"TGGTATTACAACCGTG-1","1",24,54,6672,23929,169,103,23929,32578
"ATTCACTGTTGCTTAG-1","1",24,56,6671,23564,167,103,23564,32579
"CCGGCAGCTCCAATCG-1","1",24,58,6669,23198,165,103,23198,32581
"TAAGTGGAGCCGGTGA-1","1",24,60,6667,22833,163,103,22833,32583
"GTCGCACCATCCGATC-1","1",24,62,6666,22468,161,103,22468,32584
"CAGCGAGTCATAACCT-1","1",24,64,6664,22103,159,103,22103,32586
"TACCATGGAATCTTCC-1","1",24,66,6662,21738,157,103,21738,32588
"ACAGGCGGCAAGCTTC-1","1",24,68,6660,21373,155,103,21373,32590
"CTTCTACATACACCGA-1","1",24,70,6659,21007,153,103,21007,32591
"ATACAGTGCTCGTACC-1","1",24,72,6657,20642,151,103,20642,32593
"TACTCGATCTTCCTTC-1","1",24,74,6655,20277,149,103,20277,32595
"ATCGCAGTAACAAGCC-1","1",24,76,6654,19912,147,103,19912,32596
"TCATTCATTGGTCATG-1","1",24,78,6652,19547,145,103,19547,32598
"GTATGTCGCTTGTTAT-1","1",24,80,6650,19182,143,103,19182,32600
"CCTCGGTAGTCACTTA-1","1",24,82,6648,18816,141,103,18816,32602
"AGTACCGTATACCTAA-1","1",24,84,6647,18451,139,103,18451,32603
"ATAATGTCCTTCATGA-1","1",24,86,6645,18086,137,103,18086,32605
"CCTGAAGGTATGCCAA-1","1",24,88,6643,17721,135,103,17721,32607
"ATTCAGGCTACAACAT-1","1",24,90,6642,17356,133,103,17356,32608
"AGGAATCCGATGGTAT-1","1",24,92,6640,16991,131,103,16991,32610
"GACGGTCAATGTCGTG-1","1",24,94,6638,16625,129,103,16625,32612
"TCGATCGCCGTCGAGG-1","1",24,96,6636,16260,127,103,16260,32614
"TGACTTAACACCAAGC-1","1",24,98,6635,15895,125,103,15895,32615
"ATAGCGACGTGCACTG-1","1",24,100,6633,15530,123,103,15530,32617
"AGCCGATGAGTGGTGC-1","1",24,102,6631,15165,121,103,15165,32619
"TAGGCAGATTCATCAA-1","1",24,104,6630,14800,119,103,14800,32620
"CTTGGATTGTCGAAGG-1","1",24,106,6628,14434,117,103,14434,32622
"TGTTGGTGCGCACGAG-1","1",24,108,6626,14069,115,103,14069,32624
"TCTTGCTGAAGCTCCG-1","1",24,110,6624,13704,113,103,13704,32626
"ACTTGATAGTGAAGTG-1","1",24,112,6623,13339,111,103,13339,32627
"CTCATACTATAAGCGA-1","1",24,114,6621,12974,109,103,12974,32629
"GTGATACGTGAACTAG-1","1",24,116,6619,12609,107,103,12609,32631
"AATCTACTTGCGACTA-1","1",24,118,6618,12243,105,103,12243,32632
"TCTACGGTCAGTTATG-1","1",24,120,6616,11878,103,103,11878,32634
"GTCGCAGTGCGAACGA-1","1",24,122,6614,11513,101,103,11513,32636
"TCTACTGTATGGTACA-1","1",24,124,6612,11148,99,103,11148,32638
"GAGGTGTAGGACAATC-1","1",24,126,6611,10783,97,103,10783,32639
"CAGTAGATGTTACGAG-1","1",24,128,6609,10418,95,103,10418,32641
"CAATTCTATCTGACTA-1","1",24,130,6607,10052,93,103,10052,32643
"CACGGCTCAGGTAGTC-1","1",24,132,6606,9687,91,103,9687,32644
"GGTAACTCCTAATGCC-1","0",24,134,6604,9322,89,103,9322,32646
"CCGAGCACGACCAAGC-1","1",24,136,6602,8957,87,103,8957,32648
"GACGGATCACTTCAAG-1","1",24,138,6600,8592,85,103,8592,32650
"TCAAGTTGATGGAATT-1","0",24,140,6599,8227,83,103,8227,32651
"CGTATCGTCAGTAGAA-1","0",24,142,6597,7861,81,103,7861,32653
"GTCAGCTGTAACTAAC-1","0",24,144,6595,7496,79,103,7496,32655
"TGTCAGAATGGCTCTG-1","0",24,146,6594,7131,77,103,7131,32656
"AAGATTACCACGCAAC-1","0",24,148,6592,6766,75,103,6766,32658
"CCTGGAAGCTATGAGG-1","0",24,150,6590,6401,73,103,6401,32660
"GGAACATAGTACAAGA-1","0",24,152,6588,6036,71,103,6036,32662
"CATGACCGGATTAAGA-1","0",24,154,6587,5670,69,103,5670,32663
"TCACCGTCTAGCGTCG-1","0",24,156,6585,5305,67,103,5305,32665
"GCACCAGTCTTCTAAG-1","0",24,158,6583,4940,65,103,4940,32667
"TGGTCAATGGACGTTG-1","0",24,160,6582,4575,63,103,4575,32668
"GTGGTTAGACTGCGTG-1","0",24,162,6580,4210,61,103,4210,32670
"ATACGGCGAGTAACAT-1","0",24,164,6578,3845,59,103,3845,32672
"TGGATCGGCCGGTTGG-1","0",24,166,6577,3479,57,103,3479,32673
"TGGCGATAACGATTCA-1","0",24,168,6575,3114,55,103,3114,32675
"ATACAGATGACTAACG-1","0",24,170,6573,2749,53,103,2749,32677
"GCCAGAATGCCTAAGT-1","0",24,172,6571,2384,51,103,2384,32679
"GCGTCGTACACTGCCT-1","0",24,174,6570,2019,49,103,2019,32680
"CCTACCGCGGAGTCAT-1","0",24,176,6568,1654,47,103,1654,32682
"AGGAGCCGCTGCAGTC-1","0",24,178,6566,1288,45,103,1288,32684
"TAACGAATGTCCGCAA-1","0",24,180,6565,923,43,103,923,32685
"TCCTATGGATGCACGT-1","0",24,182,6563,558,41,103,558,32687
"CGACTAATGGCCATCA-1","0",24,184,6561,193,39,103,193,32689
"ATTAGAACGGCCGCGG-1","0",24,186,6559,-172,37,103,-172,32691
"GTTCCGGCTGGTACTC-1","0",24,188,6558,-537,35,103,-537,32692
"CTCCATTACAGACGTT-1","0",24,190,6556,-903,33,103,-903,32694
"GAACTGCGGCCGATGA-1","0",24,192,6554,-1268,31,103,-1268,32696
"TGTATCGTGGTAGCAT-1","0",24,194,6553,-1633,29,103,-1633,32697
"GGTCACCTTAGCCATA-1","0",24,196,6551,-1998,27,103,-1998,32699
"TGAGCAGACTGTCGCT-1","0",24,198,6549,-2363,25,103,-2363,32701
"CGGTGATTATCTGATG-1","0",24,200,6547,-2728,23,103,-2728,32703
"CTATTCGGTTATCGAA-1","0",24,202,6546,-3094,21,103,-3094,32704
"TAGACAGTACAAGGCC-1","0",24,204,6544,-3459,19,103,-3459,32706
"CGGTAGCATATCATAG-1","0",24,206,6542,-3824,17,103,-3824,32708
"GGTTCACTGAAGACGT-1","0",24,208,6541,-4189,15,103,-4189,32709
"CTGCGGAAGAACTACA-1","0",24,210,6539,-4554,13,103,-4554,32711
"AGTTGGTATCTTATAC-1","0",24,212,6537,-4919,11,103,-4919,32713
"GTCTCATATTGGTGCG-1","0",24,214,6535,-5285,9,103,-5285,32715
"AGGACCGCTAAGTACA-1","0",24,216,6534,-5650,7,103,-5650,32716
"GTAATCGCGTCTCGAC-1","0",24,218,6532,-6015,5,103,-6015,32718
"TGTAGTAACTTAATCG-1","0",24,220,6530,-6380,3,103,-6380,32720
"GACCTGCTAGTAGATC-1","0",24,222,6529,-6745,1,103,-6745,32721
"GATTCATATTGCACGA-1","0",25,1,7032,33604,222,102,33604,32218
"ATAACGAGTTGAGCTC-1","0",25,3,7030,33239,220,102,33239,32220
"GCCATTAATTCGTTAG-1","0",25,5,7028,32874,218,102,32874,32222
"AATCTAGGCTGACATA-1","0",25,7,7027,32509,216,102,32509,32223
"GACAGCAAGGAACTAC-1","0",25,9,7025,32143,214,102,32143,32225
"ACAATCTGGAGCCGTT-1","0",25,11,7023,31778,212,102,31778,32227
"AGCTGTACATGCCGAG-1","0",25,13,7022,31413,210,102,31413,32228
"CAGTCTGTAACACCAT-1","0",25,15,7020,31048,208,102,31048,32230
"TGCGCTCGTTAGCAGG-1","0",25,17,7018,30683,206,102,30683,32232
"CGACCTATCTGTTATC-1","0",25,19,7016,30318,204,102,30318,32234
"CAAGTCCGCTTAGAGT-1","0",25,21,7015,29952,202,102,29952,32235
"CTAAGTCATCACAGAC-1","0",25,23,7013,29587,200,102,29587,32237
"CTGAAGTATTAAGCCT-1","0",25,25,7011,29222,198,102,29222,32239
"ATGTTAGATTGTATTG-1","0",25,27,7010,28857,196,102,28857,32240
"ACCAGCAATCATTAAT-1","0",25,29,7008,28492,194,102,28492,32242
"CGAATGATCACCGCTC-1","0",25,31,7006,28127,192,102,28127,32244
"CAGCTGTATCTGGCCG-1","0",25,33,7004,27761,190,102,27761,32246
"GAATGAGCTAATCGGC-1","0",25,35,7003,27396,188,102,27396,32247
"GAATGTGACCGGATGA-1","1",25,37,7001,27031,186,102,27031,32249
"TGCAGAGGTTCGAGTG-1","1",25,39,6999,26666,184,102,26666,32251
"CTGGACAATACACCGG-1","1",25,41,6998,26301,182,102,26301,32252
"AGACTAGGCACTGTAT-1","1",25,43,6996,25936,180,102,25936,32254
"CACCGCTCTTGCCTAA-1","1",25,45,6994,25571,178,102,25571,32256
"GTTATGCAAGTATTGC-1","1",25,47,6992,25205,176,102,25205,32258
"GACCAGATAGCAGGCA-1","1",25,49,6991,24840,174,102,24840,32259
"GTACTTCGCCATCTAT-1","1",25,51,6989,24475,172,102,24475,32261
"TAGTTCACATGTCGCT-1","1",25,53,6987,24110,170,102,24110,32263
"CTATCGGATGTACCTG-1","1",25,55,6986,23745,168,102,23745,32264
"GCTCGTCCTGAATACT-1","1",25,57,6984,23380,166,102,23380,32266
"CGCTCGGCTGAGTGAG-1","1",25,59,6982,23014,164,102,23014,32268
"GGAACCACTCCATATG-1","1",25,61,6980,22649,162,102,22649,32270
"CGCAATGGAGCCGCCT-1","1",25,63,6979,22284,160,102,22284,32271
"GTATACAGTCCTGGTT-1","1",25,65,6977,21919,158,102,21919,32273
"AGCGGTCTCACGACTC-1","1",25,67,6975,21554,156,102,21554,32275
"TCCATGGAACCGAGTT-1","1",25,69,6974,21189,154,102,21189,32276
"GGATAAGTGGAGCTGG-1","1",25,71,6972,20823,152,102,20823,32278
"TCAGAACTTCGGAGTG-1","1",25,73,6970,20458,150,102,20458,32280
"GCTTCTACTGAAGTGG-1","1",25,75,6969,20093,148,102,20093,32281
"CGAGCGGCACCTACAG-1","1",25,77,6967,19728,146,102,19728,32283
"CCGTATGTAATCTAGA-1","1",25,79,6965,19363,144,102,19363,32285
"AGATCTCCTTACTATC-1","1",25,81,6963,18998,142,102,18998,32287
"TGTCTTCCTGACCGAG-1","1",25,83,6962,18632,140,102,18632,32288
"CTGGCGAGTACCACTC-1","1",25,85,6960,18267,138,102,18267,32290
"GTCTAGTCACGCAGAT-1","1",25,87,6958,17902,136,102,17902,32292
"TGTCAGGTCGGCCAGC-1","1",25,89,6957,17537,134,102,17537,32293
"GCGTGCCTGGCAAGAA-1","1",25,91,6955,17172,132,102,17172,32295
"TACAAGTTGCACGTCT-1","1",25,93,6953,16807,130,102,16807,32297
"GGAATGGTCCAATCGA-1","1",25,95,6951,16441,128,102,16441,32299
"TGACCAATTCCTCAGT-1","1",25,97,6950,16076,126,102,16076,32300
"GTAGCGATGGAATAGA-1","1",25,99,6948,15711,124,102,15711,32302
"TCCAATCTCCGTGCAG-1","1",25,101,6946,15346,122,102,15346,32304
"TGATGTACTATGTTCT-1","1",25,103,6945,14981,120,102,14981,32305
"GCGGTTATCTTCTGCG-1","1",25,105,6943,14616,118,102,14616,32307
"CCTCGGCAGCGTAGTG-1","1",25,107,6941,14250,116,102,14250,32309
"AGACCGTGCGTTACCG-1","1",25,109,6939,13885,114,102,13885,32311
"TGTAATCTAACATTCG-1","1",25,111,6938,13520,112,102,13520,32312
"GTCTCCTAAGTAGACA-1","1",25,113,6936,13155,110,102,13155,32314
"TGGCCTGTTCTGATCA-1","1",25,115,6934,12790,108,102,12790,32316
"TCACAAGGACTGACTT-1","1",25,117,6933,12425,106,102,12425,32317
"GTGAATACTGTAAGCC-1","1",25,119,6931,12059,104,102,12059,32319
"ATCTTGCGCTTCCGTA-1","1",25,121,6929,11694,102,102,11694,32321
"GTAGACTCCTGAATTC-1","1",25,123,6927,11329,100,102,11329,32323
"TGTAGGCAAGTTAGAT-1","1",25,125,6926,10964,98,102,10964,32324
"CGACCTCGTGTACTGA-1","1",25,127,6924,10599,96,102,10599,32326
"TGGTTGGATTAATGAT-1","1",25,129,6922,10234,94,102,10234,32328
"GTCGAGTATCGCGATA-1","0",25,131,6921,9868,92,102,9868,32329
"CACGTTGGCATTACAA-1","0",25,133,6919,9503,90,102,9503,32331
"CACTGTCTACCTAACC-1","1",25,135,6917,9138,88,102,9138,32333
"CCGCAGGAGTGGATCT-1","0",25,137,6915,8773,86,102,8773,32335
"GTTAGACAATTCAATC-1","0",25,139,6914,8408,84,102,8408,32336
"GTTCCGTCCAAGCGCC-1","0",25,141,6912,8043,82,102,8043,32338
"TGCGATGTAGGCCGAG-1","0",25,143,6910,7677,80,102,7677,32340
"ATTCACGTTGAGGATC-1","0",25,145,6909,7312,78,102,7312,32341
"ATGTTCTAGCGAGCAA-1","0",25,147,6907,6947,76,102,6947,32343
"ACCTGGCCGCTTGGCC-1","0",25,149,6905,6582,74,102,6582,32345
"ATTGACGCCTCCACAA-1","0",25,151,6903,6217,72,102,6217,32347
"ACGTTACCTCTTGAGC-1","0",25,153,6902,5852,70,102,5852,32348
"AGGAGCGATATGCAGA-1","0",25,155,6900,5486,68,102,5486,32350
"CCGCTCAGGACTTAGT-1","0",25,157,6898,5121,66,102,5121,32352
"CTAGACGAATGTCCAC-1","0",25,159,6897,4756,64,102,4756,32353
"CTAAGCGAATAACCTC-1","0",25,161,6895,4391,62,102,4391,32355
"AAGGCGATTAGGAAGA-1","0",25,163,6893,4026,60,102,4026,32357
"ATAGAATATGCGGTCC-1","0",25,165,6891,3661,58,102,3661,32359
"GCACAGTGACATAGGC-1","0",25,167,6890,3295,56,102,3295,32360
"ATAAGAGCTCGATCCT-1","0",25,169,6888,2930,54,102,2930,32362
"GAGGAAGGCGAGTCGC-1","0",25,171,6886,2565,52,102,2565,32364
"TCTTGACACTTCCGCC-1","0",25,173,6885,2200,50,102,2200,32365
"CGCTTGCGCATCGATG-1","0",25,175,6883,1835,48,102,1835,32367
"ATGAGCGAATTAAGGA-1","0",25,177,6881,1470,46,102,1470,32369
"AGGACCAAGCCTATCA-1","0",25,179,6879,1104,44,102,1104,32371
"GACGCCTGAGTTGGCG-1","0",25,181,6878,739,42,102,739,32372
"ACCGATTATGTAACGA-1","0",25,183,6876,374,40,102,374,32374
"AATACGTAACTGAGCG-1","0",25,185,6874,9,38,102,9,32376
"CGCCTCTAACTTACAT-1","0",25,187,6873,-356,36,102,-356,32377
"TAAGCAGGAGTGCACT-1","0",25,189,6871,-721,34,102,-721,32379
"TGGTGCCTCGATGACG-1","0",25,191,6869,-1087,32,102,-1087,32381
"GTAGACAAGCATTCAG-1","0",25,193,6867,-1452,30,102,-1452,32383
"TGAGGTACGCGATCAA-1","0",25,195,6866,-1817,28,102,-1817,32384
"GAGGTAGTTCATAACA-1","0",25,197,6864,-2182,26,102,-2182,32386
"ATTAGATCAGGCAACT-1","0",25,199,6862,-2547,24,102,-2547,32388
"CACGAACGTTGTTATT-1","0",25,201,6861,-2912,22,102,-2912,32389
"CCGCGTCTCCTAATAC-1","0",25,203,6859,-3278,20,102,-3278,32391
"TGCTTATGGAAGGCCG-1","0",25,205,6857,-3643,18,102,-3643,32393
"AGACCGAGTTAGCTCC-1","0",25,207,6855,-4008,16,102,-4008,32395
"TGTCCTACCATCTTCG-1","0",25,209,6854,-4373,14,102,-4373,32396
"GGCGGAAGCACCGGTG-1","0",25,211,6852,-4738,12,102,-4738,32398
"GATTAATCGAATCCAA-1","0",25,213,6850,-5103,10,102,-5103,32400
"TCTTAGACCTTACCGT-1","0",25,215,6849,-5469,8,102,-5469,32401
"ATCATTACGAACCGAG-1","0",25,217,6847,-5834,6,102,-5834,32403
"ACAATTGGCTATGAGG-1","0",25,219,6845,-6199,4,102,-6199,32405
"CAGCCGCATACGGCCT-1","0",25,221,6843,-6564,2,102,-6564,32407
"CACGGCAACCTTGGTA-1","0",25,223,6842,-6929,0,102,-6929,32408
"AGCCAGTTCTAGTCCG-1","0",26,0,7350,33785,223,101,33785,31900
"TCGACTGCTAATCCGA-1","0",26,2,7349,33420,221,101,33420,31901
"CCTCTGTAGTCCTAAT-1","0",26,4,7347,33055,219,101,33055,31903
"GTAATGTTCCATTAAT-1","0",26,6,7345,32690,217,101,32690,31905
"CATCAGATTGGCACGC-1","0",26,8,7344,32325,215,101,32325,31906
"TGGTGCAGGCAGGTGA-1","0",26,10,7342,31959,213,101,31959,31908
"CTTCGATGTTCAACGC-1","0",26,12,7340,31594,211,101,31594,31910
"GGACAGCGGTCCTGCA-1","0",26,14,7338,31229,209,101,31229,31912
"TCCGAACGTTGCGGAG-1","0",26,16,7337,30864,207,101,30864,31913
"AGCGACGGTATCGTGA-1","0",26,18,7335,30499,205,101,30499,31915
"AGCTCGATGGCATCCA-1","0",26,20,7333,30134,203,101,30134,31917
"GGCGAACGGCGATTCC-1","0",26,22,7332,29768,201,101,29768,31918
"CGGAGGTATCTAATTC-1","0",26,24,7330,29403,199,101,29403,31920
"CTGATTGCGACTGTAC-1","0",26,26,7328,29038,197,101,29038,31922
"ACATACCAACGCTGTT-1","0",26,28,7326,28673,195,101,28673,31924
"ATGTATGAAGGCTTCT-1","0",26,30,7325,28308,193,101,28308,31925
"GGTGATCGACGCTTGT-1","0",26,32,7323,27943,191,101,27943,31927
"AATACTGTGATGCAAT-1","0",26,34,7321,27577,189,101,27577,31929
"GTCGCACGAGTTGCGA-1","0",26,36,7320,27212,187,101,27212,31930
"TGGATGCGAGGCGAAC-1","1",26,38,7318,26847,185,101,26847,31932
"CAATACCGCTTCCAAG-1","1",26,40,7316,26482,183,101,26482,31934
"CTTGTCTGTACTTAAC-1","1",26,42,7314,26117,181,101,26117,31936
"TATCTGCTACTCTACT-1","1",26,44,7313,25752,179,101,25752,31937
"TCTTACTCGCAACTGC-1","1",26,46,7311,25386,177,101,25386,31939
"GCGTAACGGACAGATT-1","1",26,48,7309,25021,175,101,25021,31941
"CACTGGCGCCGAACCT-1","1",26,50,7308,24656,173,101,24656,31942
"ACCAACAGTGGCGAAC-1","1",26,52,7306,24291,171,101,24291,31944
"CTGAAGGCCAACCTCG-1","1",26,54,7304,23926,169,101,23926,31946
"CTTGAATCGCACGCTC-1","1",26,56,7302,23561,167,101,23561,31948
"GTAGGTGATCGACGCA-1","1",26,58,7301,23195,165,101,23195,31949
"AATTGGACAGACGTTA-1","1",26,60,7299,22830,163,101,22830,31951
"GATCCACTCCGGTAAT-1","1",26,62,7297,22465,161,101,22465,31953
"TACCGTGAACCTAATC-1","1",26,64,7296,22100,159,101,22100,31954
"AAGGACATCAACTGTC-1","1",26,66,7294,21735,157,101,21735,31956
"GGATGCATCGGACCAT-1","1",26,68,7292,21370,155,101,21370,31958
"ATTGCCGCGGAATCCG-1","1",26,70,7290,21004,153,101,21004,31960
"CCGCGTAATAGCAAGG-1","1",26,72,7289,20639,151,101,20639,31961
"ATCATTCCACATCCTG-1","1",26,74,7287,20274,149,101,20274,31963
"TCCTGATGTCACATTA-1","1",26,76,7285,19909,147,101,19909,31965
"AGGATCGGCCAACTAT-1","1",26,78,7284,19544,145,101,19544,31966
"TCCTCAAGTTCTCCAT-1","1",26,80,7282,19179,143,101,19179,31968
"CCTTAGACAGTCGCCA-1","1",26,82,7280,18813,141,101,18813,31970
"CGACCACTACCGTGCC-1","1",26,84,7278,18448,139,101,18448,31972
"CGGTTCCTTAAGGTAA-1","1",26,86,7277,18083,137,101,18083,31973
"GCTACCTACAACCTAA-1","1",26,88,7275,17718,135,101,17718,31975
"TGGTTGATCAATTAAG-1","1",26,90,7273,17353,133,101,17353,31977
"CTTCAATGAGTGATTG-1","1",26,92,7272,16988,131,101,16988,31978
"GTCTTGTCACGAGTAC-1","1",26,94,7270,16622,129,101,16622,31980
"TGGTAAGCTTAGATGC-1","1",26,96,7268,16257,127,101,16257,31982
"GTGCATTGAATTAGGA-1","1",26,98,7266,15892,125,101,15892,31984
"ATACATTCATCTTCGC-1","1",26,100,7265,15527,123,101,15527,31985
"TATGACAATAGCCTAC-1","1",26,102,7263,15162,121,101,15162,31987
"GGCATTCGATACCGAG-1","1",26,104,7261,14797,119,101,14797,31989
"GCTTGGATTATCGTGA-1","1",26,106,7260,14431,117,101,14431,31990
"GAGGTGGCAGCGACAT-1","1",26,108,7258,14066,115,101,14066,31992
"GCTCAACCGCAATGAC-1","1",26,110,7256,13701,113,101,13701,31994
"CAGTCTGTCTCCTGCG-1","1",26,112,7254,13336,111,101,13336,31996
"ACGGTTCGCATCCTAT-1","1",26,114,7253,12971,109,101,12971,31997
"ATAGCCGACCAAGTTC-1","1",26,116,7251,12606,107,101,12606,31999
"ATGAGCCAATTGCGTT-1","1",26,118,7249,12240,105,101,12240,32001
"TATTGACTATAACCTA-1","1",26,120,7248,11875,103,101,11875,32002
"GGCACGGCAAGCTACC-1","1",26,122,7246,11510,101,101,11510,32004
"CGCAATCGGATCCTTG-1","1",26,124,7244,11145,99,101,11145,32006
"AATTGCCGCACTTATT-1","1",26,126,7243,10780,97,101,10780,32007
"ACAGGAGTAGGATAAG-1","1",26,128,7241,10415,95,101,10415,32009
"GTCTTGTAGTTATGTT-1","1",26,130,7239,10049,93,101,10049,32011
"TGTCCTAATAACGGAA-1","0",26,132,7237,9684,91,101,9684,32013
"ACGACTATGAGTAGCA-1","0",26,134,7236,9319,89,101,9319,32014
"TCCAATAAGCCACTGT-1","0",26,136,7234,8954,87,101,8954,32016
"AAGTCTCCGTGCTAAG-1","0",26,138,7232,8589,85,101,8589,32018
"ATACTATTCATACTCG-1","0",26,140,7231,8224,83,101,8224,32019
"ATCATGCTCGGAGGTA-1","0",26,142,7229,7858,81,101,7858,32021
"TAGAGTGGTCCACGAT-1","0",26,144,7227,7493,79,101,7493,32023
"ACTCCTGACCTAATGC-1","0",26,146,7225,7128,77,101,7128,32025
"CCAATATCACTCGCAA-1","0",26,148,7224,6763,75,101,6763,32026
"AACTTCTAGGCGCCGT-1","0",26,150,7222,6398,73,101,6398,32028
"CAGCTGTCTTCATCGC-1","0",26,152,7220,6033,71,101,6033,32030
"AAGCTCACCAATCTAA-1","0",26,154,7219,5667,69,101,5667,32031
"ACCTAAGTCTGCCACT-1","0",26,156,7217,5302,67,101,5302,32033
"CGACTTCTGCACATGG-1","0",26,158,7215,4937,65,101,4937,32035
"CCTCTAAGCGCCACTG-1","0",26,160,7213,4572,63,101,4572,32037
"CGAGGCTTCTCCTGGT-1","0",26,162,7212,4207,61,101,4207,32038
"ATTGTTCACTAGGCAC-1","0",26,164,7210,3842,59,101,3842,32040
"AAGAGCCGGCTGCAAG-1","0",26,166,7208,3476,57,101,3476,32042
"CTCGACAACTAAGGCC-1","0",26,168,7207,3111,55,101,3111,32043
"AATGAAGGTAGTCTTG-1","0",26,170,7205,2746,53,101,2746,32045
"TACGTGCCATCGAGCC-1","0",26,172,7203,2381,51,101,2381,32047
"ACGAGGTGCCTGGTTG-1","0",26,174,7201,2016,49,101,2016,32049
"TCGATCTAGGATCATT-1","0",26,176,7200,1651,47,101,1651,32050
"GTCTATCGGAGCCTTA-1","0",26,178,7198,1285,45,101,1285,32052
"TCCTCACGAAGACAAG-1","0",26,180,7196,920,43,101,920,32054
"TGCCACATAGCCGCAA-1","0",26,182,7195,555,41,101,555,32055
"AATTATAGGCTCCGCA-1","0",26,184,7193,190,39,101,190,32057
"CTCGGAATCAACCTTC-1","0",26,186,7191,-175,37,101,-175,32059
"GTCTATTGCAGTGATA-1","0",26,188,7189,-540,35,101,-540,32061
"TATCACGCGGTGAGGC-1","0",26,190,7188,-906,33,101,-906,32062
"GCAAGTCGGCCGACTT-1","0",26,192,7186,-1271,31,101,-1271,32064
"CCATAGACCTGGCAAG-1","0",26,194,7184,-1636,29,101,-1636,32066
"GCCTGGAAGACCAAGT-1","0",26,196,7183,-2001,27,101,-2001,32067
"GTGCTCCGGCAGTGGT-1","0",26,198,7181,-2366,25,101,-2366,32069
"CACTCATCTTGCGTGG-1","0",26,200,7179,-2731,23,101,-2731,32071
"AGGTCGCAGGCGACTG-1","0",26,202,7177,-3097,21,101,-3097,32073
"TGGCCAGAGCTTGAAC-1","0",26,204,7176,-3462,19,101,-3462,32074
"CTCCACTAGGCTACCA-1","0",26,206,7174,-3827,17,101,-3827,32076
"GAGTCGCTATGCGAGG-1","0",26,208,7172,-4192,15,101,-4192,32078
"AAGCACTAAGTTAATA-1","0",26,210,7171,-4557,13,101,-4557,32079
"CTGAAGCGAGTGGCCT-1","0",26,212,7169,-4922,11,101,-4922,32081
"GCTAACAGGCTCACCT-1","0",26,214,7167,-5288,9,101,-5288,32083
"TAACGCTCTACGCAAG-1","0",26,216,7165,-5653,7,101,-5653,32085
"TCGCGGCCGACGAGTC-1","0",26,218,7164,-6018,5,101,-6018,32086
"CTGCCGCTAGCGGTCA-1","0",26,220,7162,-6383,3,101,-6383,32088
"TGCGGACACCTAGCTG-1","0",26,222,7160,-6748,1,101,-6748,32090
"CTCATAGGTTAGGTTA-1","0",27,1,7664,33601,222,100,33601,31586
"TAGTGCCTTGGTTATC-1","0",27,3,7662,33236,220,100,33236,31588
"GCTCAGAACTACGACT-1","0",27,5,7660,32871,218,100,32871,31590
"CTGCGGAACCGCATGC-1","0",27,7,7658,32506,216,100,32506,31592
"TCTACACTCGGCAGTT-1","0",27,9,7657,32141,214,100,32141,31593
"CATCTTCACTCCGACG-1","0",27,11,7655,31775,212,100,31775,31595
"GAACGAGGCAATCCGG-1","0",27,13,7653,31410,210,100,31410,31597
"ACAGGCGTTGAGTTAG-1","0",27,15,7652,31045,208,100,31045,31598
"GGTCTGTTGGTGAGGA-1","0",27,17,7650,30680,206,100,30680,31600
"TGAGTGACATGACCGA-1","0",27,19,7648,30315,204,100,30315,31602
"GGAGGCTTGCGTCAGG-1","0",27,21,7646,29950,202,100,29950,31604
"TGAGTGCAACAGGACG-1","0",27,23,7645,29584,200,100,29584,31605
"CTGTTGAGACGACAGA-1","0",27,25,7643,29219,198,100,29219,31607
"TAAGCATCTGTACAGT-1","0",27,27,7641,28854,196,100,28854,31609
"GGACGTCGCAGAGCGA-1","0",27,29,7640,28489,194,100,28489,31610
"TAACGTAACTCGCTGA-1","0",27,31,7638,28124,192,100,28124,31612
"CGTAACGCCAATCTGC-1","0",27,33,7636,27759,190,100,27759,31614
"ACTGATACTCAGTAGG-1","0",27,35,7635,27393,188,100,27393,31615
"AGGTTGACGCCTCGTG-1","0",27,37,7633,27028,186,100,27028,31617
"TGACCTTAGACCGCAT-1","1",27,39,7631,26663,184,100,26663,31619
"GCGTAATACCAATTCC-1","1",27,41,7629,26298,182,100,26298,31621
"GCTTGCAAGCAGCCTT-1","1",27,43,7628,25933,180,100,25933,31622
"CAGTCTGTCTTGAATT-1","1",27,45,7626,25568,178,100,25568,31624
"TCGTCATCCTTATGAG-1","1",27,47,7624,25202,176,100,25202,31626
"ACGTCATATCATGCAC-1","1",27,49,7623,24837,174,100,24837,31627
"CTTGTAACCGAGTAAG-1","1",27,51,7621,24472,172,100,24472,31629
"AATTATTCGCTGGTGC-1","1",27,53,7619,24107,170,100,24107,31631
"ATGTCGTAGGTAATCA-1","1",27,55,7617,23742,168,100,23742,31633
"TCACCGGAATAGCGCT-1","1",27,57,7616,23377,166,100,23377,31634
"CATCCTTCGCGAGTTA-1","1",27,59,7614,23011,164,100,23011,31636
"GTAACCACAGCACGAC-1","1",27,61,7612,22646,162,100,22646,31638
"ACCTGTAACCAGTTGG-1","1",27,63,7611,22281,160,100,22281,31639
"ATGACCTGAAGATGAG-1","1",27,65,7609,21916,158,100,21916,31641
"AGCGTGTATTAATCCT-1","1",27,67,7607,21551,156,100,21551,31643
"TAGGTCTTATCGCCAC-1","1",27,69,7605,21186,154,100,21186,31645
"GTACATACAGTGTCCG-1","1",27,71,7604,20820,152,100,20820,31646
"CGGTGAGCGTTGAGCG-1","1",27,73,7602,20455,150,100,20455,31648
"ACCTCGTCTTGTGCTC-1","1",27,75,7600,20090,148,100,20090,31650
"GTAGTTAGTATCTGTC-1","1",27,77,7599,19725,146,100,19725,31651
"CATCGCTGTTGCTCTA-1","1",27,79,7597,19360,144,100,19360,31653
"CTAGGAAGTCTAATTG-1","1",27,81,7595,18995,142,100,18995,31655
"TATCCATCTATCACTT-1","1",27,83,7593,18629,140,100,18629,31657
"TCAAGGACTCACGGTT-1","1",27,85,7592,18264,138,100,18264,31658
"GCACGCCTAGCACCTA-1","1",27,87,7590,17899,136,100,17899,31660
"GTGCTAAGGCATGACC-1","1",27,89,7588,17534,134,100,17534,31662
"GTACAGCCTATCGACT-1","1",27,91,7587,17169,132,100,17169,31663
"TGGACTTGACGTGACG-1","1",27,93,7585,16804,130,100,16804,31665
"GCGTGCAGTCACGCAT-1","1",27,95,7583,16438,128,100,16438,31667
"CAATCTTCTGATTGCT-1","1",27,97,7581,16073,126,100,16073,31669
"TGAAGAGTACATGTCA-1","1",27,99,7580,15708,124,100,15708,31670
"ATAGTTCTAGGCTCAG-1","1",27,101,7578,15343,122,100,15343,31672
"AGCATACACTCGTCGG-1","1",27,103,7576,14978,120,100,14978,31674
"CGCCTTCATGGTTCAC-1","1",27,105,7575,14613,118,100,14613,31675
"GGCATATTGTATCCTC-1","1",27,107,7573,14247,116,100,14247,31677
"TCCGTTGGTCTGACCA-1","1",27,109,7571,13882,114,100,13882,31679
"ATTCAGCCAACTATAG-1","1",27,111,7569,13517,112,100,13517,31681
"CCTGAAGTTGGCACTC-1","1",27,113,7568,13152,110,100,13152,31682
"AAGTGGTATGAGCGTG-1","1",27,115,7566,12787,108,100,12787,31684
"CATATTCTTGCTTCGA-1","1",27,117,7564,12422,106,100,12422,31686
"CATATCGTCATAAGCG-1","1",27,119,7563,12056,104,100,12056,31687
"GGTTAGGTACAGCGGC-1","1",27,121,7561,11691,102,100,11691,31689
"GATAATAGGTCACTTC-1","1",27,123,7559,11326,100,100,11326,31691
"GGCAAGGAAGTTGTGA-1","1",27,125,7557,10961,98,100,10961,31693
"AAGCAGTACACCTGAT-1","1",27,127,7556,10596,96,100,10596,31694
"GGTAGCGTACGCCACC-1","0",27,129,7554,10231,94,100,10231,31696
"CAACCGAACGAACGTG-1","0",27,131,7552,9865,92,100,9865,31698
"GCCTGGTAGCAGTATG-1","0",27,133,7551,9500,90,100,9500,31699
"TATGGACAATAGGTCC-1","0",27,135,7549,9135,88,100,9135,31701
"CCGGTACCAAGGAGAT-1","0",27,137,7547,8770,86,100,8770,31703
"ATTACAGCCGACTTAA-1","0",27,139,7545,8405,84,100,8405,31705
"GGACGTCGACTAGAGT-1","0",27,141,7544,8040,82,100,8040,31706
"ACGGCCGTTATGCGAT-1","0",27,143,7542,7674,80,100,7674,31708
"AGGTGGTCAGCAACGG-1","0",27,145,7540,7309,78,100,7309,31710
"ATTAGACTCACGTTGG-1","0",27,147,7539,6944,76,100,6944,31711
"GAAGCGATCCTACAGA-1","0",27,149,7537,6579,74,100,6579,31713
"AAGGTGGATCTTAGAA-1","0",27,151,7535,6214,72,100,6214,31715
"TACGGACACCGCGTCG-1","0",27,153,7533,5849,70,100,5849,31717
"AGCGCTTGCGTGAAGG-1","0",27,155,7532,5483,68,100,5483,31718
"TGCGTGTCCGCTTAGG-1","0",27,157,7530,5118,66,100,5118,31720
"ATCCGTCCATTAAGCC-1","0",27,159,7528,4753,64,100,4753,31722
"GGTCTTAGGCATTGAG-1","0",27,161,7527,4388,62,100,4388,31723
"CTACAGTGACCAATAA-1","0",27,163,7525,4023,60,100,4023,31725
"GACCACAGGACCTCGG-1","0",27,165,7523,3658,58,100,3658,31727
"TAGTGATTGAGCACTA-1","0",27,167,7521,3292,56,100,3292,31729
"TACACCTGCATGAGCG-1","0",27,169,7520,2927,54,100,2927,31730
"TGTCAATTACCAAGCG-1","0",27,171,7518,2562,52,100,2562,31732
"GTATCTGTAGATCATA-1","0",27,173,7516,2197,50,100,2197,31734
"TCCTCATGTCGCGAAT-1","0",27,175,7515,1832,48,100,1832,31735
"CATGCGAACGTGTAGT-1","0",27,177,7513,1467,46,100,1467,31737
"GTGCATAGTCGCACGC-1","0",27,179,7511,1101,44,100,1101,31739
"ATAACGAGCCGCTCCT-1","0",27,181,7509,736,42,100,736,31741
"CGAGGCTCGTGGCTTA-1","0",27,183,7508,371,40,100,371,31742
"CAAGTGACAGATGGAC-1","0",27,185,7506,6,38,100,6,31744
"GTAGCAACGTGCTAGA-1","0",27,187,7504,-359,36,100,-359,31746
"TGGCAACTTGGAGCGT-1","0",27,189,7503,-724,34,100,-724,31747
"ACGCCATGACTCAGTG-1","0",27,191,7501,-1090,32,100,-1090,31749
"GTAGACTCTATCGCGA-1","0",27,193,7499,-1455,30,100,-1455,31751
"TCGACTGCGTCTGCTA-1","0",27,195,7497,-1820,28,100,-1820,31753
"TATCTACATATGACCT-1","0",27,197,7496,-2185,26,100,-2185,31754
"GGTTCATTGAGCCGCT-1","0",27,199,7494,-2550,24,100,-2550,31756
"GTATGTAGTGACTCTA-1","0",27,201,7492,-2915,22,100,-2915,31758
"TGCAGTATCGTGTATC-1","0",27,203,7491,-3281,20,100,-3281,31759
"GTGCACGAAGGCTGGT-1","0",27,205,7489,-3646,18,100,-3646,31761
"TAGGACTTGGCGGTAA-1","0",27,207,7487,-4011,16,100,-4011,31763
"GTCTATCATTACGCTA-1","0",27,209,7485,-4376,14,100,-4376,31765
"AGCGGTGACACGTAAT-1","0",27,211,7484,-4741,12,100,-4741,31766
"ACAAGCGTCACTCATG-1","0",27,213,7482,-5106,10,100,-5106,31768
"TCTAGACGAACGTGGA-1","0",27,215,7480,-5472,8,100,-5472,31770
"TGCAGCAATTAATCCT-1","0",27,217,7479,-5837,6,100,-5837,31771
"TCGTTAGCGAAGGAAC-1","0",27,219,7477,-6202,4,100,-6202,31773
"CAATCTTCTGGTCAGC-1","0",27,221,7475,-6567,2,100,-6567,31775
"ATGATTCAGTCGGCCG-1","0",27,223,7473,-6932,0,100,-6932,31777
"GACTAGGCTGGAGTGA-1","0",28,0,7982,33782,223,99,33782,31268
"GTTGAGTCATGACTTG-1","0",28,2,7980,33417,221,99,33417,31270
"GTGACTCATACAGCGA-1","0",28,4,7979,33052,219,99,33052,31271
"CCGGACTACGTAGAAC-1","0",28,6,7977,32687,217,99,32687,31273
"CAGCGAATGTTGGTAT-1","0",28,8,7975,32322,215,99,32322,31275
"GGACGTACCAATTCTT-1","0",28,10,7974,31956,213,99,31956,31276
"GGTGTCCGGATGAGCC-1","0",28,12,7972,31591,211,99,31591,31278
"AAGACTTGAGATTACT-1","0",28,14,7970,31226,209,99,31226,31280
"GGCGACCTGACAGATC-1","0",28,16,7968,30861,207,99,30861,31282
"ATAAGGTCGCAGCCGC-1","0",28,18,7967,30496,205,99,30496,31283
"CATGATGTCCTTATCG-1","0",28,20,7965,30131,203,99,30131,31285
"GCGTCCGGCACGAAGA-1","0",28,22,7963,29765,201,99,29765,31287
"CCTTCAGCCTCACGGC-1","0",28,24,7962,29400,199,99,29400,31288
"TCATCTGCAAGTCTGA-1","0",28,26,7960,29035,197,99,29035,31290
"CTAGTTCGGACGCACG-1","0",28,28,7958,28670,195,99,28670,31292
"GTCACTGACAGATTCT-1","0",28,30,7956,28305,193,99,28305,31294
"GTACCTTCACTGGTTA-1","0",28,32,7955,27940,191,99,27940,31295
"GGATCGCCTTGGCATT-1","0",28,34,7953,27574,189,99,27574,31297
"GGCTCAATGACGTAAT-1","0",28,36,7951,27209,187,99,27209,31299
"CGAGTCACCAGTTATC-1","0",28,38,7950,26844,185,99,26844,31300
"TATTGATTGATGGCGA-1","1",28,40,7948,26479,183,99,26479,31302
"TGGCGAGGAAGTTCGT-1","1",28,42,7946,26114,181,99,26114,31304
"CAGAGGTGTACTCCAG-1","1",28,44,7944,25749,179,99,25749,31306
"TAGACATGCTAGTGAA-1","1",28,46,7943,25383,177,99,25383,31307
"TCAGTTGCAAGCTTAT-1","1",28,48,7941,25018,175,99,25018,31309
"CACCTCAGTGCGGCCG-1","1",28,50,7939,24653,173,99,24653,31311
"CCGTAACAAGCCGTTA-1","1",28,52,7938,24288,171,99,24288,31312
"GCTATCTAGGACCGCC-1","1",28,54,7936,23923,169,99,23923,31314
"CACCTATTACTGCTTC-1","1",28,56,7934,23558,167,99,23558,31316
"TCACTACGCTTAGATA-1","1",28,58,7932,23192,165,99,23192,31318
"CTGACTTCCGTGCAGA-1","1",28,60,7931,22827,163,99,22827,31319
"GCGTCGCATGGACCAT-1","1",28,62,7929,22462,161,99,22462,31321
"GGCATAGGAATGCGGT-1","1",28,64,7927,22097,159,99,22097,31323
"CGTGATCCTCCGTACT-1","1",28,66,7926,21732,157,99,21732,31324
"GTTCGACATCACATGG-1","1",28,68,7924,21367,155,99,21367,31326
"ACATAACCGGAAGTCA-1","1",28,70,7922,21001,153,99,21001,31328
"CTTGTCGCTAGTGAGC-1","1",28,72,7921,20636,151,99,20636,31329
"TCCTGAGTGAACAGAT-1","1",28,74,7919,20271,149,99,20271,31331
"GCTAGGAACCGGTACT-1","1",28,76,7917,19906,147,99,19906,31333
"GCTAACCGAGGAGCAT-1","1",28,78,7915,19541,145,99,19541,31335
"GTGCTCTGCCTCTTAC-1","1",28,80,7914,19176,143,99,19176,31336
"CTCGGAGTTAGTGCTT-1","1",28,82,7912,18810,141,99,18810,31338
"ATACATCAAGACAATA-1","1",28,84,7910,18445,139,99,18445,31340
"GTCATCGCCGCTACAG-1","1",28,86,7909,18080,137,99,18080,31341
"GAATCCTCGCACGGCC-1","1",28,88,7907,17715,135,99,17715,31343
"CCGGATCGTGAGACCT-1","1",28,90,7905,17350,133,99,17350,31345
"CGTGCCGCGTGGCTAT-1","1",28,92,7903,16985,131,99,16985,31347
"GCGACATTGCGTACTA-1","1",28,94,7902,16619,129,99,16619,31348
"TACACGCCGTATTCTG-1","1",28,96,7900,16254,127,99,16254,31350
"AAGCCAGGATTCTGAT-1","1",28,98,7898,15889,125,99,15889,31352
"GCTCAGATCGGTTAGG-1","1",28,100,7897,15524,123,99,15524,31353
"TACGTTGCTACACCGC-1","1",28,102,7895,15159,121,99,15159,31355
"CATAATTGATTCGGCC-1","1",28,104,7893,14794,119,99,14794,31357
"GTCTGTAAGGCCTAGG-1","1",28,106,7891,14428,117,99,14428,31359
"TGGCCAACGCACTCTG-1","1",28,108,7890,14063,115,99,14063,31360
"CCTGCTACCTGAGTTG-1","1",28,110,7888,13698,113,99,13698,31362
"TATTGAGCCATTAATT-1","1",28,112,7886,13333,111,99,13333,31364
"GTCTATTAACTCTATG-1","1",28,114,7885,12968,109,99,12968,31365
"TGCGGACGTTGCAGCT-1","1",28,116,7883,12603,107,99,12603,31367
"CACTCGCACTATTAGG-1","1",28,118,7881,12237,105,99,12237,31369
"TAGCGTGGAACGAAGC-1","1",28,120,7879,11872,103,99,11872,31371
"TACGCAGAGTTACGCC-1","1",28,122,7878,11507,101,99,11507,31372
"ACCTCGGATGTACTTC-1","1",28,124,7876,11142,99,99,11142,31374
"GGCATTCATAGGCAGC-1","1",28,126,7874,10777,97,99,10777,31376
"CCTGGCACCATGAGCG-1","0",28,128,7873,10412,95,99,10412,31377
"ATACATTCACGGCCGA-1","0",28,130,7871,10046,93,99,10046,31379
"TAGGCATCACTTCCTG-1","0",28,132,7869,9681,91,99,9681,31381
"CTTCTAACGGACGACA-1","0",28,134,7867,9316,89,99,9316,31383
"TCCAACAGATTCCTTC-1","0",28,136,7866,8951,87,99,8951,31384
"GAGTGCTACGGACGTC-1","0",28,138,7864,8586,85,99,8586,31386
"CTACTGGATCGCACAG-1","0",28,140,7862,8221,83,99,8221,31388
"TCGATCGCTCGATGTC-1","0",28,142,7861,7855,81,99,7855,31389
"CATTGCCAGGTAACTA-1","0",28,144,7859,7490,79,99,7490,31391
"CGTGACAGAACACTTC-1","0",28,146,7857,7125,77,99,7125,31393
"TCCAACTACGGTCCAG-1","0",28,148,7855,6760,75,99,6760,31395
"CCGTATGTTGCACGAT-1","0",28,150,7854,6395,73,99,6395,31396
"AGGTTAATGACCGGAA-1","0",28,152,7852,6030,71,99,6030,31398
"GCAACAGCACGATATT-1","0",28,154,7850,5664,69,99,5664,31400
"AGACTGCGAGATCTAG-1","0",28,156,7849,5299,67,99,5299,31401
"ATACTTAACCATTATC-1","0",28,158,7847,4934,65,99,4934,31403
"TACTAGCGAGGCGGTC-1","0",28,160,7845,4569,63,99,4569,31405
"CAATTGAACTACTCTT-1","0",28,162,7843,4204,61,99,4204,31407
"TCGGCGCAGCCGTCCT-1","0",28,164,7842,3839,59,99,3839,31408
"CGTGAGTCGATTGCCG-1","0",28,166,7840,3473,57,99,3473,31410
"TACGACGTTACTGAAT-1","0",28,168,7838,3108,55,99,3108,31412
"AAGCCTATCTAACCTC-1","0",28,170,7837,2743,53,99,2743,31413
"ATGTACAGTTGTAGTG-1","0",28,172,7835,2378,51,99,2378,31415
"GAGCGATTCTTACTTC-1","0",28,174,7833,2013,49,99,2013,31417
"AATCTATCAGTGAATA-1","0",28,176,7831,1648,47,99,1648,31419
"CTAAGTATGAAGCAGA-1","0",28,178,7830,1283,45,99,1283,31420
"AGATAAGCGTCATAAC-1","0",28,180,7828,917,43,99,917,31422
"CGGTCCTAGAGGCGTT-1","0",28,182,7826,552,41,99,552,31424
"TGCAGACACTCAACAT-1","0",28,184,7825,187,39,99,187,31425
"CGCTGCCATGAAGGCT-1","0",28,186,7823,-178,37,99,-178,31427
"GATGTAGGCGTGCGGA-1","0",28,188,7821,-543,35,99,-543,31429
"ATAGTGCACGCCGGCG-1","0",28,190,7819,-908,33,99,-908,31431
"CTCAGCCTCAGTTCGG-1","0",28,192,7818,-1274,31,99,-1274,31432
"GTGCACCGTGCACGTT-1","0",28,194,7816,-1639,29,99,-1639,31434
"ATTCCGCACGAGCTGG-1","0",28,196,7814,-2004,27,99,-2004,31436
"ACCTTCTATCAATGTC-1","0",28,198,7813,-2369,25,99,-2369,31437
"CGTTCCGAATCCGGAA-1","0",28,200,7811,-2734,23,99,-2734,31439
"GCTAGTGGATTGCGTT-1","0",28,202,7809,-3099,21,99,-3099,31441
"GCCGAGATCCAAGACG-1","0",28,204,7807,-3465,19,99,-3465,31443
"TATTAGAAGGATTAGT-1","0",28,206,7806,-3830,17,99,-3830,31444
"TGCGAAGCTCATCTAC-1","0",28,208,7804,-4195,15,99,-4195,31446
"AGCCGTGACAAGGACG-1","0",28,210,7802,-4560,13,99,-4560,31448
"AGCGGAATTCAGTACA-1","0",28,212,7801,-4925,11,99,-4925,31449
"CACCTACTAGTCACCA-1","0",28,214,7799,-5290,9,99,-5290,31451
"GTGCCGCAATGTTGGC-1","0",28,216,7797,-5656,7,99,-5656,31453
"ACTCACGCGTACTTGA-1","0",28,218,7795,-6021,5,99,-6021,31455
"ACAGGACTCGTCGGAG-1","0",28,220,7794,-6386,3,99,-6386,31456
"ACAGGTGGAACGCCGT-1","0",28,222,7792,-6751,1,99,-6751,31458
"TGAGGTAAGAATTGCG-1","0",29,1,8295,33598,222,98,33598,30955
"AGACTACATAGCTAAT-1","0",29,3,8294,33233,220,98,33233,30956
"CGAGTCGCCAAGCGGA-1","0",29,5,8292,32868,218,98,32868,30958
"ATTCCGGTAAGGACCA-1","0",29,7,8290,32503,216,98,32503,30960
"ACGTAGGTTCTACCAC-1","0",29,9,8289,32138,214,98,32138,30961
"GCAAGTTCGCAACACC-1","0",29,11,8287,31772,212,98,31772,30963
"TCAGTCTGTTATCTCG-1","0",29,13,8285,31407,210,98,31407,30965
"ATGCATGGCTCGCATC-1","0",29,15,8283,31042,208,98,31042,30967
"GTCCGTCAACTTCTAT-1","0",29,17,8282,30677,206,98,30677,30968
"AACGACCAATAACTCA-1","0",29,19,8280,30312,204,98,30312,30970
"GTCTGATTCGTGAGAA-1","0",29,21,8278,29947,202,98,29947,30972
"CTGCCGTTGCTCCGCC-1","0",29,23,8277,29581,200,98,29581,30973
"TGATGGAAGTGACTGC-1","0",29,25,8275,29216,198,98,29216,30975
"AGTGTCTTCACCGGAC-1","0",29,27,8273,28851,196,98,28851,30977
"TGTATGTCTAGTCGAA-1","0",29,29,8271,28486,194,98,28486,30979
"AATCACCTGAAGCACC-1","0",29,31,8270,28121,192,98,28121,30980
"TAGATGTTCTACTTAT-1","0",29,33,8268,27756,190,98,27756,30982
"CATAGAAGGTGGATCC-1","0",29,35,8266,27390,188,98,27390,30984
"AACGCATATGATACCT-1","0",29,37,8265,27025,186,98,27025,30985
"CCTCGCAGTTAATCTG-1","0",29,39,8263,26660,184,98,26660,30987
"ATTCACTAGAAGTAAG-1","1",29,41,8261,26295,182,98,26295,30989
"AGGACTAGGAATGTTA-1","1",29,43,8259,25930,180,98,25930,30991
"CGCTCGAGCGGCCATT-1","1",29,45,8258,25565,178,98,25565,30992
"CTGCGATTGCGGATTC-1","1",29,47,8256,25199,176,98,25199,30994
"TCACCGCTATTAACGT-1","1",29,49,8254,24834,174,98,24834,30996
"CAGCTGAGCACCGCAA-1","1",29,51,8253,24469,172,98,24469,30997
"GTCGTAGTTATCGATA-1","1",29,53,8251,24104,170,98,24104,30999
"TGTCAATGCGAAGGAG-1","1",29,55,8249,23739,168,98,23739,31001
"AATGCGCACTACTCAA-1","1",29,57,8247,23374,166,98,23374,31003
"GAACGCCAACTACAGA-1","1",29,59,8246,23008,164,98,23008,31004
"GCTATCATAGTATGAT-1","1",29,61,8244,22643,162,98,22643,31006
"GTCTGACGAGCGAACA-1","1",29,63,8242,22278,160,98,22278,31008
"ATTCCGTCCTTCGGTA-1","1",29,65,8241,21913,158,98,21913,31009
"AGCGCACTCATGTCTT-1","1",29,67,8239,21548,156,98,21548,31011
"CCTCTATTGCCTGTTC-1","1",29,69,8237,21183,154,98,21183,31013
"TATGTCGGCGGATGGA-1","1",29,71,8235,20817,152,98,20817,31015
"GTCTATGGATAGCTCG-1","1",29,73,8234,20452,150,98,20452,31016
"TCAGATCTGCCAGGTG-1","1",29,75,8232,20087,148,98,20087,31018
"GGCCATAGTGGTTCAG-1","1",29,77,8230,19722,146,98,19722,31020
"CCAGCAGGACCTCCTT-1","1",29,79,8229,19357,144,98,19357,31021
"ATAACGGCGTCAAGAC-1","1",29,81,8227,18992,142,98,18992,31023
"TCATCTATCCAGTTAC-1","1",29,83,8225,18626,140,98,18626,31025
"ACTTGTCGCACTGGCC-1","1",29,85,8223,18261,138,98,18261,31027
"CCGCTCACATTCGACA-1","1",29,87,8222,17896,136,98,17896,31028
"AATAAGTACAGAATTG-1","1",29,89,8220,17531,134,98,17531,31030
"GTTAGGAAGGCGTTCC-1","1",29,91,8218,17166,132,98,17166,31032
"GTTGAACCGAAGCGAT-1","1",29,93,8217,16801,130,98,16801,31033
"GGAGATGTTGGCATCT-1","1",29,95,8215,16435,128,98,16435,31035
"TAGTTCACGCCAACTG-1","1",29,97,8213,16070,126,98,16070,31037
"GGCTCACTCATAACCA-1","1",29,99,8211,15705,124,98,15705,31039
"CTCCAATGACAGACTC-1","1",29,101,8210,15340,122,98,15340,31040
"AATGAATTGTGCACGA-1","1",29,103,8208,14975,120,98,14975,31042
"ACATTCTACTTAGATT-1","1",29,105,8206,14610,118,98,14610,31044
"TACGACTATGCGCATA-1","1",29,107,8205,14244,116,98,14244,31045
"TCTGCAAGGTTATCGC-1","1",29,109,8203,13879,114,98,13879,31047
"GTGCAGGAATTAGCGT-1","1",29,111,8201,13514,112,98,13514,31049
"TACGGAGTGCGGATAG-1","1",29,113,8199,13149,110,98,13149,31051
"AAGGCCGATAGAGTGA-1","1",29,115,8198,12784,108,98,12784,31052
"AACTTCACGTGAACGA-1","1",29,117,8196,12419,106,98,12419,31054
"GCGATTCTTGGCTTGT-1","1",29,119,8194,12053,104,98,12053,31056
"TAGCTTCATTCGGCAA-1","1",29,121,8193,11688,102,98,11688,31057
"CCGCATAGTAATCTCC-1","1",29,123,8191,11323,100,98,11323,31059
"GGCGTGAGCTAGTGCG-1","1",29,125,8189,10958,98,98,10958,31061
"AGACCGAGAACAATGA-1","0",29,127,8187,10593,96,98,10593,31063
"TCGCGGTCTGACCTGT-1","0",29,129,8186,10228,94,98,10228,31064
"GGACCGGAGTCTATTG-1","0",29,131,8184,9862,92,98,9862,31066
"CGGATTGAACCTGTTG-1","0",29,133,8182,9497,90,98,9497,31068
"CTGCGTAGGCATCATT-1","0",29,135,8181,9132,88,98,9132,31069
"AATCAAGCGTATGGTA-1","0",29,137,8179,8767,86,98,8767,31071
"ATCCGTTACAACTGCG-1","0",29,139,8177,8402,84,98,8402,31073
"GCCTCCTGGCCAGTCA-1","0",29,141,8175,8037,82,98,8037,31075
"ATGTTAGTCTGTCCGT-1","0",29,143,8174,7671,80,98,7671,31076
"GACCGTAATCGGAAGC-1","0",29,145,8172,7306,78,98,7306,31078
"ACGTTCGGTTCCGTAC-1","0",29,147,8170,6941,76,98,6941,31080
"TAGTTCACGGTTGTGG-1","0",29,149,8169,6576,74,98,6576,31081
"GGTCTGTTATTGGAGT-1","0",29,151,8167,6211,72,98,6211,31083
"CCATGACAATGGACTT-1","0",29,153,8165,5846,70,98,5846,31085
"AGCTTGGTATCAATGC-1","0",29,155,8163,5480,68,98,5480,31087
"AGACTCCAATCGAGAT-1","0",29,157,8162,5115,66,98,5115,31088
"ACCAAGCCTATTCCTC-1","0",29,159,8160,4750,64,98,4750,31090
"ACTATGGACTAGTTGG-1","0",29,161,8158,4385,62,98,4385,31092
"CCGGCGCATCTTGATG-1","0",29,163,8157,4020,60,98,4020,31093
"GTATCCAGACATGGAG-1","0",29,165,8155,3655,58,98,3655,31095
"ATGCAACTAGATGTCC-1","0",29,167,8153,3289,56,98,3289,31097
"CTATGCCTCCAAGGCA-1","0",29,169,8151,2924,54,98,2924,31099
"CCAACTGAGGCTCGCC-1","0",29,171,8150,2559,52,98,2559,31100
"CCACCGTAAGCATCGT-1","0",29,173,8148,2194,50,98,2194,31102
"CTTAGCCTTCGTATAA-1","0",29,175,8146,1829,48,98,1829,31104
"TGTTATGCCGGTCTGC-1","0",29,177,8145,1464,46,98,1464,31105
"ACTGGTAACGAGCTGC-1","0",29,179,8143,1098,44,98,1098,31107
"GACAACCGCAACGCGG-1","0",29,181,8141,733,42,98,733,31109
"TACCGTGCCGTTGGAC-1","0",29,183,8139,368,40,98,368,31111
"CCGCTGGTCACTAGTA-1","0",29,185,8138,3,38,98,3,31112
"CTATGTGCCGACTACC-1","0",29,187,8136,-362,36,98,-362,31114
"CTGACTATTGGATCTA-1","0",29,189,8134,-727,34,98,-727,31116
"GAATACGGTGCATATT-1","0",29,191,8133,-1093,32,98,-1093,31117
"TCACTACATACGAGAA-1","0",29,193,8131,-1458,30,98,-1458,31119
"ATCCACCGAGCGTGAA-1","0",29,195,8129,-1823,28,98,-1823,31121
"GCGAGCAGGATTCACT-1","0",29,197,8127,-2188,26,98,-2188,31123
"GTAGCAACGCTTAATC-1","0",29,199,8126,-2553,24,98,-2553,31124
"TGAGGTGGATTACGTG-1","0",29,201,8124,-2918,22,98,-2918,31126
"CCGGCAGCTCTAGGAT-1","0",29,203,8122,-3284,20,98,-3284,31128
"GACGCTCGAGGAGTGC-1","0",29,205,8121,-3649,18,98,-3649,31129
"CGACATTGCTTAAGTA-1","0",29,207,8119,-4014,16,98,-4014,31131
"GGTTGACAAGGTGCCG-1","0",29,209,8117,-4379,14,98,-4379,31133
"GTTGTCAACTCAGAAT-1","0",29,211,8115,-4744,12,98,-4744,31135
"TGTACTCGGATACTCA-1","0",29,213,8114,-5109,10,98,-5109,31136
"AATGGTTAGACTGTAA-1","0",29,215,8112,-5475,8,98,-5475,31138
"GTCGTGCTCGAATAAG-1","0",29,217,8110,-5840,6,98,-5840,31140
"TCACCGAGCAAGGCAG-1","0",29,219,8109,-6205,4,98,-6205,31141
"CGGAGGCGCCAGTAAC-1","0",29,221,8107,-6570,2,98,-6570,31143
"TAGACCACAGATGGTT-1","0",29,223,8105,-6935,0,98,-6935,31145
"CGCTAGACGGTCACAA-1","0",30,0,8614,33779,223,97,33779,30636
"ATTATCGTTCGTCACT-1","0",30,2,8612,33414,221,97,33414,30638
"CTCGGAGGAAGAACAG-1","0",30,4,8610,33049,219,97,33049,30640
"ACAATGAACACGTCAA-1","0",30,6,8609,32684,217,97,32684,30641
"TCCTTCGGTACGCATC-1","0",30,8,8607,32319,215,97,32319,30643
"AGCAAGTCGCAACTCC-1","0",30,10,8605,31953,213,97,31953,30645
"GTTGTCCTGGCGATGA-1","0",30,12,8604,31588,211,97,31588,30646
"AATAGTACTATTGGAC-1","0",30,14,8602,31223,209,97,31223,30648
"GTTCGAGTGGCCAACA-1","0",30,16,8600,30858,207,97,30858,30650
"TACCTCGATGAACTGC-1","0",30,18,8599,30493,205,97,30493,30651
"CTAGACCTCGTCGGCC-1","0",30,20,8597,30128,203,97,30128,30653
"GCGATGACGCTTCTTA-1","0",30,22,8595,29762,201,97,29762,30655
"AGTCGGCCGAGGTCTA-1","0",30,24,8593,29397,199,97,29397,30657
"CTGCATGTATCGGTGC-1","0",30,26,8592,29032,197,97,29032,30658
"AGTAGAAGACGAAGCA-1","0",30,28,8590,28667,195,97,28667,30660
"TGGTGCAGTTCTGAAT-1","0",30,30,8588,28302,193,97,28302,30662
"AGCGGTGCGAACGCGT-1","0",30,32,8587,27937,191,97,27937,30663
"CGCCTTACGCGGCACC-1","0",30,34,8585,27571,189,97,27571,30665
"TGTATGCCGCCTCCTT-1","0",30,36,8583,27206,187,97,27206,30667
"TCCTTCGTGGCCGAAT-1","0",30,38,8581,26841,185,97,26841,30669
"GAGCTCGAGGAAGACT-1","0",30,40,8580,26476,183,97,26476,30670
"CTTAGACACGAAGTTA-1","1",30,42,8578,26111,181,97,26111,30672
"ATTAAGAACTAGTACA-1","1",30,44,8576,25746,179,97,25746,30674
"CATCTGAACGGTGAAG-1","1",30,46,8575,25380,177,97,25380,30675
"TGCAGAACAATAACGC-1","1",30,48,8573,25015,175,97,25015,30677
"TGCAGACGAGGCCTGT-1","1",30,50,8571,24650,173,97,24650,30679
"CAGACGGTAGGTCTCA-1","1",30,52,8569,24285,171,97,24285,30681
"TCTGTTCTATAAGAAT-1","1",30,54,8568,23920,169,97,23920,30682
"TAACAGCAGTGCGTGG-1","1",30,56,8566,23555,167,97,23555,30684
"ACGTTAATGTTATCCG-1","1",30,58,8564,23190,165,97,23190,30686
"GCACAGGCAAGGTTCT-1","1",30,60,8563,22824,163,97,22824,30687
"GGATCAGAGCACTAAT-1","1",30,62,8561,22459,161,97,22459,30689
"TCATTGATAGTTAAGG-1","1",30,64,8559,22094,159,97,22094,30691
"CTTGAGTACCAATGAG-1","1",30,66,8557,21729,157,97,21729,30693
"TCTAGAGGATCCGTCA-1","1",30,68,8556,21364,155,97,21364,30694
"GCGAATTGATGTCCGC-1","1",30,70,8554,20999,153,97,20999,30696
"CAGAACGAACTTGGTA-1","1",30,72,8552,20633,151,97,20633,30698
"GTTAGTTCCACCTCGG-1","1",30,74,8551,20268,149,97,20268,30699
"GATCCACTACCTGCGG-1","1",30,76,8549,19903,147,97,19903,30701
"AGGATTCCGGCTCGGC-1","1",30,78,8547,19538,145,97,19538,30703
"TCCAACTTCTGAAGGC-1","1",30,80,8545,19173,143,97,19173,30705
"GTAGAAGTTGGTTCCT-1","1",30,82,8544,18808,141,97,18808,30706
"CTTCGATCGGTACAGG-1","1",30,84,8542,18442,139,97,18442,30708
"AACGAGAATGAATTAT-1","1",30,86,8540,18077,137,97,18077,30710
"GGACGTCGCTAGACGC-1","1",30,88,8539,17712,135,97,17712,30711
"TCTAACAAGGTAGATA-1","1",30,90,8537,17347,133,97,17347,30713
"CCAGCGTACGTCCAAC-1","1",30,92,8535,16982,131,97,16982,30715
"AAGGTGAAGAACGCAC-1","1",30,94,8533,16617,129,97,16617,30717
"TGAGGTAATGAATCAT-1","1",30,96,8532,16251,127,97,16251,30718
"AGGATCAAGAGGTTGT-1","1",30,98,8530,15886,125,97,15886,30720
"GACGAGCTGGAAGAGG-1","1",30,100,8528,15521,123,97,15521,30722
"GGTCCTGAATCTTACT-1","1",30,102,8527,15156,121,97,15156,30723
"AATACGGCGAGTGCTC-1","1",30,104,8525,14791,119,97,14791,30725
"AGGTTAACAGTGGCAC-1","1",30,106,8523,14426,117,97,14426,30727
"TGGTCATGCTTCGCCA-1","1",30,108,8521,14060,115,97,14060,30729
"AACTGCCGATGAACTT-1","1",30,110,8520,13695,113,97,13695,30730
"CCTCACTCTGCACTTC-1","1",30,112,8518,13330,111,97,13330,30732
"ATCAGAATGCTGAGAA-1","1",30,114,8516,12965,109,97,12965,30734
"TGCAGAGCTTCTGCTA-1","1",30,116,8515,12600,107,97,12600,30735
"TCGGCGGACTGAAGCT-1","1",30,118,8513,12235,105,97,12235,30737
"CTAACTGCATCTTACT-1","1",30,120,8511,11869,103,97,11869,30739
"TCGGCGGTGGCGGTAC-1","1",30,122,8509,11504,101,97,11504,30741
"CACTGGAATGAAGTTA-1","1",30,124,8508,11139,99,97,11139,30742
"GAGGTAGTCACGAGGA-1","0",30,126,8506,10774,97,97,10774,30744
"AGTATTGGCGAGCCTC-1","0",30,128,8504,10409,95,97,10409,30746
"AGACCGGACTTCTGAG-1","0",30,130,8503,10044,93,97,10044,30747
"CATGGTGCTACAACCA-1","0",30,132,8501,9678,91,97,9678,30749
"TCCAACAGTTCTGTCC-1","0",30,134,8499,9313,89,97,9313,30751
"CCACTGTAGGAAGGTT-1","0",30,136,8497,8948,87,97,8948,30753
"CCATTCGCTGATCCAT-1","0",30,138,8496,8583,85,97,8583,30754
"CCGGATGGTTCCTAGT-1","0",30,140,8494,8218,83,97,8218,30756
"ATCTTATCTAGATGAA-1","0",30,142,8492,7853,81,97,7853,30758
"AGTGCTGTATCGGACA-1","0",30,144,8491,7487,79,97,7487,30759
"TAGACATTACGGAGCA-1","0",30,146,8489,7122,77,97,7122,30761
"AATTCTTGGAGCGAAC-1","0",30,148,8487,6757,75,97,6757,30763
"TAATCAAGTTGACCTC-1","0",30,150,8485,6392,73,97,6392,30765
"CGGACGAGAACCGCCT-1","0",30,152,8484,6027,71,97,6027,30766
"CTCACCGACATTAGTT-1","0",30,154,8482,5662,69,97,5662,30768
"TCTACAGACGATCTGA-1","0",30,156,8480,5296,67,97,5296,30770
"ACCATCTACATCAGGT-1","0",30,158,8479,4931,65,97,4931,30771
"TAGCGTCTGCAGACGC-1","0",30,160,8477,4566,63,97,4566,30773
"CGAGTCCGCACTAACA-1","0",30,162,8475,4201,61,97,4201,30775
"ACAGCCAGATAGTTAC-1","0",30,164,8473,3836,59,97,3836,30777
"CAGGCCATCGATTATC-1","0",30,166,8472,3471,57,97,3471,30778
"ATAATTGTGCCATGTT-1","0",30,168,8470,3105,55,97,3105,30780
"TGGCATCATTGGTAAG-1","0",30,170,8468,2740,53,97,2740,30782
"GACGTTACAATAGTAT-1","0",30,172,8467,2375,51,97,2375,30783
"GTTAGGTCTATTACGT-1","0",30,174,8465,2010,49,97,2010,30785
"AGCGTGATGCGATGCA-1","0",30,176,8463,1645,47,97,1645,30787
"TAGCTATGAACAGGCC-1","0",30,178,8461,1280,45,97,1280,30789
"AGTGTCACTAATCATG-1","0",30,180,8460,914,43,97,914,30790
"CAGATCATGTGAATTC-1","0",30,182,8458,549,41,97,549,30792
"AATAACATCCATGTGG-1","0",30,184,8456,184,39,97,184,30794
"GTCAGCCTGTCGACTT-1","0",30,186,8455,-181,37,97,-181,30795
"TAGGCTAGATACTCAC-1","0",30,188,8453,-546,35,97,-546,30797
"TACAAGTGCTATGGAT-1","0",30,190,8451,-911,33,97,-911,30799
"ACCATCGGTCACGGCA-1","0",30,192,8449,-1277,31,97,-1277,30801
"AATAACTCACCTGTCG-1","0",30,194,8448,-1642,29,97,-1642,30802
"TCGCCGCTGGAAGCTC-1","0",30,196,8446,-2007,27,97,-2007,30804
"ATTGCCGATTGTCGTG-1","0",30,198,8444,-2372,25,97,-2372,30806
"ACGACAATGTCGGTGG-1","0",30,200,8443,-2737,23,97,-2737,30807
"ATCGCCGTTGGAATAA-1","0",30,202,8441,-3102,21,97,-3102,30809
"CTACAGGTCGGCATCT-1","0",30,204,8439,-3468,19,97,-3468,30811
"TCGCCTTATGGTGACG-1","0",30,206,8437,-3833,17,97,-3833,30813
"GTAACATGTATCCATA-1","0",30,208,8436,-4198,15,97,-4198,30814
"GGCCGACCATCATACA-1","0",30,210,8434,-4563,13,97,-4563,30816
"GTATGTGCCGACGGAT-1","0",30,212,8432,-4928,11,97,-4928,30818
"TCACTGTCGCACGATA-1","0",30,214,8431,-5293,9,97,-5293,30819
"ATGTACTTACCGGTCT-1","0",30,216,8429,-5659,7,97,-5659,30821
"TCAAGGAAGAGCACAA-1","0",30,218,8427,-6024,5,97,-6024,30823
"CCATTCCGGTATCTGG-1","0",30,220,8425,-6389,3,97,-6389,30825
"TCAAGGACAGCGGACT-1","0",30,222,8424,-6754,1,97,-6754,30826
"AGCGTGATTCACCTGA-1","0",31,1,8927,33595,222,96,33595,30323
"CAGTTGACAGCTATCG-1","0",31,3,8925,33230,220,96,33230,30325
"CGATGATCGTGGAAGG-1","0",31,5,8924,32865,218,96,32865,30326
"GATGCCAATTCTGCAA-1","0",31,7,8922,32500,216,96,32500,30328
"TCTACACTGACTGACC-1","0",31,9,8920,32135,214,96,32135,30330
"GGCGCAATTCATTCGC-1","0",31,11,8919,31769,212,96,31769,30331
"GCTGGTGACAAGCACG-1","0",31,13,8917,31404,210,96,31404,30333
"GGTTACAACTGTACTG-1","0",31,15,8915,31039,208,96,31039,30335
"TCTGTACTGCATTCTG-1","0",31,17,8913,30674,206,96,30674,30337
"GAACCTAATGTCCAAC-1","0",31,19,8912,30309,204,96,30309,30338
"GGTACCTTGACTATTA-1","0",31,21,8910,29944,202,96,29944,30340
"TCCGTAAGATAGGCTG-1","0",31,23,8908,29578,200,96,29578,30342
"CGAGGCACTCTATCAT-1","0",31,25,8907,29213,198,96,29213,30343
"CTAGCGGAGCGGTACC-1","0",31,27,8905,28848,196,96,28848,30345
"CAAGTAAGGCGTCCTA-1","0",31,29,8903,28483,194,96,28483,30347
"TAACATAGGAGCACCT-1","0",31,31,8901,28118,192,96,28118,30349
"CTCGATTCTTCACGCC-1","0",31,33,8900,27753,190,96,27753,30350
"GAGTTCGCCACGACGC-1","0",31,35,8898,27387,188,96,27387,30352
"ATGGATCTGTGATCAG-1","0",31,37,8896,27022,186,96,27022,30354
"AACACCAGCCTACTCG-1","0",31,39,8895,26657,184,96,26657,30355
"CTGAATTCAGCCGGAG-1","0",31,41,8893,26292,182,96,26292,30357
"AGGACGTCTTCGTGAG-1","1",31,43,8891,25927,180,96,25927,30359
"CTTCATGCGATATGCC-1","1",31,45,8889,25562,178,96,25562,30361
"ATTGGCAGTACACGCA-1","1",31,47,8888,25196,176,96,25196,30362
"AGGAATGGTAGACGCA-1","1",31,49,8886,24831,174,96,24831,30364
"CAGACGCTGCGAGCGA-1","1",31,51,8884,24466,172,96,24466,30366
"GCTCTGTTATACTATC-1","1",31,53,8883,24101,170,96,24101,30367
"TGGACTTACGAGAAGC-1","1",31,55,8881,23736,168,96,23736,30369
"TGCATAATGGTAATTA-1","1",31,57,8879,23371,166,96,23371,30371
"CGCCGTCTCGTTGCTC-1","1",31,59,8877,23005,164,96,23005,30373
"GATTAGTAACCGCTTG-1","1",31,61,8876,22640,162,96,22640,30374
"AGGAATTAAGCTCGAT-1","1",31,63,8874,22275,160,96,22275,30376
"GTCGTGCTACGCGTGC-1","1",31,65,8872,21910,158,96,21910,30378
"CGTGGCCTAGTCTTCG-1","1",31,67,8871,21545,156,96,21545,30379
"ATAACGGCGTCCTCGT-1","1",31,69,8869,21180,154,96,21180,30381
"TAAGAAGTTATGCGTG-1","1",31,71,8867,20814,152,96,20814,30383
"CTACGCGGCTATTGAG-1","1",31,73,8865,20449,150,96,20449,30385
"GCTTCTACCGGTTAAG-1","1",31,75,8864,20084,148,96,20084,30386
"CCTCTATTAATACCGA-1","1",31,77,8862,19719,146,96,19719,30388
"TGGTACTCCTCATGTT-1","1",31,79,8860,19354,144,96,19354,30390
"CTATCGGCAACATTGG-1","1",31,81,8859,18989,142,96,18989,30391
"CTTACGAACCTGCGAG-1","1",31,83,8857,18623,140,96,18623,30393
"GTAACACTTATGTCGT-1","1",31,85,8855,18258,138,96,18258,30395
"ACGCCGGCGAATCTCC-1","1",31,87,8853,17893,136,96,17893,30397
"CGGCACTTATACCTGT-1","1",31,89,8852,17528,134,96,17528,30398
"TCTTGCTAACGCCTTA-1","1",31,91,8850,17163,132,96,17163,30400
"GACTCGGCATCTGAAC-1","1",31,93,8848,16798,130,96,16798,30402
"ATCCACGATACTATGT-1","1",31,95,8847,16432,128,96,16432,30403
"ATAGCACCTCGCGGCC-1","1",31,97,8845,16067,126,96,16067,30405
"CCTAATCCACTCTTGT-1","1",31,99,8843,15702,124,96,15702,30407
"GTTGCTTAATCAGCCT-1","1",31,101,8841,15337,122,96,15337,30409
"TAGCGTAACTATACGG-1","1",31,103,8840,14972,120,96,14972,30410
"CCTCACGTCCGAGTGG-1","1",31,105,8838,14607,118,96,14607,30412
"CAAGTATCATACTCGG-1","1",31,107,8836,14241,116,96,14241,30414
"GCCAGTAGATTCTGTA-1","1",31,109,8835,13876,114,96,13876,30415
"TACGGACCTAATTACG-1","1",31,111,8833,13511,112,96,13511,30417
"TCGCTAGATGTACAGT-1","1",31,113,8831,13146,110,96,13146,30419
"CTCGGTTAATTGGTTC-1","1",31,115,8829,12781,108,96,12781,30421
"AGGTCCGCCTGGTACT-1","1",31,117,8828,12416,106,96,12416,30422
"GCAGATAGTGCCATGC-1","1",31,119,8826,12050,104,96,12050,30424
"ATACATGCACGGTAAC-1","1",31,121,8824,11685,102,96,11685,30426
"CTGAATGTCTGTCTAA-1","1",31,123,8823,11320,100,96,11320,30427
"TAGGCAGAGTTCAGAT-1","0",31,125,8821,10955,98,96,10955,30429
"ATCGATGAAGCTGAAC-1","0",31,127,8819,10590,96,96,10590,30431
"AGCGTGTCAATGCGGC-1","0",31,129,8817,10225,94,96,10225,30433
"GGTAGCCTGCATAGCG-1","0",31,131,8816,9859,92,96,9859,30434
"TCCGCTGTGCTTAGGT-1","0",31,133,8814,9494,90,96,9494,30436
"CTGGCCATCCGCTAAC-1","0",31,135,8812,9129,88,96,9129,30438
"GCCAGATGAGACAGTG-1","0",31,137,8811,8764,86,96,8764,30439
"TGCCTACTGCGGAATG-1","0",31,139,8809,8399,84,96,8399,30441
"TAACAGACGCACTTGA-1","0",31,141,8807,8034,82,96,8034,30443
"CTAAGTATCCTTGGTT-1","0",31,143,8805,7668,80,96,7668,30445
"AACTTGGTGATATTCT-1","0",31,145,8804,7303,78,96,7303,30446
"TAAGCCATGTGGCTTA-1","0",31,147,8802,6938,76,96,6938,30448
"CTACTGGCGGCTCCTG-1","0",31,149,8800,6573,74,96,6573,30450
"GAGTCTATGTTAACGA-1","0",31,151,8799,6208,72,96,6208,30451
"AGCCTCTGCAGACGTG-1","0",31,153,8797,5843,70,96,5843,30453
"GTAATATTCCAGACAA-1","0",31,155,8795,5477,68,96,5477,30455
"TCACTATGCAAGGTCT-1","0",31,157,8793,5112,66,96,5112,30457
"TCCTCAGTCCAGATTG-1","0",31,159,8792,4747,64,96,4747,30458
"CCTCACGTACCGCTTC-1","0",31,161,8790,4382,62,96,4382,30460
"GGTAGGAAGATATTAA-1","0",31,163,8788,4017,60,96,4017,30462
"ATGTCGAGTCACTACA-1","0",31,165,8787,3652,58,96,3652,30463
"CTACAGCACGACTCAC-1","0",31,167,8785,3286,56,96,3286,30465
"GGACGTGGATCGCTAC-1","0",31,169,8783,2921,54,96,2921,30467
"TCATAATCTTAGGACC-1","0",31,171,8781,2556,52,96,2556,30469
"GTCTATTCGTTACAAT-1","0",31,173,8780,2191,50,96,2191,30470
"GTGACATACCGTTAGC-1","0",31,175,8778,1826,48,96,1826,30472
"TGTATCTATTCCGCAG-1","0",31,177,8776,1461,46,96,1461,30474
"CTAGCACTCGGAAGGA-1","0",31,179,8775,1095,44,96,1095,30475
"GACGAGGTGAGGTTGC-1","0",31,181,8773,730,42,96,730,30477
"CCGCGTTGCATGAGTT-1","0",31,183,8771,365,40,96,365,30479
"TACACTACATTCTTGT-1","0",31,185,8769,0,38,96,0,30481
"CTGCCGATGCGTGGTC-1","0",31,187,8768,-365,36,96,-365,30482
"CCGTAAGCAGGTCAGT-1","0",31,189,8766,-730,34,96,-730,30484
"GGAGCCGGCGACATAA-1","0",31,191,8764,-1096,32,96,-1096,30486
"TCAACCTGAGATAACA-1","0",31,193,8763,-1461,30,96,-1461,30487
"ATACTAATTGTCCGCC-1","0",31,195,8761,-1826,28,96,-1826,30489
"GCGTACCATGCCAGAT-1","0",31,197,8759,-2191,26,96,-2191,30491
"CGAGGTTCGGTAGCGT-1","0",31,199,8757,-2556,24,96,-2556,30493
"TAAGAACGGCAGGTGC-1","0",31,201,8756,-2921,22,96,-2921,30494
"CGCTTAGACTCGTGTC-1","0",31,203,8754,-3287,20,96,-3287,30496
"CCTAATCGGAGGTACT-1","0",31,205,8752,-3652,18,96,-3652,30498
"AACCATGAGGCGCCAA-1","0",31,207,8751,-4017,16,96,-4017,30499
"TGACGCTAGATCTGAG-1","0",31,209,8749,-4382,14,96,-4382,30501
"TGCGTTACATAGCGAG-1","0",31,211,8747,-4747,12,96,-4747,30503
"CCGCAATGTCTTAGCG-1","0",31,213,8745,-5112,10,96,-5112,30505
"GTAACATATGTCGACC-1","0",31,215,8744,-5478,8,96,-5478,30506
"CTATCCACAGTGTACT-1","0",31,217,8742,-5843,6,96,-5843,30508
"CATTCTACTCCATCCT-1","0",31,219,8740,-6208,4,96,-6208,30510
"CGTTCTCGTACTATAG-1","0",31,221,8739,-6573,2,96,-6573,30511
"ATCAGAGGCATAAGTA-1","0",31,223,8737,-6938,0,96,-6938,30513
"CGAGTCTTACGGAGGT-1","0",32,0,9246,33776,223,95,33776,30004
"TATGTACTATGCGTGA-1","0",32,2,9244,33411,221,95,33411,30006
"AGCCTCGGTAATCCAA-1","0",32,4,9242,33046,219,95,33046,30008
"GAGTTCCTGCTCCTTG-1","0",32,6,9241,32681,217,95,32681,30009
"AGTATTGACTCGTCAT-1","0",32,8,9239,32316,215,95,32316,30011
"TGCTTAGATCACAGTA-1","0",32,10,9237,31951,213,95,31951,30013
"TATGACTTCATCAATC-1","0",32,12,9235,31585,211,95,31585,30015
"AGTTCGACCACTAAGG-1","0",32,14,9234,31220,209,95,31220,30016
"AGAAGCAGTCACCATA-1","0",32,16,9232,30855,207,95,30855,30018
"TCTAAGGTGCACGGCG-1","0",32,18,9230,30490,205,95,30490,30020
"AGCGCTTACCGTGCTG-1","0",32,20,9229,30125,203,95,30125,30021
"AGATAAGTCCTTGAAT-1","0",32,22,9227,29760,201,95,29760,30023
"CTACGATGTACTTAGG-1","0",32,24,9225,29394,199,95,29394,30025
"GATCCACCGATTGGTG-1","0",32,26,9223,29029,197,95,29029,30027
"AGGTTCCGCAACTGTT-1","0",32,28,9222,28664,195,95,28664,30028
"TGCTAATAACTTAGAA-1","0",32,30,9220,28299,193,95,28299,30030
"TATCACCGACCGGTCT-1","0",32,32,9218,27934,191,95,27934,30032
"ATACTGTTAACAAGAC-1","0",32,34,9217,27569,189,95,27569,30033
"GTGCTCGATCCTCGCT-1","0",32,36,9215,27203,187,95,27203,30035
"CCGTTGTAACGAAGTA-1","0",32,38,9213,26838,185,95,26838,30037
"CAAGGTCATTGTGAGG-1","0",32,40,9211,26473,183,95,26473,30039
"CTATTCCTAATTAGAT-1","0",32,42,9210,26108,181,95,26108,30040
"GTAGCGTAGGATAGTG-1","1",32,44,9208,25743,179,95,25743,30042
"TATGACCTACGCTCGC-1","1",32,46,9206,25378,177,95,25378,30044
"CACTTACTCGTGGTCG-1","1",32,48,9205,25012,175,95,25012,30045
"ATAAGAGCAACCATGT-1","1",32,50,9203,24647,173,95,24647,30047
"GGCAGCGACCTACGTT-1","1",32,52,9201,24282,171,95,24282,30049
"TCACATCTAACGTGTT-1","1",32,54,9199,23917,169,95,23917,30051
"CTTACGGATAGCACTA-1","1",32,56,9198,23552,167,95,23552,30052
"TCACCTGGTGCCTGGA-1","1",32,58,9196,23187,165,95,23187,30054
"AATTATAGATTGTCAC-1","1",32,60,9194,22821,163,95,22821,30056
"TCTATTACCTAGGACG-1","1",32,62,9193,22456,161,95,22456,30057
"CAGAGCGGCAGGAATC-1","1",32,64,9191,22091,159,95,22091,30059
"TGGTCTCATTCGGAGG-1","1",32,66,9189,21726,157,95,21726,30061
"GCATTGGTGATCATAA-1","1",32,68,9187,21361,155,95,21361,30063
"GCCTGGATGCACCGGC-1","1",32,70,9186,20996,153,95,20996,30064
"TCTTACATCGATACTG-1","1",32,72,9184,20630,151,95,20630,30066
"CTTACGATTCTGGTTA-1","1",32,74,9182,20265,149,95,20265,30068
"GATCGTTGTACTTGAG-1","1",32,76,9181,19900,147,95,19900,30069
"TATCATACGTAGAATC-1","1",32,78,9179,19535,145,95,19535,30071
"CTCGATCGGATGCTAT-1","1",32,80,9177,19170,143,95,19170,30073
"TCGTCATCCATTCTCA-1","1",32,82,9175,18805,141,95,18805,30075
"ATTCGGAAGCGTAACA-1","1",32,84,9174,18439,139,95,18439,30076
"TGAGTTCCGGATCCTT-1","1",32,86,9172,18074,137,95,18074,30078
"CTATGTAGAACTATAA-1","1",32,88,9170,17709,135,95,17709,30080
"GGACGTAGCGTACGCA-1","1",32,90,9169,17344,133,95,17344,30081
"CAATTGACGTTATGGA-1","1",32,92,9167,16979,131,95,16979,30083
"GTAGGACTTGATAATT-1","1",32,94,9165,16614,129,95,16614,30085
"TGCGTTAGTACACGAC-1","1",32,96,9163,16248,127,95,16248,30087
"CTCAGGCAGGAACGTG-1","1",32,98,9162,15883,125,95,15883,30088
"TGTATCCGATAATTAC-1","1",32,100,9160,15518,123,95,15518,30090
"ACGTTAGTTACACCAA-1","1",32,102,9158,15153,121,95,15153,30092
"GGTCGCTGACCGTTCA-1","1",32,104,9157,14788,119,95,14788,30093
"GTCGGCACGCGACGCT-1","1",32,106,9155,14423,117,95,14423,30095
"TCGGAGATTCCGTCCG-1","1",32,108,9153,14057,115,95,14057,30097
"CCGGCATAATACAAGG-1","1",32,110,9151,13692,113,95,13692,30099
"TAAGCCTGAACTGTGA-1","1",32,112,9150,13327,111,95,13327,30100
"CTCATATGCACCGTCT-1","1",32,114,9148,12962,109,95,12962,30102
"GCGTGCGAGTTACTAA-1","1",32,116,9146,12597,107,95,12597,30104
"ACTGACTCCGTGATCA-1","1",32,118,9145,12232,105,95,12232,30105
"ATCTACAGATGGATAG-1","1",32,120,9143,11866,103,95,11866,30107
"CACGGCTCAGTGAACA-1","1",32,122,9141,11501,101,95,11501,30109
"GAGCGACGGCTAACCT-1","1",32,124,9139,11136,99,95,11136,30111
"TCATAGATGATCTGCC-1","0",32,126,9138,10771,97,95,10771,30112
"ACTTGATTAACTCCTA-1","0",32,128,9136,10406,95,95,10406,30114
"AACGCTCGTGCTGTGA-1","0",32,130,9134,10041,93,95,10041,30116
"GGATCTTGCAACGAAT-1","0",32,132,9133,9675,91,95,9675,30117
"GGTTCAAGCAGTTAGG-1","0",32,134,9131,9310,89,95,9310,30119
"ATTAGATCACTCCGTG-1","0",32,136,9129,8945,87,95,8945,30121
"TAAGAACGTTGAGGTC-1","0",32,138,9127,8580,85,95,8580,30123
"GCCGGCGAAGTGATGG-1","0",32,140,9126,8215,83,95,8215,30124
"CGTCGGTCAACGCTTG-1","0",32,142,9124,7850,81,95,7850,30126
"GTCTATGTGGAGTCGT-1","0",32,144,9122,7484,79,95,7484,30128
"GATCCAAGTCCTACGC-1","0",32,146,9121,7119,77,95,7119,30129
"CAGCGAGTGGTATGAT-1","0",32,148,9119,6754,75,95,6754,30131
"TGCTTATGCGAACGTC-1","0",32,150,9117,6389,73,95,6389,30133
"CTATCGCATCACAAGG-1","0",32,152,9115,6024,71,95,6024,30135
"AATAACCACGCTGTAT-1","0",32,154,9114,5659,69,95,5659,30136
"TATGTTCCTTACAGTT-1","0",32,156,9112,5293,67,95,5293,30138
"GTCCAGTTCGCAATAA-1","0",32,158,9110,4928,65,95,4928,30140
"CGGTCTGCGGAAGACC-1","0",32,160,9109,4563,63,95,4563,30141
"CCAATCCAACGATATC-1","0",32,162,9107,4198,61,95,4198,30143
"ACTCAGTGTCGTATGT-1","0",32,164,9105,3833,59,95,3833,30145
"GGTTGCACGGCCATCA-1","0",32,166,9103,3468,57,95,3468,30147
"GGACAGGTAGGACTTG-1","0",32,168,9102,3102,55,95,3102,30148
"TGAGCACGTACCGCTA-1","0",32,170,9100,2737,53,95,2737,30150
"AACTATTCAGGATGTT-1","0",32,172,9098,2372,51,95,2372,30152
"TCAATCCGGCTGTATG-1","0",32,174,9097,2007,49,95,2007,30153
"TCCGTGTCCATGACGC-1","0",32,176,9095,1642,47,95,1642,30155
"AACTGGATTCCAAGGC-1","0",32,178,9093,1277,45,95,1277,30157
"TCCGAACCGTCCTAAG-1","0",32,180,9091,911,43,95,911,30159
"CACTGGCTTGCGATTG-1","0",32,182,9090,546,41,95,546,30160
"CTAGCATATCACAGTC-1","0",32,184,9088,181,39,95,181,30162
"AACTCGCTTAGCTGCC-1","0",32,186,9086,-184,37,95,-184,30164
"TCTGATCCAATTGTGA-1","0",32,188,9085,-549,35,95,-549,30165
"CGCTTCCGTGACTCTG-1","0",32,190,9083,-914,33,95,-914,30167
"AAGCCACTCAGGCAGA-1","0",32,192,9081,-1280,31,95,-1280,30169
"GGCGACCTCCAACAGG-1","0",32,194,9079,-1645,29,95,-1645,30171
"GAATAGTTCAGTGCGA-1","0",32,196,9078,-2010,27,95,-2010,30172
"CTTCGTAACAGGCCTC-1","0",32,198,9076,-2375,25,95,-2375,30174
"TCACCGCTGCTCAGTT-1","0",32,200,9074,-2740,23,95,-2740,30176
"AGCTCAGGCCTTAAGA-1","0",32,202,9073,-3105,21,95,-3105,30177
"CAGTACAGGTGGCTAT-1","0",32,204,9071,-3471,19,95,-3471,30179
"TGAATGGATCCTCAGT-1","0",32,206,9069,-3836,17,95,-3836,30181
"GTTCATTGCAATAGAT-1","0",32,208,9067,-4201,15,95,-4201,30183
"TGTTCACCGAGCGATG-1","0",32,210,9066,-4566,13,95,-4566,30184
"TACAGATCCTCATGAG-1","0",32,212,9064,-4931,11,95,-4931,30186
"ACTCGAGTAGTCACTC-1","0",32,214,9062,-5296,9,95,-5296,30188
"GTCATGCGCTCCAACA-1","0",32,216,9061,-5662,7,95,-5662,30189
"ATTAGAAGGCGTTCCT-1","0",32,218,9059,-6027,5,95,-6027,30191
"TACCGTGCAGTCGATA-1","0",32,220,9057,-6392,3,95,-6392,30193
"CACCGCACGATCCGCA-1","0",32,222,9055,-6757,1,95,-6757,30195
"TAGACGGAAGCGAATA-1","0",33,1,9559,33592,222,94,33592,29691
"TGAGCTCCAGGCCTGC-1","0",33,3,9557,33227,220,94,33227,29693
"ATGTAGACCAGTTAAG-1","0",33,5,9555,32862,218,94,32862,29695
"ACTGAGACATACAGCA-1","0",33,7,9554,32497,216,94,32497,29696
"GGCGGAGTTGTATGCG-1","0",33,9,9552,32132,214,94,32132,29698
"CGATGGCAGCCGACCA-1","0",33,11,9550,31766,212,94,31766,29700
"GCAACATACAAGATAC-1","0",33,13,9549,31401,210,94,31401,29701
"CAATGGATACGCTCGA-1","0",33,15,9547,31036,208,94,31036,29703
"AAGGACCTCGGACCGG-1","0",33,17,9545,30671,206,94,30671,29705
"CCTATGATGGCGGACC-1","0",33,19,9543,30306,204,94,30306,29707
"GAGGTGAGATTCGCGA-1","0",33,21,9542,29941,202,94,29941,29708
"GACGGTTGACTCAGGA-1","0",33,23,9540,29575,200,94,29575,29710
"TCGGCGAATTGCACTA-1","0",33,25,9538,29210,198,94,29210,29712
"AGTGGTAACCGAGCGG-1","0",33,27,9537,28845,196,94,28845,29713
"TCCGTGTCAATCGGTC-1","0",33,29,9535,28480,194,94,28480,29715
"GAGTTCAGAACATACT-1","0",33,31,9533,28115,192,94,28115,29717
"ATGTCTGGCCTCTGTT-1","0",33,33,9531,27750,190,94,27750,29719
"CGAGATCATTACATTC-1","0",33,35,9530,27384,188,94,27384,29720
"CATCCGTATGTAACAA-1","0",33,37,9528,27019,186,94,27019,29722
"TCACGATAAGGACACG-1","0",33,39,9526,26654,184,94,26654,29724
"ATTATCACTTACAGTG-1","0",33,41,9525,26289,182,94,26289,29725
"ATTCGTGCCAGGCAAT-1","0",33,43,9523,25924,180,94,25924,29727
"TCAGCTATGGCGAGTA-1","1",33,45,9521,25559,178,94,25559,29729
"TACACTAGTGCGAGTT-1","1",33,47,9519,25193,176,94,25193,29731
"TGATAGCCGGAAGCAG-1","1",33,49,9518,24828,174,94,24828,29732
"ACTCGTGGTTGGACGG-1","1",33,51,9516,24463,172,94,24463,29734
"ACGTTATGCGTCCGAG-1","1",33,53,9514,24098,170,94,24098,29736
"CTCGAACCAGCGATCT-1","1",33,55,9513,23733,168,94,23733,29737
"GAAGCGGCAACGGACA-1","1",33,57,9511,23368,166,94,23368,29739
"TGAGTTGGCTTACAGC-1","1",33,59,9509,23002,164,94,23002,29741
"ATCCACGCGGAGGCAT-1","1",33,61,9507,22637,162,94,22637,29743
"ACAGTCGAGTGCGACG-1","1",33,63,9506,22272,160,94,22272,29744
"CGGCGTGCACGGTACC-1","1",33,65,9504,21907,158,94,21907,29746
"TGAGGTAGTCGTATGG-1","1",33,67,9502,21542,156,94,21542,29748
"ATAGTTGGACCGCAGA-1","1",33,69,9501,21177,154,94,21177,29749
"AGATAACTTACGGAGC-1","1",33,71,9499,20811,152,94,20811,29751
"CCTACGGTTGGTATTC-1","1",33,73,9497,20446,150,94,20446,29753
"GGCCATTGGTATCGCC-1","1",33,75,9495,20081,148,94,20081,29755
"GTTGGTGAATTATCAT-1","1",33,77,9494,19716,146,94,19716,29756
"TAGTGAACAGTCGGCA-1","1",33,79,9492,19351,144,94,19351,29758
"CATAAGTTCCGTTGCG-1","1",33,81,9490,18986,142,94,18986,29760
"GTAATAAGTCATGAAT-1","1",33,83,9489,18620,140,94,18620,29761
"TATTACGACCGATAGC-1","1",33,85,9487,18255,138,94,18255,29763
"GTCAGGTAACTCCGGA-1","1",33,87,9485,17890,136,94,17890,29765
"GCGTACGAATGATCCG-1","1",33,89,9483,17525,134,94,17525,29767
"GCGATTACTCTACAAC-1","1",33,91,9482,17160,132,94,17160,29768
"GAGTCGAGGATAGTAT-1","1",33,93,9480,16795,130,94,16795,29770
"GATCTTGTAATGCAGG-1","1",33,95,9478,16429,128,94,16429,29772
"ACAGGAATCGAATCCA-1","1",33,97,9477,16064,126,94,16064,29773
"GCGAGTTAAGTGGAGT-1","1",33,99,9475,15699,124,94,15699,29775
"AGGAATCGTCACGAAG-1","1",33,101,9473,15334,122,94,15334,29777
"TGGAAGTGTTCAATGC-1","1",33,103,9471,14969,120,94,14969,29779
"GCAGTTCTCGCATCTA-1","1",33,105,9470,14604,118,94,14604,29780
"GTGGAACACTGCTTAT-1","1",33,107,9468,14238,116,94,14238,29782
"GCGTCCTCGTCAAGTT-1","1",33,109,9466,13873,114,94,13873,29784
"TAGCGTAAGCGTCCTA-1","1",33,111,9465,13508,112,94,13508,29785
"ATAATCTACACCATCC-1","1",33,113,9463,13143,110,94,13143,29787
"AGTAGATTGAGCCGTG-1","1",33,115,9461,12778,108,94,12778,29789
"GTCCAGTTGCCTTCGT-1","1",33,117,9459,12413,106,94,12413,29791
"GCCATTCCGTCGGTGC-1","1",33,119,9458,12047,104,94,12047,29792
"CGCATCTGAGGCACAG-1","1",33,121,9456,11682,102,94,11682,29794
"AGACTGGTTATCGGCG-1","1",33,123,9454,11317,100,94,11317,29796
"CGACTAGGTGAATCAA-1","0",33,125,9453,10952,98,94,10952,29797
"GACAAGTGCACTGACA-1","0",33,127,9451,10587,96,94,10587,29799
"ACGAACAACTGACCAG-1","0",33,129,9449,10222,94,94,10222,29801
"CTTAGCATGCACCTAG-1","0",33,131,9447,9857,92,94,9857,29803
"CAATGCCGGATGCGCC-1","0",33,133,9446,9491,90,94,9491,29804
"ACTAGATCTACTCAGA-1","0",33,135,9444,9126,88,94,9126,29806
"GCCGTAAGACCTATTA-1","0",33,137,9442,8761,86,94,8761,29808
"AGTTCGCTCCACGAAT-1","0",33,139,9441,8396,84,94,8396,29809
"ATGTATGAACCAATTA-1","0",33,141,9439,8031,82,94,8031,29811
"GATAAGTTGAAGGCAT-1","0",33,143,9437,7666,80,94,7666,29813
"AGCCGAATGACCTCGT-1","0",33,145,9435,7300,78,94,7300,29815
"ACAATATTGTACCTCA-1","0",33,147,9434,6935,76,94,6935,29816
"AGTCGGCAACCAACGC-1","0",33,149,9432,6570,74,94,6570,29818
"TCTACTCGTCGGTAGT-1","0",33,151,9430,6205,72,94,6205,29820
"TCAGTCTGACTATTCC-1","0",33,153,9429,5840,70,94,5840,29821
"TACGTAGCCAGAATGG-1","0",33,155,9427,5475,68,94,5475,29823
"GCCTGGAAGGATCACC-1","0",33,157,9425,5109,66,94,5109,29825
"ATTACTATAGCTCAAG-1","0",33,159,9423,4744,64,94,4744,29827
"TGGCTGAAGCTGCATC-1","0",33,161,9422,4379,62,94,4379,29828
"CATCAGAAGTTGCACG-1","0",33,163,9420,4014,60,94,4014,29830
"CTGCCGTAGGACGAAC-1","0",33,165,9418,3649,58,94,3649,29832
"TCGCCTCGTAACTTAC-1","0",33,167,9417,3284,56,94,3284,29833
"ATACATTCAGTGAGCC-1","0",33,169,9415,2918,54,94,2918,29835
"TACTCCGCCACTCAGG-1","0",33,171,9413,2553,52,94,2553,29837
"CTTATCACGCTATGCT-1","0",33,173,9411,2188,50,94,2188,29839
"GTCAGCTTGCTCGTTG-1","0",33,175,9410,1823,48,94,1823,29840
"GCGTTCTTATGCAATG-1","0",33,177,9408,1458,46,94,1458,29842
"GTCAGGAGAAGTAGGA-1","0",33,179,9406,1093,44,94,1093,29844
"TATTCGTGGTAACTCC-1","0",33,181,9405,727,42,94,727,29845
"GATAGAGTCGCTGGCA-1","0",33,183,9403,362,40,94,362,29847
"AAGTGGCTAATAGATA-1","0",33,185,9401,-3,38,94,-3,29849
"CTGGAGTCCTATTGTC-1","0",33,187,9400,-368,36,94,-368,29850
"TGCTACGCCTGCTTAA-1","0",33,189,9398,-733,34,94,-733,29852
"CACGTATCGGCGGAGT-1","0",33,191,9396,-1098,32,94,-1098,29854
"AGACCTGGTAGCGTGA-1","0",33,193,9394,-1464,30,94,-1464,29856
"CGGATCAGGCCGAGAT-1","0",33,195,9393,-1829,28,94,-1829,29857
"TATGTCCATCTAACAG-1","0",33,197,9391,-2194,26,94,-2194,29859
"CATATCCATGCGTTAA-1","0",33,199,9389,-2559,24,94,-2559,29861
"ACATCGCTAAGTTATC-1","0",33,201,9388,-2924,22,94,-2924,29862
"GTCATTGTGCATAAGT-1","0",33,203,9386,-3289,20,94,-3289,29864
"TACGCACCTCATCTGT-1","0",33,205,9384,-3655,18,94,-3655,29866
"GCGTTCGCTCGAGTAC-1","0",33,207,9382,-4020,16,94,-4020,29868
"CCGACATCGGCAGTCG-1","0",33,209,9381,-4385,14,94,-4385,29869
"TATTCCGACTCACTCG-1","0",33,211,9379,-4750,12,94,-4750,29871
"ATCTTGGTAACTGCAG-1","0",33,213,9377,-5115,10,94,-5115,29873
"CGCATCGCACTCGGAT-1","0",33,215,9376,-5480,8,94,-5480,29874
"CAGCTGTCTGCGCATG-1","0",33,217,9374,-5846,6,94,-5846,29876
"AGACTTCTCGTTAGCT-1","0",33,219,9372,-6211,4,94,-6211,29878
"TACATCGTTAGTCGAC-1","0",33,221,9370,-6576,2,94,-6576,29880
"GTTGCTAGCGTTAACG-1","0",33,223,9369,-6941,0,94,-6941,29881
"TCCATAAGCCAATGGC-1","0",34,0,9877,33773,223,93,33773,29373
"TCCTACCGCAGTCGCA-1","0",34,2,9876,33408,221,93,33408,29374
"GACGGCGAATTACTTG-1","0",34,4,9874,33043,219,93,33043,29376
"CGAAGACTGTTAGAAG-1","0",34,6,9872,32678,217,93,32678,29378
"CCGCAATAACGGCTTA-1","0",34,8,9871,32313,215,93,32313,29379
"CCATGAACAGCTTGAT-1","0",34,10,9869,31948,213,93,31948,29381
"CGTCCATGAATGACGA-1","0",34,12,9867,31582,211,93,31582,29383
"CTGCCATGCGCTTGTA-1","0",34,14,9865,31217,209,93,31217,29385
"TGCGGACCGGTCGCAC-1","0",34,16,9864,30852,207,93,30852,29386
"CAGTGACGCATACCGC-1","0",34,18,9862,30487,205,93,30487,29388
"TCTTACGAGCGATTCA-1","0",34,20,9860,30122,203,93,30122,29390
"CGCCTTGTGATCCACT-1","0",34,22,9859,29757,201,93,29757,29391
"AACCAAGGCGTTATGT-1","0",34,24,9857,29391,199,93,29391,29393
"GCGGCTAATCATCGGA-1","0",34,26,9855,29026,197,93,29026,29395
"GTCTGAGGCATGTCGG-1","0",34,28,9853,28661,195,93,28661,29397
"GTTAATCCAAGCGATA-1","0",34,30,9852,28296,193,93,28296,29398
"ACATCTGGCGTATTAC-1","0",34,32,9850,27931,191,93,27931,29400
"CTCGACAGCGGTTGAG-1","0",34,34,9848,27566,189,93,27566,29402
"TGGCCATTACATCTAC-1","0",34,36,9847,27200,187,93,27200,29403
"TAGGTCGACAATGAAT-1","0",34,38,9845,26835,185,93,26835,29405
"GCTCGGAGCGATAGGT-1","0",34,40,9843,26470,183,93,26470,29407
"CCTACGACGGAAGGTG-1","0",34,42,9841,26105,181,93,26105,29409
"AGCACCAACTGCAAGA-1","0",34,44,9840,25740,179,93,25740,29410
"ACAACTATGTTAAGCG-1","1",34,46,9838,25375,177,93,25375,29412
"ATCGTCTTAGACAATA-1","1",34,48,9836,25009,175,93,25009,29414
"CAGATATCACTTAATG-1","1",34,50,9835,24644,173,93,24644,29415
"TACGACGCGAGGATCT-1","1",34,52,9833,24279,171,93,24279,29417
"ACGCTCAGGTCACGTC-1","1",34,54,9831,23914,169,93,23914,29419
"TATCAAGCTCACATAC-1","1",34,56,9829,23549,167,93,23549,29421
"CCTTAGTTGCCGTAGG-1","1",34,58,9828,23184,165,93,23184,29422
"GACGCCAATGAGACGA-1","1",34,60,9826,22818,163,93,22818,29424
"AACATCAACATCTTGA-1","1",34,62,9824,22453,161,93,22453,29426
"GACGTATTCAAGGAAT-1","1",34,64,9823,22088,159,93,22088,29427
"CCTCGGAACCTACTCA-1","1",34,66,9821,21723,157,93,21723,29429
"ATTACTTCGCGATCGG-1","1",34,68,9819,21358,155,93,21358,29431
"ATCTTGGTACGCTCTA-1","1",34,70,9817,20993,153,93,20993,29433
"ATAGGACGTCAAGCCA-1","1",34,72,9816,20627,151,93,20627,29434
"TAGGACCTAGTCACTC-1","1",34,74,9814,20262,149,93,20262,29436
"GTCAGCCGCTGTTGAG-1","1",34,76,9812,19897,147,93,19897,29438
"CGTTCGTGCTATGCAC-1","1",34,78,9811,19532,145,93,19532,29439
"CTGATTAAGACACTTC-1","1",34,80,9809,19167,143,93,19167,29441
"ATGCTCGCTGTATCAC-1","1",34,82,9807,18802,141,93,18802,29443
"TCACATCGTGGATCTT-1","1",34,84,9805,18436,139,93,18436,29445
"GGTGCAACGGTCGCCA-1","1",34,86,9804,18071,137,93,18071,29446
"GTCTATCGGCCACTCC-1","1",34,88,9802,17706,135,93,17706,29448
"CCGACGTTGAGTTGTA-1","1",34,90,9800,17341,133,93,17341,29450
"AGATGTGCTCCTGGAC-1","1",34,92,9799,16976,131,93,16976,29451
"GACCAACGCTCATGAG-1","1",34,94,9797,16611,129,93,16611,29453
"GTGCAGAACAAGTCAA-1","1",34,96,9795,16245,127,93,16245,29455
"GTCCATGATCCGAAGG-1","1",34,98,9793,15880,125,93,15880,29457
"TCGTCAGACCAAGAGG-1","1",34,100,9792,15515,123,93,15515,29458
"GTGACGGTTACCACAA-1","1",34,102,9790,15150,121,93,15150,29460
"TAGACATTAACCACAG-1","1",34,104,9788,14785,119,93,14785,29462
"GCTCGTACCGCTGATT-1","1",34,106,9787,14420,117,93,14420,29463
"AGCACTGAAGGTAGCA-1","1",34,108,9785,14054,115,93,14054,29465
"TGTCTTACAAGCCTTC-1","1",34,110,9783,13689,113,93,13689,29467
"AAGTGCCATCGCGTGC-1","1",34,112,9781,13324,111,93,13324,29469
"ATGTCTCCTGGACTAG-1","1",34,114,9780,12959,109,93,12959,29470
"CAATTGGATGTTACAA-1","1",34,116,9778,12594,107,93,12594,29472
"TCTTAGTGCAGGCACT-1","1",34,118,9776,12229,105,93,12229,29474
"TAACGCAGCGCTCATA-1","1",34,120,9775,11863,103,93,11863,29475
"GTATACGCCTGGAATG-1","1",34,122,9773,11498,101,93,11498,29477
"ATCGCAAGTCACCAGT-1","0",34,124,9771,11133,99,93,11133,29479
"TCACGGCGTTGCCGCA-1","0",34,126,9769,10768,97,93,10768,29481
"ATAAGAGCCGTATGAC-1","0",34,128,9768,10403,95,93,10403,29482
"TCATCTCACTTGTTCT-1","0",34,130,9766,10038,93,93,10038,29484
"CGCTTATCATTGGCCG-1","0",34,132,9764,9672,91,93,9672,29486
"GAGGACCTTACAATCA-1","0",34,134,9763,9307,89,93,9307,29487
"TCGCACAGTTGCTCCT-1","0",34,136,9761,8942,87,93,8942,29489
"GAGCGGCATAACATGC-1","0",34,138,9759,8577,85,93,8577,29491
"GGTTGATAGGATCAAG-1","0",34,140,9757,8212,83,93,8212,29493
"CAGGCCACGAATCGAT-1","0",34,142,9756,7847,81,93,7847,29494
"GTGCACGCGAGCTGTA-1","0",34,144,9754,7481,79,93,7481,29496
"TGTACACGCCATACCA-1","0",34,146,9752,7116,77,93,7116,29498
"GCAGATACAGAATGCG-1","0",34,148,9751,6751,75,93,6751,29499
"TGTAATTATGATTGCG-1","0",34,150,9749,6386,73,93,6386,29501
"TGCTATTAATAGGACC-1","0",34,152,9747,6021,71,93,6021,29503
"CATCAATTATAATCTG-1","0",34,154,9745,5656,69,93,5656,29505
"TAATAGTGACTTAGTC-1","0",34,156,9744,5290,67,93,5290,29506
"TACTCCGATCACGCAC-1","0",34,158,9742,4925,65,93,4925,29508
"GTGAACCTGTCTGGAA-1","0",34,160,9740,4560,63,93,4560,29510
"TCAGTCATAGTAATCT-1","0",34,162,9739,4195,61,93,4195,29511
"CGGTGGAGGCACCTCA-1","0",34,164,9737,3830,59,93,3830,29513
"AGCGGATGAGACCGCT-1","0",34,166,9735,3465,57,93,3465,29515
"CTGCGTCGTACTTGTC-1","0",34,168,9733,3099,55,93,3099,29517
"CATTGCCATCCTAATT-1","0",34,170,9732,2734,53,93,2734,29518
"GTCCGTACAGGTTGAT-1","0",34,172,9730,2369,51,93,2369,29520
"TGTTCACTCCTTGACT-1","0",34,174,9728,2004,49,93,2004,29522
"AACACCGAATGTCTCA-1","0",34,176,9727,1639,47,93,1639,29523
"TGGAGGAACGTGCGTA-1","0",34,178,9725,1274,45,93,1274,29525
"GTCATAAGCCGTGGCG-1","0",34,180,9723,908,43,93,908,29527
"GTTGTCTTCCTGCGTT-1","0",34,182,9721,543,41,93,543,29529
"TGGTGCGACTATACCG-1","0",34,184,9720,178,39,93,178,29530
"AAGCAGACGTCGAGTA-1","0",34,186,9718,-187,37,93,-187,29532
"AACCATAGATTCTGGC-1","0",34,188,9716,-552,35,93,-552,29534
"ATTGCACGGCGTACTA-1","0",34,190,9715,-917,33,93,-917,29535
"ATACTATTCACGCCAA-1","0",34,192,9713,-1283,31,93,-1283,29537
"GACTTGGATGAACCTT-1","0",34,194,9711,-1648,29,93,-1648,29539
"GACCAACGTAACGTCG-1","0",34,196,9709,-2013,27,93,-2013,29541
"TCATCTGATTGCTTGG-1","0",34,198,9708,-2378,25,93,-2378,29542
"GTATGCCGGCCAGTGA-1","0",34,200,9706,-2743,23,93,-2743,29544
"TGGTTGTCCTCAGAAG-1","0",34,202,9704,-3108,21,93,-3108,29546
"CCGGATCACCTGCGGC-1","0",34,204,9703,-3474,19,93,-3474,29547
"GTTATTGATCTGCCAC-1","0",34,206,9701,-3839,17,93,-3839,29549
"GGAATGCGCATTCACT-1","0",34,208,9699,-4204,15,93,-4204,29551
"CAGAGGAAGCAGTAAT-1","0",34,210,9697,-4569,13,93,-4569,29553
"TCATCTGCTCCGATGG-1","0",34,212,9696,-4934,11,93,-4934,29554
"ACGAACGTCGACGCCG-1","0",34,214,9694,-5299,9,93,-5299,29556
"ATACGCTGTAATAGAC-1","0",34,216,9692,-5665,7,93,-5665,29558
"GGCGTTCTCATGGTCC-1","0",34,218,9691,-6030,5,93,-6030,29559
"TACGTAGGCATATCTT-1","0",34,220,9689,-6395,3,93,-6395,29561
"CAGCGATCCTCGGTAC-1","0",34,222,9687,-6760,1,93,-6760,29563
"CCTGAATAACAATATC-1","0",35,1,10191,33589,222,92,33589,29059
"GGACAGACTCCTTGAT-1","0",35,3,10189,33224,220,92,33224,29061
"GCGTCTTCGGCAGTAT-1","0",35,5,10187,32859,218,92,32859,29063
"ATGTACGGTATTCCGC-1","0",35,7,10185,32494,216,92,32494,29065
"TGGCCACTTGAGGTAA-1","0",35,9,10184,32129,214,92,32129,29066
"GGCGACGTCAACATAG-1","0",35,11,10182,31764,212,92,31764,29068
"CGGCCGTGACAGTTCT-1","0",35,13,10180,31398,210,92,31398,29070
"TCGAATGCTTGTAACC-1","0",35,15,10179,31033,208,92,31033,29071
"CGACCTTGATGTGGAC-1","0",35,17,10177,30668,206,92,30668,29073
"ATACATCTAGTCTACC-1","0",35,19,10175,30303,204,92,30303,29075
"CAGACGTGATAATGCT-1","0",35,21,10173,29938,202,92,29938,29077
"GCATTACCTTAATTGG-1","0",35,23,10172,29573,200,92,29573,29078
"TAGACAGGCCTATCCT-1","0",35,25,10170,29207,198,92,29207,29080
"TGTTCACCTATGAGAA-1","0",35,27,10168,28842,196,92,28842,29082
"CAACAGCTCCTGAGTG-1","0",35,29,10167,28477,194,92,28477,29083
"CATTGCTGATGTGCCG-1","0",35,31,10165,28112,192,92,28112,29085
"GGCATACTAGCCGGTT-1","1",35,33,10163,27747,190,92,27747,29087
"TCTTGTCGCCTCCATT-1","0",35,35,10161,27382,188,92,27382,29089
"ATCGAGTGGATAGCAG-1","0",35,37,10160,27016,186,92,27016,29090
"TCGTCTGACCGTATCG-1","0",35,39,10158,26651,184,92,26651,29092
"AGTAGAGCCTGTGCCA-1","0",35,41,10156,26286,182,92,26286,29094
"CAGATACTCAGAGCTC-1","0",35,43,10155,25921,180,92,25921,29095
"CACTACAATCGTTATG-1","0",35,45,10153,25556,178,92,25556,29097
"ATTAGATACTTGCTAG-1","1",35,47,10151,25191,176,92,25191,29099
"CAGAGGAACGGTAGTT-1","1",35,49,10149,24825,174,92,24825,29101
"GCGAAGGCTTGCAGTA-1","1",35,51,10148,24460,172,92,24460,29102
"TGCGGACCGACGAGGC-1","1",35,53,10146,24095,170,92,24095,29104
"ATGACCTCTATGAGAA-1","1",35,55,10144,23730,168,92,23730,29106
"TAAGATTGCGCTTCGC-1","1",35,57,10143,23365,166,92,23365,29107
"GTGCAGGTGGCCGCCT-1","1",35,59,10141,23000,164,92,23000,29109
"GCATAAGGCATGGCTT-1","1",35,61,10139,22634,162,92,22634,29111
"GACATCGCATCGGATG-1","1",35,63,10137,22269,160,92,22269,29113
"GTAACATGGTCCATTG-1","1",35,65,10136,21904,158,92,21904,29114
"TGGACTAGCACTTCTG-1","1",35,67,10134,21539,156,92,21539,29116
"CTTAGCCTGGTGAACG-1","1",35,69,10132,21174,154,92,21174,29118
"TGCTACCGCCATGACA-1","1",35,71,10131,20809,152,92,20809,29119
"CAACATTCAACGTTGG-1","1",35,73,10129,20443,150,92,20443,29121
"GACTAGAATCCACCGG-1","1",35,75,10127,20078,148,92,20078,29123
"CTCACCGCATCAAGAA-1","1",35,77,10125,19713,146,92,19713,29125
"TAGGCTGTTAAGACTT-1","1",35,79,10124,19348,144,92,19348,29126
"TACCTGTAGGAACACG-1","1",35,81,10122,18983,142,92,18983,29128
"AATGAACATAGAGCCG-1","1",35,83,10120,18618,140,92,18618,29130
"CTGAAGTAGGCACTGG-1","1",35,85,10119,18252,138,92,18252,29131
"TAACCAACGAAGCGAT-1","1",35,87,10117,17887,136,92,17887,29133
"GAGGTACTTAGTGGTC-1","1",35,89,10115,17522,134,92,17522,29135
"CCTTCTTAAGTTGGTA-1","1",35,91,10113,17157,132,92,17157,29137
"TGCCAGTGCGGTTAAG-1","1",35,93,10112,16792,130,92,16792,29138
"CTATGCACTGCCGTTA-1","1",35,95,10110,16427,128,92,16427,29140
"GATAGTCTCCGTCGAT-1","1",35,97,10108,16061,126,92,16061,29142
"CTGTCAAGGTGATGCC-1","1",35,99,10107,15696,124,92,15696,29143
"AGAACCGGTGACGATC-1","1",35,101,10105,15331,122,92,15331,29145
"CGACGCTCTAAGTATG-1","1",35,103,10103,14966,120,92,14966,29147
"GTCGTAGAGTTATCGC-1","1",35,105,10101,14601,118,92,14601,29149
"ACCTTCTGTTAGTAGC-1","1",35,107,10100,14236,116,92,14236,29150
"GCAATTAGGATCGACA-1","1",35,109,10098,13870,114,92,13870,29152
"AGCACGATCCGACGAG-1","1",35,111,10096,13505,112,92,13505,29154
"TGACATTATGTTGCTA-1","1",35,113,10095,13140,110,92,13140,29155
"CGATGACCGACGCACC-1","1",35,115,10093,12775,108,92,12775,29157
"ATAGCAGGTGACTTCA-1","1",35,117,10091,12410,106,92,12410,29159
"TCAAGGCGAGTACAGA-1","1",35,119,10089,12045,104,92,12045,29161
"ACCTGCGGAATTCACC-1","0",35,121,10088,11679,102,92,11679,29162
"CCTACGTAAGTGAACC-1","0",35,123,10086,11314,100,92,11314,29164
"TACGTATCGGAACTCC-1","0",35,125,10084,10949,98,92,10949,29166
"GGTTACTACGGCTCGG-1","0",35,127,10083,10584,96,92,10584,29167
"CTGGTACGACTTACAA-1","0",35,129,10081,10219,94,92,10219,29169
"GCCACTATCAGCGGTT-1","0",35,131,10079,9854,92,92,9854,29171
"ATTCAGCTAGTGTCGC-1","0",35,133,10078,9488,90,92,9488,29172
"GGAATCATGTAGAAGC-1","0",35,135,10076,9123,88,92,9123,29174
"CGGTTATGTAACCTAT-1","0",35,137,10074,8758,86,92,8758,29176
"TCACGAACAGCATTAG-1","0",35,139,10072,8393,84,92,8393,29178
"ATGTGCCGAGTTATGT-1","0",35,141,10071,8028,82,92,8028,29179
"AGTGTAAGAACGCCTT-1","0",35,143,10069,7663,80,92,7663,29181
"ATAGAATATTACTACC-1","0",35,145,10067,7297,78,92,7297,29183
"CCATGTCAGAGGCATA-1","0",35,147,10066,6932,76,92,6932,29184
"AACGCCGGTAGAGGAT-1","0",35,149,10064,6567,74,92,6567,29186
"TCCGTGCCTCAACGTC-1","0",35,151,10062,6202,72,92,6202,29188
"GTATGTCTTCAATGCT-1","0",35,153,10060,5837,70,92,5837,29190
"CCTTAGCTGATTCCGG-1","0",35,155,10059,5472,68,92,5472,29191
"GCACGAACAACTGGCC-1","0",35,157,10057,5106,66,92,5106,29193
"ACATAAGACAGAGCAT-1","0",35,159,10055,4741,64,92,4741,29195
"ATGTATCCTTCCGAAG-1","0",35,161,10054,4376,62,92,4376,29196
"GTGCAGTTCACTGCAT-1","0",35,163,10052,4011,60,92,4011,29198
"CAAGTGACTGGACGCA-1","0",35,165,10050,3646,58,92,3646,29200
"CCTTAGCGCTTCACAA-1","0",35,167,10048,3281,56,92,3281,29202
"TGAGGTGCCATACTGG-1","0",35,169,10047,2915,54,92,2915,29203
"AATCTAAGTGAAGAGT-1","0",35,171,10045,2550,52,92,2550,29205
"CTGAAGGCACTTAGAT-1","0",35,173,10043,2185,50,92,2185,29207
"GAAGCGGCTTGACCTC-1","0",35,175,10042,1820,48,92,1820,29208
"AGGCACTCCTTAAGGC-1","0",35,177,10040,1455,46,92,1455,29210
"AGGATCAAGATAAGAA-1","0",35,179,10038,1090,44,92,1090,29212
"CGGAGGCATACGCTGT-1","0",35,181,10036,724,42,92,724,29214
"TGCAGAATTAACTAAG-1","0",35,183,10035,359,40,92,359,29215
"TATGACGGATCTATGT-1","0",35,185,10033,-6,38,92,-6,29217
"AGGTACTCAATCGCAT-1","0",35,187,10031,-371,36,92,-371,29219
"TCATTAATCAACTTCT-1","0",35,189,10030,-736,34,92,-736,29220
"GCTCTGGTCTTGCACT-1","0",35,191,10028,-1101,32,92,-1101,29222
"AGTCGGCTGCGGAAGT-1","0",35,193,10026,-1467,30,92,-1467,29224
"ATGCTGTATCCACTGC-1","0",35,195,10024,-1832,28,92,-1832,29226
"GAGCTAAGCGACGCGG-1","0",35,197,10023,-2197,26,92,-2197,29227
"CTTGAATGCCGTATAG-1","0",35,199,10021,-2562,24,92,-2562,29229
"TCACTGTCGCAATGGC-1","0",35,201,10019,-2927,22,92,-2927,29231
"ATTGCCGTAGTGATTA-1","0",35,203,10018,-3292,20,92,-3292,29232
"GGTCTGCGCTTGCCAC-1","0",35,205,10016,-3658,18,92,-3658,29234
"GGATGCTAAGATTCAC-1","0",35,207,10014,-4023,16,92,-4023,29236
"CAGAGGTCATGCCATA-1","0",35,209,10012,-4388,14,92,-4388,29238
"CTGCGTGAATAATTGG-1","0",35,211,10011,-4753,12,92,-4753,29239
"CTCCGGAGTCATTCGT-1","0",35,213,10009,-5118,10,92,-5118,29241
"CTCCAACGAACGAGGA-1","0",35,215,10007,-5483,8,92,-5483,29243
"TGCGGACCATCGCTAA-1","0",35,217,10006,-5849,6,92,-5849,29244
"ACTCAGGCGTGGCATG-1","0",35,219,10004,-6214,4,92,-6214,29246
"AATCGCTCTTGAGCCG-1","0",35,221,10002,-6579,2,92,-6579,29248
"GCGATTCAATACTAAC-1","0",35,223,10000,-6944,0,92,-6944,29250
"TCTTAGCCAGAATGAT-1","0",36,0,10509,33770,223,91,33770,28741
"GTGGATTGAGGACTAG-1","0",36,2,10507,33405,221,91,33405,28743
"AGGCGACCACGCACCT-1","0",36,4,10506,33040,219,91,33040,28744
"CGCACTTCGTTACCGC-1","0",36,6,10504,32675,217,91,32675,28746
"TAAGTGACTCCTTGCG-1","0",36,8,10502,32310,215,91,32310,28748
"CCTGTCTTGAATGAAG-1","0",36,10,10501,31945,213,91,31945,28749
"GTGCCGTAGTACCTGA-1","0",36,12,10499,31579,211,91,31579,28751
"AGCATCAATACGCCGA-1","0",36,14,10497,31214,209,91,31214,28753
"TCTATTCATTGGATTA-1","0",36,16,10495,30849,207,91,30849,28755
"TCTACGTTGTGCTCTA-1","0",36,18,10494,30484,205,91,30484,28756
"ATAGCGGCTTAAGATT-1","0",36,20,10492,30119,203,91,30119,28758
"TGCACGGTTAATGACC-1","0",36,22,10490,29754,201,91,29754,28760
"ATAACCATGCATACCG-1","0",36,24,10489,29388,199,91,29388,28761
"CCTTGTCGCATCTTAG-1","0",36,26,10487,29023,197,91,29023,28763
"GATTCCTTGGCCTCAC-1","0",36,28,10485,28658,195,91,28658,28765
"ATTACAACTTCATATC-1","0",36,30,10483,28293,193,91,28293,28767
"GTACCTTCTATCTGCC-1","0",36,32,10482,27928,191,91,27928,28768
"AATTCTAATGGTCGGT-1","0",36,34,10480,27563,189,91,27563,28770
"TCAGTCGCAAGTGGTC-1","0",36,36,10478,27197,187,91,27197,28772
"GCACTCTGAACGAGCT-1","0",36,38,10477,26832,185,91,26832,28773
"CGATGTTCCAGTCTGG-1","0",36,40,10475,26467,183,91,26467,28775
"TGATAGGAGTTGCCAG-1","0",36,42,10473,26102,181,91,26102,28777
"GCGTAGTGTTCTCAAG-1","0",36,44,10471,25737,179,91,25737,28779
"AGCCGTACCATTCGAT-1","0",36,46,10470,25372,177,91,25372,28780
"GCCGATGTCGCCACAT-1","1",36,48,10468,25006,175,91,25006,28782
"GCAAGTCACTAGCAGG-1","1",36,50,10466,24641,173,91,24641,28784
"AGTATTGCTCCGGATG-1","1",36,52,10465,24276,171,91,24276,28785
"ATACATCTCAATAAGA-1","1",36,54,10463,23911,169,91,23911,28787
"GAATGGTGTTAGATCG-1","1",36,56,10461,23546,167,91,23546,28789
"GAATGGAGGCAGTATC-1","1",36,58,10459,23181,165,91,23181,28791
"TACTGTCCTTATCGGC-1","1",36,60,10458,22815,163,91,22815,28792
"ACGCCTCATCGCAGGT-1","1",36,62,10456,22450,161,91,22450,28794
"TCCAATTAATCAGGAG-1","1",36,64,10454,22085,159,91,22085,28796
"ACGTGCTCACGGAGAA-1","1",36,66,10453,21720,157,91,21720,28797
"GAGGTGTATGCGAAGG-1","1",36,68,10451,21355,155,91,21355,28799
"TGGTTGGCACGGTATT-1","1",36,70,10449,20990,153,91,20990,28801
"ATCTGAACGTCGGTAA-1","1",36,72,10447,20624,151,91,20624,28803
"GTATCTGTTGGTGCGG-1","1",36,74,10446,20259,149,91,20259,28804
"AGCGGTTAGTTCGCAT-1","1",36,76,10444,19894,147,91,19894,28806
"TAGTGCGTCCTCCAGA-1","1",36,78,10442,19529,145,91,19529,28808
"AGATAGCGAGCTTCTA-1","1",36,80,10441,19164,143,91,19164,28809
"GATGCCAGGCGTGGTC-1","1",36,82,10439,18799,141,91,18799,28811
"TGGACTTGCCGCGTTC-1","1",36,84,10437,18433,139,91,18433,28813
"TACCATCCTATTCGTA-1","1",36,86,10435,18068,137,91,18068,28815
"TACTCCAGACTCATTG-1","1",36,88,10434,17703,135,91,17703,28816
"AACTAGTAATGAGCCA-1","1",36,90,10432,17338,133,91,17338,28818
"GTTGACAGTATTCGGT-1","1",36,92,10430,16973,131,91,16973,28820
"CGCCGTTACTCAGTTA-1","1",36,94,10429,16608,129,91,16608,28821
"CATCCGCCGGTCACTT-1","1",36,96,10427,16242,127,91,16242,28823
"ATGAGCTAAGCCGAGC-1","1",36,98,10425,15877,125,91,15877,28825
"GCATTGACGACTCCAC-1","1",36,100,10423,15512,123,91,15512,28827
"TATCTACAGATATGGA-1","1",36,102,10422,15147,121,91,15147,28828
"CTATCCAGATGTTCCT-1","1",36,104,10420,14782,119,91,14782,28830
"AAGGTTGATCCTGCTA-1","1",36,106,10418,14417,117,91,14417,28832
"CCGAGTCTAAGATAGC-1","1",36,108,10417,14051,115,91,14051,28833
"TCCGTGATCTCGATGC-1","1",36,110,10415,13686,113,91,13686,28835
"GGCTCAACGAGTCCTC-1","1",36,112,10413,13321,111,91,13321,28837
"AGTGCTGTGGCGACGT-1","1",36,114,10411,12956,109,91,12956,28839
"ATCTGAATTCAAGTAG-1","1",36,116,10410,12591,107,91,12591,28840
"ACTACGCTATTACACT-1","1",36,118,10408,12226,105,91,12226,28842
"ACGGCCATTCGTTCAG-1","1",36,120,10406,11860,103,91,11860,28844
"GCTCAGCTTGCCAGTT-1","0",36,122,10405,11495,101,91,11495,28845
"CCTATGTTATCCTTCG-1","0",36,124,10403,11130,99,91,11130,28847
"GCGACGTGCCTTAAGG-1","0",36,126,10401,10765,97,91,10765,28849
"AGCCTCGCTGTACACC-1","0",36,128,10399,10400,95,91,10400,28851
"ATGTACGCATCTGCGG-1","0",36,130,10398,10035,93,91,10035,28852
"CACTGGACGCGTTCTG-1","0",36,132,10396,9669,91,91,9669,28854
"CTTGATGCGTAAGCCT-1","0",36,134,10394,9304,89,91,9304,28856
"ACATGATTGGTGGCGG-1","0",36,136,10393,8939,87,91,8939,28857
"GATAGACACGTAGCCA-1","0",36,138,10391,8574,85,91,8574,28859
"CCTTAGTTCCTGCTAC-1","0",36,140,10389,8209,83,91,8209,28861
"TGTATCTGCAGAGTGG-1","0",36,142,10387,7844,81,91,7844,28863
"TACCGATATCTACACC-1","0",36,144,10386,7478,79,91,7478,28864
"TAGTGACTGGTCTAGA-1","0",36,146,10384,7113,77,91,7113,28866
"GAAGCGTCAGTGTAGA-1","0",36,148,10382,6748,75,91,6748,28868
"ACCTGTGAGTGACCGA-1","0",36,150,10381,6383,73,91,6383,28869
"ACTTGACGTGATCTAT-1","0",36,152,10379,6018,71,91,6018,28871
"ACCAATTGCCAGTACA-1","0",36,154,10377,5653,69,91,5653,28873
"GAAGCTTCCGTAGCAA-1","0",36,156,10375,5287,67,91,5287,28875
"GTGGTTAGCGAGGAAG-1","0",36,158,10374,4922,65,91,4922,28876
"GGCGGAACATGTACCA-1","0",36,160,10372,4557,63,91,4557,28878
"GTTCCAGTCAACTAGG-1","0",36,162,10370,4192,61,91,4192,28880
"TGGAAGGTCACCGCGG-1","0",36,164,10369,3827,59,91,3827,28881
"GCGAATACGGAACCGA-1","0",36,166,10367,3462,57,91,3462,28883
"CGCTATTAGCGTTAAC-1","0",36,168,10365,3096,55,91,3096,28885
"GCTAACAGACCGTTGT-1","0",36,170,10363,2731,53,91,2731,28887
"ACATCGAACATTCCAA-1","0",36,172,10362,2366,51,91,2366,28888
"TAAGATCTGTACTACG-1","0",36,174,10360,2001,49,91,2001,28890
"CTGACGTAGTCGGAGT-1","0",36,176,10358,1636,47,91,1636,28892
"CAATGCCGTCGAGGTT-1","0",36,178,10357,1271,45,91,1271,28893
"ACAGGAACCTTACGTC-1","0",36,180,10355,905,43,91,905,28895
"TCCGGCCAAGTAACTC-1","0",36,182,10353,540,41,91,540,28897
"CTGTGCGATAACGAAG-1","0",36,184,10352,175,39,91,175,28898
"CAGCTGAGCGGTTATC-1","0",36,186,10350,-190,37,91,-190,28900
"TATTCTCGGTTGGTTC-1","0",36,188,10348,-555,35,91,-555,28902
"CGTACATCTAATGTGA-1","0",36,190,10346,-920,33,91,-920,28904
"CAGTGCTAACCGCCGT-1","0",36,192,10345,-1286,31,91,-1286,28905
"CTGATTCTATCCGTCA-1","0",36,194,10343,-1651,29,91,-1651,28907
"CTATAACTCACTCGAC-1","0",36,196,10341,-2016,27,91,-2016,28909
"TGCTATCCTTCACGCA-1","0",36,198,10340,-2381,25,91,-2381,28910
"GTAACGGAGGACCGGT-1","0",36,200,10338,-2746,23,91,-2746,28912
"TGCGGCTAACGTCGAG-1","0",36,202,10336,-3111,21,91,-3111,28914
"CTTACGAAGATATCGC-1","0",36,204,10334,-3477,19,91,-3477,28916
"GCGTAATAGCTCCTAC-1","0",36,206,10333,-3842,17,91,-3842,28917
"CTATCCACTCGGAGGT-1","0",36,208,10331,-4207,15,91,-4207,28919
"CGGCGTGCATGTCCTT-1","0",36,210,10329,-4572,13,91,-4572,28921
"CTTCAATAGCGGTTGG-1","0",36,212,10328,-4937,11,91,-4937,28922
"TAGCCGCAAGTAATGA-1","0",36,214,10326,-5302,9,91,-5302,28924
"AGTGCTTAACAGTCGA-1","0",36,216,10324,-5668,7,91,-5668,28926
"CATCGGTCGAGTGGCT-1","0",36,218,10322,-6033,5,91,-6033,28928
"TCTTACCGTCTGATCA-1","0",36,220,10321,-6398,3,91,-6398,28929
"GTTGCCGGACCTGTGG-1","0",36,222,10319,-6763,1,91,-6763,28931
"AGCGACTGTTCACTCG-1","0",37,1,10822,33586,222,90,33586,28428
"CGACCAACAGGAATGG-1","0",37,3,10821,33221,220,90,33221,28429
"ATTCGTATGATCACGA-1","0",37,5,10819,32856,218,90,32856,28431
"TCAGCAGACTGTGAGC-1","0",37,7,10817,32491,216,90,32491,28433
"ACCTGCGGTGCCGACG-1","0",37,9,10815,32126,214,90,32126,28435
"TCAGTTACCTTGCCAA-1","0",37,11,10814,31761,212,90,31761,28436
"CTGGCCGGTATGCATC-1","0",37,13,10812,31395,210,90,31395,28438
"CAAGTCGTCCGGCGAC-1","0",37,15,10810,31030,208,90,31030,28440
"GCCATTCAATTGGCAT-1","0",37,17,10809,30665,206,90,30665,28441
"CGGTTATGGAGCTAGA-1","0",37,19,10807,30300,204,90,30300,28443
"TGTCCTTAAGCGAGAA-1","0",37,21,10805,29935,202,90,29935,28445
"CGTGTAGTCCTAGTTG-1","0",37,23,10803,29570,200,90,29570,28447
"TACAATCAGACGAAGC-1","0",37,25,10802,29204,198,90,29204,28448
"GGTATGATAACCGAAG-1","0",37,27,10800,28839,196,90,28839,28450
"CTTGGAGTTGCGAGGT-1","0",37,29,10798,28474,194,90,28474,28452
"TGCTCCGAGTTCCTGA-1","0",37,31,10797,28109,192,90,28109,28453
"GTGCGTCAAGCGGCAA-1","0",37,33,10795,27744,190,90,27744,28455
"CTCCAACAGAAGCGCC-1","0",37,35,10793,27379,188,90,27379,28457
"CCTGCTTAGACTAGTT-1","1",37,37,10791,27013,186,90,27013,28459
"CTTCGATCTTGGATGG-1","0",37,39,10790,26648,184,90,26648,28460
"CGTGAGCGTGGTGAGT-1","0",37,41,10788,26283,182,90,26283,28462
"GTTGCTAGCCAACTCG-1","0",37,43,10786,25918,180,90,25918,28464
"GTAACGGACACGCTAT-1","0",37,45,10785,25553,178,90,25553,28465
"TAACGATGTCCACCGC-1","0",37,47,10783,25188,176,90,25188,28467
"AGCGTTCTGGTGGCAT-1","1",37,49,10781,24822,174,90,24822,28469
"AAGGTGACAACTACTG-1","1",37,51,10779,24457,172,90,24457,28471
"GTCGAGGTCGCAGACA-1","1",37,53,10778,24092,170,90,24092,28472
"GGTGTCAGACGGTTGA-1","1",37,55,10776,23727,168,90,23727,28474
"TCGGACATCAGTCTTA-1","1",37,57,10774,23362,166,90,23362,28476
"ACGAACGCGTGGTCCA-1","1",37,59,10773,22997,164,90,22997,28477
"TGGAAGACATAGATAC-1","1",37,61,10771,22631,162,90,22631,28479
"AAGTTAGACACCGCGA-1","1",37,63,10769,22266,160,90,22266,28481
"TGGACTTCCGAGGTCG-1","1",37,65,10767,21901,158,90,21901,28483
"GGCACGCTTACTCCTA-1","1",37,67,10766,21536,156,90,21536,28484
"TATTCGTGAGTGCGTT-1","1",37,69,10764,21171,154,90,21171,28486
"AGACTCTATGAGGTTA-1","1",37,71,10762,20806,152,90,20806,28488
"TAGTGAATGCTATTGG-1","1",37,73,10761,20440,150,90,20440,28489
"CTCCGTGCGAGGCGGT-1","1",37,75,10759,20075,148,90,20075,28491
"TCTACTCCAGGCAACC-1","1",37,77,10757,19710,146,90,19710,28493
"ATTGTTAGAACACGTC-1","1",37,79,10755,19345,144,90,19345,28495
"TCGTATAGGAAGTGGT-1","1",37,81,10754,18980,142,90,18980,28496
"GTGAACGGCAAGATGA-1","1",37,83,10752,18615,140,90,18615,28498
"ATCCTGCTGGTGTAAT-1","1",37,85,10750,18249,138,90,18249,28500
"ATTCACTGCATATGCG-1","1",37,87,10749,17884,136,90,17884,28501
"GTACTTCCATAAGTAC-1","1",37,89,10747,17519,134,90,17519,28503
"CTAACGTCTGGATCCA-1","1",37,91,10745,17154,132,90,17154,28505
"AAGCACGCTGCCTCTT-1","1",37,93,10744,16789,130,90,16789,28506
"CGCTGACAAGAACAGG-1","1",37,95,10742,16424,128,90,16424,28508
"ATAGACTATCACGTAC-1","1",37,97,10740,16058,126,90,16058,28510
"CAGAGCGGCCGACGCT-1","1",37,99,10738,15693,124,90,15693,28512
"ATTATCTGAAGTGCCT-1","1",37,101,10737,15328,122,90,15328,28513
"CGACTAGAGGTATGGA-1","1",37,103,10735,14963,120,90,14963,28515
"CAGCGACTAGACTCAC-1","1",37,105,10733,14598,118,90,14598,28517
"GATCACCAGTCCACTT-1","1",37,107,10732,14233,116,90,14233,28518
"GTCTGTAAGCCGTGAA-1","1",37,109,10730,13867,114,90,13867,28520
"TGCTGTATCAATGGCG-1","1",37,111,10728,13502,112,90,13502,28522
"GACTGAGCTCATGGAG-1","1",37,113,10726,13137,110,90,13137,28524
"CCTACGCTATGGTCGA-1","1",37,115,10725,12772,108,90,12772,28525
"TGTCGCTCGGCCAGTA-1","1",37,117,10723,12407,106,90,12407,28527
"AGTGTCCATTGACTGA-1","1",37,119,10721,12042,104,90,12042,28529
"GTCTCACGCTCCACTG-1","1",37,121,10720,11676,102,90,11676,28530
"ACCAGCTTCAGATCTA-1","0",37,123,10718,11311,100,90,11311,28532
"GTCCTCACTCGCTAAG-1","0",37,125,10716,10946,98,90,10946,28534
"TGTTGGTGCGCTTCGC-1","0",37,127,10714,10581,96,90,10581,28536
"TCCGGAGCTGAAGGAT-1","0",37,129,10713,10216,94,90,10216,28537
"GCAAGAGTGGTCTAGA-1","0",37,131,10711,9851,92,90,9851,28539
"CATCTGCCAATCTGAT-1","0",37,133,10709,9485,90,90,9485,28541
"CGGTCTTAAGGCCGCA-1","0",37,135,10708,9120,88,90,9120,28542
"CTTCCGCATAGAAGCT-1","0",37,137,10706,8755,86,90,8755,28544
"TCAGATGAAGGCAACG-1","0",37,139,10704,8390,84,90,8390,28546
"CGAGTCGCGTTACAAG-1","0",37,141,10702,8025,82,90,8025,28548
"AGATCTAAGATCTATC-1","0",37,143,10701,7660,80,90,7660,28549
"TCCGCCAGGCAGTCAA-1","0",37,145,10699,7294,78,90,7294,28551
"ATAGAACAGAACCAAC-1","0",37,147,10697,6929,76,90,6929,28553
"TGTTAATCCGATCGTG-1","0",37,149,10696,6564,74,90,6564,28554
"GCCACTGCATCACGCA-1","0",37,151,10694,6199,72,90,6199,28556
"CGATGAATCAGGTGGA-1","0",37,153,10692,5834,70,90,5834,28558
"TGCAGATTGCTGCCTA-1","0",37,155,10690,5469,68,90,5469,28560
"CACCTCGGTCGGCTAT-1","0",37,157,10689,5103,66,90,5103,28561
"CCGACAATTGCAACAG-1","0",37,159,10687,4738,64,90,4738,28563
"CTCCTACTCGGCGTAC-1","0",37,161,10685,4373,62,90,4373,28565
"GAACGCTTATACCTAG-1","0",37,163,10684,4008,60,90,4008,28566
"GTGCAGCGGAACGTGG-1","0",37,165,10682,3643,58,90,3643,28568
"CCGCTCGGTCACAGTC-1","0",37,167,10680,3278,56,90,3278,28570
"ATGTTCACTGCAATCC-1","0",37,169,10678,2912,54,90,2912,28572
"TGGTAGTTATAGTGTT-1","0",37,171,10677,2547,52,90,2547,28573
"GCCTCCGTTATGAGTC-1","0",37,173,10675,2182,50,90,2182,28575
"ATTGGCAAGCGGAAGG-1","0",37,175,10673,1817,48,90,1817,28577
"GAAGCGAGCCACGGCT-1","0",37,177,10672,1452,46,90,1452,28578
"TAGATGCTCAGACTTA-1","0",37,179,10670,1087,44,90,1087,28580
"TCAGAACCGCTCTACC-1","0",37,181,10668,721,42,90,721,28582
"GGTGCGTAATGACCAC-1","0",37,183,10666,356,40,90,356,28584
"TGTAGCTCGGTACAGA-1","0",37,185,10665,-9,38,90,-9,28585
"TGGTAGCAGGTGTTCT-1","0",37,187,10663,-374,36,90,-374,28587
"GTGATGCAGCCTTAGT-1","0",37,189,10661,-739,34,90,-739,28589
"TCAGCTAGATGGACGC-1","0",37,191,10660,-1104,32,90,-1104,28590
"TCGATCAACACGTAGC-1","0",37,193,10658,-1470,30,90,-1470,28592
"AGGATTCTCAAGAAGT-1","0",37,195,10656,-1835,28,90,-1835,28594
"ATTGCCGATTAGACAG-1","0",37,197,10654,-2200,26,90,-2200,28596
"GGAGATTCGCTATTCT-1","0",37,199,10653,-2565,24,90,-2565,28597
"TCATCTCATAACAGCG-1","0",37,201,10651,-2930,22,90,-2930,28599
"CTCGATCCTTAGCTCA-1","0",37,203,10649,-3295,20,90,-3295,28601
"CTCCGGTACTTCCGCA-1","0",37,205,10648,-3661,18,90,-3661,28602
"CTATAAGCTTGAGTCA-1","0",37,207,10646,-4026,16,90,-4026,28604
"TCGATCATCTTCGGAT-1","0",37,209,10644,-4391,14,90,-4391,28606
"GCCGAATAGATAGGCA-1","0",37,211,10642,-4756,12,90,-4756,28608
"TGAGTTCGGCGAAGTG-1","0",37,213,10641,-5121,10,90,-5121,28609
"ATTAGATTATCACGTA-1","0",37,215,10639,-5486,8,90,-5486,28611
"GACCGGAGATTGCAGC-1","0",37,217,10637,-5852,6,90,-5852,28613
"AACAATTATCTGCGCC-1","0",37,219,10636,-6217,4,90,-6217,28614
"CGAGTCAATAGCCACC-1","0",37,221,10634,-6582,2,90,-6582,28616
"AGGAAGTTCATGAGCG-1","0",37,223,10632,-6947,0,90,-6947,28618
"TGGCGACACGGAGCAC-1","0",38,0,11141,33767,223,89,33767,28109
"TGCTATGTAAGATATG-1","0",38,2,11139,33402,221,89,33402,28111
"GCGATATGACCGATGG-1","0",38,4,11137,33037,219,89,33037,28113
"GTCCAGATCGAACGGC-1","0",38,6,11136,32672,217,89,32672,28114
"GCCTAACCGTCCGCAA-1","0",38,8,11134,32307,215,89,32307,28116
"ATCGTACCGTTATCCA-1","0",38,10,11132,31942,213,89,31942,28118
"ACCAACGCACTCATAA-1","0",38,12,11131,31576,211,89,31576,28119
"CAGTAGGCAACCTCGG-1","0",38,14,11129,31211,209,89,31211,28121
"CTGCTATCTGCTTCAT-1","0",38,16,11127,30846,207,89,30846,28123
"CCTCACTCAGTCATCG-1","0",38,18,11125,30481,205,89,30481,28125
"ATTGAGCTCAGAACAA-1","0",38,20,11124,30116,203,89,30116,28126
"TGAGACCGCTATCATA-1","0",38,22,11122,29751,201,89,29751,28128
"ACAATGACTAAGCGAA-1","0",38,24,11120,29385,199,89,29385,28130
"TGCATTCTGCCAGCAA-1","0",38,26,11119,29020,197,89,29020,28131
"CGTTACAGCGGCATCG-1","0",38,28,11117,28655,195,89,28655,28133
"GGCGTGCGTCCGTGCA-1","0",38,30,11115,28290,193,89,28290,28135
"AATAGTTGATAACCGC-1","0",38,32,11113,27925,191,89,27925,28137
"TGAACTGGATACGCCG-1","0",38,34,11112,27560,189,89,27560,28138
"GTACTCTAGACGTAGT-1","0",38,36,11110,27194,187,89,27194,28140
"TGTCAGAATCCTTGCG-1","0",38,38,11108,26829,185,89,26829,28142
"TGCACGACCGATTCTA-1","0",38,40,11107,26464,183,89,26464,28143
"CCATAGATACGGCAGC-1","0",38,42,11105,26099,181,89,26099,28145
"TAAGCATCTTGTCGGC-1","0",38,44,11103,25734,179,89,25734,28147
"GTTCTTCGCTGACAGA-1","0",38,46,11101,25369,177,89,25369,28149
"CGGAGTCTGCTTAACA-1","0",38,48,11100,25003,175,89,25003,28150
"CTTCACAGCACGATCA-1","1",38,50,11098,24638,173,89,24638,28152
"CGGCCTGCCAATTGTT-1","1",38,52,11096,24273,171,89,24273,28154
"TCATTCGGTGAACCTC-1","1",38,54,11095,23908,169,89,23908,28155
"ATCCGTCTCCGTTATC-1","1",38,56,11093,23543,167,89,23543,28157
"GCCAGATGCCTGAACC-1","1",38,58,11091,23178,165,89,23178,28159
"CTGGCCTGTTCTGGTT-1","1",38,60,11089,22812,163,89,22812,28161
"TGCTGTTCCTTAGGAT-1","1",38,62,11088,22447,161,89,22447,28162
"TGTTATCCAGTACCGA-1","1",38,64,11086,22082,159,89,22082,28164
"ACAACGTTGGCCGTGC-1","1",38,66,11084,21717,157,89,21717,28166
"GTAACATGGTATTGTT-1","1",38,68,11083,21352,155,89,21352,28167
"CAATCTAGTGCCGGAT-1","1",38,70,11081,20987,153,89,20987,28169
"ACTCTACCTATCGTTG-1","1",38,72,11079,20621,151,89,20621,28171
"AGGCAACTGCTTATCT-1","1",38,74,11077,20256,149,89,20256,28173
"ATCTGATAGCTGCAGA-1","1",38,76,11076,19891,147,89,19891,28174
"AGATGGTGTCTAGTCT-1","1",38,78,11074,19526,145,89,19526,28176
"GCAGGTACGTCACCAT-1","1",38,80,11072,19161,143,89,19161,28178
"AGCGTGGACACCTCGT-1","1",38,82,11071,18796,141,89,18796,28179
"ACCTGCTTGACTAGGC-1","1",38,84,11069,18430,139,89,18430,28181
"GATCGTGGTCAGCGAG-1","1",38,86,11067,18065,137,89,18065,28183
"TAGTTGTCGATACCGA-1","1",38,88,11065,17700,135,89,17700,28185
"CGAAGTAGTTACTCGA-1","1",38,90,11064,17335,133,89,17335,28186
"GAGCCAGCATGGACGG-1","1",38,92,11062,16970,131,89,16970,28188
"TGCTTCTACGAATAAG-1","1",38,94,11060,16605,129,89,16605,28190
"GCAGATGTTACGGCTT-1","1",38,96,11059,16239,127,89,16239,28191
"CACGGCTTCTAACACT-1","1",38,98,11057,15874,125,89,15874,28193
"ACGAAGTGTAACTTCC-1","1",38,100,11055,15509,123,89,15509,28195
"CAGTTGCAGTCCACGT-1","1",38,102,11053,15144,121,89,15144,28197
"TACGGAACGCGGAACC-1","1",38,104,11052,14779,119,89,14779,28198
"TGGCATAGATACATCA-1","1",38,106,11050,14414,117,89,14414,28200
"ATTAGATAACCTTGAC-1","1",38,108,11048,14048,115,89,14048,28202
"TCGCCTCGTCTAATCC-1","1",38,110,11047,13683,113,89,13683,28203
"CGGCAAGCGTCTCAGG-1","1",38,112,11045,13318,111,89,13318,28205
"TCGTATGGTTCAGTCC-1","1",38,114,11043,12953,109,89,12953,28207
"CCAAGCAAGCGTCCGT-1","1",38,116,11041,12588,107,89,12588,28209
"TCTGCAATTCGCCGCT-1","1",38,118,11040,12223,105,89,12223,28210
"CACTACATAACAAGAC-1","1",38,120,11038,11857,103,89,11857,28212
"CTCGCCGGTTGTCGAT-1","1",38,122,11036,11492,101,89,11492,28214
"TCTACAACCTTAGTCG-1","0",38,124,11035,11127,99,89,11127,28215
"TCCTGTATAGGCATTG-1","0",38,126,11033,10762,97,89,10762,28217
"TACGTGCCGGCCGTCT-1","0",38,128,11031,10397,95,89,10397,28219
"GTGCATTCACATGCCG-1","0",38,130,11030,10032,93,89,10032,28220
"ATGCTGACCTCGTGTC-1","0",38,132,11028,9667,91,89,9667,28222
"TCACAGTTGGAGCGAT-1","0",38,134,11026,9301,89,89,9301,28224
"AATGAGACGAACCATA-1","0",38,136,11024,8936,87,89,8936,28226
"GACCACCTCGATAGTG-1","0",38,138,11023,8571,85,89,8571,28227
"GGAGGTATTCCGAATC-1","0",38,140,11021,8206,83,89,8206,28229
"TAGTTCTGTAGAACAA-1","0",38,142,11019,7841,81,89,7841,28231
"GTAACACTCAGATCCG-1","0",38,144,11018,7476,79,89,7476,28232
"TAGGTTGCGGATACTA-1","0",38,146,11016,7110,77,89,7110,28234
"TAACGACACCAAGAGC-1","0",38,148,11014,6745,75,89,6745,28236
"ACTCAGTGAGGACTTA-1","0",38,150,11012,6380,73,89,6380,28238
"AGCCAGGATGACAATT-1","0",38,152,11011,6015,71,89,6015,28239
"TGACATCAGAAGCTCA-1","0",38,154,11009,5650,69,89,5650,28241
"GTCCTTATGCGATTGT-1","0",38,156,11007,5285,67,89,5285,28243
"CATAAGGTAATCATGG-1","0",38,158,11006,4919,65,89,4919,28244
"TGATTCCGTTCGCTGC-1","0",38,160,11004,4554,63,89,4554,28246
"CACGAACGATAGTGGC-1","0",38,162,11002,4189,61,89,4189,28248
"CGTGAGCAGGCTACCA-1","0",38,164,11000,3824,59,89,3824,28250
"CGTGGCGATTGCCACT-1","0",38,166,10999,3459,57,89,3459,28251
"AACTGCCGCTACATCT-1","0",38,168,10997,3094,55,89,3094,28253
"CGGTAGCAGTCATACT-1","0",38,170,10995,2728,53,89,2728,28255
"TCGGTACCGGCTGGCT-1","0",38,172,10994,2363,51,89,2363,28256
"GCAGCGCAAGTGGTGA-1","0",38,174,10992,1998,49,89,1998,28258
"AATCGCTACGGCATAG-1","0",38,176,10990,1633,47,89,1633,28260
"GCTCGTCTGAAGTTAC-1","0",38,178,10988,1268,45,89,1268,28262
"AGGACCGTGGACAGTG-1","0",38,180,10987,903,43,89,903,28263
"ACATCGTCAGCTGTTA-1","0",38,182,10985,537,41,89,537,28265
"TGGAAGGATTGATCGT-1","0",38,184,10983,172,39,89,172,28267
"GTATGTTCGGATTCAA-1","0",38,186,10982,-193,37,89,-193,28268
"CTCCTAGATTACGACC-1","0",38,188,10980,-558,35,89,-558,28270
"GCATTGCGAGATGGTG-1","0",38,190,10978,-923,33,89,-923,28272
"TACAGCCTCATTGGTG-1","0",38,192,10976,-1288,31,89,-1288,28274
"AGCCGTATAATTGTGC-1","0",38,194,10975,-1654,29,89,-1654,28275
"CTCAATACTCGACTGT-1","0",38,196,10973,-2019,27,89,-2019,28277
"AGTTAGCTAGAATAAC-1","0",38,198,10971,-2384,25,89,-2384,28279
"GTTATTCCACAATCTT-1","0",38,200,10970,-2749,23,89,-2749,28280
"TGCTATGCGATATGTC-1","0",38,202,10968,-3114,21,89,-3114,28282
"ACATGAGTCTATTGCT-1","0",38,204,10966,-3479,19,89,-3479,28284
"CTGGTGCAATTGCGAT-1","0",38,206,10964,-3845,17,89,-3845,28286
"CAGTCTATCAAGACGG-1","0",38,208,10963,-4210,15,89,-4210,28287
"ACGCTGCGATCATATG-1","0",38,210,10961,-4575,13,89,-4575,28289
"ACCGGACGTTGGTCGT-1","0",38,212,10959,-4940,11,89,-4940,28291
"TGCTGTCAATAGACTC-1","0",38,214,10958,-5305,9,89,-5305,28292
"TGCTACATAAGACGAA-1","0",38,216,10956,-5670,7,89,-5670,28294
"GAGTATAGAATCATCT-1","0",38,218,10954,-6036,5,89,-6036,28296
"GTGGTTGGTCCGTGAT-1","0",38,220,10952,-6401,3,89,-6401,28298
"ATAGTGAGACCGTGCG-1","0",38,222,10951,-6766,1,89,-6766,28299
"AGGCCGTTGTGGCGAA-1","0",39,1,11454,33583,222,88,33583,27796
"CATTCTACCGGCTTGG-1","0",39,3,11452,33218,220,88,33218,27798
"AACTTGGTGACGTCTG-1","0",39,5,11451,32853,218,88,32853,27799
"ATGCTGCAATCAATTA-1","0",39,7,11449,32488,216,88,32488,27801
"GCACTGCGGCTCACAA-1","0",39,9,11447,32123,214,88,32123,27803
"CCAAGCACTGGAGCCG-1","0",39,11,11445,31758,212,88,31758,27805
"CTTCGAGTGGCACGGA-1","0",39,13,11444,31392,210,88,31392,27806
"AATGGTATTCGCTCTA-1","0",39,15,11442,31027,208,88,31027,27808
"GTCTTACACCAATCGT-1","0",39,17,11440,30662,206,88,30662,27810
"GTCTGCGAGCAAGTAG-1","0",39,19,11439,30297,204,88,30297,27811
"TCCTATCGGACAAGGC-1","0",39,21,11437,29932,202,88,29932,27813
"TACAAGTGTCACTATT-1","0",39,23,11435,29567,200,88,29567,27815
"AGTCGCTACCTTGAGC-1","0",39,25,11433,29201,198,88,29201,27817
"GAATTCACCATAACAT-1","0",39,27,11432,28836,196,88,28836,27818
"AACGACCGCTTGCGGT-1","0",39,29,11430,28471,194,88,28471,27820
"GACTAGCTCCAATCAC-1","0",39,31,11428,28106,192,88,28106,27822
"ATTCAGGCGAATTAGG-1","0",39,33,11427,27741,190,88,27741,27823
"CATACAAGTACTATAA-1","0",39,35,11425,27376,188,88,27376,27825
"TGATGGAGCCAGTCTA-1","0",39,37,11423,27010,186,88,27010,27827
"GATCGTAAGTGACCGT-1","0",39,39,11422,26645,184,88,26645,27828
"CCTAACAGTTATAGGA-1","0",39,41,11420,26280,182,88,26280,27830
"ACAACTATGAATGATC-1","0",39,43,11418,25915,180,88,25915,27832
"AGCGACGCCTATAGAA-1","0",39,45,11416,25550,178,88,25550,27834
"ATAGTTAATAGGAATC-1","0",39,47,11415,25185,176,88,25185,27835
"ACAGGAATCCTCAGCA-1","1",39,49,11413,24819,174,88,24819,27837
"TATTGTTAACGATAAG-1","1",39,51,11411,24454,172,88,24454,27839
"CTATTCCGATCCGTGG-1","1",39,53,11410,24089,170,88,24089,27840
"CACGCCACCGGTATGT-1","1",39,55,11408,23724,168,88,23724,27842
"ACTAATCTAGTAGAAC-1","1",39,57,11406,23359,166,88,23359,27844
"GGATCTGGTCCAGAAT-1","1",39,59,11404,22994,164,88,22994,27846
"TGGATCTACAACCAGG-1","1",39,61,11403,22628,162,88,22628,27847
"CGGACGCTGGCCGCTA-1","1",39,63,11401,22263,160,88,22263,27849
"CCGGATCACGGATAGG-1","1",39,65,11399,21898,158,88,21898,27851
"TCTGCGTCAGTTGGAG-1","1",39,67,11398,21533,156,88,21533,27852
"GTGACCTAAGATGTAC-1","1",39,69,11396,21168,154,88,21168,27854
"TAGAACCTGTTCACAT-1","1",39,71,11394,20803,152,88,20803,27856
"ATGCTGGACTTCACGC-1","1",39,73,11392,20437,150,88,20437,27858
"ACTACCGCGGACCTCC-1","1",39,75,11391,20072,148,88,20072,27859
"ACCTGACGTCCAACAT-1","1",39,77,11389,19707,146,88,19707,27861
"TGGACTAGGCCTAGTT-1","1",39,79,11387,19342,144,88,19342,27863
"GTTGCTGTCTGTAACT-1","1",39,81,11386,18977,142,88,18977,27864
"GACCGGCCAGGACTGT-1","1",39,83,11384,18612,140,88,18612,27866
"AGCAGGCATCGTTGCT-1","1",39,85,11382,18246,138,88,18246,27868
"ATGTTCGAGCGGAGGT-1","1",39,87,11380,17881,136,88,17881,27870
"CCTCGGATAGATGCGT-1","1",39,89,11379,17516,134,88,17516,27871
"CTACTGGACACTGACG-1","1",39,91,11377,17151,132,88,17151,27873
"CCAAGCATGCGTTGTA-1","1",39,93,11375,16786,130,88,16786,27875
"GATTGACGAATCGAAC-1","1",39,95,11374,16421,128,88,16421,27876
"TGAGTTGTTCTTAGTA-1","1",39,97,11372,16055,126,88,16055,27878
"CCAATCTACATGCGAC-1","1",39,99,11370,15690,124,88,15690,27880
"GAGCCTGTGCACTCAA-1","1",39,101,11368,15325,122,88,15325,27882
"GCTCCGGCCAAGTCTA-1","1",39,103,11367,14960,120,88,14960,27883
"ATAGTGTAAGCACTAC-1","1",39,105,11365,14595,118,88,14595,27885
"GCGTACGTCTAAGTAG-1","1",39,107,11363,14230,116,88,14230,27887
"CATTAATATGAGCTAT-1","1",39,109,11362,13864,114,88,13864,27888
"AGCCTCTGGATAGTGC-1","1",39,111,11360,13499,112,88,13499,27890
"CGCTTCCGAAGCGTAC-1","1",39,113,11358,13134,110,88,13134,27892
"ATAGTGACAAGAACAA-1","1",39,115,11356,12769,108,88,12769,27894
"CCAATCCAGAGGACAG-1","1",39,117,11355,12404,106,88,12404,27895
"GCTCAGATTCCGGACA-1","1",39,119,11353,12039,104,88,12039,27897
"CAGCCTTCGTATACCA-1","1",39,121,11351,11673,102,88,11673,27899
"TACGTTCCGACAGTGA-1","1",39,123,11350,11308,100,88,11308,27900
"TGTCCTGGCTCGCTTC-1","1",39,125,11348,10943,98,88,10943,27902
"CGATAAGACTCGGAGG-1","1",39,127,11346,10578,96,88,10578,27904
"TACACTGATTCTATAG-1","0",39,129,11344,10213,94,88,10213,27906
"GTATTATGATGCATAC-1","0",39,131,11343,9848,92,88,9848,27907
"CCTTCACTCAGTGCTT-1","0",39,133,11341,9482,90,88,9482,27909
"ACGGTGATAAGCAACA-1","0",39,135,11339,9117,88,88,9117,27911
"CCATGTTCTTCATCGA-1","0",39,137,11338,8752,86,88,8752,27912
"GGAAGTCGCCACAATC-1","0",39,139,11336,8387,84,88,8387,27914
"CGCAACCATACTTGTA-1","0",39,141,11334,8022,82,88,8022,27916
"AATGGTCGTGGCGACC-1","0",39,143,11332,7657,80,88,7657,27918
"GTTGCCTACTGGAATA-1","0",39,145,11331,7291,78,88,7291,27919
"ACAGAATCGCAGGACA-1","0",39,147,11329,6926,76,88,6926,27921
"TCAAGGCATAATGCTC-1","0",39,149,11327,6561,74,88,6561,27923
"GTGCAACTTAGGCTTC-1","0",39,151,11326,6196,72,88,6196,27924
"ATGTAGACAGTATTAC-1","0",39,153,11324,5831,70,88,5831,27926
"TATGGCGTTCGTCCTC-1","0",39,155,11322,5466,68,88,5466,27928
"ATCACGCAATACCTCC-1","0",39,157,11320,5100,66,88,5100,27930
"GGCTCAGCCGTGTTAT-1","0",39,159,11319,4735,64,88,4735,27931
"GCGTCGGTTGCACGGC-1","0",39,161,11317,4370,62,88,4370,27933
"CTTGGACAGAGCATCA-1","0",39,163,11315,4005,60,88,4005,27935
"TCATTCAGACTCCTAT-1","0",39,165,11314,3640,58,88,3640,27936
"GCAGGTCAATAGCGAC-1","0",39,167,11312,3275,56,88,3275,27938
"GGCGTGAGGAGCCGAA-1","0",39,169,11310,2909,54,88,2909,27940
"CGACGCGAGTCTCATC-1","0",39,171,11308,2544,52,88,2544,27942
"TCAGCGCCTAAGGACT-1","0",39,173,11307,2179,50,88,2179,27943
"TCGTAACCTTCAAGCT-1","0",39,175,11305,1814,48,88,1814,27945
"CTGGCTCGGTTCTACC-1","0",39,177,11303,1449,46,88,1449,27947
"GGAGGTATCGTCCAGT-1","0",39,179,11302,1084,44,88,1084,27948
"GGTACCGTTGCGTACA-1","0",39,181,11300,718,42,88,718,27950
"CCGGATTGGTGCTTCT-1","0",39,183,11298,353,40,88,353,27952
"TAACAATTAGACGCCG-1","0",39,185,11296,-12,38,88,-12,27954
"GTCTATAACTGATTGT-1","0",39,187,11295,-377,36,88,-377,27955
"TATGTTGGCTGGCTGA-1","0",39,189,11293,-742,34,88,-742,27957
"GCTCAATCGCAAGTGA-1","0",39,191,11291,-1107,32,88,-1107,27959
"CCGCGTCTAGACCTCA-1","0",39,193,11290,-1473,30,88,-1473,27960
"CACTCAATTGGTAACC-1","0",39,195,11288,-1838,28,88,-1838,27962
"GCTTGCATGTTCCAGA-1","0",39,197,11286,-2203,26,88,-2203,27964
"GTACCTGTTCGCCTTA-1","0",39,199,11284,-2568,24,88,-2568,27966
"CTTCAACGAGCTTCAG-1","0",39,201,11283,-2933,22,88,-2933,27967
"ACGGAGAAGTAACCAC-1","0",39,203,11281,-3298,20,88,-3298,27969
"TACTTAGATCATTACT-1","0",39,205,11279,-3664,18,88,-3664,27971
"GTTGCCATGCATAGGA-1","0",39,207,11278,-4029,16,88,-4029,27972
"GGTAAGCCGCTACAAC-1","0",39,209,11276,-4394,14,88,-4394,27974
"AAGAATGTAAGTTACA-1","0",39,211,11274,-4759,12,88,-4759,27976
"CAGTGCGATAGGATTG-1","0",39,213,11272,-5124,10,88,-5124,27978
"CAGTCGAGGCTATCGC-1","0",39,215,11271,-5489,8,88,-5489,27979
"CACTGGTGGATTAAGA-1","0",39,217,11269,-5855,6,88,-5855,27981
"AGTACAATCGAAGGTC-1","0",39,219,11267,-6220,4,88,-6220,27983
"ATCCGTCACGTCTAAC-1","0",39,221,11266,-6585,2,88,-6585,27984
"CAACGGAGCTCGCAGG-1","0",39,223,11264,-6950,0,88,-6950,27986
"ACAGTGTAGAACTCGC-1","0",40,0,11773,33764,223,87,33764,27477
"TCAAGGCACTGTAGGT-1","0",40,2,11771,33399,221,87,33399,27479
"GTTAATACGCAGGATA-1","0",40,4,11769,33034,219,87,33034,27481
"AGTTCCACAGAATGAC-1","0",40,6,11767,32669,217,87,32669,27483
"AAGGCGGACGCACGAG-1","0",40,8,11766,32304,215,87,32304,27484
"ATGTATGACTTCAATA-1","0",40,10,11764,31939,213,87,31939,27486
"TCATGACTATTGACCG-1","0",40,12,11762,31574,211,87,31574,27488
"TGTAATTGTTCCAGCT-1","0",40,14,11761,31208,209,87,31208,27489
"CATCGGTGATAGTCTT-1","0",40,16,11759,30843,207,87,30843,27491
"GACTTGCTGATTAGCT-1","0",40,18,11757,30478,205,87,30478,27493
"GCCGTATTACCTTGCC-1","0",40,20,11755,30113,203,87,30113,27495
"CCGTTCTTCGATGCCA-1","0",40,22,11754,29748,201,87,29748,27496
"ATTCAACGAATCAGTG-1","0",40,24,11752,29383,199,87,29383,27498
"ACAACTACAGGCTCAT-1","0",40,26,11750,29017,197,87,29017,27500
"CGACCAGCATCATAAG-1","0",40,28,11749,28652,195,87,28652,27501
"AGTGGTATTGAGTGAC-1","0",40,30,11747,28287,193,87,28287,27503
"TACGGTAGACATTCTA-1","0",40,32,11745,27922,191,87,27922,27505
"TGGAAGTTGTCTGTAA-1","0",40,34,11743,27557,189,87,27557,27507
"AATGTCGTGCCTAATC-1","0",40,36,11742,27192,187,87,27192,27508
"AGTCGAAGCGTGAGCG-1","0",40,38,11740,26826,185,87,26826,27510
"TACTCCTTGTCCGACA-1","0",40,40,11738,26461,183,87,26461,27512
"ACATGCGTAGAATTCT-1","0",40,42,11737,26096,181,87,26096,27513
"AATGGTCGACGCATTC-1","0",40,44,11735,25731,179,87,25731,27515
"AATACTCCAGCAGGTA-1","0",40,46,11733,25366,177,87,25366,27517
"CATCCTTCATGTATCG-1","0",40,48,11731,25001,175,87,25001,27519
"ACATTGTCTAAGTACT-1","1",40,50,11730,24635,173,87,24635,27520
"CTGATTATCCACTCGT-1","1",40,52,11728,24270,171,87,24270,27522
"GCTCCTTCACAACTTA-1","1",40,54,11726,23905,169,87,23905,27524
"TCAGTGATCCTAGCAC-1","1",40,56,11725,23540,167,87,23540,27525
"CTATTAGCCAAGGCCA-1","1",40,58,11723,23175,165,87,23175,27527
"CACTCAATAGCTGAAT-1","1",40,60,11721,22810,163,87,22810,27529
"TATCCTTATTACCGTT-1","1",40,62,11719,22444,161,87,22444,27531
"GAGGTACCACAGTTAT-1","1",40,64,11718,22079,159,87,22079,27532
"CTGGTTAATCTAGTGC-1","1",40,66,11716,21714,157,87,21714,27534
"GTAATGGACCGCGACC-1","1",40,68,11714,21349,155,87,21349,27536
"GAAGTCGTTATCAGTA-1","1",40,70,11713,20984,153,87,20984,27537
"GGTACCATGAAGACAG-1","1",40,72,11711,20619,151,87,20619,27539
"GTGCGGATTGCTTGCG-1","1",40,74,11709,20253,149,87,20253,27541
"GTCGTAATGGTAAGAA-1","1",40,76,11708,19888,147,87,19888,27542
"TGTTGGCCTGTAGCGG-1","1",40,78,11706,19523,145,87,19523,27544
"TCGGTTGAGCAACAGC-1","1",40,80,11704,19158,143,87,19158,27546
"ATGCCGTTCGCTGGTC-1","1",40,82,11702,18793,141,87,18793,27548
"AGTGCGGCATCAATAA-1","1",40,84,11701,18428,139,87,18428,27549
"CCTGTCGAACAGATGC-1","1",40,86,11699,18062,137,87,18062,27551
"TCTTGCGGAGTTGTTA-1","1",40,88,11697,17697,135,87,17697,27553
"CATTGCTCGTACAGAA-1","1",40,90,11696,17332,133,87,17332,27554
"CGGATGTTGATCGCGT-1","1",40,92,11694,16967,131,87,16967,27556
"CTCACCGACCTCTTCC-1","1",40,94,11692,16602,129,87,16602,27558
"AACATACTAGCCGAAG-1","1",40,96,11690,16237,127,87,16237,27560
"TCTACTTCACGCAGTT-1","1",40,98,11689,15871,125,87,15871,27561
"GAATCGGATCTTGGTG-1","1",40,100,11687,15506,123,87,15506,27563
"CCACATAGCAGATACC-1","1",40,102,11685,15141,121,87,15141,27565
"CGACGGACGGCGTTGG-1","1",40,104,11684,14776,119,87,14776,27566
"CTCGAGCTTATTGGTT-1","1",40,106,11682,14411,117,87,14411,27568
"TATGGAATCGCATTAG-1","1",40,108,11680,14046,115,87,14046,27570
"ATCGTCTAATTCATCT-1","1",40,110,11678,13680,113,87,13680,27572
"ATGTACCTTCGCTGAG-1","1",40,112,11677,13315,111,87,13315,27573
"CGACCTGCTCTTAGAC-1","1",40,114,11675,12950,109,87,12950,27575
"TCGCTATGTCGTGCGG-1","1",40,116,11673,12585,107,87,12585,27577
"CCGATAACCGTAGATT-1","1",40,118,11672,12220,105,87,12220,27578
"ATTGATGTGCTATGAG-1","1",40,120,11670,11855,103,87,11855,27580
"CACGATCAACGACATT-1","1",40,122,11668,11489,101,87,11489,27582
"ATGCAACTCACCTTAC-1","1",40,124,11666,11124,99,87,11124,27584
"TAACTTCCATCCTACC-1","1",40,126,11665,10759,97,87,10759,27585
"CTGAGGACGACAACAG-1","1",40,128,11663,10394,95,87,10394,27587
"ATTGACGTGACACCTC-1","0",40,130,11661,10029,93,87,10029,27589
"AACGGAATCGTATTGA-1","0",40,132,11660,9664,91,87,9664,27590
"GTGACAGGACAATACG-1","0",40,134,11658,9298,89,87,9298,27592
"TCAACCAGAATCCTGA-1","0",40,136,11656,8933,87,87,8933,27594
"GTTGGACATATGCCGT-1","0",40,138,11654,8568,85,87,8568,27596
"TGTCAACCTGCTAACT-1","0",40,140,11653,8203,83,87,8203,27597
"CCTCTAGCCGGACAAT-1","0",40,142,11651,7838,81,87,7838,27599
"GTCACTACAGTAGATA-1","0",40,144,11649,7473,79,87,7473,27601
"GCCAGACCGGTGCCGT-1","0",40,146,11648,7107,77,87,7107,27602
"TAAGAATATCGGCGCC-1","0",40,148,11646,6742,75,87,6742,27604
"CGATGTCAACTTGGCC-1","0",40,150,11644,6377,73,87,6377,27606
"TGTCTTGCATAGTAAC-1","0",40,152,11642,6012,71,87,6012,27608
"CTACCAGAGTAATCTT-1","0",40,154,11641,5647,69,87,5647,27609
"GTTATTGGACCTGGTC-1","0",40,156,11639,5282,67,87,5282,27611
"ACAGAATCATACCTTC-1","0",40,158,11637,4916,65,87,4916,27613
"CGCTGCTAAGCTATCC-1","0",40,160,11636,4551,63,87,4551,27614
"GATTCCGCAATGGCAA-1","0",40,162,11634,4186,61,87,4186,27616
"ATACATCAACGTGATT-1","0",40,164,11632,3821,59,87,3821,27618
"AGATCGGATTGGTTCG-1","0",40,166,11630,3456,57,87,3456,27620
"TAGTATAGCTGCTTCA-1","0",40,168,11629,3091,55,87,3091,27621
"CTGCTAAGCGTAAGTC-1","0",40,170,11627,2725,53,87,2725,27623
"GTATTGGCTCTTAGAT-1","0",40,172,11625,2360,51,87,2360,27625
"CCGCAAGGTTAGATTC-1","0",40,174,11624,1995,49,87,1995,27626
"ATTATCTTATGAGTCG-1","0",40,176,11622,1630,47,87,1630,27628
"TCCGGCCGAAGATTAT-1","0",40,178,11620,1265,45,87,1265,27630
"GGAGCGTGGAATAAGG-1","0",40,180,11618,900,43,87,900,27632
"GACAGACGTATGCTGT-1","0",40,182,11617,534,41,87,534,27633
"ATTCACTGATCCACAT-1","0",40,184,11615,169,39,87,169,27635
"CCGGACGAAGTTAACT-1","0",40,186,11613,-196,37,87,-196,27637
"ACAATATCGAACAAGG-1","0",40,188,11612,-561,35,87,-561,27638
"TAGTATCACCTCACAT-1","0",40,190,11610,-926,33,87,-926,27640
"CTCGAGCTATGTTATG-1","0",40,192,11608,-1291,31,87,-1291,27642
"GGCACGCCGATTCGTG-1","0",40,194,11606,-1657,29,87,-1657,27644
"TAGCGTAGCTGACTCC-1","0",40,196,11605,-2022,27,87,-2022,27645
"CTGCATTGCCAGGATC-1","0",40,198,11603,-2387,25,87,-2387,27647
"CCTACGAGTAATACAT-1","0",40,200,11601,-2752,23,87,-2752,27649
"GCCATAATGTTAGTGC-1","0",40,202,11600,-3117,21,87,-3117,27650
"TCTAGAGCTACTAGTG-1","0",40,204,11598,-3482,19,87,-3482,27652
"ATTCACCTGTCAGATG-1","0",40,206,11596,-3848,17,87,-3848,27654
"AGGAGCGACTAATAGA-1","0",40,208,11594,-4213,15,87,-4213,27656
"GGCGTGAGGTCTTAAG-1","0",40,210,11593,-4578,13,87,-4578,27657
"ACGCATAGAACCAAGA-1","0",40,212,11591,-4943,11,87,-4943,27659
"GTCAGCGAGCACAAGG-1","0",40,214,11589,-5308,9,87,-5308,27661
"AACCTGGATTCGCTAA-1","0",40,216,11588,-5673,7,87,-5673,27662
"TCAGACTGGTGACGGT-1","0",40,218,11586,-6039,5,87,-6039,27664
"TGAATATGACTAGTTC-1","0",40,220,11584,-6404,3,87,-6404,27666
"CTATCCATCTGTCCGG-1","0",40,222,11582,-6769,1,87,-6769,27668
"GCCGGCAGCTAGATGT-1","0",41,1,12086,33580,222,86,33580,27164
"CTCCAGAACGAATCTT-1","0",41,3,12084,33215,220,86,33215,27166
"CTTGATTCGCATCAAT-1","0",41,5,12082,32850,218,86,32850,27168
"CAATCTGATCATCGGT-1","0",41,7,12081,32485,216,86,32485,27169
"GTATAAGGATACTCGA-1","0",41,9,12079,32120,214,86,32120,27171
"GGTATGGACGTGAGGT-1","0",41,11,12077,31755,212,86,31755,27173
"TCAGCTACAAGACATA-1","0",41,13,12076,31389,210,86,31389,27174
"ACCGTGATAGCGGATA-1","0",41,15,12074,31024,208,86,31024,27176
"AACCTTCAAGGAAGTT-1","0",41,17,12072,30659,206,86,30659,27178
"TAGTATGATTAGACTC-1","0",41,19,12070,30294,204,86,30294,27180
"CTTCGACCGAACTTAT-1","0",41,21,12069,29929,202,86,29929,27181
"TGACGCCTATTGTCGG-1","0",41,23,12067,29564,200,86,29564,27183
"ATTATCAATTCTGGAT-1","0",41,25,12065,29198,198,86,29198,27185
"AGGATGGTAGAAGCAC-1","0",41,27,12064,28833,196,86,28833,27186
"ATCGCACCGACGTCAG-1","0",41,29,12062,28468,194,86,28468,27188
"CTAGCGTTGTGCTGTA-1","0",41,31,12060,28103,192,86,28103,27190
"TATCACATTACAAGAA-1","0",41,33,12058,27738,190,86,27738,27192
"TGCACTGGCACTAGGA-1","0",41,35,12057,27373,188,86,27373,27193
"TCAGTCGCACAAGGCA-1","0",41,37,12055,27007,186,86,27007,27195
"CGAAGCGAACCGGTAA-1","0",41,39,12053,26642,184,86,26642,27197
"GGTACTAACGTGAACT-1","0",41,41,12052,26277,182,86,26277,27198
"GAGGATTGCCGAGCGT-1","0",41,43,12050,25912,180,86,25912,27200
"TACTCCTGAGCCGCAC-1","0",41,45,12048,25547,178,86,25547,27202
"CTTGCGCTCGAACTTG-1","0",41,47,12046,25182,176,86,25182,27204
"TCCTTGAGACTGTCTT-1","0",41,49,12045,24816,174,86,24816,27205
"GTTGTCCAGTCCTTCT-1","1",41,51,12043,24451,172,86,24451,27207
"AATTGGCTTACTCCTT-1","1",41,53,12041,24086,170,86,24086,27209
"AACTTCGTTAGCCGCT-1","1",41,55,12040,23721,168,86,23721,27210
"GTATGCGAGCAACGTT-1","1",41,57,12038,23356,166,86,23356,27212
"TCTGCACGCAACGCAG-1","1",41,59,12036,22991,164,86,22991,27214
"TGAGTCGCGATATTAC-1","1",41,61,12034,22625,162,86,22625,27216
"AGGACTGGTGTACTCG-1","1",41,63,12033,22260,160,86,22260,27217
"CTATGTCACGTAGTCA-1","1",41,65,12031,21895,158,86,21895,27219
"GACGTGAGACCTCGTC-1","1",41,67,12029,21530,156,86,21530,27221
"CCGGCGCTGTGCTTGC-1","1",41,69,12028,21165,154,86,21165,27222
"TCACATTCCTGTCATA-1","1",41,71,12026,20800,152,86,20800,27224
"CGACTAGGACGACATC-1","1",41,73,12024,20434,150,86,20434,27226
"AGTGACCTATTAGGAA-1","1",41,75,12022,20069,148,86,20069,27228
"GCTTCTAATTACCTAT-1","1",41,77,12021,19704,146,86,19704,27229
"ATGTCGTTGGCAGGAT-1","1",41,79,12019,19339,144,86,19339,27231
"TGCTCCTACCACTGTC-1","1",41,81,12017,18974,142,86,18974,27233
"TCGATACAAGATTGCT-1","1",41,83,12016,18609,140,86,18609,27234
"ACTACACTTCAGACTC-1","1",41,85,12014,18243,138,86,18243,27236
"CTCGTTCTTACAGTAA-1","1",41,87,12012,17878,136,86,17878,27238
"CTCGGAATAACTATGT-1","1",41,89,12010,17513,134,86,17513,27240
"GCCAGTACCGTGCATT-1","1",41,91,12009,17148,132,86,17148,27241
"TACAAGTGGACTAGTT-1","1",41,93,12007,16783,130,86,16783,27243
"TGAGCCTATTCTCCAC-1","1",41,95,12005,16418,128,86,16418,27245
"ATGTTCTAACCACTCG-1","1",41,97,12004,16052,126,86,16052,27246
"TGGACTTCTAGAGCTT-1","1",41,99,12002,15687,124,86,15687,27248
"AAGATTGACGATCCTA-1","1",41,101,12000,15322,122,86,15322,27250
"GTGCCTTCTGGTTGAC-1","1",41,103,11998,14957,120,86,14957,27252
"GGTGCAGGCAAGATCT-1","1",41,105,11997,14592,118,86,14592,27253
"GGCCACATGTTGCGTG-1","1",41,107,11995,14227,116,86,14227,27255
"CCTAACAGTGTACGCT-1","1",41,109,11993,13861,114,86,13861,27257
"GCGACACTATCCGTGA-1","1",41,111,11992,13496,112,86,13496,27258
"GTACCTCCTACGAACA-1","1",41,113,11990,13131,110,86,13131,27260
"CGTGCACCGAGCTTCC-1","1",41,115,11988,12766,108,86,12766,27262
"CTGACTATGAACGCTC-1","1",41,117,11986,12401,106,86,12401,27264
"ATAGAACGTGTCACCA-1","1",41,119,11985,12036,104,86,12036,27265
"ATTCACGTTCCGTGGC-1","1",41,121,11983,11670,102,86,11670,27267
"GGTCTGTACTAATTCT-1","1",41,123,11981,11305,100,86,11305,27269
"TGGAATTAGCCGTGTC-1","1",41,125,11980,10940,98,86,10940,27270
"TACGTAATCCGCTGGA-1","1",41,127,11978,10575,96,86,10575,27272
"ATCATTGGTCAGGAAT-1","1",41,129,11976,10210,94,86,10210,27274
"GTCTATAACCGTATAG-1","0",41,131,11974,9845,92,86,9845,27276
"CGGCATTACAACTGGT-1","0",41,133,11973,9479,90,86,9479,27277
"GACCAAGTCCTAACTA-1","0",41,135,11971,9114,88,86,9114,27279
"CTTAGCTATTCATCTA-1","0",41,137,11969,8749,86,86,8749,27281
"GAATCGATAATTGTAC-1","0",41,139,11968,8384,84,86,8384,27282
"TGTACCTTCAAGCTGG-1","0",41,141,11966,8019,82,86,8019,27284
"ATCGCAGCACGATCGC-1","0",41,143,11964,7654,80,86,7654,27286
"ACCTCCGCGTCGAGCA-1","0",41,145,11962,7288,78,86,7288,27288
"TCGCCGTAGTCCAGGC-1","0",41,147,11961,6923,76,86,6923,27289
"CGTTGGTGGAATTCGA-1","0",41,149,11959,6558,74,86,6558,27291
"ATCGCAAGCCATAACG-1","0",41,151,11957,6193,72,86,6193,27293
"GTTATTGAAGATACAA-1","0",41,153,11956,5828,70,86,5828,27294
"TCGGACCTCGGTAACC-1","0",41,155,11954,5463,68,86,5463,27296
"CAGATCTTACTCGCCA-1","0",41,157,11952,5097,66,86,5097,27298
"TGAGGTAAGTTCTGGC-1","0",41,159,11950,4732,64,86,4732,27300
"ATCCACCGAATAAGCA-1","0",41,161,11949,4367,62,86,4367,27301
"CATCCGATAGACCGAG-1","0",41,163,11947,4002,60,86,4002,27303
"CGGCATGGTGAGACTG-1","0",41,165,11945,3637,58,86,3637,27305
"GAGCGGCTCCGCTACC-1","0",41,167,11944,3272,56,86,3272,27306
"ACTACCTCAGGAAGCC-1","0",41,169,11942,2906,54,86,2906,27308
"ACCATTAGGCCTACAT-1","0",41,171,11940,2541,52,86,2541,27310
"ATGAGTTCGACAGGCG-1","0",41,173,11938,2176,50,86,2176,27312
"CTACGAGTTGCGGTTG-1","0",41,175,11937,1811,48,86,1811,27313
"GCTTGGTCACGCCGGC-1","0",41,177,11935,1446,46,86,1446,27315
"TGGTTGGTTCGTTAGG-1","0",41,179,11933,1081,44,86,1081,27317
"ATGATTAGCCAATATG-1","0",41,181,11932,715,42,86,715,27318
"TCCAGTACGCGAGCTA-1","0",41,183,11930,350,40,86,350,27320
"ACCGTAGACATGAGCG-1","0",41,185,11928,-15,38,86,-15,27322
"TCCGTCCTCACGTCGG-1","0",41,187,11926,-380,36,86,-380,27324
"AGCACGTGGTATGAAC-1","0",41,189,11925,-745,34,86,-745,27325
"CCACGACAACTCGCTC-1","0",41,191,11923,-1110,32,86,-1110,27327
"TCCGAATCCAGGCCAT-1","0",41,193,11921,-1476,30,86,-1476,27329
"TGCGGACTCGGATGGA-1","1",41,195,11920,-1841,28,86,-1841,27330
"GACCGTGATGCAGACA-1","0",41,197,11918,-2206,26,86,-2206,27332
"TAACATTAAGCTCACC-1","0",41,199,11916,-2571,24,86,-2571,27334
"ACAAGCAATCCGGCGA-1","0",41,201,11914,-2936,22,86,-2936,27336
"CTGTTCCAGACTAGAA-1","0",41,203,11913,-3301,20,86,-3301,27337
"ATACCGTGTATCGCCA-1","0",41,205,11911,-3666,18,86,-3666,27339
"GAGGTATGCATCGTCC-1","0",41,207,11909,-4032,16,86,-4032,27341
"TAAGGTATCTTGGTCT-1","0",41,209,11908,-4397,14,86,-4397,27342
"TCGTGACATTAACTCC-1","0",41,211,11906,-4762,12,86,-4762,27344
"ACGAGTCAAGCCAGTG-1","0",41,213,11904,-5127,10,86,-5127,27346
"TCCGCCTCCACCTCTG-1","0",41,215,11902,-5492,8,86,-5492,27348
"ATGCTCGCCGGTCTGT-1","0",41,217,11901,-5857,6,86,-5857,27349
"GGAGTCTATTCTAGCT-1","0",41,219,11899,-6223,4,86,-6223,27351
"TCACGATGGCCTGAGT-1","0",41,221,11897,-6588,2,86,-6588,27353
"ATCTTATCTGATCTAG-1","0",41,223,11896,-6953,0,86,-6953,27354
"AACTATCTTACCGAGT-1","0",42,0,12404,33762,223,85,33762,26846
"GAAGTATTGCTTCCTG-1","0",42,2,12403,33396,221,85,33396,26847
"ATTGGCACGCTTGACC-1","0",42,4,12401,33031,219,85,33031,26849
"CGTCCAAGTTCGGATA-1","0",42,6,12399,32666,217,85,32666,26851
"GAGTAGCATGCCGGCG-1","0",42,8,12397,32301,215,85,32301,26853
"AGAATTCTGAGCTTAT-1","0",42,10,12396,31936,213,85,31936,26854
"CCAAGGAGGCTACAAC-1","0",42,12,12394,31571,211,85,31571,26856
"CGAGCGCAGACAACCG-1","0",42,14,12392,31205,209,85,31205,26858
"ACCGTAGAGTGGCTAA-1","0",42,16,12391,30840,207,85,30840,26859
"GACGCAACAGCGGCTA-1","0",42,18,12389,30475,205,85,30475,26861
"CGTGGCTCCATTAGGT-1","0",42,20,12387,30110,203,85,30110,26863
"TAGCAGTATTAATTCT-1","0",42,22,12385,29745,201,85,29745,26865
"CTTACGGAACTGCATA-1","0",42,24,12384,29380,199,85,29380,26866
"GCTCGTGCTCCAAGCA-1","0",42,26,12382,29014,197,85,29014,26868
"GAGGTATTAATGAGCT-1","0",42,28,12380,28649,195,85,28649,26870
"CATCAGTCAGGAATAC-1","0",42,30,12379,28284,193,85,28284,26871
"AGGACCTACGCATATC-1","0",42,32,12377,27919,191,85,27919,26873
"TCTGCATGAAGGAAGA-1","0",42,34,12375,27554,189,85,27554,26875
"TCGAGTATGTAGATAG-1","0",42,36,12374,27189,187,85,27189,26876
"TATTGAGCGATCAGCA-1","0",42,38,12372,26823,185,85,26823,26878
"GTGCCGCTCCGGCACT-1","0",42,40,12370,26458,183,85,26458,26880
"GGCGCCAGGATGTAAC-1","0",42,42,12368,26093,181,85,26093,26882
"TAACAGCCTCACTGCC-1","0",42,44,12367,25728,179,85,25728,26883
"CTTACACGTGGACATC-1","0",42,46,12365,25363,177,85,25363,26885
"ATTGGCGATTCACGGT-1","0",42,48,12363,24998,175,85,24998,26887
"CCGCGATCGTAACCGA-1","0",42,50,12362,24632,173,85,24632,26888
"TCCAATACTAAGGTCA-1","1",42,52,12360,24267,171,85,24267,26890
"ACAGAAGTGAACCTAA-1","1",42,54,12358,23902,169,85,23902,26892
"GCCTTCTGGCGGAATG-1","1",42,56,12356,23537,167,85,23537,26894
"TGCTTCTACGGTCTTC-1","1",42,58,12355,23172,165,85,23172,26895
"TGACGGCACCTAAGGC-1","1",42,60,12353,22807,163,85,22807,26897
"TCTTACGGTTGTGCTT-1","1",42,62,12351,22441,161,85,22441,26899
"TCCGCCTCGGCGGTCT-1","1",42,64,12350,22076,159,85,22076,26900
"GCACTGGAGTCAGACG-1","1",42,66,12348,21711,157,85,21711,26902
"TACGGAGTCTCGGTAC-1","1",42,68,12346,21346,155,85,21346,26904
"CCACAGGTTAGTCCGC-1","1",42,70,12344,20981,153,85,20981,26906
"GTACGAACGCCGAATG-1","1",42,72,12343,20616,151,85,20616,26907
"GAAGTATTACTCTTGT-1","1",42,74,12341,20250,149,85,20250,26909
"GCCGGCCGAGATCCTT-1","1",42,76,12339,19885,147,85,19885,26911
"CGTTACCGTTCAGGTG-1","1",42,78,12338,19520,145,85,19520,26912
"CGTTACGTACGTCTCC-1","1",42,80,12336,19155,143,85,19155,26914
"AACTAGCACGTTGCAT-1","1",42,82,12334,18790,141,85,18790,26916
"GAGCGACATCGCTCCT-1","1",42,84,12332,18425,139,85,18425,26918
"AGGTAGGTCTATCAAG-1","1",42,86,12331,18059,137,85,18059,26919
"AACTCATGAGGAACGC-1","1",42,88,12329,17694,135,85,17694,26921
"GAGTTAATTAGCTCCA-1","1",42,90,12327,17329,133,85,17329,26923
"GGAACATGGCTAAGCA-1","1",42,92,12326,16964,131,85,16964,26924
"ACGCAAGCGGAGCCGA-1","1",42,94,12324,16599,129,85,16599,26926
"CACGATGGTTAACATT-1","1",42,96,12322,16234,127,85,16234,26928
"TCTAGACGTAGAGCAA-1","1",42,98,12320,15868,125,85,15868,26930
"ACGTTATGACTGAGCC-1","1",42,100,12319,15503,123,85,15503,26931
"CCAACGGCAGCCTCAC-1","1",42,102,12317,15138,121,85,15138,26933
"AACGAGTCACATCTGG-1","1",42,104,12315,14773,119,85,14773,26935
"TGTAGGAGGCTCTGCC-1","1",42,106,12314,14408,117,85,14408,26936
"ATGCATGAACTGCATA-1","1",42,108,12312,14043,115,85,14043,26938
"CTGTGCTCGTCTAGTA-1","1",42,110,12310,13677,113,85,13677,26940
"GTTGTCAACGGTGAGC-1","1",42,112,12308,13312,111,85,13312,26942
"TAGAGTACGCCAATCC-1","1",42,114,12307,12947,109,85,12947,26943
"ACAACTACGCACGAAG-1","1",42,116,12305,12582,107,85,12582,26945
"ACTGAGTTAGTGCTTC-1","1",42,118,12303,12217,105,85,12217,26947
"GGAGGTACTTGGTCCT-1","1",42,120,12302,11852,103,85,11852,26948
"TGTCGTTAGCTGTATC-1","1",42,122,12300,11486,101,85,11486,26950
"GTTGTCTGGCTCGCCT-1","1",42,124,12298,11121,99,85,11121,26952
"TAGCTTCTATGTAATT-1","1",42,126,12296,10756,97,85,10756,26954
"AGCTCAATCTATACTC-1","1",42,128,12295,10391,95,85,10391,26955
"TAAGCAGTTCTGGTCT-1","1",42,130,12293,10026,93,85,10026,26957
"TACCGGATGGCCGCGT-1","1",42,132,12291,9661,91,85,9661,26959
"GGAGATCACTGTTCGC-1","0",42,134,12290,9295,89,85,9295,26960
"GTCACTTCGTGCAGGC-1","0",42,136,12288,8930,87,85,8930,26962
"CATAGTCATGGTGACT-1","0",42,138,12286,8565,85,85,8565,26964
"CTATACGAGCTCACTA-1","0",42,140,12284,8200,83,85,8200,26966
"GATCACCATATCATTG-1","0",42,142,12283,7835,81,85,7835,26967
"TGTCAAGTCTATTAAG-1","0",42,144,12281,7470,79,85,7470,26969
"ATCGCAATCGGTTGGA-1","0",42,146,12279,7104,77,85,7104,26971
"CTAAGTTCACGTCTTC-1","0",42,148,12278,6739,75,85,6739,26972
"TCTTGCCGTATCGCTG-1","0",42,150,12276,6374,73,85,6374,26974
"GCCATTCTACTGGTCG-1","0",42,152,12274,6009,71,85,6009,26976
"CTTACGTCATGGCACT-1","0",42,154,12272,5644,69,85,5644,26978
"CAATCAGCACCTTAGT-1","0",42,156,12271,5279,67,85,5279,26979
"CCACATTGTAGGTCGA-1","0",42,158,12269,4913,65,85,4913,26981
"TGCACGTAATCATTCT-1","0",42,160,12267,4548,63,85,4548,26983
"GACCGGTTCTGTCGCC-1","0",42,162,12266,4183,61,85,4183,26984
"ATTCACTGGCAATGAC-1","0",42,164,12264,3818,59,85,3818,26986
"CACTCGAACTTGTTAC-1","0",42,166,12262,3453,57,85,3453,26988
"GCCACTATGGTTGGCC-1","0",42,168,12260,3088,55,85,3088,26990
"GTCGCAGACAGTATAG-1","0",42,170,12259,2722,53,85,2722,26991
"TATCCGTGTCAATCCT-1","0",42,172,12257,2357,51,85,2357,26993
"ACAGGCACAGTTATTG-1","0",42,174,12255,1992,49,85,1992,26995
"TCATTGTTAGCCGTCT-1","0",42,176,12254,1627,47,85,1627,26996
"GGACAGTCATGGTGAG-1","0",42,178,12252,1262,45,85,1262,26998
"TAGGCTGTGGCTTCAC-1","0",42,180,12250,897,43,85,897,27000
"GTGCCATACCACCGGC-1","0",42,182,12248,531,41,85,531,27002
"CTAAGTTCCATGTCGT-1","0",42,184,12247,166,39,85,166,27003
"TCGCCTGACATGAGGT-1","0",42,186,12245,-199,37,85,-199,27005
"TATTCCGTTCGATACG-1","0",42,188,12243,-564,35,85,-564,27007
"GGACAGACCGGTACGA-1","0",42,190,12242,-929,33,85,-929,27008
"CATATCTGAGCGTAGG-1","0",42,192,12240,-1294,31,85,-1294,27010
"TGCTGTGCGGAGGCGG-1","0",42,194,12238,-1660,29,85,-1660,27012
"AGCCATGTTAATTATC-1","0",42,196,12236,-2025,27,85,-2025,27014
"AGGTTGAGGCACCAGG-1","0",42,198,12235,-2390,25,85,-2390,27015
"CGTACTGCATCGGTAC-1","0",42,200,12233,-2755,23,85,-2755,27017
"GATTCCTGGCACGCGG-1","0",42,202,12231,-3120,21,85,-3120,27019
"CTCCTTGGAGGCCGAC-1","0",42,204,12230,-3485,19,85,-3485,27020
"TCCAGTCAGTTACCAT-1","0",42,206,12228,-3851,17,85,-3851,27022
"CGGAACTCCAGGACTT-1","0",42,208,12226,-4216,15,85,-4216,27024
"CATGCGTTCTCCAGCT-1","0",42,210,12224,-4581,13,85,-4581,27026
"CTTCAAGAGCGTGGTT-1","0",42,212,12223,-4946,11,85,-4946,27027
"TCTTACTGCCTGCGTC-1","0",42,214,12221,-5311,9,85,-5311,27029
"GGAGTCTGCGAACAAG-1","0",42,216,12219,-5676,7,85,-5676,27031
"GCTCTGCCTCGAACGC-1","0",42,218,12218,-6042,5,85,-6042,27032
"GTTCCGGCAGACGTTC-1","0",42,220,12216,-6407,3,85,-6407,27034
"GCGGTGGCATTGCTAT-1","0",42,222,12214,-6772,1,85,-6772,27036
"CGAATGGTTCGCAAGG-1","0",43,1,12718,33577,222,84,33577,26532
"CTAGCATACAGGTCGA-1","0",43,3,12716,33212,220,84,33212,26534
"GCTCGCTAGCGTGAAT-1","0",43,5,12714,32847,218,84,32847,26536
"GATCGTCACTGAGGCT-1","0",43,7,12712,32482,216,84,32482,26538
"CTTGAACCACAATCTG-1","0",43,9,12711,32117,214,84,32117,26539
"TCCAGTGCACGCCGGC-1","0",43,11,12709,31752,212,84,31752,26541
"GGTAGATATGCGAGTG-1","0",43,13,12707,31386,210,84,31386,26543
"TAGCATGTCATTAATT-1","0",43,15,12706,31021,208,84,31021,26544
"ATCCGATGACGCGTCC-1","0",43,17,12704,30656,206,84,30656,26546
"AGTATTGACGTTGATG-1","0",43,19,12702,30291,204,84,30291,26548
"GAGGCCAGACAGATGA-1","0",43,21,12700,29926,202,84,29926,26550
"TCGCGGAATATTGTCG-1","0",43,23,12699,29561,200,84,29561,26551
"GTCCTTACGCTCACGA-1","0",43,25,12697,29195,198,84,29195,26553
"CTGAGGCCAGGCATGA-1","0",43,27,12695,28830,196,84,28830,26555
"TGTCTGGATTACTATT-1","0",43,29,12694,28465,194,84,28465,26556
"AAGTACCTCCGACATT-1","0",43,31,12692,28100,192,84,28100,26558
"AAGATAGGTCGGACGC-1","0",43,33,12690,27735,190,84,27735,26560
"TCCGTAGATTCCGGAA-1","0",43,35,12688,27370,188,84,27370,26562
"GAGTCTAATCACAGGC-1","0",43,37,12687,27004,186,84,27004,26563
"CAGAACTGGTATCTAA-1","0",43,39,12685,26639,184,84,26639,26565
"TCCAACAGCGTTGCGA-1","0",43,41,12683,26274,182,84,26274,26567
"TAATAGCGACATCATT-1","0",43,43,12682,25909,180,84,25909,26568
"CGTGTACGCAGAAGCG-1","0",43,45,12680,25544,178,84,25544,26570
"ATCTTACGATCAACGA-1","0",43,47,12678,25179,176,84,25179,26572
"TCATAGGTTACTCAGG-1","0",43,49,12676,24813,174,84,24813,26574
"AGTAGAGTTAAGATGC-1","1",43,51,12675,24448,172,84,24448,26575
"ACCGAGTATCACGTGA-1","1",43,53,12673,24083,170,84,24083,26577
"GGACTCGAACGGTTCT-1","1",43,55,12671,23718,168,84,23718,26579
"CCATGGAATGGCTGGC-1","1",43,57,12670,23353,166,84,23353,26580
"GTCATCACTGACCGCC-1","1",43,59,12668,22988,164,84,22988,26582
"ATTGATCTCGGCGAGT-1","1",43,61,12666,22622,162,84,22622,26584
"ACAGACAGGACATAGT-1","1",43,63,12664,22257,160,84,22257,26586
"TCCAATACGCGGCTCC-1","1",43,65,12663,21892,158,84,21892,26587
"GTCAGCTGCGGCTCGG-1","1",43,67,12661,21527,156,84,21527,26589
"AAGCCACCAGTATTAA-1","1",43,69,12659,21162,154,84,21162,26591
"CAAGTCTTAGACAACC-1","1",43,71,12658,20797,152,84,20797,26592
"TCAACCGGCTTCTAGG-1","1",43,73,12656,20431,150,84,20431,26594
"GAGGCCATCTCACGAG-1","1",43,75,12654,20066,148,84,20066,26596
"AAGCGAGCCAATGCAG-1","1",43,77,12652,19701,146,84,19701,26598
"AAGCACCGTGGTGCGT-1","1",43,79,12651,19336,144,84,19336,26599
"CTCCGCCTACCAATCA-1","1",43,81,12649,18971,142,84,18971,26601
"TAGCGTGCTTCGATCA-1","1",43,83,12647,18606,140,84,18606,26603
"CGTGAACCAGGAGCCT-1","1",43,85,12646,18241,138,84,18241,26604
"TCCATGGAATTCTTGG-1","1",43,87,12644,17875,136,84,17875,26606
"GAGGTCCAGACCATAA-1","1",43,89,12642,17510,134,84,17510,26608
"GTGGAAGCCGTAGGCC-1","1",43,91,12640,17145,132,84,17145,26610
"ATCCGGAGATGTTGCC-1","1",43,93,12639,16780,130,84,16780,26611
"GTTGTCCTTGCTTAGC-1","1",43,95,12637,16415,128,84,16415,26613
"AAGTTAAGGTAATCGT-1","1",43,97,12635,16050,126,84,16050,26615
"CACCGAGTGCAAGGTT-1","1",43,99,12634,15684,124,84,15684,26616
"GCACCGGTGCAGACGT-1","1",43,101,12632,15319,122,84,15319,26618
"ATAGGCAAGAGCTCGA-1","1",43,103,12630,14954,120,84,14954,26620
"CGTAGTCGCTGCCTAA-1","1",43,105,12628,14589,118,84,14589,26622
"CAATCAACAGCATACG-1","1",43,107,12627,14224,116,84,14224,26623
"TGTTCGATGGATACGT-1","1",43,109,12625,13859,114,84,13859,26625
"ATCGTCGAACAACGTG-1","1",43,111,12623,13493,112,84,13493,26627
"ATGAGGTACTAATATC-1","1",43,113,12622,13128,110,84,13128,26628
"AGGTTCGTCTTACGTT-1","1",43,115,12620,12763,108,84,12763,26630
"TACCAACACGAAGATG-1","1",43,117,12618,12398,106,84,12398,26632
"CGCAATAGCGAGTATG-1","1",43,119,12616,12033,104,84,12033,26634
"TCTGCTTCCACGGCAC-1","1",43,121,12615,11668,102,84,11668,26635
"CGACAATTATGGCGAT-1","1",43,123,12613,11302,100,84,11302,26637
"GATGTAGTATGCTCTA-1","1",43,125,12611,10937,98,84,10937,26639
"GACAACTTCAATTGCG-1","1",43,127,12610,10572,96,84,10572,26640
"CATTGATCTGGCCAGT-1","1",43,129,12608,10207,94,84,10207,26642
"GGCTCATATCTGATAC-1","1",43,131,12606,9842,92,84,9842,26644
"AAGTACTGCGCATTGT-1","1",43,133,12604,9477,90,84,9477,26646
"AAGGTGGATTGAGCGT-1","0",43,135,12603,9111,88,84,9111,26647
"ATCATTACGTGATAAC-1","0",43,137,12601,8746,86,84,8746,26649
"TCCGTGCTAAGGCGTA-1","0",43,139,12599,8381,84,84,8381,26651
"TCTACATAGGCCTTGA-1","0",43,141,12598,8016,82,84,8016,26652
"ATGATCCAGTATCTGT-1","0",43,143,12596,7651,80,84,7651,26654
"AGTAGACGGAAGTCGC-1","0",43,145,12594,7286,78,84,7286,26656
"CCACCGACAGCAAGCT-1","0",43,147,12592,6920,76,84,6920,26658
"TAAGTGAAGTCTGGAT-1","0",43,149,12591,6555,74,84,6555,26659
"GTCTGATATCATGCCT-1","0",43,151,12589,6190,72,84,6190,26661
"TGTCGCAAGACTGTTG-1","0",43,153,12587,5825,70,84,5825,26663
"CCTCGCAGTGCGAGTA-1","0",43,155,12586,5460,68,84,5460,26664
"ATTACAACTGTCCGTA-1","0",43,157,12584,5095,66,84,5095,26666
"GTTAATGCCGTCGATT-1","0",43,159,12582,4729,64,84,4729,26668
"TGTTATGTACGCATAC-1","0",43,161,12580,4364,62,84,4364,26670
"CTAGCACTGGCCTCCA-1","0",43,163,12579,3999,60,84,3999,26671
"CGGACGAGGACATTGT-1","0",43,165,12577,3634,58,84,3634,26673
"CTATAACGTGCACGTA-1","0",43,167,12575,3269,56,84,3269,26675
"CTCCGGTATGCTTCGG-1","0",43,169,12574,2904,54,84,2904,26676
"ACGAAGATTAATCGGT-1","0",43,171,12572,2538,52,84,2538,26678
"GCCTTGCGCTGTGAAG-1","0",43,173,12570,2173,50,84,2173,26680
"TAATGTCACTTCCTAA-1","0",43,175,12568,1808,48,84,1808,26682
"GTCTATCACGACCAGG-1","0",43,177,12567,1443,46,84,1443,26683
"ACGAGTGCTGGTTCGA-1","0",43,179,12565,1078,44,84,1078,26685
"AGAAGGTAATAGATGT-1","0",43,181,12563,713,42,84,713,26687
"GACTAGCCGCGACAGC-1","0",43,183,12562,347,40,84,347,26688
"ACCATATGAAGATATG-1","0",43,185,12560,-18,38,84,-18,26690
"AACTGCCTGACAATCC-1","0",43,187,12558,-383,36,84,-383,26692
"TGACTCAACAAGTCGC-1","0",43,189,12556,-748,34,84,-748,26694
"CCGATAGTTAGCGGTC-1","0",43,191,12555,-1113,32,84,-1113,26695
"TAATTGATAGGCCTTG-1","0",43,193,12553,-1478,30,84,-1478,26697
"TAACAGTTACTCGGAC-1","0",43,195,12551,-1844,28,84,-1844,26699
"CCATACCTTCCAATCT-1","0",43,197,12550,-2209,26,84,-2209,26700
"AGCGGAAGTTCGATTA-1","0",43,199,12548,-2574,24,84,-2574,26702
"CGTGCTGAACAAGACG-1","0",43,201,12546,-2939,22,84,-2939,26704
"TCACTAATGATAGGAA-1","0",43,203,12544,-3304,20,84,-3304,26706
"ATGTCAACCAGGACGG-1","0",43,205,12543,-3669,18,84,-3669,26707
"AGGACTTAACTCTGCA-1","0",43,207,12541,-4035,16,84,-4035,26709
"ACGTTACCTGCCGGAA-1","0",43,209,12539,-4400,14,84,-4400,26711
"TGCAGATTCCGAACGT-1","0",43,211,12538,-4765,12,84,-4765,26712
"GACAGAACGTTGCTTC-1","0",43,213,12536,-5130,10,84,-5130,26714
"CTATGTCATCCGTTGA-1","0",43,215,12534,-5495,8,84,-5495,26716
"CCAACTTCTGCCGGTC-1","0",43,217,12532,-5860,6,84,-5860,26718
"GGATAGGTGCGGCCAT-1","0",43,219,12531,-6226,4,84,-6226,26719
"TCGATAACGTTGGATG-1","0",43,221,12529,-6591,2,84,-6591,26721
"CGAACCGACGCCAGCT-1","0",43,223,12527,-6956,0,84,-6956,26723
"CATATCCAATAAGCTT-1","0",44,0,13036,33759,223,83,33759,26214
"GACTGGAGATTCGGAC-1","0",44,2,13034,33393,221,83,33393,26216
"ACAACTGATCACCGCT-1","0",44,4,13033,33028,219,83,33028,26217
"GGTCTTCCTACGTCCA-1","0",44,6,13031,32663,217,83,32663,26219
"GGACCGGCTCCGAATT-1","0",44,8,13029,32298,215,83,32298,26221
"TGCAGTCTACAGTTAT-1","0",44,10,13028,31933,213,83,31933,26222
"TAAGCACTATCAGTAT-1","0",44,12,13026,31568,211,83,31568,26224
"TGATGGAGTCCGATCC-1","0",44,14,13024,31202,209,83,31202,26226
"GGATCGTTGTCGCTAT-1","0",44,16,13022,30837,207,83,30837,26228
"TACAAGATTAGTGCAT-1","0",44,18,13021,30472,205,83,30472,26229
"CTCCAACCGGTCCAAC-1","0",44,20,13019,30107,203,83,30107,26231
"TCTGCCATTGTTCTCG-1","0",44,22,13017,29742,201,83,29742,26233
"CGACGCATGCTCGATT-1","0",44,24,13016,29377,199,83,29377,26234
"CTTCGAACTTAGTCCG-1","0",44,26,13014,29011,197,83,29011,26236
"ATCTTGATGTCGGCCG-1","0",44,28,13012,28646,195,83,28646,26238
"GCCACGAGCAGGAATC-1","0",44,30,13010,28281,193,83,28281,26240
"GGATCGGAATCGTAGT-1","0",44,32,13009,27916,191,83,27916,26241
"TACTGGCATATTACCT-1","0",44,34,13007,27551,189,83,27551,26243
"TGCGTCAACTAAGCAG-1","0",44,36,13005,27186,187,83,27186,26245
"ATTCAGTCTTGGTCGC-1","0",44,38,13004,26820,185,83,26820,26246
"AACACCTAAGCATTGC-1","0",44,40,13002,26455,183,83,26455,26248
"GTGCACGTGAATCGAG-1","0",44,42,13000,26090,181,83,26090,26250
"CAAGATAAGATCCGAG-1","0",44,44,12998,25725,179,83,25725,26252
"GCGTTCGCGTTAGGTC-1","0",44,46,12997,25360,177,83,25360,26253
"AGGTCCGCTGGTGATG-1","0",44,48,12995,24995,175,83,24995,26255
"GGCGGATTGCACGTAT-1","0",44,50,12993,24629,173,83,24629,26257
"GATAAGTTACGTCTGG-1","1",44,52,12992,24264,171,83,24264,26258
"CTGACGTCCTGGTTGG-1","1",44,54,12990,23899,169,83,23899,26260
"AGTAGAAGTCAGCACC-1","1",44,56,12988,23534,167,83,23534,26262
"GTGCCTGCAGTCACGC-1","1",44,58,12986,23169,165,83,23169,26264
"TAACGGTTGCGTATCC-1","1",44,60,12985,22804,163,83,22804,26265
"CATAGACCGCCTTAAG-1","1",44,62,12983,22438,161,83,22438,26267
"GGCATACTTGGACGCT-1","1",44,64,12981,22073,159,83,22073,26269
"CCTGGAAGTATCATTA-1","1",44,66,12980,21708,157,83,21708,26270
"TAGTATCCGTGCACCA-1","1",44,68,12978,21343,155,83,21343,26272
"GTACTTCGAGACCGTG-1","1",44,70,12976,20978,153,83,20978,26274
"TGTCAGGTTAATGCAA-1","1",44,72,12974,20613,151,83,20613,26276
"GAATTAGAAGCATCGT-1","1",44,74,12973,20247,149,83,20247,26277
"CATATGACAGTGGTTG-1","1",44,76,12971,19882,147,83,19882,26279
"CTCCGCTCCATAGTTA-1","1",44,78,12969,19517,145,83,19517,26281
"GGACGGTGATGGCGCC-1","1",44,80,12968,19152,143,83,19152,26282
"ACGCCACGAGTGGCTC-1","1",44,82,12966,18787,141,83,18787,26284
"TCACGAGCCTGAGTAG-1","1",44,84,12964,18422,139,83,18422,26286
"ACGAAGTGAAGCACCT-1","1",44,86,12962,18056,137,83,18056,26288
"CAGTTGACGGCACCTA-1","1",44,88,12961,17691,135,83,17691,26289
"CGGCTCGCGACATATG-1","1",44,90,12959,17326,133,83,17326,26291
"TGGCTGGCCTTAGGCC-1","1",44,92,12957,16961,131,83,16961,26293
"CTGTCAAGCAAGGCAG-1","1",44,94,12956,16596,129,83,16596,26294
"CTCAGGTTAAGAGCTG-1","1",44,96,12954,16231,127,83,16231,26296
"CTACAACTACGATCCG-1","1",44,98,12952,15865,125,83,15865,26298
"AGCGTGGAGGCGTGAT-1","1",44,100,12950,15500,123,83,15500,26300
"CCTTATAGGAAGCATA-1","1",44,102,12949,15135,121,83,15135,26301
"TCATCGAACGTGTAGG-1","1",44,104,12947,14770,119,83,14770,26303
"AGATGAGGTGCGAGCT-1","1",44,106,12945,14405,117,83,14405,26305
"ACATACGGCGAGACTT-1","1",44,108,12944,14040,115,83,14040,26306
"ATGAGTATCAGCCAAT-1","1",44,110,12942,13674,113,83,13674,26308
"TATCATAGCCAGCGGT-1","1",44,112,12940,13309,111,83,13309,26310
"CATCCGACCATGTCCA-1","1",44,114,12938,12944,109,83,12944,26312
"GGTGTTCTGACAGTAC-1","1",44,116,12937,12579,107,83,12579,26313
"TCCAACTAAGTTCAGA-1","1",44,118,12935,12214,105,83,12214,26315
"TAAGACTACCTGTCGG-1","1",44,120,12933,11849,103,83,11849,26317
"CTTGGACTCATGTTCA-1","1",44,122,12932,11483,101,83,11483,26318
"AGTACCGTGCCTTGTA-1","1",44,124,12930,11118,99,83,11118,26320
"CGGAGCACGATACCGC-1","1",44,126,12928,10753,97,83,10753,26322
"CAGTAACCTCGTGCTC-1","1",44,128,12926,10388,95,83,10388,26324
"GGATAAGTTCGTCATT-1","1",44,130,12925,10023,93,83,10023,26325
"CCATCATGATGTATAG-1","1",44,132,12923,9658,91,83,9658,26327
"TGGTCTGGATACGTTA-1","1",44,134,12921,9292,89,83,9292,26329
"GCGAAGCGTATGGCAA-1","0",44,136,12920,8927,87,83,8927,26330
"ATGCTGCGACCAACAG-1","0",44,138,12918,8562,85,83,8562,26332
"CTCAAGGTTCTGACAA-1","0",44,140,12916,8197,83,83,8197,26334
"CATACATAATACAACC-1","0",44,142,12914,7832,81,83,7832,26336
"CCGGCGAATCTTAGGC-1","0",44,144,12913,7467,79,83,7467,26337
"ATGACCGTGCTGTCAG-1","0",44,146,12911,7101,77,83,7101,26339
"CCACCGCTCAGTAGAC-1","0",44,148,12909,6736,75,83,6736,26341
"ACTTCAAGTCCTTATT-1","0",44,150,12908,6371,73,83,6371,26342
"GGAGTGAGCTGTCCGT-1","0",44,152,12906,6006,71,83,6006,26344
"GATATGATGCTTCCAC-1","0",44,154,12904,5641,69,83,5641,26346
"GAATCTTCGCTAGATG-1","0",44,156,12902,5276,67,83,5276,26348
"TCACGATGTTCCATAC-1","0",44,158,12901,4910,65,83,4910,26349
"GCATTGTCGAGTATGG-1","0",44,160,12899,4545,63,83,4545,26351
"TCTTGCCAACTCAACA-1","0",44,162,12897,4180,61,83,4180,26353
"GGCATACTAAGAACTA-1","0",44,164,12896,3815,59,83,3815,26354
"GTTCGCTGAGCTCGGT-1","0",44,166,12894,3450,57,83,3450,26356
"CCGACATAACCAACCG-1","0",44,168,12892,3085,55,83,3085,26358
"TATCACCATAGATAAC-1","0",44,170,12890,2719,53,83,2719,26360
"GTATAGTATCAACCTA-1","0",44,172,12889,2354,51,83,2354,26361
"CGGATAGCGTGAGTTA-1","0",44,174,12887,1989,49,83,1989,26363
"GCTCGCGGTCACGTGG-1","0",44,176,12885,1624,47,83,1624,26365
"CTATCCTGCTGTCGTT-1","0",44,178,12884,1259,45,83,1259,26366
"TGGTCGCCAAGTTAGG-1","0",44,180,12882,894,43,83,894,26368
"TGCCACCGAGGTGCTA-1","0",44,182,12880,528,41,83,528,26370
"CACGGCGATATTGGAG-1","0",44,184,12878,163,39,83,163,26372
"ATTCACGACATGGTCA-1","0",44,186,12877,-202,37,83,-202,26373
"GCATGAGTACCAACGA-1","0",44,188,12875,-567,35,83,-567,26375
"GATAAGACCAGTCTAC-1","0",44,190,12873,-932,33,83,-932,26377
"TGCCGCATAATGTCAC-1","0",44,192,12872,-1297,31,83,-1297,26378
"AGGTACCATCGCTCGA-1","0",44,194,12870,-1663,29,83,-1663,26380
"CGGTGCACATAGTAAC-1","0",44,196,12868,-2028,27,83,-2028,26382
"TAGGCTAGACATTACG-1","0",44,198,12866,-2393,25,83,-2393,26384
"GTACAGGACACCGATT-1","0",44,200,12865,-2758,23,83,-2758,26385
"AGTACACGCTCCAGGC-1","0",44,202,12863,-3123,21,83,-3123,26387
"ATAGCTGTATCCACCG-1","0",44,204,12861,-3488,19,83,-3488,26389
"ATCGTAACTAGTCCAC-1","0",44,206,12860,-3854,17,83,-3854,26390
"GTCTATCGCTTGCCGG-1","0",44,208,12858,-4219,15,83,-4219,26392
"GATCATTGCATAGCAG-1","0",44,210,12856,-4584,13,83,-4584,26394
"ATGTTCTTATGTGGAG-1","0",44,212,12854,-4949,11,83,-4949,26396
"GTGGCGAACTTACACC-1","0",44,214,12853,-5314,9,83,-5314,26397
"CTGATTGCTATCAAGT-1","0",44,216,12851,-5679,7,83,-5679,26399
"TCAGATGGTAATGCCT-1","0",44,218,12849,-6045,5,83,-6045,26401
"GTGCACGGTGTTAAGC-1","0",44,220,12848,-6410,3,83,-6410,26402
"CTACAGTATTCTCCTG-1","0",44,222,12846,-6775,1,83,-6775,26404
"AGGAGCTACACTTGGA-1","0",45,1,13349,33575,222,82,33575,25901
"TGCGATAATGGTATTG-1","0",45,3,13348,33209,220,82,33209,25902
"AAGTGGTAGTTGCGGC-1","0",45,5,13346,32844,218,82,32844,25904
"TCGATAGGTAACTAAC-1","0",45,7,13344,32479,216,82,32479,25906
"GAGCCTAAGTACCAGT-1","0",45,9,13342,32114,214,82,32114,25908
"CTATGCCTAGCCATAG-1","0",45,11,13341,31749,212,82,31749,25909
"TGTCAAGTTGCGTAGA-1","0",45,13,13339,31384,210,82,31384,25911
"CGCAATGAACTCTTAA-1","0",45,15,13337,31018,208,82,31018,25913
"CGAGTCCACCTGGTCA-1","0",45,17,13336,30653,206,82,30653,25914
"GCGAGCAGGCTCAGGA-1","0",45,19,13334,30288,204,82,30288,25916
"ACGAGTTACGCTTACA-1","0",45,21,13332,29923,202,82,29923,25918
"CTATGCGTGCAATTGG-1","0",45,23,13330,29558,200,82,29558,25920
"TGCGATCGATCAGTCA-1","0",45,25,13329,29193,198,82,29193,25921
"AGTAGAGCCACCAGCA-1","0",45,27,13327,28827,196,82,28827,25923
"GACTTGAACAGAGCTA-1","0",45,29,13325,28462,194,82,28462,25925
"GTCGAAGGATCTAGCA-1","0",45,31,13324,28097,192,82,28097,25926
"GTGAATCCTACACGTA-1","0",45,33,13322,27732,190,82,27732,25928
"CGTAGTACCGTTAGTT-1","0",45,35,13320,27367,188,82,27367,25930
"AGTATTACGGAGAATT-1","0",45,37,13318,27002,186,82,27002,25932
"ATGAGCGACAATGTGG-1","0",45,39,13317,26636,184,82,26636,25933
"TCTACTTCACGAGTGG-1","0",45,41,13315,26271,182,82,26271,25935
"AGGCTCACTGATCCTC-1","0",45,43,13313,25906,180,82,25906,25937
"CGAGGTTCACTAAGCA-1","0",45,45,13312,25541,178,82,25541,25938
"TCTATTGTCATAGGAG-1","0",45,47,13310,25176,176,82,25176,25940
"GTGGTTGTTAATTCTA-1","0",45,49,13308,24811,174,82,24811,25942
"TGTTCGCACGGCCGGC-1","0",45,51,13306,24445,172,82,24445,25944
"GGTACCACTTGCTAAT-1","1",45,53,13305,24080,170,82,24080,25945
"CTTGCTGGTTGCAGTT-1","1",45,55,13303,23715,168,82,23715,25947
"GAGCTCTATGGCGGAG-1","1",45,57,13301,23350,166,82,23350,25949
"GGTAGCGGAGCAATCT-1","1",45,59,13300,22985,164,82,22985,25950
"TAATGTTCGATCGCAG-1","1",45,61,13298,22620,162,82,22620,25952
"ACAGATGAGTTCCACT-1","1",45,63,13296,22254,160,82,22254,25954
"TACCGTGCAACTGTCA-1","1",45,65,13294,21889,158,82,21889,25956
"AGGTGAGGCAGCAATA-1","1",45,67,13293,21524,156,82,21524,25957
"CCGGAGTGGTACAGCG-1","1",45,69,13291,21159,154,82,21159,25959
"ATAGCTGCTTCGGCGA-1","1",45,71,13289,20794,152,82,20794,25961
"AACATATGCACTTCTA-1","1",45,73,13288,20429,150,82,20429,25962
"CTGAAGCTCCGGTTCA-1","1",45,75,13286,20063,148,82,20063,25964
"GGCGGAGTCTAATCAA-1","1",45,77,13284,19698,146,82,19698,25966
"TACGGTGCTGAGTTCC-1","1",45,79,13282,19333,144,82,19333,25968
"TGATGGTTGGTGCGGT-1","1",45,81,13281,18968,142,82,18968,25969
"GCGTATCCACTCGGAA-1","1",45,83,13279,18603,140,82,18603,25971
"ATCCGTAGCCGTGACT-1","1",45,85,13277,18238,138,82,18238,25973
"CGCATGCTGAACTTGT-1","1",45,87,13276,17872,136,82,17872,25974
"TCCTGGTTCAAGTGAA-1","1",45,89,13274,17507,134,82,17507,25976
"GTATCTCAGGTGCAAT-1","1",45,91,13272,17142,132,82,17142,25978
"GTGAACCTAACAGTCG-1","1",45,93,13270,16777,130,82,16777,25980
"CTATCTCACCGGTGTA-1","1",45,95,13269,16412,128,82,16412,25981
"TACACTCACTGAAGAC-1","1",45,97,13267,16047,126,82,16047,25983
"GGTCTTCCAGTTACTT-1","1",45,99,13265,15681,124,82,15681,25985
"CATAGGTTGCAGGTGG-1","1",45,101,13264,15316,122,82,15316,25986
"ATAACGCCACTCCAAC-1","1",45,103,13262,14951,120,82,14951,25988
"TGTATCTGCGCTCAAG-1","1",45,105,13260,14586,118,82,14586,25990
"GTGATATCATAAGTTG-1","1",45,107,13258,14221,116,82,14221,25992
"ACCGCCTTGGATAGAT-1","1",45,109,13257,13856,114,82,13856,25993
"GTTGACCGTACAGACT-1","1",45,111,13255,13490,112,82,13490,25995
"GTCGCAAGTTCGCAAC-1","1",45,113,13253,13125,110,82,13125,25997
"TCCGTCAACATCGACA-1","1",45,115,13252,12760,108,82,12760,25998
"GTGCATTCCACTAGCG-1","1",45,117,13250,12395,106,82,12395,26000
"ACAACCTTGATATGGT-1","1",45,119,13248,12030,104,82,12030,26002
"CAGACAGGTACACTAG-1","1",45,121,13246,11665,102,82,11665,26004
"TCGTCATCTGCTCACG-1","1",45,123,13245,11299,100,82,11299,26005
"CGCACTCCGAAGATGG-1","1",45,125,13243,10934,98,82,10934,26007
"TATCACAATTATCCAA-1","1",45,127,13241,10569,96,82,10569,26009
"CGTCATCCTTCAGCCT-1","1",45,129,13240,10204,94,82,10204,26010
"AGAATAACAGTTGACA-1","1",45,131,13238,9839,92,82,9839,26012
"GATCTTGCCTTGCCGC-1","0",45,133,13236,9474,90,82,9474,26014
"CTCGATAAGCTTCCAC-1","0",45,135,13234,9108,88,82,9108,26016
"CAAGACCATGTCGAGG-1","0",45,137,13233,8743,86,82,8743,26017
"CTCAAGCATAGGCGTA-1","0",45,139,13231,8378,84,82,8378,26019
"TCACGACACGTACGAA-1","0",45,141,13229,8013,82,82,8013,26021
"GTGACTAGTTCCTCGA-1","0",45,143,13228,7648,80,82,7648,26022
"GGTCGCTCAGCGCCAG-1","0",45,145,13226,7283,78,82,7283,26024
"GGAATGAAGGTGTATC-1","0",45,147,13224,6917,76,82,6917,26026
"TGAATGACGCTTGATC-1","0",45,149,13222,6552,74,82,6552,26028
"GTTGGTTATGAGCTGT-1","0",45,151,13221,6187,72,82,6187,26029
"TCCGCCTCTTCAACTC-1","0",45,153,13219,5822,70,82,5822,26031
"TGACTTGCTAACGAAT-1","0",45,155,13217,5457,68,82,5457,26033
"TGCGCTGACGCATACA-1","0",45,157,13216,5092,66,82,5092,26034
"TAAGGTGACCTTCCAG-1","0",45,159,13214,4726,64,82,4726,26036
"CTGGTGGCGATGTCAG-1","0",45,161,13212,4361,62,82,4361,26038
"TCACTGTAGCGGTTGT-1","0",45,163,13210,3996,60,82,3996,26040
"TGGTATAGATCTAGCC-1","0",45,165,13209,3631,58,82,3631,26041
"GCGTCTACCGGACTTA-1","0",45,167,13207,3266,56,82,3266,26043
"ATAGTTCATCTACGGT-1","0",45,169,13205,2901,54,82,2901,26045
"AACCGAAGTAGCCTGC-1","0",45,171,13204,2535,52,82,2535,26046
"TATGCAGACTACCACT-1","0",45,173,13202,2170,50,82,2170,26048
"GGTAGCGTTACGGTCT-1","0",45,175,13200,1805,48,82,1805,26050
"ACCGTTATGTGGACCA-1","0",45,177,13198,1440,46,82,1440,26052
"GGTTAACGCCTGGTGC-1","0",45,179,13197,1075,44,82,1075,26053
"CCAATACCACAAGATA-1","0",45,181,13195,710,42,82,710,26055
"CTACGCACAGGATACA-1","0",45,183,13193,344,40,82,344,26057
"TATGTACAATCAACGG-1","0",45,185,13192,-21,38,82,-21,26058
"ATCCACGAGGTGCTGT-1","0",45,187,13190,-386,36,82,-386,26060
"CCGTAAGATAGTCCAC-1","0",45,189,13188,-751,34,82,-751,26062
"GGCGACAACTTGTCTA-1","0",45,191,13187,-1116,32,82,-1116,26063
"GACGGTCTGGCTAATC-1","0",45,193,13185,-1481,30,82,-1481,26065
"CTAAGGTGCTGTTAAG-1","0",45,195,13183,-1847,28,82,-1847,26067
"CAGTCTCAAGCATAAT-1","0",45,197,13181,-2212,26,82,-2212,26069
"TCACTCGAACCTTGCG-1","0",45,199,13180,-2577,24,82,-2577,26070
"CTGACCGTTAACGACA-1","0",45,201,13178,-2942,22,82,-2942,26072
"GCCGTATGACGACAGA-1","0",45,203,13176,-3307,20,82,-3307,26074
"TATCCTATTACTATCA-1","0",45,205,13175,-3672,18,82,-3672,26075
"AGTACTCCAGAAGTAT-1","0",45,207,13173,-4038,16,82,-4038,26077
"AACCAACTCAGCTCGA-1","0",45,209,13171,-4403,14,82,-4403,26079
"GACAAGTGTAGGTTCA-1","0",45,211,13169,-4768,12,82,-4768,26081
"TCCGTTAACGGCCTGT-1","0",45,213,13168,-5133,10,82,-5133,26082
"TGAGCAATGTGCGTGG-1","0",45,215,13166,-5498,8,82,-5498,26084
"TGTATCGTTCACCACG-1","0",45,217,13164,-5863,6,82,-5863,26086
"ATTGCATCTACCGACG-1","0",45,219,13163,-6229,4,82,-6229,26087
"AACGACGCGTTGATTA-1","0",45,221,13161,-6594,2,82,-6594,26089
"AAGTCGAGACATCAAT-1","0",45,223,13159,-6959,0,82,-6959,26091
"ATAGTTAATAACAGGT-1","0",46,0,13668,33756,223,81,33756,25582
"AATACGTCATGCTCCG-1","0",46,2,13666,33390,221,81,33390,25584
"AATGGACCTTATGTAA-1","0",46,4,13664,33025,219,81,33025,25586
"AATTCTATACATCTTC-1","0",46,6,13663,32660,217,81,32660,25587
"TGTAGGCAGCAACAGG-1","0",46,8,13661,32295,215,81,32295,25589
"CTCAATCAACCTGAGC-1","0",46,10,13659,31930,213,81,31930,25591
"TCAAGGACGTATCTCC-1","0",46,12,13658,31565,211,81,31565,25592
"ACATTGTATGTCCAAG-1","0",46,14,13656,31199,209,81,31199,25594
"GCGAATTGTTCGATAC-1","0",46,16,13654,30834,207,81,30834,25596
"TCTACACTAGCCTGCA-1","0",46,18,13652,30469,205,81,30469,25598
"GCTGTCCTGACTATTC-1","0",46,20,13651,30104,203,81,30104,25599
"CGATGAGTAAGGACTA-1","0",46,22,13649,29739,201,81,29739,25601
"AACGAGCTACGACACC-1","0",46,24,13647,29374,199,81,29374,25603
"TCCTGAGTCGAGTCGG-1","0",46,26,13646,29008,197,81,29008,25604
"CGTTAACCTTGATGCA-1","0",46,28,13644,28643,195,81,28643,25606
"GTCTTGACGTCCGTGA-1","0",46,30,13642,28278,193,81,28278,25608
"ATTGTTAACGGCAGGA-1","0",46,32,13640,27913,191,81,27913,25610
"TCTAGCTACACGGTAG-1","0",46,34,13639,27548,189,81,27548,25611
"GTGCACCGTTGCGGCC-1","0",46,36,13637,27183,187,81,27183,25613
"TCCTACAAGCATACGA-1","0",46,38,13635,26817,185,81,26817,25615
"CTTGTCGCCGTGGACG-1","0",46,40,13634,26452,183,81,26452,25616
"CATATTACTGCGGCCA-1","0",46,42,13632,26087,181,81,26087,25618
"TACCATTGTAACCGTG-1","0",46,44,13630,25722,179,81,25722,25620
"GCCTTCGAGCGGACCT-1","0",46,46,13628,25357,177,81,25357,25622
"CCGGAGATTGCATTAA-1","0",46,48,13627,24992,175,81,24992,25623
"TAGTTGCAAGACTAGA-1","0",46,50,13625,24626,173,81,24626,25625
"GCACCAGCGGTAACAG-1","0",46,52,13623,24261,171,81,24261,25627
"TGGCAACCTATCGTCC-1","1",46,54,13622,23896,169,81,23896,25628
"GTTGACCGCAGCCTTG-1","1",46,56,13620,23531,167,81,23531,25630
"TCACATAAGGCGGAAC-1","1",46,58,13618,23166,165,81,23166,25632
"CGTCGGATGGCCAACG-1","1",46,60,13616,22801,163,81,22801,25634
"GTGATTCATCGATAAC-1","1",46,62,13615,22435,161,81,22435,25635
"TAGTTCTTCCGGCCAA-1","1",46,64,13613,22070,159,81,22070,25637
"ATTCAGCGATGACGTG-1","1",46,66,13611,21705,157,81,21705,25639
"GCGGCTTAGAGCCGAC-1","1",46,68,13610,21340,155,81,21340,25640
"AGTCTAGGTGTTAACC-1","1",46,70,13608,20975,153,81,20975,25642
"AGTTCCGATCCTGGTC-1","1",46,72,13606,20610,151,81,20610,25644
"CTAGGCGGAGTATTAC-1","1",46,74,13604,20244,149,81,20244,25646
"GTACGCAATCGGTGCC-1","1",46,76,13603,19879,147,81,19879,25647
"GGACAGTACATCGCGT-1","1",46,78,13601,19514,145,81,19514,25649
"CCAGGTGACTCCATTG-1","1",46,80,13599,19149,143,81,19149,25651
"TGCGATTAGTGCTCTG-1","1",46,82,13598,18784,141,81,18784,25652
"AATCGACGGCCAGAGC-1","1",46,84,13596,18419,139,81,18419,25654
"ATCTGAGCGTTCGATC-1","1",46,86,13594,18053,137,81,18053,25656
"GCGATCGTGCACGTAA-1","1",46,88,13592,17688,135,81,17688,25658
"TACCGGACAGCATAAT-1","1",46,90,13591,17323,133,81,17323,25659
"CATGCATTAGCGACCT-1","1",46,92,13589,16958,131,81,16958,25661
"ATAGTGCTCGATGGAA-1","1",46,94,13587,16593,129,81,16593,25663
"TGTCGACGCACCGTGG-1","1",46,96,13586,16228,127,81,16228,25664
"TATTCAGTCTTGTCAG-1","1",46,98,13584,15862,125,81,15862,25666
"TAGCACCGGAGCTTGT-1","1",46,100,13582,15497,123,81,15497,25668
"CCTTCTCAATAGAAGT-1","1",46,102,13580,15132,121,81,15132,25670
"CCGCGTGCCATTCGGA-1","1",46,104,13579,14767,119,81,14767,25671
"CGTGTTGCAATCGATA-1","1",46,106,13577,14402,117,81,14402,25673
"GCATTGCGTGATCTAA-1","1",46,108,13575,14037,115,81,14037,25675
"TAACGACATGTACTGG-1","1",46,110,13574,13671,113,81,13671,25676
"CCTGAGCGGCACGCAA-1","1",46,112,13572,13306,111,81,13306,25678
"CAACTGTACAGCCGTA-1","1",46,114,13570,12941,109,81,12941,25680
"TAACGATGCAGACACC-1","1",46,116,13568,12576,107,81,12576,25682
"CTCCAACGTCGAATCA-1","1",46,118,13567,12211,105,81,12211,25683
"GAACAACCAGTAGAGT-1","1",46,120,13565,11846,103,81,11846,25685
"CCGTGATTATAGGCTA-1","1",46,122,13563,11480,101,81,11480,25687
"GGTTGCTGTTCAGCCG-1","1",46,124,13562,11115,99,81,11115,25688
"TCAGGAATGCCAGTCT-1","1",46,126,13560,10750,97,81,10750,25690
"CGAGGCATGTTCTTAT-1","1",46,128,13558,10385,95,81,10385,25692
"TACAACAGATTGGATG-1","1",46,130,13556,10020,93,81,10020,25694
"AACGCAGGAGCAGACG-1","0",46,132,13555,9655,91,81,9655,25695
"GTTGTCCAGAGTCGAT-1","0",46,134,13553,9289,89,81,9289,25697
"CGAGGCATTACTAATA-1","0",46,136,13551,8924,87,81,8924,25699
"ATCAAGACCTATTGGC-1","0",46,138,13550,8559,85,81,8559,25700
"GTTATTCTGCCTTAAC-1","0",46,140,13548,8194,83,81,8194,25702
"CGCCTCTGTCCTGCCA-1","0",46,142,13546,7829,81,81,7829,25704
"TGCTATAATCACCGCT-1","0",46,144,13544,7464,79,81,7464,25706
"CTAGTTCCAATCTTAG-1","0",46,146,13543,7098,77,81,7098,25707
"CAGTTATGTATCGGTT-1","0",46,148,13541,6733,75,81,6733,25709
"GACAATTGTCTTGCTT-1","0",46,150,13539,6368,73,81,6368,25711
"AGACCTTGTTCACGGA-1","0",46,152,13538,6003,71,81,6003,25712
"ATGGAGTAGAGCGGAA-1","0",46,154,13536,5638,69,81,5638,25714
"AAGTCGCACGCCTTCG-1","0",46,156,13534,5273,67,81,5273,25716
"TCGCCTGCCTAGCTCC-1","0",46,158,13532,4907,65,81,4907,25718
"ACCGTTGTGACGTGCC-1","0",46,160,13531,4542,63,81,4542,25719
"CCTGAACCAGTCCGGC-1","0",46,162,13529,4177,61,81,4177,25721
"GGTACGGCTACTCGCT-1","0",46,164,13527,3812,59,81,3812,25723
"AAGGCCTCACTGGTTA-1","0",46,166,13526,3447,57,81,3447,25724
"TCCGTCATAGCCTCCG-1","0",46,168,13524,3082,55,81,3082,25726
"CTACCTCCACCTAGCC-1","0",46,170,13522,2716,53,81,2716,25728
"GTCTAAGACTAGGCTC-1","0",46,172,13520,2351,51,81,2351,25730
"ATCTAGACTACAACGA-1","0",46,174,13519,1986,49,81,1986,25731
"GCGTAATGTCAACCTG-1","0",46,176,13517,1621,47,81,1621,25733
"AAGATACAGACCAGTA-1","0",46,178,13515,1256,45,81,1256,25735
"CCGCAAGTCCGATTAT-1","0",46,180,13514,891,43,81,891,25736
"AGACAACGAGACTCGT-1","0",46,182,13512,525,41,81,525,25738
"CATATGTCGGCTCCAG-1","0",46,184,13510,160,39,81,160,25740
"GTACGACATTATGCGT-1","0",46,186,13508,-205,37,81,-205,25742
"CTCGACTGTAATGCCT-1","0",46,188,13507,-570,35,81,-570,25743
"GGCGGATATGCCGAAG-1","0",46,190,13505,-935,33,81,-935,25745
"GGATTAGAGTTGCAAT-1","0",46,192,13503,-1300,31,81,-1300,25747
"TCGCGGATTCGCGGCT-1","0",46,194,13502,-1666,29,81,-1666,25748
"GGATCGCTGACGTCAG-1","0",46,196,13500,-2031,27,81,-2031,25750
"TACACTTCATTAACTC-1","0",46,198,13498,-2396,25,81,-2396,25752
"ATAGTCGAGTAGGAGT-1","0",46,200,13496,-2761,23,81,-2761,25754
"GGTATTCGAATCCAAC-1","0",46,202,13495,-3126,21,81,-3126,25755
"TAACGACTTGGCACAG-1","0",46,204,13493,-3491,19,81,-3491,25757
"CATATCTACGAGCAAT-1","0",46,206,13491,-3856,17,81,-3856,25759
"ACCTTCAGGACTCATA-1","0",46,208,13490,-4222,15,81,-4222,25760
"TAACGACTTAGACCGT-1","0",46,210,13488,-4587,13,81,-4587,25762
"CTGAAGGCGTTCGGTA-1","0",46,212,13486,-4952,11,81,-4952,25764
"GATTCCGTGATTGACA-1","0",46,214,13484,-5317,9,81,-5317,25766
"CTTGCGTGCAGCCTAA-1","0",46,216,13483,-5682,7,81,-5682,25767
"AAGCCTGCGAAGGTAT-1","0",46,218,13481,-6047,5,81,-6047,25769
"TCAGTTGACTGGACTT-1","0",46,220,13479,-6413,3,81,-6413,25771
"CGGTTACCACTCACTT-1","0",46,222,13478,-6778,1,81,-6778,25772
"AGAACATAGATATTAG-1","0",47,1,13981,33572,222,80,33572,25269
"TGCTGTCTAAGAACAA-1","0",47,3,13979,33206,220,80,33206,25271
"GGCATATGCTGTTAAG-1","0",47,5,13978,32841,218,80,32841,25272
"GACACTGTGGCGACGG-1","0",47,7,13976,32476,216,80,32476,25274
"CCGCTCAGGTGGTTGC-1","0",47,9,13974,32111,214,80,32111,25276
"CCACGTACGATAGCAA-1","0",47,11,13972,31746,212,80,31746,25278
"ATCGCATGAGTCTAAC-1","0",47,13,13971,31381,210,80,31381,25279
"AGGTCCGCGATCGTCC-1","0",47,15,13969,31015,208,80,31015,25281
"ACGGTCCAATGGCATG-1","0",47,17,13967,30650,206,80,30650,25283
"CGACGCTACAATGTAT-1","0",47,19,13966,30285,204,80,30285,25284
"GTAACATAGGACTTAG-1","0",47,21,13964,29920,202,80,29920,25286
"TGCACGCTACGCAATC-1","0",47,23,13962,29555,200,80,29555,25288
"GAGTGGACAGTAGCTT-1","0",47,25,13960,29190,198,80,29190,25290
"TGCCACAGATGAGGTT-1","0",47,27,13959,28824,196,80,28824,25291
"CAATGCGGTAGATTGA-1","0",47,29,13957,28459,194,80,28459,25293
"ATCTTATTGTGGCCAC-1","0",47,31,13955,28094,192,80,28094,25295
"ATGCATCCAACCGTCC-1","0",47,33,13954,27729,190,80,27729,25296
"GCTGCGTTCATGATCG-1","0",47,35,13952,27364,188,80,27364,25298
"GACTGATTGGCCATGT-1","0",47,37,13950,26999,186,80,26999,25300
"GTTAGCAGTATTGTCA-1","0",47,39,13948,26633,184,80,26633,25302
"AGACCTCCGCGGAGAT-1","0",47,41,13947,26268,182,80,26268,25303
"AAGTGGTACAAGTATT-1","0",47,43,13945,25903,180,80,25903,25305
"CTGACCGGTGCACCAA-1","0",47,45,13943,25538,178,80,25538,25307
"CACGATACCATTAGTA-1","0",47,47,13942,25173,176,80,25173,25308
"GGACAGACATGCTCCT-1","0",47,49,13940,24808,174,80,24808,25310
"TGAGCTTGGACTATCA-1","0",47,51,13938,24442,172,80,24442,25312
"GTTCGCCGATCGTACC-1","1",47,53,13936,24077,170,80,24077,25314
"CATAGAAGGACACCTT-1","1",47,55,13935,23712,168,80,23712,25315
"TGGCATCTGTAGTCAC-1","1",47,57,13933,23347,166,80,23347,25317
"CGAAGTGCAATGAGGA-1","1",47,59,13931,22982,164,80,22982,25319
"ACATCGAGTGCATCTG-1","1",47,61,13930,22617,162,80,22617,25320
"CTCATGAATCGGCGAC-1","1",47,63,13928,22251,160,80,22251,25322
"CGAGTCGCACGCAGTA-1","1",47,65,13926,21886,158,80,21886,25324
"TATCATCTAGCGGTTC-1","1",47,67,13924,21521,156,80,21521,25326
"AGCTGTTGCCGTCGTG-1","1",47,69,13923,21156,154,80,21156,25327
"CAGTCTCGGCATCGGC-1","1",47,71,13921,20791,152,80,20791,25329
"ATTCTATCGGTCACAA-1","1",47,73,13919,20426,150,80,20426,25331
"CTTACGACATTCGCGA-1","1",47,75,13918,20060,148,80,20060,25332
"GTCATCCGGATTCCGG-1","1",47,77,13916,19695,146,80,19695,25334
"TATTGAGCTACCTAAC-1","1",47,79,13914,19330,144,80,19330,25336
"ACCGAGCTTAATTAAT-1","1",47,81,13912,18965,142,80,18965,25338
"CTGATCATAGCTTAGG-1","1",47,83,13911,18600,140,80,18600,25339
"TGCGGAGGCACTTCGC-1","1",47,85,13909,18235,138,80,18235,25341
"AGCGCCACGGAGGCTA-1","1",47,87,13907,17869,136,80,17869,25343
"TAATTGAAGATAGGTC-1","1",47,89,13906,17504,134,80,17504,25344
"GATGAGCGTGAGTATG-1","1",47,91,13904,17139,132,80,17139,25346
"CTCAGGTCGCTATCCA-1","1",47,93,13902,16774,130,80,16774,25348
"AAGATTCGTACTAATT-1","1",47,95,13900,16409,128,80,16409,25350
"GCAACATAATCACGGA-1","1",47,97,13899,16044,126,80,16044,25351
"ATACTAGGTCTTGGAA-1","1",47,99,13897,15678,124,80,15678,25353
"CCTAATTGCTTGACCT-1","1",47,101,13895,15313,122,80,15313,25355
"TGGATTCACCTGGATC-1","1",47,103,13894,14948,120,80,14948,25356
"CTATTAGAGTGAACAT-1","1",47,105,13892,14583,118,80,14583,25358
"CTTGAGATCAATGGAG-1","1",47,107,13890,14218,116,80,14218,25360
"AGCTCCGTTCGTCAGG-1","1",47,109,13888,13853,114,80,13853,25362
"AAGCACGGATTGGTGA-1","1",47,111,13887,13487,112,80,13487,25363
"TGCCAGTAGCCACTTA-1","1",47,113,13885,13122,110,80,13122,25365
"ATACCGCTGCTCTACA-1","1",47,115,13883,12757,108,80,12757,25367
"GATGTAGTTCCACCTA-1","1",47,117,13882,12392,106,80,12392,25368
"AGCCATAACTTAATGG-1","1",47,119,13880,12027,104,80,12027,25370
"ATTCACTGAGCCGATC-1","1",47,121,13878,11662,102,80,11662,25372
"GCGTACCGCAAGCGAA-1","1",47,123,13876,11296,100,80,11296,25374
"TATCATACATGTGATT-1","1",47,125,13875,10931,98,80,10931,25375
"CGTACAGTCAACATCC-1","1",47,127,13873,10566,96,80,10566,25377
"GCATCAAGGTCAGGCA-1","1",47,129,13871,10201,94,80,10201,25379
"AACGTCATGGACTCAC-1","1",47,131,13870,9836,92,80,9836,25380
"CGTACAACGTGCTATG-1","0",47,133,13868,9471,90,80,9471,25382
"CGCCGGTATGGTGATT-1","0",47,135,13866,9105,88,80,9105,25384
"AAGGACTTGGTTGGTA-1","0",47,137,13864,8740,86,80,8740,25386
"AATACGCAGCGTAATC-1","0",47,139,13863,8375,84,80,8375,25387
"GCTTGGATTAGGAGCG-1","0",47,141,13861,8010,82,80,8010,25389
"CAAGTGCTCGAAGTTC-1","0",47,143,13859,7645,80,80,7645,25391
"TGAGCAGACCTCGTCA-1","0",47,145,13858,7280,78,80,7280,25392
"CACTACAAGCATGTCA-1","0",47,147,13856,6914,76,80,6914,25394
"GATCCGGACTATGCCA-1","0",47,149,13854,6549,74,80,6549,25396
"GCTACTTCCGGAATGC-1","0",47,151,13853,6184,72,80,6184,25397
"GCGATTGATATGAATA-1","0",47,153,13851,5819,70,80,5819,25399
"TACGTATGCCACGACT-1","0",47,155,13849,5454,68,80,5454,25401
"GGCCGGCAGCCTGAGT-1","0",47,157,13847,5089,66,80,5089,25403
"GCAGGCCACTTAGACG-1","0",47,159,13846,4723,64,80,4723,25404
"CTATTAGCTAGGCGTC-1","0",47,161,13844,4358,62,80,4358,25406
"GGAATGGTTGATGCAG-1","0",47,163,13842,3993,60,80,3993,25408
"CTGTCCTACTAAGGCA-1","0",47,165,13841,3628,58,80,3628,25409
"TCTTAGAATACTGCCA-1","0",47,167,13839,3263,56,80,3263,25411
"CGAAGTAGGACGCATG-1","0",47,169,13837,2898,54,80,2898,25413
"TAACGTAAGGCGTGAA-1","0",47,171,13835,2532,52,80,2532,25415
"GCTTCTACAACCTTCT-1","0",47,173,13834,2167,50,80,2167,25416
"GATAGAGTCATCTTAC-1","0",47,175,13832,1802,48,80,1802,25418
"AGGTGACGCTGTGCTC-1","0",47,177,13830,1437,46,80,1437,25420
"CTACAGGTGCTATGGC-1","0",47,179,13829,1072,44,80,1072,25421
"TAGGAACCAAGAGCAA-1","0",47,181,13827,707,42,80,707,25423
"AGATACGGTGGCCAGG-1","0",47,183,13825,341,40,80,341,25425
"AATAGTTCTGCAAGTG-1","0",47,185,13823,-24,38,80,-24,25427
"CTTCCTAGAACTTGGC-1","0",47,187,13822,-389,36,80,-389,25428
"AGGCTTCCTCGCCGAT-1","0",47,189,13820,-754,34,80,-754,25430
"TCGCGGAGTCCGCACT-1","0",47,191,13818,-1119,32,80,-1119,25432
"AGCGACTGCCAACCGT-1","0",47,193,13817,-1484,30,80,-1484,25433
"GTGACTCAAGTGAGTT-1","0",47,195,13815,-1850,28,80,-1850,25435
"CTTGGTTATCTATTAA-1","0",47,197,13813,-2215,26,80,-2215,25437
"TGTAAGGAATGTCAGT-1","0",47,199,13811,-2580,24,80,-2580,25439
"CATGCAGAATCTATGG-1","0",47,201,13810,-2945,22,80,-2945,25440
"GAATGGTCAATTACCA-1","0",47,203,13808,-3310,20,80,-3310,25442
"ACTTACGTGGAAGGAT-1","0",47,205,13806,-3675,18,80,-3675,25444
"ACATCGTCGAGGAAGC-1","0",47,207,13805,-4041,16,80,-4041,25445
"TGACATCTCCATCCTA-1","0",47,209,13803,-4406,14,80,-4406,25447
"TAGGTCACTTAGTAGC-1","0",47,211,13801,-4771,12,80,-4771,25449
"CTCAATTGCCGTCCTG-1","0",47,213,13799,-5136,10,80,-5136,25451
"AGGCATTAAGATCTGG-1","0",47,215,13798,-5501,8,80,-5501,25452
"TGAGGAATCCGGTTAT-1","0",47,217,13796,-5866,6,80,-5866,25454
"TAACAGGTCCTCATGC-1","0",47,219,13794,-6232,4,80,-6232,25456
"TATGGCCGTCATTCGG-1","0",47,221,13793,-6597,2,80,-6597,25457
"ACATCGCTCGTCTTCA-1","0",47,223,13791,-6962,0,80,-6962,25459
"GACTGACTTCGTTATT-1","0",48,0,14300,33753,223,79,33753,24950
"TAGGAGCAAGTCTTCA-1","0",48,2,14298,33387,221,79,33387,24952
"CGATGAAGACTCTACC-1","0",48,4,14296,33022,219,79,33022,24954
"GTTGAATACGCTTCAC-1","0",48,6,14294,32657,217,79,32657,24956
"TCACCGTTAATCGACA-1","0",48,8,14293,32292,215,79,32292,24957
"TGCGGCCTCCGCACTC-1","0",48,10,14291,31927,213,79,31927,24959
"CCATAGACTGTCCGCC-1","0",48,12,14289,31562,211,79,31562,24961
"GCGTCGTACACCAGAC-1","0",48,14,14288,31196,209,79,31196,24962
"TGATTCGTTGTCGCCT-1","0",48,16,14286,30831,207,79,30831,24964
"TCAGGAAGCTCAACGG-1","0",48,18,14284,30466,205,79,30466,24966
"GTGGACGACCGCAAGC-1","0",48,20,14282,30101,203,79,30101,24968
"AGGTTATCCTGTTGAA-1","0",48,22,14281,29736,201,79,29736,24969
"TAACCTGGAATATCCA-1","0",48,24,14279,29371,199,79,29371,24971
"GTGACAGGCGGTGATA-1","0",48,26,14277,29005,197,79,29005,24973
"GCTATCATTCACATTC-1","0",48,28,14276,28640,195,79,28640,24974
"GGTTCTCGGCATCTAT-1","0",48,30,14274,28275,193,79,28275,24976
"GACCTGCCGAGGCATA-1","0",48,32,14272,27910,191,79,27910,24978
"TATCCTATAGCCAAGC-1","0",48,34,14270,27545,189,79,27545,24980
"AATCAATTGGCTTCAC-1","0",48,36,14269,27180,187,79,27180,24981
"GCAGGCTGGCCGTTAG-1","0",48,38,14267,26814,185,79,26814,24983
"AGATTACATTCACTAC-1","0",48,40,14265,26449,183,79,26449,24985
"TCGATCGTATCGGATA-1","0",48,42,14264,26084,181,79,26084,24986
"GTGCCGACTGCGGCAG-1","0",48,44,14262,25719,179,79,25719,24988
"AAGTGGCGAGAACATC-1","0",48,46,14260,25354,177,79,25354,24990
"TGGCTGCAGCGGAGTA-1","0",48,48,14258,24989,175,79,24989,24992
"ATGAGCGGTCTTCAAC-1","0",48,50,14257,24623,173,79,24623,24993
"AAGACTTGATAAGATA-1","0",48,52,14255,24258,171,79,24258,24995
"AGCCAGCGGCGAATCG-1","1",48,54,14253,23893,169,79,23893,24997
"AAGCACGCGACGAGAT-1","1",48,56,14252,23528,167,79,23528,24998
"AATGGTTGACCGGCAT-1","1",48,58,14250,23163,165,79,23163,25000
"GTGAACTCTGTCTTAA-1","1",48,60,14248,22798,163,79,22798,25002
"TCTGCAAGCTCGGTGC-1","1",48,62,14246,22432,161,79,22432,25004
"AGACAAGGAATTCACC-1","1",48,64,14245,22067,159,79,22067,25005
"TGAGCCTCCGTACATA-1","1",48,66,14243,21702,157,79,21702,25007
"CTCGGATTGACCTACA-1","1",48,68,14241,21337,155,79,21337,25009
"ATGTTCACGGCCTCGC-1","1",48,70,14240,20972,153,79,20972,25010
"CCACTAATCACTCCAG-1","1",48,72,14238,20607,151,79,20607,25012
"ACGCAACAGTGGCACT-1","1",48,74,14236,20241,149,79,20241,25014
"ACCAGTTGGCGTGGCT-1","1",48,76,14234,19876,147,79,19876,25016
"TACGTAGCTTCTCGCC-1","1",48,78,14233,19511,145,79,19511,25017
"GCGTCGTATCTTATCC-1","1",48,80,14231,19146,143,79,19146,25019
"GAGTTCAGCTGGTATG-1","1",48,82,14229,18781,141,79,18781,25021
"CTCAATCTTCGGCTTG-1","1",48,84,14228,18416,139,79,18416,25022
"TATCTGAGTAGATAGG-1","1",48,86,14226,18051,137,79,18051,25024
"GGACATGTATACTATT-1","1",48,88,14224,17685,135,79,17685,25026
"ACGAGGCAATTCTTCC-1","1",48,90,14222,17320,133,79,17320,25028
"CCGTGACTCCGAGCCA-1","1",48,92,14221,16955,131,79,16955,25029
"TATGAGACAGCTGGAT-1","1",48,94,14219,16590,129,79,16590,25031
"CAACCGGAGTTGGTCG-1","1",48,96,14217,16225,127,79,16225,25033
"TAACCGGCGACTCATA-1","1",48,98,14216,15860,125,79,15860,25034
"TACACTTACGTGATAC-1","1",48,100,14214,15494,123,79,15494,25036
"GTGACTCATTACAGAA-1","1",48,102,14212,15129,121,79,15129,25038
"GCATTGTCTTATGCTG-1","1",48,104,14210,14764,119,79,14764,25040
"AGACCTCAGGTCGAGG-1","1",48,106,14209,14399,117,79,14399,25041
"CCGCTCGGCCAATATT-1","1",48,108,14207,14034,115,79,14034,25043
"GGACGTACGGACCGTT-1","1",48,110,14205,13669,113,79,13669,25045
"ATCGAACTGGAGGTAC-1","1",48,112,14204,13303,111,79,13303,25046
"TAACAGCAGGTACGTG-1","1",48,114,14202,12938,109,79,12938,25048
"AAGCAGAAGGCCGAAC-1","1",48,116,14200,12573,107,79,12573,25050
"CCGCTCACGTGCTGTA-1","1",48,118,14198,12208,105,79,12208,25052
"GTATTATGTTCCTGCG-1","1",48,120,14197,11843,103,79,11843,25053
"CGTCGGTTGAGCACTA-1","1",48,122,14195,11478,101,79,11478,25055
"CGGCCTGCACCATCTT-1","1",48,124,14193,11112,99,79,11112,25057
"GCTCCTCACCGGCTCG-1","1",48,126,14192,10747,97,79,10747,25058
"GTCAGTTCTGCACTTC-1","1",48,128,14190,10382,95,79,10382,25060
"CGTGGCTGTTGACGTG-1","1",48,130,14188,10017,93,79,10017,25062
"GACCACGGTTATTCCG-1","1",48,132,14186,9652,91,79,9652,25064
"TGCAGAAGTGTTGATG-1","1",48,134,14185,9287,89,79,9287,25065
"ATCTACCAACGCGTTA-1","0",48,136,14183,8921,87,79,8921,25067
"CGCAAGGCGACGCAGC-1","0",48,138,14181,8556,85,79,8556,25069
"CACTACGCGGCACTGA-1","0",48,140,14180,8191,83,79,8191,25070
"TACCATGGACGGTTGG-1","0",48,142,14178,7826,81,79,7826,25072
"AGTGTAAGTGACGATG-1","0",48,144,14176,7461,79,79,7461,25074
"TCACCGGTCCGGAGAA-1","0",48,146,14174,7096,77,79,7096,25076
"GTTCCGATCAATTGCG-1","0",48,148,14173,6730,75,79,6730,25077
"TGTCACTCATAAGGAA-1","0",48,150,14171,6365,73,79,6365,25079
"CTAGATAGTGATCGTT-1","0",48,152,14169,6000,71,79,6000,25081
"TAAGGTCCGGTTATAC-1","0",48,154,14168,5635,69,79,5635,25082
"AGCCGTACTCGGTGTC-1","0",48,156,14166,5270,67,79,5270,25084
"TCAACCATAGCAGACA-1","0",48,158,14164,4905,65,79,4905,25086
"GAGGTAGAGTGACAGC-1","0",48,160,14162,4539,63,79,4539,25088
"GATGGAGTCCGCGATG-1","0",48,162,14161,4174,61,79,4174,25089
"CTCACGAGGTTAATTA-1","0",48,164,14159,3809,59,79,3809,25091
"TCCGCCTGAAGTGCTG-1","0",48,166,14157,3444,57,79,3444,25093
"CTTAGTTGCGACTAGC-1","0",48,168,14156,3079,55,79,3079,25094
"GTCAGCGAGCCGGTCA-1","0",48,170,14154,2714,53,79,2714,25096
"TCGCGACGGTATACTG-1","0",48,172,14152,2348,51,79,2348,25098
"TCGTGGCGCAATGTAG-1","0",48,174,14150,1983,49,79,1983,25100
"GGAGACAAGTGAACAG-1","0",48,176,14149,1618,47,79,1618,25101
"ATGCTCCTCGTTAGAA-1","0",48,178,14147,1253,45,79,1253,25103
"TACGCTGCGTGCTGTT-1","0",48,180,14145,888,43,79,888,25105
"ATAGTTCGGCGTCTCG-1","0",48,182,14144,523,41,79,523,25106
"TAGGTCCGAACGGCGA-1","0",48,184,14142,157,39,79,157,25108
"TGGACAGCTCGGCCGT-1","0",48,186,14140,-208,37,79,-208,25110
"GACTATTCGGCCTACT-1","0",48,188,14139,-573,35,79,-573,25111
"GTCTTGCGTTAGTTCC-1","0",48,190,14137,-938,33,79,-938,25113
"GTATTCAGGACTCCGT-1","0",48,192,14135,-1303,31,79,-1303,25115
"GAATGGTTAGCTAAGG-1","0",48,194,14133,-1668,29,79,-1668,25117
"GTACGCGAGGTCAACG-1","0",48,196,14132,-2034,27,79,-2034,25118
"ATCACTTGGTACGGCT-1","0",48,198,14130,-2399,25,79,-2399,25120
"AGGTTGACCATACGAG-1","0",48,200,14128,-2764,23,79,-2764,25122
"CTATCGTAAGTGAGAT-1","0",48,202,14127,-3129,21,79,-3129,25123
"GTGCACGGTAACAGAT-1","0",48,204,14125,-3494,19,79,-3494,25125
"GCCAGAAGGTCATTAC-1","0",48,206,14123,-3859,17,79,-3859,25127
"TAAGAATGAGTGCCAC-1","0",48,208,14121,-4225,15,79,-4225,25129
"CGAGGACGGTGGCCAC-1","0",48,210,14120,-4590,13,79,-4590,25130
"GCCTATAGTGACTGCT-1","0",48,212,14118,-4955,11,79,-4955,25132
"TCAGGAAGTAATGGCA-1","0",48,214,14116,-5320,9,79,-5320,25134
"GAGGTATGAGGTCCAG-1","0",48,216,14115,-5685,7,79,-5685,25135
"TAGCGGTGCTGGAGAA-1","0",48,218,14113,-6050,5,79,-6050,25137
"TGGTGCCTCAGGACTA-1","0",48,220,14111,-6416,3,79,-6416,25139
"ATGACATCTTCGATTC-1","0",48,222,14109,-6781,1,79,-6781,25141
"TACGGAGTCTGCTTCT-1","0",49,1,14613,33569,222,78,33569,24637
"CTTCCACGGTCGAACG-1","0",49,3,14611,33203,220,78,33203,24639
"TAGTGCAGATCACCGT-1","0",49,5,14609,32838,218,78,32838,24641
"GCTGTTGCCAAGCTAA-1","0",49,7,14608,32473,216,78,32473,24642
"CTTCCGAGGACAGAGC-1","0",49,9,14606,32108,214,78,32108,24644
"TACCTCACAATTATCC-1","0",49,11,14604,31743,212,78,31743,24646
"GCCGCTGGCTGTCAAC-1","0",49,13,14602,31378,210,78,31378,24648
"CTGACTCGACGCCTCC-1","0",49,15,14601,31012,208,78,31012,24649
"GTCAACATGTATAACA-1","0",49,17,14599,30647,206,78,30647,24651
"TCAGTTGCTAGGTGCG-1","0",49,19,14597,30282,204,78,30282,24653
"GAGGTAATAGGCCGAC-1","0",49,21,14596,29917,202,78,29917,24654
"CGACTAGCGTTCCGTT-1","0",49,23,14594,29552,200,78,29552,24656
"CTGAGCATAGCCGCTC-1","0",49,25,14592,29187,198,78,29187,24658
"ATAACGCTCACCAATA-1","0",49,27,14590,28821,196,78,28821,24660
"CCGCTCGCAGCTATAG-1","0",49,29,14589,28456,194,78,28456,24661
"ACTTCCGCCTAGGATG-1","0",49,31,14587,28091,192,78,28091,24663
"TAACGAAGTGAAGCCA-1","0",49,33,14585,27726,190,78,27726,24665
"CAATCTGCAATGAACA-1","0",49,35,14584,27361,188,78,27361,24666
"TGAGCAGACTAGCAAG-1","0",49,37,14582,26996,186,78,26996,24668
"ACCTTCCTGAGTGATC-1","0",49,39,14580,26630,184,78,26630,24670
"GTCCAGTCGTTCCGAG-1","0",49,41,14578,26265,182,78,26265,24672
"TCTGCACGCCATTGGC-1","0",49,43,14577,25900,180,78,25900,24673
"AGCTAGCAATACAGCG-1","0",49,45,14575,25535,178,78,25535,24675
"CTGTTCTGTAGTATAG-1","0",49,47,14573,25170,176,78,25170,24677
"CCGCTCCGTATCTGGA-1","0",49,49,14572,24805,174,78,24805,24678
"TCTGCGTGTCAGACGC-1","0",49,51,14570,24439,172,78,24439,24680
"CCAGGATAGACCATCT-1","0",49,53,14568,24074,170,78,24074,24682
"ATCTTATCGCTTGGAT-1","1",49,55,14566,23709,168,78,23709,24684
"CGCTCGTTGTTAAGGA-1","1",49,57,14565,23344,166,78,23344,24685
"GTAACAGTAGACTTCC-1","1",49,59,14563,22979,164,78,22979,24687
"TGCATTACTTACAAGT-1","1",49,61,14561,22614,162,78,22614,24689
"TCTTAGTAACTCGCTC-1","1",49,63,14560,22248,160,78,22248,24690
"CGCAGATATCCACTCA-1","1",49,65,14558,21883,158,78,21883,24692
"TGCGCCTGGACCTTCT-1","1",49,67,14556,21518,156,78,21518,24694
"CAGCTTACATACTATG-1","1",49,69,14554,21153,154,78,21153,24696
"GGCGCTTCTGGTTCCG-1","1",49,71,14553,20788,152,78,20788,24697
"ATTACAAGCCAATTAG-1","1",49,73,14551,20423,150,78,20423,24699
"TGTACCGTCGGCCACT-1","1",49,75,14549,20057,148,78,20057,24701
"GCTGCGTCCGCATTAA-1","1",49,77,14548,19692,146,78,19692,24702
"ATCATTCAGAAGTGCA-1","1",49,79,14546,19327,144,78,19327,24704
"TAAGATTGGTTAACAG-1","1",49,81,14544,18962,142,78,18962,24706
"AAGCCATTAGACTACC-1","1",49,83,14542,18597,140,78,18597,24708
"TCGCGAACGGTCCTTG-1","1",49,85,14541,18232,138,78,18232,24709
"AACGGTCGTATTAGGC-1","1",49,87,14539,17866,136,78,17866,24711
"CGCTGCTTCGAGACCG-1","1",49,89,14537,17501,134,78,17501,24713
"AGTGCGATCTCGCAGG-1","1",49,91,14536,17136,132,78,17136,24714
"ATCTTAAGTGTCCGTT-1","1",49,93,14534,16771,130,78,16771,24716
"ATTATGGAACTCGCAC-1","1",49,95,14532,16406,128,78,16406,24718
"GCGTCGGCCAGTAGAA-1","1",49,97,14531,16041,126,78,16041,24719
"ATGTTACTTCTATCTG-1","1",49,99,14529,15675,124,78,15675,24721
"CTCAGGAATCGTCTTA-1","1",49,101,14527,15310,122,78,15310,24723
"GCCAGAGGATGCGTAC-1","1",49,103,14525,14945,120,78,14945,24725
"AGTGATGCTAGGAGGC-1","1",49,105,14524,14580,118,78,14580,24726
"TAGATGTTGAGCGTGG-1","1",49,107,14522,14215,116,78,14215,24728
"ACCGGATAGCCAATTA-1","1",49,109,14520,13850,114,78,13850,24730
"ACGGAGACGACATGAT-1","1",49,111,14519,13484,112,78,13484,24731
"GCTTATCCTCGACGGC-1","1",49,113,14517,13119,110,78,13119,24733
"AACATGCACTTCGGAT-1","1",49,115,14515,12754,108,78,12754,24735
"CTTGAAGAACGCTAGA-1","1",49,117,14513,12389,106,78,12389,24737
"CTCGTGAGTGTCCAAC-1","1",49,119,14512,12024,104,78,12024,24738
"TAATTACTCCTGAATA-1","1",49,121,14510,11659,102,78,11659,24740
"CAAGTAGCAATAACGG-1","1",49,123,14508,11293,100,78,11293,24742
"CGTTGGAACCGGAGTA-1","1",49,125,14507,10928,98,78,10928,24743
"CTGAATGTGATATCGG-1","1",49,127,14505,10563,96,78,10563,24745
"AGGACCGTTCGCTGGT-1","1",49,129,14503,10198,94,78,10198,24747
"TGTTCATATCTATGAC-1","1",49,131,14501,9833,92,78,9833,24749
"TGTTCGTACACGGCCA-1","0",49,133,14500,9468,90,78,9468,24750
"GTTATCATCGTTATCT-1","0",49,135,14498,9102,88,78,9102,24752
"TGCGGATCTAGGAGAA-1","1",49,137,14496,8737,86,78,8737,24754
"CCTAACTTGGACTCGT-1","0",49,139,14495,8372,84,78,8372,24755
"GCCGGCTGGAGGTAGT-1","0",49,141,14493,8007,82,78,8007,24757
"CATTGCTGGTTCGATC-1","0",49,143,14491,7642,80,78,7642,24759
"CTGTTCGTGGTTGTAG-1","0",49,145,14489,7277,78,78,7277,24761
"CACGGCTCATAGGCTA-1","0",49,147,14488,6911,76,78,6911,24762
"CGTTCCTCGCTTCTCG-1","0",49,149,14486,6546,74,78,6546,24764
"TAATTGTCTACTGTTA-1","0",49,151,14484,6181,72,78,6181,24766
"TGTACCTACGGCGTTA-1","0",49,153,14483,5816,70,78,5816,24767
"GGAGCGTCTAGACACT-1","0",49,155,14481,5451,68,78,5451,24769
"CTGACTGTACGCACCT-1","0",49,157,14479,5086,66,78,5086,24771
"CATACCTCCGTATTGT-1","0",49,159,14477,4720,64,78,4720,24773
"TGCCTATCGTGGAGGC-1","0",49,161,14476,4355,62,78,4355,24774
"GGAATGGTATCTCACC-1","0",49,163,14474,3990,60,78,3990,24776
"GTGCGAGGTTAACAGG-1","0",49,165,14472,3625,58,78,3625,24778
"GGCACTCCTTCCTCGG-1","0",49,167,14471,3260,56,78,3260,24779
"ATGTGACACGTTAATT-1","0",49,169,14469,2895,54,78,2895,24781
"CATATGTTAATATGAG-1","0",49,171,14467,2529,52,78,2529,24783
"TGAGGTACAGTCAGTC-1","0",49,173,14465,2164,50,78,2164,24785
"AAGGTTGGCGAGGTTC-1","0",49,175,14464,1799,48,78,1799,24786
"CCTTAGTACTAACGGT-1","0",49,177,14462,1434,46,78,1434,24788
"AGAAGGATAGCAGGCT-1","0",49,179,14460,1069,44,78,1069,24790
"CTCGGACCAGATACGT-1","0",49,181,14459,704,42,78,704,24791
"GCTCGCTGGATAAGTG-1","0",49,183,14457,338,40,78,338,24793
"GCGGTCACCGATAGCG-1","0",49,185,14455,-27,38,78,-27,24795
"CTAATTACCTATGCAC-1","0",49,187,14453,-392,36,78,-392,24797
"CTATCGAAGGACGGAA-1","0",49,189,14452,-757,34,78,-757,24798
"GATCTTGTCCTTCGTT-1","0",49,191,14450,-1122,32,78,-1122,24800
"CGCACGGTAGGAAGTG-1","0",49,193,14448,-1487,30,78,-1487,24802
"TCGCACTGCATTATCT-1","0",49,195,14447,-1853,28,78,-1853,24803
"AGTCTACTAGGTATGA-1","0",49,197,14445,-2218,26,78,-2218,24805
"AATAGTTCCACCGCAT-1","0",49,199,14443,-2583,24,78,-2583,24807
"CTATGCAACCAACCGC-1","0",49,201,14441,-2948,22,78,-2948,24809
"TGTAAGCTGTACCAGA-1","0",49,203,14440,-3313,20,78,-3313,24810
"CGCATCGCATCAGAGC-1","0",49,205,14438,-3678,18,78,-3678,24812
"CCAAGCATTAAGATCC-1","0",49,207,14436,-4044,16,78,-4044,24814
"AGCGTTCGTAACTGAC-1","0",49,209,14435,-4409,14,78,-4409,24815
"TCGGTAATTCAAGAGC-1","0",49,211,14433,-4774,12,78,-4774,24817
"CGTGAGGACAGTAACT-1","0",49,213,14431,-5139,10,78,-5139,24819
"ACCGGCAGGCTCACTA-1","0",49,215,14429,-5504,8,78,-5504,24821
"GCTCTGACATGGCGCC-1","0",49,217,14428,-5869,6,78,-5869,24822
"GGACAGTTAATGATAG-1","0",49,219,14426,-6235,4,78,-6235,24824
"ACCTGCGATCGAGGCT-1","0",49,221,14424,-6600,2,78,-6600,24826
"CTCATATCAACTCCTG-1","0",49,223,14423,-6965,0,78,-6965,24827
"ATCATTCGTCTAATGA-1","0",50,0,14931,33750,223,77,33750,24319
"TACGGATCAGGCTGGT-1","0",50,2,14930,33385,221,77,33385,24320
"TGTCCTAGACATCATT-1","0",50,4,14928,33019,219,77,33019,24322
"ATCATTCGATAGGCCA-1","0",50,6,14926,32654,217,77,32654,24324
"GTAGGATTCCTTCGAG-1","0",50,8,14924,32289,215,77,32289,24326
"TAGACAGGAATGAGGA-1","0",50,10,14923,31924,213,77,31924,24327
"TGCCTACATAGATTCC-1","0",50,12,14921,31559,211,77,31559,24329
"TCCAGACCAATGTACT-1","0",50,14,14919,31194,209,77,31194,24331
"GCTAACCACGTTGGAG-1","0",50,16,14918,30828,207,77,30828,24332
"CGCTCGGCGAATTAAT-1","0",50,18,14916,30463,205,77,30463,24334
"TCGCCAACTGGAATCC-1","0",50,20,14914,30098,203,77,30098,24336
"CCTACCGCCTAAGTGA-1","0",50,22,14912,29733,201,77,29733,24338
"CATGATAGCAGGAGAC-1","0",50,24,14911,29368,199,77,29368,24339
"ACATCTGGTAGTCTAG-1","0",50,26,14909,29003,197,77,29003,24341
"TCGGACTCGAAGTCGA-1","0",50,28,14907,28637,195,77,28637,24343
"TAAGGACCTCGGTTCT-1","0",50,30,14906,28272,193,77,28272,24344
"TAGCGTATTACTTCAC-1","0",50,32,14904,27907,191,77,27907,24346
"GCGAAGGTCCTATCGG-1","0",50,34,14902,27542,189,77,27542,24348
"GCCGCTGACGTCCGGA-1","0",50,36,14900,27177,187,77,27177,24350
"ACAGTATCTAGAAGAT-1","0",50,38,14899,26812,185,77,26812,24351
"CTGCGGACGGATTGCC-1","0",50,40,14897,26446,183,77,26446,24353
"GATCGTGGCATGACTC-1","0",50,42,14895,26081,181,77,26081,24355
"TACTTCGCCGTGCGGA-1","0",50,44,14894,25716,179,77,25716,24356
"CCGCTGGTTAGATTGG-1","0",50,46,14892,25351,177,77,25351,24358
"AGGCCGAGCTAATGCG-1","0",50,48,14890,24986,175,77,24986,24360
"AGCCGGATGGAGAATA-1","0",50,50,14888,24621,173,77,24621,24362
"TGAATGTTCCGATATT-1","0",50,52,14887,24255,171,77,24255,24363
"ATAGTGCATTAACCGG-1","0",50,54,14885,23890,169,77,23890,24365
"AAGTCGTTAATGCAGG-1","1",50,56,14883,23525,167,77,23525,24367
"GTACAACCGAGTCGCT-1","1",50,58,14882,23160,165,77,23160,24368
"ACCGCAGGACAGTCCG-1","1",50,60,14880,22795,163,77,22795,24370
"GCGATCCTTCTGCTAG-1","1",50,62,14878,22430,161,77,22430,24372
"CGGTCCAAGTAAGCTG-1","1",50,64,14876,22064,159,77,22064,24374
"ATCGCTCGAGTATCGC-1","1",50,66,14875,21699,157,77,21699,24375
"CTTCCGAATTGAGTGG-1","1",50,68,14873,21334,155,77,21334,24377
"TGACAGAACGATTGGC-1","1",50,70,14871,20969,153,77,20969,24379
"ATCCTATTCCAGTACC-1","1",50,72,14870,20604,151,77,20604,24380
"AGATAATGCGAGGTCC-1","1",50,74,14868,20239,149,77,20239,24382
"GTATTCTACAGTCTAC-1","1",50,76,14866,19873,147,77,19873,24384
"CTGTATGAGTTCATCT-1","1",50,78,14864,19508,145,77,19508,24386
"AGACCTATGTACATCG-1","1",50,80,14863,19143,143,77,19143,24387
"TCAGTCGCTACACTAT-1","1",50,82,14861,18778,141,77,18778,24389
"TCGTCAAGTTACGGAC-1","1",50,84,14859,18413,139,77,18413,24391
"ACTCAGCTATGTGAGG-1","1",50,86,14858,18048,137,77,18048,24392
"CGCAATAGGTTCCACT-1","1",50,88,14856,17682,135,77,17682,24394
"GTTGCTCCTACCACTA-1","1",50,90,14854,17317,133,77,17317,24396
"TCCTGAGTCGACATCA-1","1",50,92,14852,16952,131,77,16952,24398
"GGTAGCATGCGGCAGA-1","1",50,94,14851,16587,129,77,16587,24399
"CTACGAGCGGACCGAG-1","1",50,96,14849,16222,127,77,16222,24401
"TCACCGTCGGAGTAAC-1","1",50,98,14847,15857,125,77,15857,24403
"GCCTCCAATGACTTGG-1","1",50,100,14846,15491,123,77,15491,24404
"CGTCGGTTGTTCAAGT-1","1",50,102,14844,15126,121,77,15126,24406
"AGGACGTACCATCGCT-1","1",50,104,14842,14761,119,77,14761,24408
"TGTCGATCGCTACGCT-1","1",50,106,14840,14396,117,77,14396,24410
"GTCTCCTACTTCGCAA-1","1",50,108,14839,14031,115,77,14031,24411
"GCGATGTATTCCTTAC-1","1",50,110,14837,13666,113,77,13666,24413
"CGCTGTATGGCTAGCG-1","1",50,112,14835,13300,111,77,13300,24415
"AGAAGCCAATAGTGGC-1","1",50,114,14834,12935,109,77,12935,24416
"CAATTGTATCGACGGA-1","1",50,116,14832,12570,107,77,12570,24418
"CTAGTTAACAGATGTC-1","1",50,118,14830,12205,105,77,12205,24420
"TCGCCGCTGATAAGGC-1","1",50,120,14828,11840,103,77,11840,24422
"TGGAGTCGAGATCAAC-1","1",50,122,14827,11475,101,77,11475,24423
"GTAGACGGCAAGTACA-1","1",50,124,14825,11109,99,77,11109,24425
"AAGTTCCGGCTGTAGA-1","1",50,126,14823,10744,97,77,10744,24427
"AACAGGAATTCTGTGA-1","1",50,128,14822,10379,95,77,10379,24428
"TCGAGTCCAGTCGAAC-1","1",50,130,14820,10014,93,77,10014,24430
"GTATGATATGGCAAGC-1","1",50,132,14818,9649,91,77,9649,24432
"CTTCAACGATAGTAGG-1","1",50,134,14817,9284,89,77,9284,24433
"CAATTGCTTAAGTCAC-1","0",50,136,14815,8918,87,77,8918,24435
"TGTAGGAGGTGCCTTC-1","0",50,138,14813,8553,85,77,8553,24437
"CTTAGCAATTGCACCA-1","0",50,140,14811,8188,83,77,8188,24439
"TAGGAAGACAGTTATT-1","0",50,142,14810,7823,81,77,7823,24440
"CTCGACATGTTGCCTT-1","0",50,144,14808,7458,79,77,7458,24442
"CGCTAGACCATGGTAG-1","0",50,146,14806,7093,77,77,7093,24444
"CTCATACTTATGAGGT-1","0",50,148,14805,6727,75,77,6727,24445
"TCGGACGCGAATCTGT-1","0",50,150,14803,6362,73,77,6362,24447
"ACTAATCGAGCAACTG-1","0",50,152,14801,5997,71,77,5997,24449
"CATATGAAGTTCATGC-1","0",50,154,14799,5632,69,77,5632,24451
"GCAGGCTCAGTGCAAT-1","0",50,156,14798,5267,67,77,5267,24452
"GTAACACTGACTTAAT-1","0",50,158,14796,4902,65,77,4902,24454
"TACCTCATCGCTGCTC-1","0",50,160,14794,4536,63,77,4536,24456
"AGTTAAGGCATCCGCA-1","0",50,162,14793,4171,61,77,4171,24457
"CACGTGGATCCTCAGA-1","0",50,164,14791,3806,59,77,3806,24459
"GTACAGTAACAGGCGA-1","0",50,166,14789,3441,57,77,3441,24461
"TCGCCGACTCCAGCGG-1","0",50,168,14787,3076,55,77,3076,24463
"AATGGAGGACCGACCA-1","0",50,170,14786,2711,53,77,2711,24464
"TCGCAACACCATCGTA-1","0",50,172,14784,2345,51,77,2345,24466
"GTGCTCTACCTGACAA-1","0",50,174,14782,1980,49,77,1980,24468
"GCTTCTCATAAGGTGC-1","0",50,176,14781,1615,47,77,1615,24469
"GCCTATGACAGTACCT-1","0",50,178,14779,1250,45,77,1250,24471
"GAACATTCCGGCAGGT-1","0",50,180,14777,885,43,77,885,24473
"AACGAGCTGTAATATT-1","0",50,182,14775,520,41,77,520,24475
"GTAGAACAAGCGCACT-1","0",50,184,14774,154,39,77,154,24476
"CCTTCAACCTACGATA-1","0",50,186,14772,-211,37,77,-211,24478
"CTGGACAACCTCTTGA-1","0",50,188,14770,-576,35,77,-576,24480
"TCATCTATCCTGCGGT-1","0",50,190,14769,-941,33,77,-941,24481
"GGTGAGCCACATAACC-1","0",50,192,14767,-1306,31,77,-1306,24483
"GTAACCGGTGATTATG-1","0",50,194,14765,-1671,29,77,-1671,24485
"CGTTACTCTTATCTGT-1","0",50,196,14763,-2037,27,77,-2037,24487
"TCTGGTAGTGATAGGA-1","0",50,198,14762,-2402,25,77,-2402,24488
"GTCAGCCACCTCACGA-1","0",50,200,14760,-2767,23,77,-2767,24490
"AAGCAGCTTGGATACA-1","0",50,202,14758,-3132,21,77,-3132,24492
"AGTTGCGTAACTCATT-1","0",50,204,14757,-3497,19,77,-3497,24493
"TACGCAAGACAGCGCT-1","0",50,206,14755,-3862,17,77,-3862,24495
"CTATAATTCAGAGTTG-1","0",50,208,14753,-4228,15,77,-4228,24497
"AGTCGGCTACATCCGA-1","0",50,210,14751,-4593,13,77,-4593,24499
"TATGTTATGTACATGA-1","0",50,212,14750,-4958,11,77,-4958,24500
"ACCAATACCGGTCCAA-1","0",50,214,14748,-5323,9,77,-5323,24502
"CTAATCACGTCGGCAG-1","0",50,216,14746,-5688,7,77,-5688,24504
"ACCTCGCATCGGTTCC-1","0",50,218,14745,-6053,5,77,-6053,24505
"TATCATTCAGTAAGGT-1","0",50,220,14743,-6419,3,77,-6419,24507
"TGCGCCTGCAACAGGA-1","0",50,222,14741,-6784,1,77,-6784,24509
"ACAGGAACATGATCTT-1","0",51,1,15244,33566,222,76,33566,24006
"AGCAAGAATCATCCTA-1","0",51,3,15243,33200,220,76,33200,24007
"AAGGACATGGCGACCA-1","0",51,5,15241,32835,218,76,32835,24009
"GCTAGTCCTCTGTTCA-1","0",51,7,15239,32470,216,76,32470,24011
"TGTAGTGGCTCCTAAT-1","0",51,9,15238,32105,214,76,32105,24012
"TAGTGAACTCAGGTCT-1","0",51,11,15236,31740,212,76,31740,24014
"GTTGCGGCGACACTTG-1","0",51,13,15234,31375,210,76,31375,24016
"TAACCTATACATTCAG-1","0",51,15,15232,31009,208,76,31009,24018
"GTACCTCACCTTATTG-1","0",51,17,15231,30644,206,76,30644,24019
"CAGACGTCCTCGACAG-1","0",51,19,15229,30279,204,76,30279,24021
"AGCAGGCCAATTCTCA-1","0",51,21,15227,29914,202,76,29914,24023
"TCACTAAGACAATGTA-1","0",51,23,15226,29549,200,76,29549,24024
"AAGAGCTTGCGAAGTC-1","0",51,25,15224,29184,198,76,29184,24026
"CATGCACGGTGATCAC-1","0",51,27,15222,28818,196,76,28818,24028
"TAGTGAATAGGACAGA-1","0",51,29,15220,28453,194,76,28453,24030
"TCCTTCACGACCACTA-1","0",51,31,15219,28088,192,76,28088,24031
"TGGTACGTCATGTCCT-1","0",51,33,15217,27723,190,76,27723,24033
"GCGAGCACGGTTAGTG-1","0",51,35,15215,27358,188,76,27358,24035
"TCCGTGGTAATAAGCG-1","0",51,37,15214,26993,186,76,26993,24036
"CATCTTACAGTTCGTA-1","0",51,39,15212,26627,184,76,26627,24038
"ATTATCTGGCCTCCAT-1","0",51,41,15210,26262,182,76,26262,24040
"CCATTCAGCATATGGC-1","0",51,43,15208,25897,180,76,25897,24042
"GTGAGGTCACTTCATA-1","0",51,45,15207,25532,178,76,25532,24043
"TGTCTTCCATGTCTAA-1","0",51,47,15205,25167,176,76,25167,24045
"CTACAGCCTAACTGAT-1","0",51,49,15203,24802,174,76,24802,24047
"CAAGGTTGCGCATCCA-1","0",51,51,15202,24436,172,76,24436,24048
"CTATGCCTAATTGACG-1","0",51,53,15200,24071,170,76,24071,24050
"GTTGCCGGATACGATG-1","1",51,55,15198,23706,168,76,23706,24052
"AGAATATTCCTGAGAC-1","1",51,57,15197,23341,166,76,23341,24053
"ATGCTCCAGGCCAGGT-1","1",51,59,15195,22976,164,76,22976,24055
"TGGCTGCATTCCGAAT-1","1",51,61,15193,22611,162,76,22611,24057
"TCAGGAGTCGGTATAG-1","1",51,63,15191,22245,160,76,22245,24059
"TGGTCTTCTGATTAGA-1","1",51,65,15190,21880,158,76,21880,24060
"GTAACCAGTACTTCCT-1","1",51,67,15188,21515,156,76,21515,24062
"GAGGCCTATCAAGACG-1","1",51,69,15186,21150,154,76,21150,24064
"TGCATTCAGCGGTTCG-1","1",51,71,15185,20785,152,76,20785,24065
"ACTTACGCCGATCCGC-1","1",51,73,15183,20420,150,76,20420,24067
"AATGGTATAACCGCGG-1","1",51,75,15181,20054,148,76,20054,24069
"AAGAGCACCATCTTAT-1","1",51,77,15179,19689,146,76,19689,24071
"ATACATCTCGAGGACT-1","1",51,79,15178,19324,144,76,19324,24072
"AACGTTAGGAGCGTTG-1","1",51,81,15176,18959,142,76,18959,24074
"TGGACGTGGATGTCAT-1","1",51,83,15174,18594,140,76,18594,24076
"GCGAATCTATCAGAGG-1","1",51,85,15173,18229,138,76,18229,24077
"GTAAGTATAGCGAGAA-1","1",51,87,15171,17863,136,76,17863,24079
"TCGTCAGGCAGATTAG-1","1",51,89,15169,17498,134,76,17498,24081
"TCATGGAAGTGAGCCG-1","1",51,91,15167,17133,132,76,17133,24083
"GATTCCGTATTCCGAC-1","1",51,93,15166,16768,130,76,16768,24084
"ATAGTTCGTAGTGACC-1","1",51,95,15164,16403,128,76,16403,24086
"ATCGCTACTCGGCGAC-1","1",51,97,15162,16038,126,76,16038,24088
"GCGATTGAAGTTCGGA-1","1",51,99,15161,15672,124,76,15672,24089
"CACGCCATCACCAATT-1","1",51,101,15159,15307,122,76,15307,24091
"ATACTAGCACATCTCG-1","1",51,103,15157,14942,120,76,14942,24093
"GAATGGTCCGATCGTC-1","1",51,105,15155,14577,118,76,14577,24095
"GTCGCAACCTCAGCCA-1","1",51,107,15154,14212,116,76,14212,24096
"AGGCAATCATAGGTAG-1","1",51,109,15152,13847,114,76,13847,24098
"TGTAATTAACGTCAAC-1","1",51,111,15150,13481,112,76,13481,24100
"GACTTGCGACGGTGGC-1","1",51,113,15149,13116,110,76,13116,24101
"TACTTACACGCAGCTT-1","1",51,115,15147,12751,108,76,12751,24103
"GGTTGCGTGGCACGTG-1","1",51,117,15145,12386,106,76,12386,24105
"GTACCTACAGCGATGT-1","1",51,119,15143,12021,104,76,12021,24107
"GAGGCGCAGGACGTCC-1","1",51,121,15142,11656,102,76,11656,24108
"GCGAGCAGCTGCGTAA-1","1",51,123,15140,11290,100,76,11290,24110
"CAAGTCTGGCTCAACA-1","1",51,125,15138,10925,98,76,10925,24112
"AACATGACCGTACGGA-1","1",51,127,15137,10560,96,76,10560,24113
"ACTCCATAACCGTTAA-1","1",51,129,15135,10195,94,76,10195,24115
"GTCTTCCTAGGCTGGA-1","1",51,131,15133,9830,92,76,9830,24117
"AGCCTCCAGGTGACTG-1","1",51,133,15131,9465,90,76,9465,24119
"GGCTTCATTCGCAAGA-1","1",51,135,15130,9099,88,76,9099,24120
"CCACGTCACTAGATAA-1","0",51,137,15128,8734,86,76,8734,24122
"AGACTCCGTGCTGTCG-1","0",51,139,15126,8369,84,76,8369,24124
"CGATGCTGCGTGCATT-1","0",51,141,15125,8004,82,76,8004,24125
"CAATAAGGTTCTGGTT-1","0",51,143,15123,7639,80,76,7639,24127
"CGGTTGGCGTAGATAC-1","0",51,145,15121,7274,78,76,7274,24129
"GCTCTATTAACCGATG-1","0",51,147,15119,6908,76,76,6908,24131
"AACTCAACTAATAGGT-1","0",51,149,15118,6543,74,76,6543,24132
"ATCTACCGCATGACTA-1","0",51,151,15116,6178,72,76,6178,24134
"GCTCGCCGCATGCCTA-1","0",51,153,15114,5813,70,76,5813,24136
"GCGAATAGTGAAGTCC-1","0",51,155,15113,5448,68,76,5448,24137
"CACTACGCATTAGTAT-1","0",51,157,15111,5083,66,76,5083,24139
"GTTGCTTACAAGTAGG-1","0",51,159,15109,4718,64,76,4718,24141
"CTACTGCCGCGTTGTC-1","0",51,161,15107,4352,62,76,4352,24143
"ATGTACCAAGCTAACA-1","0",51,163,15106,3987,60,76,3987,24144
"GATCTTCATTCGAACC-1","0",51,165,15104,3622,58,76,3622,24146
"ATCCTGGAATCCGAAG-1","0",51,167,15102,3257,56,76,3257,24148
"GTTATTGGCTTCCTCG-1","0",51,169,15101,2892,54,76,2892,24149
"TAGCGTCTGTGATGTC-1","0",51,171,15099,2527,52,76,2527,24151
"ATTCACTCGTATGTTG-1","0",51,173,15097,2161,50,76,2161,24153
"ACGTTATGGACTAAGG-1","0",51,175,15095,1796,48,76,1796,24155
"TCCTCACGACATCCTG-1","0",51,177,15094,1431,46,76,1431,24156
"GTATAGCACCAGGTCT-1","0",51,179,15092,1066,44,76,1066,24158
"TACCGCGAGTTGTAGA-1","0",51,181,15090,701,42,76,701,24160
"TATTAATACCGACTGT-1","0",51,183,15089,336,40,76,336,24161
"GGATAGGACTCGTTAG-1","0",51,185,15087,-30,38,76,-30,24163
"CGGCCTCCTTATAGCG-1","0",51,187,15085,-395,36,76,-395,24165
"GTCCAGCGATGTCCGA-1","0",51,189,15083,-760,34,76,-760,24167
"AGCGGATGTCGCGGAT-1","0",51,191,15082,-1125,32,76,-1125,24168
"GTATTAGATGCCAATA-1","0",51,193,15080,-1490,30,76,-1490,24170
"GCGAAGCACCTTATAG-1","0",51,195,15078,-1855,28,76,-1855,24172
"GTGCACCGCACCATCG-1","0",51,197,15077,-2221,26,76,-2221,24173
"TGCACGGTATCGTCGA-1","0",51,199,15075,-2586,24,76,-2586,24175
"TGGTCTGCAGCCAATT-1","0",51,201,15073,-2951,22,76,-2951,24177
"GCACAGGAATCTAGCT-1","0",51,203,15071,-3316,20,76,-3316,24179
"TAAGCACTATGTTCAA-1","0",51,205,15070,-3681,18,76,-3681,24180
"GGCATTAGCCGCTACA-1","0",51,207,15068,-4046,16,76,-4046,24182
"AAGCGAGTTGCTACGC-1","0",51,209,15066,-4412,14,76,-4412,24184
"CATGATTAATCGTCTG-1","0",51,211,15065,-4777,12,76,-4777,24185
"CCTGAACTACGGATCT-1","0",51,213,15063,-5142,10,76,-5142,24187
"GTGGATTAGATTCGCC-1","0",51,215,15061,-5507,8,76,-5507,24189
"GCTTCTGAAGGACCAG-1","0",51,217,15059,-5872,6,76,-5872,24191
"GTAAGGACCGAATCCG-1","0",51,219,15058,-6237,4,76,-6237,24192
"AGGTACAGGACTTGCG-1","0",51,221,15056,-6603,2,76,-6603,24194
"GCATGTGGAGTCCTGC-1","0",51,223,15054,-6968,0,76,-6968,24196
"ATAGCGTGTACCTTAC-1","0",52,0,15563,33747,223,75,33747,23687
"GCGGTTATCAATGGTA-1","0",52,2,15561,33382,221,75,33382,23689
"TACTAGCTCGGAATCT-1","0",52,4,15560,33016,219,75,33016,23690
"TAAGTCGATAGACCGA-1","0",52,6,15558,32651,217,75,32651,23692
"GCACGAAGATGTCATT-1","0",52,8,15556,32286,215,75,32286,23694
"GCGTCGGAGTATGCTC-1","0",52,10,15554,31921,213,75,31921,23696
"TGCCAACTACCGGCAC-1","0",52,12,15553,31556,211,75,31556,23697
"GGTGCGAGATGCTGGC-1","0",52,14,15551,31191,209,75,31191,23699
"GCAAGAATGTAGATCT-1","0",52,16,15549,30825,207,75,30825,23701
"AGAATTACAGCTGTTC-1","0",52,18,15548,30460,205,75,30460,23702
"TCGGAGTATCTTCATC-1","0",52,20,15546,30095,203,75,30095,23704
"GTACGCGATATGGTAG-1","0",52,22,15544,29730,201,75,29730,23706
"AGTTCCTTGAGTCCGA-1","0",52,24,15542,29365,199,75,29365,23708
"CTTACGGAGGCCGCGG-1","0",52,26,15541,29000,197,75,29000,23709
"CTATAGTCTGTCTAGC-1","0",52,28,15539,28634,195,75,28634,23711
"TATGTTAGTGGAACGG-1","0",52,30,15537,28269,193,75,28269,23713
"CGAGATCTCAATCGTT-1","0",52,32,15536,27904,191,75,27904,23714
"GGAGATTAGATAGAAT-1","0",52,34,15534,27539,189,75,27539,23716
"GTCTCCATTAGATGAA-1","0",52,36,15532,27174,187,75,27174,23718
"TAACGAGTATGATCAG-1","0",52,38,15530,26809,185,75,26809,23720
"AACGGCGAGGAAGGTT-1","0",52,40,15529,26443,183,75,26443,23721
"GTCGAATAGGTTAAGG-1","0",52,42,15527,26078,181,75,26078,23723
"TGGATTATCATGAGCA-1","0",52,44,15525,25713,179,75,25713,23725
"TGTCAGCGGCAACTCC-1","0",52,46,15524,25348,177,75,25348,23726
"GATGGATGTTGCATCG-1","0",52,48,15522,24983,175,75,24983,23728
"TGACCAGGTCTATTAG-1","0",52,50,15520,24618,173,75,24618,23730
"GAGTTCGGATAATCAG-1","0",52,52,15518,24252,171,75,24252,23732
"GACTTGTCCGAAGTTA-1","0",52,54,15517,23887,169,75,23887,23733
"ATTCAGTGCCGCTTCC-1","1",52,56,15515,23522,167,75,23522,23735
"TAAGCGCACCTCGCAC-1","1",52,58,15513,23157,165,75,23157,23737
"AGTAGACATCCGGATT-1","1",52,60,15512,22792,163,75,22792,23738
"ACAATGTCATAATCCT-1","1",52,62,15510,22427,161,75,22427,23740
"CCGATATTCTGATGGC-1","1",52,64,15508,22061,159,75,22061,23742
"TGAATACTAACGTTGA-1","1",52,66,15506,21696,157,75,21696,23744
"CTATTCGGACCGCTGC-1","1",52,68,15505,21331,155,75,21331,23745
"CTATACAACTTGTCTT-1","1",52,70,15503,20966,153,75,20966,23747
"TCCTCAATGTTGCTAT-1","1",52,72,15501,20601,151,75,20601,23749
"GTGCAGGATACTGCTA-1","1",52,74,15500,20236,149,75,20236,23750
"CTGCGTGATACTGTAG-1","1",52,76,15498,19870,147,75,19870,23752
"CAACGTACCAACCATC-1","1",52,78,15496,19505,145,75,19505,23754
"TCAGACATACGCGAGG-1","1",52,80,15494,19140,143,75,19140,23756
"CATTGAGGTTGGTTGT-1","1",52,82,15493,18775,141,75,18775,23757
"AACTCAGAACGACACG-1","1",52,84,15491,18410,139,75,18410,23759
"ATCATTCACTCGAAGT-1","1",52,86,15489,18045,137,75,18045,23761
"TACCATCGTCCTCAGC-1","1",52,88,15488,17679,135,75,17679,23762
"GTCTTGACTCACGGCG-1","1",52,90,15486,17314,133,75,17314,23764
"GCAAGCCAGAACTCGA-1","1",52,92,15484,16949,131,75,16949,23766
"CAAGTGTTAATACACG-1","1",52,94,15483,16584,129,75,16584,23767
"TGGTTGATCAGGCACT-1","1",52,96,15481,16219,127,75,16219,23769
"CATCAGAACTATCCTG-1","1",52,98,15479,15854,125,75,15854,23771
"GTTAATCTCCTTGCAA-1","1",52,100,15477,15488,123,75,15488,23773
"TGTCAGTGACTGCAGA-1","1",52,102,15476,15123,121,75,15123,23774
"CGTACAATTGCGTGAA-1","1",52,104,15474,14758,119,75,14758,23776
"AGCGACATGGTGATCG-1","1",52,106,15472,14393,117,75,14393,23778
"TATCACGAATAATCCA-1","1",52,108,15471,14028,115,75,14028,23779
"GTTATTACGGCCTCTT-1","1",52,110,15469,13663,113,75,13663,23781
"TGAGTTCTTACCTGAA-1","1",52,112,15467,13297,111,75,13297,23783
"CTGACTAATGTTCTTG-1","1",52,114,15465,12932,109,75,12932,23785
"AGGAGCCTCCAATTCC-1","1",52,116,15464,12567,107,75,12567,23786
"TGCACGACCATTGGCA-1","1",52,118,15462,12202,105,75,12202,23788
"ACCGGAAGGACGATGG-1","1",52,120,15460,11837,103,75,11837,23790
"CTTCAATGACGTCATC-1","1",52,122,15459,11472,101,75,11472,23791
"GTATGTTCTGCCATCA-1","1",52,124,15457,11106,99,75,11106,23793
"TATTAACAGCCGGCGT-1","1",52,126,15455,10741,97,75,10741,23795
"ATCGTCACGCTGACCG-1","1",52,128,15453,10376,95,75,10376,23797
"GCTTCTCCGCTAGAAT-1","1",52,130,15452,10011,93,75,10011,23798
"ACATAGCATACGGCAC-1","1",52,132,15450,9646,91,75,9646,23800
"GCAGCGATTCCAAGTT-1","1",52,134,15448,9281,89,75,9281,23802
"CGAACCACTTAGGATC-1","1",52,136,15447,8915,87,75,8915,23803
"CGGTTAGAGTCTCGAC-1","1",52,138,15445,8550,85,75,8550,23805
"GTACTAGACAATGTAC-1","0",52,140,15443,8185,83,75,8185,23807
"TATCAAGGTAAGTTGA-1","0",52,142,15441,7820,81,75,7820,23809
"ACGGCAGATGCACGTA-1","0",52,144,15440,7455,79,75,7455,23810
"GTGGTTAAGTTATGTC-1","0",52,146,15438,7090,77,75,7090,23812
"TAACGAGCCTTCGCCT-1","0",52,148,15436,6724,75,75,6724,23814
"TGAGGAATTATCCTTA-1","0",52,150,15435,6359,73,75,6359,23815
"AATCTGCCAGTAATTG-1","0",52,152,15433,5994,71,75,5994,23817
"GCGTTCGTTCAAGCCA-1","0",52,154,15431,5629,69,75,5629,23819
"TACCGTGGCATGTATT-1","0",52,156,15429,5264,67,75,5264,23821
"TCCACGGCTTCGAGTC-1","0",52,158,15428,4899,65,75,4899,23822
"GGAGGCTACGTTCTAT-1","0",52,160,15426,4533,63,75,4533,23824
"GTACGAGTCCGGAATC-1","0",52,162,15424,4168,61,75,4168,23826
"ACCGAGATCGTGACCA-1","0",52,164,15423,3803,59,75,3803,23827
"GGAATCGAACATTCGT-1","0",52,166,15421,3438,57,75,3438,23829
"CCATCAGCTAGATTCG-1","0",52,168,15419,3073,55,75,3073,23831
"CAGACGGCTGCCATCA-1","0",52,170,15417,2708,53,75,2708,23833
"GCATTGCGCATCGGCC-1","0",52,172,15416,2342,51,75,2342,23834
"CTCCGGCAGTTAACTT-1","0",52,174,15414,1977,49,75,1977,23836
"CCGGCACGTTGACATT-1","0",52,176,15412,1612,47,75,1612,23838
"AATTCAGTATGCATGC-1","0",52,178,15411,1247,45,75,1247,23839
"TCGACTTAGTTGGCCA-1","0",52,180,15409,882,43,75,882,23841
"CCTGGCACCTCACGCT-1","0",52,182,15407,517,41,75,517,23843
"GCAAGAACGAAGGTTC-1","0",52,184,15405,151,39,75,151,23845
"TGCCTATGAAGAATAG-1","0",52,186,15404,-214,37,75,-214,23846
"TCGGTGTCAATACAGC-1","0",52,188,15402,-579,35,75,-579,23848
"CGTGGCGAGCGATAGC-1","0",52,190,15400,-944,33,75,-944,23850
"AGCCGTATCCTCCGTG-1","0",52,192,15399,-1309,31,75,-1309,23851
"AACATAGAAGTGCGCA-1","0",52,194,15397,-1674,29,75,-1674,23853
"TGCAGAATACTGCAGG-1","0",52,196,15395,-2040,27,75,-2040,23855
"CTAATTGACCTTCGAG-1","0",52,198,15393,-2405,25,75,-2405,23857
"GCGAATGCTCGGACTT-1","0",52,200,15392,-2770,23,75,-2770,23858
"GCGTACAATGATTGAA-1","0",52,202,15390,-3135,21,75,-3135,23860
"CGTCGGTTCGTTAACA-1","0",52,204,15388,-3500,19,75,-3500,23862
"TGCGCAAGAATTACAT-1","0",52,206,15387,-3865,17,75,-3865,23863
"GAACTCTACGCAGAAT-1","0",52,208,15385,-4231,15,75,-4231,23865
"TACGACTAATGTAAGT-1","0",52,210,15383,-4596,13,75,-4596,23867
"CATGGTTACTCATGTT-1","0",52,212,15381,-4961,11,75,-4961,23869
"CTAGGACCGTTAATTC-1","0",52,214,15380,-5326,9,75,-5326,23870
"AACCAATCGATAACTT-1","0",52,216,15378,-5691,7,75,-5691,23872
"CAGACGTGCCGACCTA-1","0",52,218,15376,-6056,5,75,-6056,23874
"GATTGAGTGGATAGTT-1","0",52,220,15375,-6422,3,75,-6422,23875
"GTCACTGTAGCCTGAG-1","0",52,222,15373,-6787,1,75,-6787,23877
"AGCCTCGAATCCGTCC-1","0",53,1,15876,33563,222,74,33563,23374
"GCCTTGCTGGTCACGC-1","0",53,3,15875,33197,220,74,33197,23375
"GCGTCGCATGCTATGA-1","0",53,5,15873,32832,218,74,32832,23377
"GTGGAGTACATACCTC-1","0",53,7,15871,32467,216,74,32467,23379
"TATCATGACAGTGGCA-1","0",53,9,15869,32102,214,74,32102,23381
"ACTGAGACTGTCTTGA-1","0",53,11,15868,31737,212,74,31737,23382
"ACAATCATAACCTTGG-1","0",53,13,15866,31372,210,74,31372,23384
"CGTTGTCTAGGACCAC-1","0",53,15,15864,31006,208,74,31006,23386
"TGATTCATTGGTATAC-1","0",53,17,15863,30641,206,74,30641,23387
"GTCCTTCACGGACCTC-1","0",53,19,15861,30276,204,74,30276,23389
"CTACAGATAACTCGGT-1","0",53,21,15859,29911,202,74,29911,23391
"GCGATCCAGTATGACT-1","0",53,23,15857,29546,200,74,29546,23393
"ATCATTGTCTAGCCGT-1","0",53,25,15856,29181,198,74,29181,23394
"CTTAGCACATTGCCTT-1","0",53,27,15854,28815,196,74,28815,23396
"GGTGCATGAACATATT-1","0",53,29,15852,28450,194,74,28450,23398
"TCGGACTCGAGCCATA-1","0",53,31,15851,28085,192,74,28085,23399
"ACTGACTGAGCATCGC-1","0",53,33,15849,27720,190,74,27720,23401
"TCCGTGTTAGAAGCGT-1","0",53,35,15847,27355,188,74,27355,23403
"AAGAACATAAGGACGT-1","0",53,37,15845,26990,186,74,26990,23405
"AAGCGACGTAGACCAC-1","0",53,39,15844,26625,184,74,26625,23406
"GTAAGTAGGTAAGTTA-1","0",53,41,15842,26259,182,74,26259,23408
"CTGACTCGCTTCCGAC-1","0",53,43,15840,25894,180,74,25894,23410
"ACGCGGCAAGTTCGCC-1","0",53,45,15839,25529,178,74,25529,23411
"TCGTCACGGCTATGAA-1","0",53,47,15837,25164,176,74,25164,23413
"ATTGCCGCTCTTGCTG-1","0",53,49,15835,24799,174,74,24799,23415
"TGCCTACTCAGCGACT-1","0",53,51,15833,24434,172,74,24434,23417
"TATCAAGCGGTAGGCG-1","0",53,53,15832,24068,170,74,24068,23418
"CAATCATATTAAGGAT-1","0",53,55,15830,23703,168,74,23703,23420
"AAGGCGGATCGGAGGC-1","1",53,57,15828,23338,166,74,23338,23422
"AAGGCCTCTGTATCTG-1","1",53,59,15827,22973,164,74,22973,23423
"CTGCCTGTCTGCGGCC-1","1",53,61,15825,22608,162,74,22608,23425
"CCGGCAACGCTGGACG-1","1",53,63,15823,22243,160,74,22243,23427
"AGTGTCTGAAGACACG-1","1",53,65,15821,21877,158,74,21877,23429
"TATTACCTATGGAATT-1","1",53,67,15820,21512,156,74,21512,23430
"TCCTAGGTTGGCTCAT-1","1",53,69,15818,21147,154,74,21147,23432
"TGGAGTGCCTAAGGTT-1","1",53,71,15816,20782,152,74,20782,23434
"GATCGTCACTGCCAGG-1","1",53,73,15815,20417,150,74,20417,23435
"TCCTGAGTACTCGAGT-1","1",53,75,15813,20052,148,74,20052,23437
"TGTTCAACGACTGCAT-1","1",53,77,15811,19686,146,74,19686,23439
"TGCATTCCACAATGAC-1","1",53,79,15809,19321,144,74,19321,23441
"GTTAGGTAGACTAACA-1","1",53,81,15808,18956,142,74,18956,23442
"CGGCACGTCTGAGGTC-1","1",53,83,15806,18591,140,74,18591,23444
"GATTCCGCTCAATAGT-1","1",53,85,15804,18226,138,74,18226,23446
"GTAGTGAACTAATAGG-1","1",53,87,15803,17861,136,74,17861,23447
"TGGAGTCCTGTTATGA-1","1",53,89,15801,17495,134,74,17495,23449
"TAGACCTAGCCACTTA-1","1",53,91,15799,17130,132,74,17130,23451
"CTTCGAGCTGCGAATC-1","1",53,93,15797,16765,130,74,16765,23453
"ACATGAAGCCATTACC-1","1",53,95,15796,16400,128,74,16400,23454
"GTCGAATAGAATGGAC-1","1",53,97,15794,16035,126,74,16035,23456
"CGACCTTGGATGCATT-1","1",53,99,15792,15670,124,74,15670,23458
"GAGGCCACGGCCGAGT-1","1",53,101,15791,15304,122,74,15304,23459
"ATAGACGATGTTGACC-1","1",53,103,15789,14939,120,74,14939,23461
"TCAGACATAAGGTGTA-1","1",53,105,15787,14574,118,74,14574,23463
"AGCTGTACGGCGTTCG-1","1",53,107,15785,14209,116,74,14209,23465
"CAGAACATTCACGCAC-1","1",53,109,15784,13844,114,74,13844,23466
"CAATTCGCGTGAGCCA-1","1",53,111,15782,13479,112,74,13479,23468
"CGTCGGATTACCGATT-1","1",53,113,15780,13113,110,74,13113,23470
"GCGTTCGTACCTCCGG-1","1",53,115,15779,12748,108,74,12748,23471
"ATGTCGCAGAGCTGTC-1","1",53,117,15777,12383,106,74,12383,23473
"AGACAACGACAATGTC-1","1",53,119,15775,12018,104,74,12018,23475
"GAGCGACGTCGATTGG-1","1",53,121,15773,11653,102,74,11653,23477
"ATAGTTGGTGCACTGC-1","1",53,123,15772,11288,100,74,11288,23478
"GACCTGCTCCAACTTA-1","1",53,125,15770,10922,98,74,10922,23480
"TGCTACTTACAGCGGA-1","1",53,127,15768,10557,96,74,10557,23482
"TAGGCACCAAGCTTGT-1","1",53,129,15767,10192,94,74,10192,23483
"GTGGAGGCGACCACAT-1","1",53,131,15765,9827,92,74,9827,23485
"ACTCCTTACTGGACTT-1","1",53,133,15763,9462,90,74,9462,23487
"GTCTTGTAAGTTCTAG-1","1",53,135,15761,9097,88,74,9097,23489
"GAAGTCGACATCAACT-1","1",53,137,15760,8731,86,74,8731,23490
"AACACCATTCGCATAC-1","1",53,139,15758,8366,84,74,8366,23492
"AGAACCTTCATCTAGA-1","0",53,141,15756,8001,82,74,8001,23494
"TCTAGCGAGTGCTACT-1","0",53,143,15755,7636,80,74,7636,23495
"CGACCTATACTAGTCC-1","0",53,145,15753,7271,78,74,7271,23497
"ATCGCAGGTTCCGCCA-1","0",53,147,15751,6906,76,74,6906,23499
"TAACAGACGTGAAGGC-1","0",53,149,15749,6540,74,74,6540,23501
"GCTATCGCTAATTCAA-1","0",53,151,15748,6175,72,74,6175,23502
"TAGCCGCATTCTACTG-1","0",53,153,15746,5810,70,74,5810,23504
"ACATCGACATTACACC-1","0",53,155,15744,5445,68,74,5445,23506
"CAGTCTTCTACTAGGA-1","0",53,157,15743,5080,66,74,5080,23507
"ATGTCGTAGAATCTGG-1","0",53,159,15741,4715,64,74,4715,23509
"CATCACAGGCGTCACT-1","0",53,161,15739,4349,62,74,4349,23511
"GGCTGACGTGCCTCGA-1","0",53,163,15737,3984,60,74,3984,23513
"GCTCGCTGCCGCGGAA-1","0",53,165,15736,3619,58,74,3619,23514
"TCAGCTCACCAGTGCC-1","0",53,167,15734,3254,56,74,3254,23516
"CTTCGAGGCCTCGCAA-1","0",53,169,15732,2889,54,74,2889,23518
"AAGTTCAGTCCGCCGA-1","0",53,171,15731,2524,52,74,2524,23519
"GTATAATCGGCACCTT-1","0",53,173,15729,2158,50,74,2158,23521
"CACTGGTGCTCGAGCA-1","0",53,175,15727,1793,48,74,1793,23523
"CGCAAGTGAACTGTTC-1","0",53,177,15725,1428,46,74,1428,23525
"AATGGAAGGCAAGTAC-1","0",53,179,15724,1063,44,74,1063,23526
"AACGTAAGACGGTTAG-1","0",53,181,15722,698,42,74,698,23528
"GTGGATGTAAGTGAAC-1","0",53,183,15720,333,40,74,333,23530
"CGATGAGTTCCGACAG-1","0",53,185,15719,-33,38,74,-33,23531
"CAGAGGTAAGCTATGG-1","0",53,187,15717,-398,36,74,-398,23533
"GTCGAGTGGCGTTAGC-1","0",53,189,15715,-763,34,74,-763,23535
"CAAGTCTGGCAACCGG-1","0",53,191,15713,-1128,32,74,-1128,23537
"AGCGTGCGATTAGAGT-1","0",53,193,15712,-1493,30,74,-1493,23538
"TGTCACAGCCACGATC-1","0",53,195,15710,-1858,28,74,-1858,23540
"GTGAGGTTCTCGTAGG-1","0",53,197,15708,-2224,26,74,-2224,23542
"GAGTTCCAACCTCAGA-1","0",53,199,15707,-2589,24,74,-2589,23543
"ACTACCGGTAGATGGT-1","0",53,201,15705,-2954,22,74,-2954,23545
"CTTACGTCAATAGATA-1","0",53,203,15703,-3319,20,74,-3319,23547
"CTCCACTACGATTATC-1","0",53,205,15701,-3684,18,74,-3684,23549
"TCACAGGAGTCGGCCA-1","0",53,207,15700,-4049,16,74,-4049,23550
"GCTTCTGAGCATCTCG-1","0",53,209,15698,-4415,14,74,-4415,23552
"CCGCTCACTGTTGCAT-1","0",53,211,15696,-4780,12,74,-4780,23554
"CTCGCAACAGGTTCCG-1","0",53,213,15695,-5145,10,74,-5145,23555
"TAGGATTCTAGTGGTT-1","0",53,215,15693,-5510,8,74,-5510,23557
"ACTGACTAAGCCACAA-1","0",53,217,15691,-5875,6,74,-5875,23559
"CAGCATAAGTTCACGT-1","0",53,219,15689,-6240,4,74,-6240,23561
"AATGAGAAGTACGGTT-1","0",53,221,15688,-6606,2,74,-6606,23562
"TAGACACCGACACGAG-1","0",53,223,15686,-6971,0,74,-6971,23564
"CCTCGCGAGTCGATGC-1","0",54,0,16195,33744,223,73,33744,23055
"CTTACGTCGATCACAA-1","0",54,2,16193,33379,221,73,33379,23057
"GAGTCCGTAGGACTTG-1","0",54,4,16191,33013,219,73,33013,23059
"ATGTAGACAAGGTCTT-1","0",54,6,16190,32648,217,73,32648,23060
"AGCGACCGTGTAACCG-1","0",54,8,16188,32283,215,73,32283,23062
"GGCGTGAATCGGTTCG-1","0",54,10,16186,31918,213,73,31918,23064
"CGAACCGTAGGAACAA-1","0",54,12,16184,31553,211,73,31553,23066
"AATTAGACTCTTGTAT-1","0",54,14,16183,31188,209,73,31188,23067
"TAGCATGTCTGTTCAG-1","0",54,16,16181,30822,207,73,30822,23069
"AGAACCGGCGGTTACC-1","0",54,18,16179,30457,205,73,30457,23071
"CCGAGTCCTCGGCACG-1","0",54,20,16178,30092,203,73,30092,23072
"ACCAAGGCATGTCGCA-1","0",54,22,16176,29727,201,73,29727,23074
"CTCATCGAAGACCACT-1","0",54,24,16174,29362,199,73,29362,23076
"GTCAGATCATAGATGT-1","0",54,26,16172,28997,197,73,28997,23078
"TCTTGCGGCCGGTAAG-1","0",54,28,16171,28631,195,73,28631,23079
"AGGCTGGACGAACTCG-1","0",54,30,16169,28266,193,73,28266,23081
"AACAATGGAACCACAT-1","0",54,32,16167,27901,191,73,27901,23083
"CGCCTTGAATTACCAT-1","0",54,34,16166,27536,189,73,27536,23084
"ATAATTATCAGCTGGC-1","0",54,36,16164,27171,187,73,27171,23086
"CCTCCATCGCAGTCGA-1","0",54,38,16162,26806,185,73,26806,23088
"TATGACTCTTATGGAC-1","0",54,40,16161,26440,183,73,26440,23089
"ATCTGATCCGCCGGTG-1","0",54,42,16159,26075,181,73,26075,23091
"CAGACGCATGCTCGGT-1","0",54,44,16157,25710,179,73,25710,23093
"GCTCATAGGTCTAGAA-1","0",54,46,16155,25345,177,73,25345,23095
"CGACCTATTGATGTCG-1","0",54,48,16154,24980,175,73,24980,23096
"AAGCGTCGTATGATGG-1","0",54,50,16152,24615,173,73,24615,23098
"CTGCGATTCTGACGTG-1","0",54,52,16150,24249,171,73,24249,23100
"TCTTGCACAGCAGGAA-1","0",54,54,16149,23884,169,73,23884,23101
"GTCAGTTCAATGGATC-1","0",54,56,16147,23519,167,73,23519,23103
"TGCCAACGCTCACGGC-1","1",54,58,16145,23154,165,73,23154,23105
"AGGCAAGTACAGATAC-1","1",54,60,16143,22789,163,73,22789,23107
"ATGTCGTGGTACATAG-1","1",54,62,16142,22424,161,73,22424,23108
"CCACGTTCCGATTGTT-1","1",54,64,16140,22058,159,73,22058,23110
"ATTCACTGTACTCAGG-1","1",54,66,16138,21693,157,73,21693,23112
"ACTCCTACGCACGTGA-1","1",54,68,16137,21328,155,73,21328,23113
"CTATCGTACGCCATGC-1","1",54,70,16135,20963,153,73,20963,23115
"CCATCCATCCGCGAAG-1","1",54,72,16133,20598,151,73,20598,23117
"TACCATGCCGGTATAA-1","1",54,74,16131,20233,149,73,20233,23119
"CGCACTGAACTACGTG-1","1",54,76,16130,19867,147,73,19867,23120
"ATTCAGGCACCGAGCC-1","1",54,78,16128,19502,145,73,19502,23122
"TCGTCAGTCGACGGAT-1","1",54,80,16126,19137,143,73,19137,23124
"CAGCTTCTCAAGTGAA-1","1",54,82,16125,18772,141,73,18772,23125
"TGCACGAGAATGGTCC-1","1",54,84,16123,18407,139,73,18407,23127
"GCAGGTGCTGAGCTCG-1","1",54,86,16121,18042,137,73,18042,23129
"CAGCTCCGTTGATATC-1","1",54,88,16119,17676,135,73,17676,23131
"TATTCGAGCTTATTCA-1","1",54,90,16118,17311,133,73,17311,23132
"CGCAGTCGGACGCTGC-1","1",54,92,16116,16946,131,73,16946,23134
"CACGTTAGCTCCATTC-1","1",54,94,16114,16581,129,73,16581,23136
"GAGGATGCGATTAACT-1","1",54,96,16113,16216,127,73,16216,23137
"ACAGTCGACATGCTGT-1","1",54,98,16111,15851,125,73,15851,23139
"CTAATTCGTTATCTTG-1","1",54,100,16109,15485,123,73,15485,23141
"GCCATGAGGATGTTGG-1","1",54,102,16107,15120,121,73,15120,23143
"TAACTCATGGAACGCA-1","1",54,104,16106,14755,119,73,14755,23144
"TGGCCAAGGTATTCAC-1","1",54,106,16104,14390,117,73,14390,23146
"ATGTTCTAAGGCTCTT-1","1",54,108,16102,14025,115,73,14025,23148
"ACTCGATATGAGTGGA-1","1",54,110,16101,13660,113,73,13660,23149
"AATGCACTAGCCACGG-1","1",54,112,16099,13294,111,73,13294,23151
"GTTGCTCATGAGTCCG-1","1",54,114,16097,12929,109,73,12929,23153
"AGCCAGTCACTCTGCC-1","1",54,116,16095,12564,107,73,12564,23155
"TAGGAGTTCGACTCGC-1","1",54,118,16094,12199,105,73,12199,23156
"AAGGACCGTGAGCCTC-1","1",54,120,16092,11834,103,73,11834,23158
"GCAACAGTCGGTTAGG-1","1",54,122,16090,11469,101,73,11469,23160
"CGCTTAGTAATCACGC-1","1",54,124,16089,11103,99,73,11103,23161
"GTGCAAGCGTGAAGCA-1","1",54,126,16087,10738,97,73,10738,23163
"ACGTCGCCACTCGACA-1","1",54,128,16085,10373,95,73,10373,23165
"CAAGGATTATTCTGAG-1","1",54,130,16083,10008,93,73,10008,23167
"TCGTCCATGGTTAGGA-1","1",54,132,16082,9643,91,73,9643,23168
"TACGTTCCTTAACTTG-1","1",54,134,16080,9278,89,73,9278,23170
"CGAGAACGGACATGAT-1","1",54,136,16078,8912,87,73,8912,23172
"CATCGCTCTTAGTGCT-1","0",54,138,16077,8547,85,73,8547,23173
"CTTAGACAAGTTCGGT-1","1",54,140,16075,8182,83,73,8182,23175
"TGTATGGTCCGTTGTA-1","0",54,142,16073,7817,81,73,7817,23177
"GGCAAGATGATTCAAC-1","0",54,144,16071,7452,79,73,7452,23179
"TCCAACATGAAGTGAT-1","0",54,146,16070,7087,77,73,7087,23180
"GTAACCGCTCGGTGAC-1","0",54,148,16068,6721,75,73,6721,23182
"AGCCTCGTCCTATGTC-1","0",54,150,16066,6356,73,73,6356,23184
"AGTTCGGTTCGACAAC-1","0",54,152,16065,5991,71,73,5991,23185
"CAACGTGATGACCGTC-1","0",54,154,16063,5626,69,73,5626,23187
"GAGTTAGTTCGGAGGT-1","0",54,156,16061,5261,67,73,5261,23189
"TGAGTGGCCTGGAGGT-1","0",54,158,16059,4896,65,73,4896,23191
"TATCCGGTGGTAAGTG-1","0",54,160,16058,4530,63,73,4530,23192
"ATGCATTACTTCTACG-1","0",54,162,16056,4165,61,73,4165,23194
"GATCGCAGTTACATAC-1","0",54,164,16054,3800,59,73,3800,23196
"CAGACGATTCATTAGC-1","0",54,166,16053,3435,57,73,3435,23197
"ACGTTAATCATACTCA-1","0",54,168,16051,3070,55,73,3070,23199
"CCAGACAGGTATTGCC-1","0",54,170,16049,2705,53,73,2705,23201
"GGTAAGCCTTCGGTCT-1","0",54,172,16047,2339,51,73,2339,23203
"GATCCACTGTTGCTGT-1","0",54,174,16046,1974,49,73,1974,23204
"TGCGGAGGACTCAACG-1","0",54,176,16044,1609,47,73,1609,23206
"AGCTCAGATACAATGA-1","0",54,178,16042,1244,45,73,1244,23208
"CTTGGACAGTCGAGTC-1","0",54,180,16041,879,43,73,879,23209
"TGCGCAACATAGACTC-1","0",54,182,16039,514,41,73,514,23211
"ACGACAGACCTGCGGC-1","0",54,184,16037,148,39,73,148,23213
"TGCTTCCAGGAGGCAA-1","0",54,186,16035,-217,37,73,-217,23215
"CGATGAATTCGGCAGT-1","0",54,188,16034,-582,35,73,-582,23216
"ATCGCACCATTCGGAA-1","0",54,190,16032,-947,33,73,-947,23218
"CGATGAGGAAGTGCCG-1","0",54,192,16030,-1312,31,73,-1312,23220
"TGCGATTCATGCAACG-1","0",54,194,16029,-1677,29,73,-1677,23221
"TCGTAAGGATGGCAAT-1","0",54,196,16027,-2043,27,73,-2043,23223
"CTTAGCCTTAATTAAC-1","0",54,198,16025,-2408,25,73,-2408,23225
"CAGCTGCGAACTCGAT-1","0",54,200,16023,-2773,23,73,-2773,23227
"TCGCCTAAGGAACCAC-1","0",54,202,16022,-3138,21,73,-3138,23228
"GCCGGCTCCGTGAGTT-1","0",54,204,16020,-3503,19,73,-3503,23230
"GATAGATCTTAGGTCG-1","0",54,206,16018,-3868,17,73,-3868,23232
"TCCTTCATTGATGTGA-1","0",54,208,16017,-4234,15,73,-4234,23233
"GCATCAACCTGGAACT-1","0",54,210,16015,-4599,13,73,-4599,23235
"GGTGTCCGAGCTCCAA-1","1",54,212,16013,-4964,11,73,-4964,23237
"GTCGTGCTGTATCTCA-1","0",54,214,16011,-5329,9,73,-5329,23239
"ATAGCGTTAACCGATG-1","0",54,216,16010,-5694,7,73,-5694,23240
"ACATCACTCGATCACC-1","0",54,218,16008,-6059,5,73,-6059,23242
"ACTTACAACCTATTAC-1","0",54,220,16006,-6425,3,73,-6425,23244
"ACTGCGCAATCCTTCA-1","0",54,222,16005,-6790,1,73,-6790,23245
"ATAGATGATCTATTCC-1","0",55,1,16508,33560,222,72,33560,22742
"CTCCTTCGTGCAAGGA-1","0",55,3,16506,33195,220,72,33195,22744
"ACTGACGGACTCTATT-1","0",55,5,16505,32829,218,72,32829,22745
"GTTGTAGCTCATGGAC-1","0",55,7,16503,32464,216,72,32464,22747
"GCCTGGCAGAAGGCGA-1","0",55,9,16501,32099,214,72,32099,22749
"TAGCTACCAGGCGATT-1","0",55,11,16499,31734,212,72,31734,22751
"AGTGCTGTCGTTATTG-1","0",55,13,16498,31369,210,72,31369,22752
"AATTGGATTCCTGTTA-1","0",55,15,16496,31004,208,72,31004,22754
"TCGTCAGTGGCTTATG-1","0",55,17,16494,30638,206,72,30638,22756
"GCCTATGCCAAGAATT-1","0",55,19,16493,30273,204,72,30273,22757
"ATGATTGAGTTGCGCA-1","0",55,21,16491,29908,202,72,29908,22759
"CGTGGCTAAGTATTGC-1","0",55,23,16489,29543,200,72,29543,22761
"TCTGGTCGTTAGGCGA-1","0",55,25,16487,29178,198,72,29178,22763
"GGAGGTGGCGCCAACA-1","0",55,27,16486,28813,196,72,28813,22764
"CTCCTACCTCACTTCT-1","0",55,29,16484,28447,194,72,28447,22766
"AGATGAGCTCATAGTT-1","0",55,31,16482,28082,192,72,28082,22768
"GCTAACAGGTCAAGGT-1","0",55,33,16481,27717,190,72,27717,22769
"GCTAGGCGCTAAGAGG-1","0",55,35,16479,27352,188,72,27352,22771
"TACACTCATGTTAGTC-1","0",55,37,16477,26987,186,72,26987,22773
"AGTGCAGCTTCTCGTA-1","0",55,39,16475,26622,184,72,26622,22775
"AGCTGTCAAGCGCTTG-1","0",55,41,16474,26256,182,72,26256,22776
"TACCGTCCTATGAAGT-1","0",55,43,16472,25891,180,72,25891,22778
"TAGATGCTGATGGAGC-1","0",55,45,16470,25526,178,72,25526,22780
"CCACGTGCTTGTTCGC-1","0",55,47,16469,25161,176,72,25161,22781
"GTGAACGATTGTCGAA-1","0",55,49,16467,24796,174,72,24796,22783
"TACATAATTCTTGCCT-1","0",55,51,16465,24431,172,72,24431,22785
"ATCATTACGCAGGTCA-1","0",55,53,16463,24065,170,72,24065,22787
"ATGTATGTCCGACACG-1","0",55,55,16462,23700,168,72,23700,22788
"ATGTACTCATGCTAAT-1","1",55,57,16460,23335,166,72,23335,22790
"TACACTGTTCCGGTTG-1","1",55,59,16458,22970,164,72,22970,22792
"AGCCAGTCACCATAGA-1","1",55,61,16457,22605,162,72,22605,22793
"ATGCTCCGCTACGGTG-1","1",55,63,16455,22240,160,72,22240,22795
"TACTGTAACCGCCTAC-1","1",55,65,16453,21874,158,72,21874,22797
"TACCTGGCACGTAGAC-1","1",55,67,16451,21509,156,72,21509,22799
"CGGCAAGGTTCATATC-1","1",55,69,16450,21144,154,72,21144,22800
"ACTTCACTATCTAATA-1","1",55,71,16448,20779,152,72,20779,22802
"CTACATCTTAAGGAAC-1","1",55,73,16446,20414,150,72,20414,22804
"GTCCTCCATACACGGC-1","1",55,75,16445,20049,148,72,20049,22805
"CTCAGGCACGTGTATT-1","1",55,77,16443,19683,146,72,19683,22807
"TAACAGTTCGTAGATT-1","1",55,79,16441,19318,144,72,19318,22809
"TCAGACGTCGCCGGCG-1","1",55,81,16439,18953,142,72,18953,22811
"GTTCGACGATGAGCAC-1","1",55,83,16438,18588,140,72,18588,22812
"CTCAGAACCTGTGCCG-1","1",55,85,16436,18223,138,72,18223,22814
"ATGCCACGACGCTTCG-1","1",55,87,16434,17858,136,72,17858,22816
"CTTGGAGCAACGAGCC-1","1",55,89,16433,17492,134,72,17492,22817
"CCGCAGGACCAAGTCG-1","1",55,91,16431,17127,132,72,17127,22819
"TAACAGGTTCAGCCAC-1","1",55,93,16429,16762,130,72,16762,22821
"CGCTTCGGCATACGCC-1","1",55,95,16427,16397,128,72,16397,22823
"ACTGACATCGGAACCT-1","1",55,97,16426,16032,126,72,16032,22824
"TATGCATTATAAGAGG-1","1",55,99,16424,15667,124,72,15667,22826
"ATTAGGTGTCCGCTCA-1","1",55,101,16422,15301,122,72,15301,22828
"ATCTTAGGTTGGATAC-1","1",55,103,16421,14936,120,72,14936,22829
"TGGCTCCGCACTTCGG-1","1",55,105,16419,14571,118,72,14571,22831
"GATGGTATTCTTGGTG-1","1",55,107,16417,14206,116,72,14206,22833
"ACAATGACTAGTTCCA-1","1",55,109,16415,13841,114,72,13841,22835
"ACATGTCGTGTTCATC-1","1",55,111,16414,13476,112,72,13476,22836
"ATGAGCCATACTGCTT-1","1",55,113,16412,13110,110,72,13110,22838
"TCCGTATGCAGCCTCG-1","1",55,115,16410,12745,108,72,12745,22840
"ATTGCATAGAATCGAT-1","1",55,117,16409,12380,106,72,12380,22841
"CGGCCTCCATAGGCTT-1","1",55,119,16407,12015,104,72,12015,22843
"ACGTTAGGTTGGCGCT-1","1",55,121,16405,11650,102,72,11650,22845
"TCCAACTTATAACTGT-1","1",55,123,16403,11285,100,72,11285,22847
"TCCGCCTTCGTTCGAA-1","1",55,125,16402,10919,98,72,10919,22848
"CGGCAAGATGAAGACG-1","1",55,127,16400,10554,96,72,10554,22850
"CTACTCCTGGACGTAG-1","1",55,129,16398,10189,94,72,10189,22852
"CCGGCGTCAAGGTCTG-1","1",55,131,16397,9824,92,72,9824,22853
"CGCAAGTCTTCGCTCC-1","1",55,133,16395,9459,90,72,9459,22855
"CGACGCTCACATAAGT-1","1",55,135,16393,9094,88,72,9094,22857
"ATCGAATAACCTACCG-1","1",55,137,16391,8728,86,72,8728,22859
"GCCTTCACTATTAATC-1","0",55,139,16390,8363,84,72,8363,22860
"GTCACTAACCGGCCAG-1","0",55,141,16388,7998,82,72,7998,22862
"AACATAGGTTCCGCAC-1","0",55,143,16386,7633,80,72,7633,22864
"TAGGAATTAAGTTCGG-1","0",55,145,16385,7268,78,72,7268,22865
"GTATGGATGCAATTCC-1","0",55,147,16383,6903,76,72,6903,22867
"CCTCACTATGCGGTGA-1","0",55,149,16381,6537,74,72,6537,22869
"ACCAACAGGAGCTACG-1","0",55,151,16379,6172,72,72,6172,22871
"ACGTGCTCACAATACA-1","0",55,153,16378,5807,70,72,5807,22872
"TAGCTAAGTCTGCAAC-1","0",55,155,16376,5442,68,72,5442,22874
"TGAGGTTAGTATTCAC-1","0",55,157,16374,5077,66,72,5077,22876
"CACTGGCCGCATAGAC-1","0",55,159,16373,4712,64,72,4712,22877
"ATGAGTTGTAGGCGAA-1","0",55,161,16371,4346,62,72,4346,22879
"ACGAAGCTACGAGTCG-1","0",55,163,16369,3981,60,72,3981,22881
"TATCTAACAAGTTCTG-1","0",55,165,16367,3616,58,72,3616,22883
"AGGCCAAGGTGAACGA-1","0",55,167,16366,3251,56,72,3251,22884
"CACGATGAGTCCTGGC-1","0",55,169,16364,2886,54,72,2886,22886
"AGACTCCAGAGGCCGG-1","0",55,171,16362,2521,52,72,2521,22888
"GTTATGTCGGCGTGCG-1","0",55,173,16361,2155,50,72,2155,22889
"ATCCTACATAGTAAGG-1","0",55,175,16359,1790,48,72,1790,22891
"TAGACCGTTCATCTAT-1","0",55,177,16357,1425,46,72,1425,22893
"TCCACGACCTGTAGCC-1","0",55,179,16355,1060,44,72,1060,22895
"GAGGAAGGTGAACATA-1","0",55,181,16354,695,42,72,695,22896
"ATCGTATTACAATAGG-1","0",55,183,16352,330,40,72,330,22898
"ATTAAGTCAAGCGGTG-1","0",55,185,16350,-36,38,72,-36,22900
"GGTCTAACGCTTGTAT-1","0",55,187,16349,-401,36,72,-401,22901
"TAGGATTCTGCTATCC-1","0",55,189,16347,-766,34,72,-766,22903
"CCATAGATGCACAGCG-1","0",55,191,16345,-1131,32,72,-1131,22905
"TAGGATGCTGAGGCAT-1","0",55,193,16343,-1496,30,72,-1496,22907
"CTGCGAGCGGTAACTT-1","0",55,195,16342,-1861,28,72,-1861,22908
"AAGTGGTTCATGCGAT-1","0",55,197,16340,-2227,26,72,-2227,22910
"CGTAAGACTAATCCAA-1","0",55,199,16338,-2592,24,72,-2592,22912
"GTAGACTCGCAGTACC-1","0",55,201,16337,-2957,22,72,-2957,22913
"CGCTCCACCTACTTCG-1","0",55,203,16335,-3322,20,72,-3322,22915
"TCACTAAGTTCCGTCT-1","0",55,205,16333,-3687,18,72,-3687,22917
"TCAGCAGGCGCAACTC-1","0",55,207,16331,-4052,16,72,-4052,22919
"GTACAGTCATCGGTGC-1","0",55,209,16330,-4418,14,72,-4418,22920
"TGTACCAACGTGCGAT-1","0",55,211,16328,-4783,12,72,-4783,22922
"CGAGAACGTGCCATCC-1","0",55,213,16326,-5148,10,72,-5148,22924
"GTCTAATGCCAGATTG-1","0",55,215,16325,-5513,8,72,-5513,22925
"CGATAGACGAAGATTA-1","0",55,217,16323,-5878,6,72,-5878,22927
"AGGTTGAGTGTATCAC-1","0",55,219,16321,-6243,4,72,-6243,22929
"TGTACTCGGTTCAACT-1","0",55,221,16319,-6609,2,72,-6609,22931
"CTGAGCACAACTATTC-1","0",55,223,16318,-6974,0,72,-6974,22932
"ACTGTAGGTTGATAAC-1","0",56,0,16827,33741,223,71,33741,22423
"CCACTACATACCGCGT-1","0",56,2,16825,33376,221,71,33376,22425
"TATCCTTAAGCGTTGT-1","0",56,4,16823,33010,219,71,33010,22427
"CCATAGACCAGCGGCA-1","0",56,6,16821,32645,217,71,32645,22429
"TCATGGCAGGAGATTC-1","0",56,8,16820,32280,215,71,32280,22430
"CCGCTCTACAGACGAG-1","0",56,10,16818,31915,213,71,31915,22432
"CAAGGTGACCATTAGA-1","0",56,12,16816,31550,211,71,31550,22434
"CTGACTAGTCCGCTAT-1","0",56,14,16815,31185,209,71,31185,22435
"CGCTTAAGCTTGTCTA-1","0",56,16,16813,30819,207,71,30819,22437
"GAACAGTCGGACATCA-1","0",56,18,16811,30454,205,71,30454,22439
"ACGCAATCGCTACACT-1","0",56,20,16809,30089,203,71,30089,22441
"GCTCCTATCAGCGTCA-1","0",56,22,16808,29724,201,71,29724,22442
"AACACCGAGCTTGGAT-1","0",56,24,16806,29359,199,71,29359,22444
"TCGCCTCGTGTATCGA-1","0",56,26,16804,28994,197,71,28994,22446
"GAGCTTGAGTATCAAC-1","0",56,28,16803,28628,195,71,28628,22447
"GTTAATACGAAGACCT-1","0",56,30,16801,28263,193,71,28263,22449
"TGTCAAGACGAACTCC-1","0",56,32,16799,27898,191,71,27898,22451
"TCCTTAGACAGGTACG-1","0",56,34,16797,27533,189,71,27533,22453
"CTGATCCGACTGTAAT-1","0",56,36,16796,27168,187,71,27168,22454
"ACAATACAGAGGAACA-1","0",56,38,16794,26803,185,71,26803,22456
"GGATTCGACATAGGTG-1","0",56,40,16792,26437,183,71,26437,22458
"GCAGGCCAATTCCATC-1","0",56,42,16791,26072,181,71,26072,22459
"TCAGTGAAGATTAGGC-1","0",56,44,16789,25707,179,71,25707,22461
"GGAATGACCGATTCAT-1","0",56,46,16787,25342,177,71,25342,22463
"ACAACTATTCGAGGTA-1","0",56,48,16785,24977,175,71,24977,22465
"AGCACGATAGTGAGGT-1","0",56,50,16784,24612,173,71,24612,22466
"AGGACTTATCCTAGTG-1","0",56,52,16782,24246,171,71,24246,22468
"GCAGGCTGTAATACGC-1","0",56,54,16780,23881,169,71,23881,22470
"ACTTGATTCAATCTCC-1","0",56,56,16779,23516,167,71,23516,22471
"CTATGTCGGACCTGAT-1","1",56,58,16777,23151,165,71,23151,22473
"TCAGTTAGGTACGTTA-1","1",56,60,16775,22786,163,71,22786,22475
"GGAGATAGACCGATTG-1","1",56,62,16773,22421,161,71,22421,22477
"AGATCTACAATATGCT-1","1",56,64,16772,22055,159,71,22055,22478
"GGTTAGGTTCGCCGCT-1","1",56,66,16770,21690,157,71,21690,22480
"GGAGATGATACGCTGC-1","1",56,68,16768,21325,155,71,21325,22482
"TCCTAAGCTCCTATTG-1","1",56,70,16767,20960,153,71,20960,22483
"GGTTCTTAGCGAGCCT-1","1",56,72,16765,20595,151,71,20595,22485
"CGTACACGATCCATAG-1","1",56,74,16763,20230,149,71,20230,22487
"AATAGCACCAATCAAG-1","1",56,76,16761,19864,147,71,19864,22489
"GTACTTCCAGCGTAGA-1","1",56,78,16760,19499,145,71,19499,22490
"CTGGCCTGACATCTAG-1","1",56,80,16758,19134,143,71,19134,22492
"TGTCAACACTTCAGTT-1","1",56,82,16756,18769,141,71,18769,22494
"GCAGTTGGAGTCAACC-1","1",56,84,16755,18404,139,71,18404,22495
"GTAAGTATGTCGTTAC-1","1",56,86,16753,18039,137,71,18039,22497
"GAGTTATCACGAACTC-1","1",56,88,16751,17673,135,71,17673,22499
"CATTGATGCTGGCGGA-1","1",56,90,16749,17308,133,71,17308,22501
"ACGCGTTCTTATGAAG-1","1",56,92,16748,16943,131,71,16943,22502
"GCACTCTATTCGGACC-1","1",56,94,16746,16578,129,71,16578,22504
"ACCACGAAGGCTATTA-1","1",56,96,16744,16213,127,71,16213,22506
"GTAGCGGTATCGTGCG-1","1",56,98,16743,15848,125,71,15848,22507
"TAAGATACTGTTCGAT-1","1",56,100,16741,15482,123,71,15482,22509
"CATTGCTCGGTATCAG-1","1",56,102,16739,15117,121,71,15117,22511
"AAGTTCCTGTCCTTCT-1","1",56,104,16737,14752,119,71,14752,22513
"CAGAGCTGATCAACGA-1","1",56,106,16736,14387,117,71,14387,22514
"CTGGTGCGGAGTCAAC-1","1",56,108,16734,14022,115,71,14022,22516
"GTATACGATCTGCCTC-1","1",56,110,16732,13657,113,71,13657,22518
"TAGGTCCTACATGACA-1","1",56,112,16731,13291,111,71,13291,22519
"CAATACCATGACGTCT-1","1",56,114,16729,12926,109,71,12926,22521
"CAGCCATGAGTTGTTC-1","1",56,116,16727,12561,107,71,12561,22523
"ATCATTCATGCATAAT-1","1",56,118,16725,12196,105,71,12196,22525
"GAAGTCGCGTCACCGC-1","1",56,120,16724,11831,103,71,11831,22526
"TCCGCCGGCTTCGTAG-1","1",56,122,16722,11466,101,71,11466,22528
"GTAACACTCCATCCAT-1","1",56,124,16720,11100,99,71,11100,22530
"CACTTGAGTTACAATG-1","1",56,126,16719,10735,97,71,10735,22531
"TAGCGTTATCATCCGT-1","1",56,128,16717,10370,95,71,10370,22533
"GTAACGTGGCGGAGGC-1","1",56,130,16715,10005,93,71,10005,22535
"TCAAGGCCTAACCGGA-1","1",56,132,16713,9640,91,71,9640,22537
"GTCTAGGAACTTATTG-1","1",56,134,16712,9275,89,71,9275,22538
"TACAGCATGTAACGAT-1","1",56,136,16710,8909,87,71,8909,22540
"ATAACGAGGACTTAAC-1","1",56,138,16708,8544,85,71,8544,22542
"CTATTATGGACACGGT-1","0",56,140,16707,8179,83,71,8179,22543
"AACACGCAGATAACAA-1","0",56,142,16705,7814,81,71,7814,22545
"AAGATGTTAGTGCTTA-1","0",56,144,16703,7449,79,71,7449,22547
"ACCAAGATCTCAACGC-1","0",56,146,16701,7084,77,71,7084,22549
"CTCCTTCGCAGACGCC-1","0",56,148,16700,6718,75,71,6718,22550
"GTTGAAGGACCAAGTC-1","0",56,150,16698,6353,73,71,6353,22552
"TCCTACCGGATACATC-1","0",56,152,16696,5988,71,71,5988,22554
"GCACCTATTACAGCCT-1","0",56,154,16695,5623,69,71,5623,22555
"AGCTGTGCGACAGACG-1","0",56,156,16693,5258,67,71,5258,22557
"CGGTTGCAGGAGTGAC-1","0",56,158,16691,4893,65,71,4893,22559
"ATTAGATCGATCTGGT-1","0",56,160,16689,4528,63,71,4528,22561
"GAACCGGAAGTCGTGG-1","0",56,162,16688,4162,61,71,4162,22562
"CTACAGCGGTGATTCT-1","0",56,164,16686,3797,59,71,3797,22564
"TACGTACACCGTTCCT-1","0",56,166,16684,3432,57,71,3432,22566
"CCTTCAACGGTCGGTT-1","0",56,168,16683,3067,55,71,3067,22567
"ACTGTATCAATCGACC-1","0",56,170,16681,2702,53,71,2702,22569
"TATCTAGTCTGTCCTT-1","0",56,172,16679,2337,51,71,2337,22571
"AGTTCGCTCCAGCGTG-1","0",56,174,16677,1971,49,71,1971,22573
"TCTTCGGTTGACTTAA-1","0",56,176,16676,1606,47,71,1606,22574
"GAATGACACGCTGTAG-1","0",56,178,16674,1241,45,71,1241,22576
"CGCACGCCATAGGTAG-1","0",56,180,16672,876,43,71,876,22578
"ATCCACTCCGCCGTAG-1","0",56,182,16671,511,41,71,511,22579
"TACTAGGTCCGCGGCT-1","0",56,184,16669,146,39,71,146,22581
"TACGTTCGTCGAACTC-1","0",56,186,16667,-220,37,71,-220,22583
"GCGTAGGCTTCACGCA-1","0",56,188,16665,-585,35,71,-585,22585
"ATTGCGTATGGTACTA-1","0",56,190,16664,-950,33,71,-950,22586
"CTTCGAACGACACTGC-1","0",56,192,16662,-1315,31,71,-1315,22588
"CTAGCACTGTCTTGAC-1","0",56,194,16660,-1680,29,71,-1680,22590
"AGTGATTGCTGAGTTG-1","0",56,196,16659,-2045,27,71,-2045,22591
"CACGTGACGACTTCCT-1","0",56,198,16657,-2411,25,71,-2411,22593
"GGATTCCTGCGTTAAT-1","0",56,200,16655,-2776,23,71,-2776,22595
"TAATTACTATCACGTG-1","0",56,202,16653,-3141,21,71,-3141,22597
"GCGTCTTCGGACCGGA-1","0",56,204,16652,-3506,19,71,-3506,22598
"ATCGTATTACCGGTTC-1","0",56,206,16650,-3871,17,71,-3871,22600
"CGGAACTTGTCTAAGG-1","0",56,208,16648,-4236,15,71,-4236,22602
"GATGTTCTTAGGACAG-1","0",56,210,16647,-4602,13,71,-4602,22603
"CAAGGCCTGCCTATAC-1","0",56,212,16645,-4967,11,71,-4967,22605
"TAATGTCAAGCGGACG-1","0",56,214,16643,-5332,9,71,-5332,22607
"ATTAGTATCAACTCAA-1","0",56,216,16641,-5697,7,71,-5697,22609
"AATTCTAAGCGATATC-1","0",56,218,16640,-6062,5,71,-6062,22610
"TCGGCGCACTAGCTAT-1","0",56,220,16638,-6427,3,71,-6427,22612
"CCGGATTGAAGTTGTA-1","0",56,222,16636,-6793,1,71,-6793,22614
"CTTAGCTAAGGCCTAC-1","0",57,1,17140,33557,222,70,33557,22110
"GTACAGACCGTGCTAC-1","0",57,3,17138,33192,220,70,33192,22112
"CTTCATCGTGTCACCT-1","0",57,5,17136,32826,218,70,32826,22114
"GCACTACAGGCATTAA-1","0",57,7,17135,32461,216,70,32461,22115
"CGCATCTGGAAGTGCG-1","0",57,9,17133,32096,214,70,32096,22117
"GGAGCGACCGCCGTAA-1","0",57,11,17131,31731,212,70,31731,22119
"CCTACGTAATACCGCA-1","0",57,13,17129,31366,210,70,31366,22121
"CCGGTAACAAGAGGCG-1","0",57,15,17128,31001,208,70,31001,22122
"CTTGAACTTCAAGAGC-1","0",57,17,17126,30635,206,70,30635,22124
"AGCTCAAGGCATCGAG-1","0",57,19,17124,30270,204,70,30270,22126
"CGCTGCTTCAAGCGGT-1","0",57,21,17123,29905,202,70,29905,22127
"GTACGCAATCCACCGT-1","0",57,23,17121,29540,200,70,29540,22129
"TACAGCCTCGATTGCA-1","0",57,25,17119,29175,198,70,29175,22131
"GATCTTATCAGCTAAG-1","0",57,27,17117,28810,196,70,28810,22133
"GAATGTCGTTAGCGTC-1","0",57,29,17116,28444,194,70,28444,22134
"AGGTGGTATCCAACTT-1","0",57,31,17114,28079,192,70,28079,22136
"TACCTCATGTCCAGTG-1","0",57,33,17112,27714,190,70,27714,22138
"TGGTACGTTCAGCATT-1","0",57,35,17111,27349,188,70,27349,22139
"CCTTGTTAAGCAGAAC-1","0",57,37,17109,26984,186,70,26984,22141
"GTTGCTCGGAGTTCGA-1","0",57,39,17107,26619,184,70,26619,22143
"CTCCAGTTACTCGTCT-1","0",57,41,17105,26253,182,70,26253,22145
"AGCACGCTGTGGTCTG-1","0",57,43,17104,25888,180,70,25888,22146
"ATGTGCAACAGGAAGA-1","0",57,45,17102,25523,178,70,25523,22148
"GCCAGATTACAGGAAG-1","0",57,47,17100,25158,176,70,25158,22150
"TGTCTAAGGTATCATG-1","0",57,49,17099,24793,174,70,24793,22151
"CGGCTTAGGTGCGTAT-1","0",57,51,17097,24428,172,70,24428,22153
"CAGAACCGTGTAATTA-1","0",57,53,17095,24062,170,70,24062,22155
"ACAATGACCGACATGG-1","0",57,55,17093,23697,168,70,23697,22157
"CGCCTATTCAAGCCTG-1","0",57,57,17092,23332,166,70,23332,22158
"ACATGCTGCGATGTTA-1","1",57,59,17090,22967,164,70,22967,22160
"TATTCGGTAGGCATCG-1","1",57,61,17088,22602,162,70,22602,22162
"GGCGCTCAGAACTTCT-1","1",57,63,17087,22237,160,70,22237,22163
"CGTGAGCTCAGACTAT-1","1",57,65,17085,21871,158,70,21871,22165
"CGCCGGCCAATACACC-1","1",57,67,17083,21506,156,70,21506,22167
"GACCACATCTCACGGA-1","1",57,69,17081,21141,154,70,21141,22169
"CAGTTATTGCAAGTGA-1","1",57,71,17080,20776,152,70,20776,22170
"ATACATGCGAGCCAGC-1","1",57,73,17078,20411,150,70,20411,22172
"TATCAATGTAGACAGA-1","1",57,75,17076,20046,148,70,20046,22174
"GTCTCGGAAGCGCCGT-1","1",57,77,17075,19680,146,70,19680,22175
"CTAAGAACAATCATAA-1","1",57,79,17073,19315,144,70,19315,22177
"TCGTAACCTTGAGCGA-1","1",57,81,17071,18950,142,70,18950,22179
"ACCGGAGGTACGCAGC-1","1",57,83,17069,18585,140,70,18585,22181
"CAGTCTCAACTTACCG-1","1",57,85,17068,18220,138,70,18220,22182
"ACCGTTATCAGAGGAT-1","1",57,87,17066,17855,136,70,17855,22184
"TCAGCTCATATGTCTA-1","1",57,89,17064,17489,134,70,17489,22186
"TAAGATGGCGGTGCTT-1","1",57,91,17063,17124,132,70,17124,22187
"CAGAAGGACCGCCTAG-1","1",57,93,17061,16759,130,70,16759,22189
"TGCCTATCCTAAGCAT-1","1",57,95,17059,16394,128,70,16394,22191
"TATCTACCGAGCAAGA-1","1",57,97,17057,16029,126,70,16029,22193
"GCAAGCTCATTCTTCG-1","1",57,99,17056,15664,124,70,15664,22194
"ACGTAGGATTGTACGA-1","1",57,101,17054,15298,122,70,15298,22196
"TGCAGAACAACTCAAG-1","1",57,103,17052,14933,120,70,14933,22198
"TGCGCTGTCAGCACTT-1","1",57,105,17051,14568,118,70,14568,22199
"GCGGTGAAGAGGTCGG-1","1",57,107,17049,14203,116,70,14203,22201
"ATTATCGAAGGCATGA-1","1",57,109,17047,13838,114,70,13838,22203
"CGCATACTCCGCTGTA-1","1",57,111,17045,13473,112,70,13473,22205
"CACGTGGCCGCTTCGA-1","1",57,113,17044,13107,110,70,13107,22206
"ATGTATCCGGTGATTG-1","1",57,115,17042,12742,108,70,12742,22208
"AGTGGTAACAGCGATC-1","1",57,117,17040,12377,106,70,12377,22210
"GTTGACGTATTCCATT-1","1",57,119,17039,12012,104,70,12012,22211
"TGATTCCGCCAAGGCG-1","1",57,121,17037,11647,102,70,11647,22213
"CTTACGGTGCCTATAC-1","1",57,123,17035,11282,100,70,11282,22215
"TCAGGAATCACGGCGA-1","1",57,125,17033,10916,98,70,10916,22217
"TGAATTAACCGTTGCG-1","1",57,127,17032,10551,96,70,10551,22218
"GTGAAGTCCGTGACGT-1","1",57,129,17030,10186,94,70,10186,22220
"CAATTGATACTCAACG-1","1",57,131,17028,9821,92,70,9821,22222
"TGCCTAGGCGTTCGTA-1","1",57,133,17027,9456,90,70,9456,22223
"CAATGGCCGAATCGGT-1","1",57,135,17025,9091,88,70,9091,22225
"GGACTCGCTCGATAGC-1","1",57,137,17023,8725,86,70,8725,22227
"AGTGAGTGCGGACACT-1","1",57,139,17021,8360,84,70,8360,22229
"ATTCTTAACGAGCAAG-1","0",57,141,17020,7995,82,70,7995,22230
"GCCATAATAGCTAGAC-1","0",57,143,17018,7630,80,70,7630,22232
"TACCGTATCCAGCCTG-1","0",57,145,17016,7265,78,70,7265,22234
"TGAGAATTACGTGCCG-1","0",57,147,17015,6900,76,70,6900,22235
"ACGCGGCCTGGTGACG-1","0",57,149,17013,6534,74,70,6534,22237
"CTGAACATGGTCGCCT-1","0",57,151,17011,6169,72,70,6169,22239
"GCTTCTAATTCAGCAC-1","0",57,153,17009,5804,70,70,5804,22241
"AGCTGTGCAGTGACAT-1","0",57,155,17008,5439,68,70,5439,22242
"ATGTGCCGTATCTGAC-1","0",57,157,17006,5074,66,70,5074,22244
"TCTTAGACGAACGGAA-1","0",57,159,17004,4709,64,70,4709,22246
"ATGCGATGCGCACTAC-1","0",57,161,17003,4343,62,70,4343,22247
"CACGCCGGACAGATAC-1","0",57,163,17001,3978,60,70,3978,22249
"AGATTCTTCATACATC-1","0",57,165,16999,3613,58,70,3613,22251
"CTACTCTAGGCGACAT-1","0",57,167,16997,3248,56,70,3248,22253
"GACGAGATCTCAACAT-1","0",57,169,16996,2883,54,70,2883,22254
"CTTAGCTTATGCTTCA-1","0",57,171,16994,2518,52,70,2518,22256
"AATGGTCGGCAGTCCA-1","0",57,173,16992,2152,50,70,2152,22258
"CTCGACTGAGCTAAGA-1","0",57,175,16991,1787,48,70,1787,22259
"ACAACGAGGCCTAATG-1","0",57,177,16989,1422,46,70,1422,22261
"TAATTAAGTGACGTCC-1","0",57,179,16987,1057,44,70,1057,22263
"CGACGGAGATCTCGTC-1","0",57,181,16985,692,42,70,692,22265
"TGCGAACATATGCTTC-1","0",57,183,16984,327,40,70,327,22266
"GCGAATGCCGTCCACG-1","0",57,185,16982,-39,38,70,-39,22268
"TAGGAAGAATTGGAAG-1","0",57,187,16980,-404,36,70,-404,22270
"CCGCAACTAGCCTCCG-1","0",57,189,16979,-769,34,70,-769,22271
"AGCCGTATAACAGCTT-1","0",57,191,16977,-1134,32,70,-1134,22273
"ATTCAGCTGTAGGTCC-1","0",57,193,16975,-1499,30,70,-1499,22275
"AGAAGCTAATACGACA-1","0",57,195,16973,-1864,28,70,-1864,22277
"CTGACTTCCGGCTTAT-1","0",57,197,16972,-2230,26,70,-2230,22278
"TGGAAGACGGCTATGT-1","0",57,199,16970,-2595,24,70,-2595,22280
"AGTTGGAGTATGTAGG-1","0",57,201,16968,-2960,22,70,-2960,22282
"GCGACATAAGACCAAC-1","0",57,203,16967,-3325,20,70,-3325,22283
"TCTACAGATTGATGAG-1","0",57,205,16965,-3690,18,70,-3690,22285
"GCATGCGTCATCGTCT-1","0",57,207,16963,-4055,16,70,-4055,22287
"ACGTTATGACTATCAG-1","0",57,209,16962,-4421,14,70,-4421,22288
"GGTAGGTCAGTCCACT-1","0",57,211,16960,-4786,12,70,-4786,22290
"ATGTTACTTCAACGGC-1","0",57,213,16958,-5151,10,70,-5151,22292
"ACGGCCTGATTCCTCG-1","0",57,215,16956,-5516,8,70,-5516,22294
"CGAACCGCGTGACTTG-1","0",57,217,16955,-5881,6,70,-5881,22295
"TCTGGTAACTGCGAAG-1","0",57,219,16953,-6246,4,70,-6246,22297
"GTGCCTGAACTACCTG-1","0",57,221,16951,-6612,2,70,-6612,22299
"GCACTCTAGCCATGAC-1","0",57,223,16950,-6977,0,70,-6977,22300
"TCAATTCGTGCAAGTA-1","0",58,0,17458,33738,223,69,33738,21792
"GTCTAAGCCTGATGGA-1","0",58,2,17457,33373,221,69,33373,21793
"ACTAATCTGCGGTAAG-1","0",58,4,17455,33007,219,69,33007,21795
"GTAAGTCTAGCCTTGA-1","0",58,6,17453,32642,217,69,32642,21797
"TCGTTGGTCGGTCTGG-1","0",58,8,17451,32277,215,69,32277,21799
"GTTGCCGCTTCTGATA-1","0",58,10,17450,31912,213,69,31912,21800
"TCTTGAGTTCAGGTCA-1","0",58,12,17448,31547,211,69,31547,21802
"AGCCATCTACCGTCTA-1","0",58,14,17446,31182,209,69,31182,21804
"TGTCAGCAACTCTGGC-1","0",58,16,17445,30816,207,69,30816,21805
"CCTACCATCAGGACAA-1","0",58,18,17443,30451,205,69,30451,21807
"AGATACAATGTCTACC-1","0",58,20,17441,30086,203,69,30086,21809
"GCTACCTTGCAACCTG-1","0",58,22,17439,29721,201,69,29721,21811
"TGGTTACGCCTTGGTC-1","0",58,24,17438,29356,199,69,29356,21812
"CATTGAGCGAGTACGC-1","0",58,26,17436,28991,197,69,28991,21814
"TAGGACCGCTTCTGCC-1","0",58,28,17434,28625,195,69,28625,21816
"GCCATTGAAGCATCCG-1","0",58,30,17433,28260,193,69,28260,21817
"CGCTAGCAATCTCGTG-1","0",58,32,17431,27895,191,69,27895,21819
"AGACGTGCAATCCTAA-1","0",58,34,17429,27530,189,69,27530,21821
"ATTGCCGCGTCTTCGA-1","0",58,36,17427,27165,187,69,27165,21823
"ACCAGCCGCAGAATGA-1","0",58,38,17426,26800,185,69,26800,21824
"GCGTAATACTCGAGAT-1","0",58,40,17424,26435,183,69,26435,21826
"GTAAGTCTACTTCCTG-1","0",58,42,17422,26069,181,69,26069,21828
"TGCTAGATAGGTAGCA-1","0",58,44,17421,25704,179,69,25704,21829
"GGTTACGCGTCCACTG-1","0",58,46,17419,25339,177,69,25339,21831
"AACTATCTTCGGTGGC-1","0",58,48,17417,24974,175,69,24974,21833
"GCAAGATGAAGCGAGG-1","0",58,50,17415,24609,173,69,24609,21835
"GTCACTGGTGTTACCG-1","0",58,52,17414,24244,171,69,24244,21836
"GACGAGCACTCAAGCC-1","0",58,54,17412,23878,169,69,23878,21838
"AACCTACCGGTAACGC-1","0",58,56,17410,23513,167,69,23513,21840
"TGCCGCTTGTAAGTCC-1","1",58,58,17409,23148,165,69,23148,21841
"ATTCGCAACTGGTAAG-1","1",58,60,17407,22783,163,69,22783,21843
"CTTATCGGCTGTGCTA-1","1",58,62,17405,22418,161,69,22418,21845
"CTGGTGTAGAACGATA-1","1",58,64,17403,22053,159,69,22053,21847
"TGCCAACGTAACCACT-1","1",58,66,17402,21687,157,69,21687,21848
"TCACATAGCGAGCTTA-1","1",58,68,17400,21322,155,69,21322,21850
"GTAGCGACCATCGCCA-1","1",58,70,17398,20957,153,69,20957,21852
"ACTGTAGTGGTCTGTC-1","1",58,72,17397,20592,151,69,20592,21853
"GCACCATATGCAGATC-1","1",58,74,17395,20227,149,69,20227,21855
"CGCAACGTATACAGGT-1","1",58,76,17393,19862,147,69,19862,21857
"GTACTTAGAACATCCA-1","1",58,78,17391,19496,145,69,19496,21859
"GGTATGCCAATTAATC-1","1",58,80,17390,19131,143,69,19131,21860
"GAACTAGGTAGACGAT-1","1",58,82,17388,18766,141,69,18766,21862
"GATCCATAATCGCACG-1","1",58,84,17386,18401,139,69,18401,21864
"CATTATCAATGTACTT-1","1",58,86,17385,18036,137,69,18036,21865
"CGTTCCGAATTATGTT-1","1",58,88,17383,17671,135,69,17671,21867
"CATCTTATACAGAACC-1","1",58,90,17381,17305,133,69,17305,21869
"ACCATCGGCGCACTCA-1","1",58,92,17379,16940,131,69,16940,21871
"GACCGAGGTGTCCAGC-1","1",58,94,17378,16575,129,69,16575,21872
"CGTCCATACTTAGAAC-1","1",58,96,17376,16210,127,69,16210,21874
"TCACATAGCACCGTAC-1","1",58,98,17374,15845,125,69,15845,21876
"CACGTCGAGTTAGGTG-1","1",58,100,17373,15480,123,69,15480,21877
"AGCTGTACGGAAGCAC-1","1",58,102,17371,15114,121,69,15114,21879
"TATCTAATCTCGAGAC-1","1",58,104,17369,14749,119,69,14749,21881
"CTGTTCAGACAATTCC-1","1",58,106,17367,14384,117,69,14384,21883
"TGCATTACCAGAATGT-1","1",58,108,17366,14019,115,69,14019,21884
"ATAGCGTCAATAGCAT-1","1",58,110,17364,13654,113,69,13654,21886
"ATCGTCACGTTAGATT-1","1",58,112,17362,13289,111,69,13289,21888
"TGGTCGAGGATCCTCG-1","1",58,114,17361,12923,109,69,12923,21889
"TCGGACGATCATAAGT-1","1",58,116,17359,12558,107,69,12558,21891
"TGAACAAGCGGCCGGT-1","1",58,118,17357,12193,105,69,12193,21893
"CCTAGCTCTTGGCCGT-1","1",58,120,17355,11828,103,69,11828,21895
"ACTGGTCTCCTTCTCG-1","1",58,122,17354,11463,101,69,11463,21896
"CTGTGGATACCTAGGA-1","1",58,124,17352,11098,99,69,11098,21898
"TCGGCGATGTTACCGT-1","1",58,126,17350,10732,97,69,10732,21900
"ACTGTAATTACCTTGT-1","1",58,128,17349,10367,95,69,10367,21901
"GCCACGAATTAGTTGT-1","1",58,130,17347,10002,93,69,10002,21903
"GTTGACTTAGGTACCT-1","1",58,132,17345,9637,91,69,9637,21905
"TGCTGTTCGCGATTCT-1","1",58,134,17343,9272,89,69,9272,21907
"CAGTATTAATGCGACA-1","1",58,136,17342,8907,87,69,8907,21908
"GGAGCGAGTATTGAGT-1","1",58,138,17340,8541,85,69,8541,21910
"CATTGAACTGCCAGCA-1","0",58,140,17338,8176,83,69,8176,21912
"AACGCACGTAACATGC-1","0",58,142,17337,7811,81,69,7811,21913
"GCATAAGGACATGGTT-1","0",58,144,17335,7446,79,69,7446,21915
"CTTGTCAAGTCTAATC-1","0",58,146,17333,7081,77,69,7081,21917
"GACAACGGTAGAACCT-1","0",58,148,17331,6716,75,69,6716,21919
"TATTGGTATCGCCTGC-1","0",58,150,17330,6350,73,69,6350,21920
"CGTACAGTTCACGAGG-1","0",58,152,17328,5985,71,69,5985,21922
"GATCGTGCAGCTTAGT-1","0",58,154,17326,5620,69,69,5620,21924
"GTCAGCTTCCTTCGCA-1","0",58,156,17325,5255,67,69,5255,21925
"CATCACCTCCGGCGGT-1","0",58,158,17323,4890,65,69,4890,21927
"TGACCATCCGGCGTCC-1","0",58,160,17321,4525,63,69,4525,21929
"GATCCATACCACCTAG-1","0",58,162,17319,4159,61,69,4159,21931
"ATCTTAGAACGCGAAT-1","0",58,164,17318,3794,59,69,3794,21932
"ACGTTCTTATTGCACT-1","0",58,166,17316,3429,57,69,3429,21934
"GTACAAGCGTAACCTA-1","0",58,168,17314,3064,55,69,3064,21936
"TATTAATATCCGCATC-1","0",58,170,17313,2699,53,69,2699,21937
"AAGGACAAGAGTCTCA-1","0",58,172,17311,2334,51,69,2334,21939
"GTGACTCAGGATCCAC-1","0",58,174,17309,1968,49,69,1968,21941
"CTCCTAAGCAACGATG-1","0",58,176,17307,1603,47,69,1603,21943
"TGGATCACGCAGGTAT-1","0",58,178,17306,1238,45,69,1238,21944
"CGGTAGCGGTCTGTAC-1","0",58,180,17304,873,43,69,873,21946
"CGTGGCCTCATAAGCC-1","0",58,182,17302,508,41,69,508,21948
"GGCGCAGAAGTTGGAC-1","0",58,184,17301,143,39,69,143,21949
"GACGGTCTATTCGCAT-1","0",58,186,17299,-223,37,69,-223,21951
"CCTCGGAACGGCGATT-1","0",58,188,17297,-588,35,69,-588,21953
"ATTCAGTTCTCAACCG-1","0",58,190,17295,-953,33,69,-953,21955
"TCTACTGTGGCCGTCA-1","0",58,192,17294,-1318,31,69,-1318,21956
"ACCGGCAGATCAATAG-1","0",58,194,17292,-1683,29,69,-1683,21958
"TCCGCCAAGCCACCGG-1","0",58,196,17290,-2048,27,69,-2048,21960
"CTATTAAGCGTGTATG-1","0",58,198,17289,-2414,25,69,-2414,21961
"AGATCTCCACCGGTCC-1","0",58,200,17287,-2779,23,69,-2779,21963
"CGAGTCTTACGTTCTA-1","0",58,202,17285,-3144,21,69,-3144,21965
"CGGTAGGTTGCGTAAG-1","0",58,204,17283,-3509,19,69,-3509,21967
"TGCCGCTACACGTTAC-1","0",58,206,17282,-3874,17,69,-3874,21968
"GACGCACGCACGAACT-1","0",58,208,17280,-4239,15,69,-4239,21970
"TCATAGCGACTTCCGA-1","0",58,210,17278,-4605,13,69,-4605,21972
"TGATACGTCGAATGTT-1","0",58,212,17277,-4970,11,69,-4970,21973
"TCAAGGACGCTCCACT-1","0",58,214,17275,-5335,9,69,-5335,21975
"GGCCTCTTGGCGTTCA-1","0",58,216,17273,-5700,7,69,-5700,21977
"AAGTACGTATCAATGT-1","0",58,218,17271,-6065,5,69,-6065,21979
"CTTATTCACCTGTTCA-1","0",58,220,17270,-6430,3,69,-6430,21980
"CGTACTCCACGCGATT-1","0",58,222,17268,-6796,1,69,-6796,21982
"GCGGCAGTCCAACGCA-1","0",59,1,17771,33554,222,68,33554,21479
"CTCCAGTTACGAAGAC-1","0",59,3,17770,33189,220,68,33189,21480
"ACCGGACGATAACTCG-1","0",59,5,17768,32823,218,68,32823,21482
"CATTCAGAGTCTGGCA-1","0",59,7,17766,32458,216,68,32458,21484
"CGTCCAAGCGGTTAAC-1","0",59,9,17765,32093,214,68,32093,21485
"AGATGGTGCTTAATTA-1","0",59,11,17763,31728,212,68,31728,21487
"TAACCAGAAGGCCGAA-1","0",59,13,17761,31363,210,68,31363,21489
"GTATGTCCGTCCATTC-1","0",59,15,17759,30998,208,68,30998,21491
"TGTTGGTGAGCGGACG-1","0",59,17,17758,30632,206,68,30632,21492
"ACCGTAACATTATGTA-1","0",59,19,17756,30267,204,68,30267,21494
"GTGCAGCGCACGCAAG-1","0",59,21,17754,29902,202,68,29902,21496
"ATCAGAGGACAATGAG-1","0",59,23,17753,29537,200,68,29537,21497
"TCTACAGAGTCACTCA-1","0",59,25,17751,29172,198,68,29172,21499
"TCACGCTGGCACATCC-1","0",59,27,17749,28807,196,68,28807,21501
"GGAGCGTAGCTATCTT-1","0",59,29,17747,28441,194,68,28441,21503
"GCACCAGTGCGACACG-1","0",59,31,17746,28076,192,68,28076,21504
"TCCAAGACAGCGCCTT-1","0",59,33,17744,27711,190,68,27711,21506
"AATGGTGCTTGGCTAA-1","0",59,35,17742,27346,188,68,27346,21508
"ATCCGGCGTCGCTGAT-1","0",59,37,17741,26981,186,68,26981,21509
"GTGGTTGCTTATCACG-1","0",59,39,17739,26616,184,68,26616,21511
"TATTGTATGTGAACAA-1","0",59,41,17737,26250,182,68,26250,21513
"CTACGAATCTTGAATT-1","0",59,43,17735,25885,180,68,25885,21515
"GTTGCCATTGTATGCG-1","0",59,45,17734,25520,178,68,25520,21516
"ACAGAACTTCGTGGAC-1","0",59,47,17732,25155,176,68,25155,21518
"ATGTATTCTGCGCTCC-1","0",59,49,17730,24790,174,68,24790,21520
"TGGACGTGCGATTCGG-1","0",59,51,17729,24425,172,68,24425,21521
"AAGAATGTCGCCACAA-1","0",59,53,17727,24059,170,68,24059,21523
"CGCCTCTACTGTCATA-1","0",59,55,17725,23694,168,68,23694,21525
"TACAAGTGGAGCTCGT-1","0",59,57,17723,23329,166,68,23329,21527
"AGCTGTCGGCCATCAG-1","1",59,59,17722,22964,164,68,22964,21528
"GTCACTTATGTAACTA-1","1",59,61,17720,22599,162,68,22599,21530
"GTACGAACGTAATATT-1","1",59,63,17718,22234,160,68,22234,21532
"GACTTAAGCGTGAAGC-1","1",59,65,17717,21868,158,68,21868,21533
"TCATTGGCGATGTCAC-1","1",59,67,17715,21503,156,68,21503,21535
"ACAACGGATTGGAGTG-1","1",59,69,17713,21138,154,68,21138,21537
"TCAGCGTGCGTTAGCA-1","1",59,71,17711,20773,152,68,20773,21539
"CCGCTCATGTATAGGA-1","1",59,73,17710,20408,150,68,20408,21540
"CTGGTGCGGAACCGGT-1","1",59,75,17708,20043,148,68,20043,21542
"TGAGCCTAGCTTACAA-1","1",59,77,17706,19677,146,68,19677,21544
"TCGTGATCCAAGCGTC-1","1",59,79,17705,19312,144,68,19312,21545
"GTGGATCTGCTCTGCG-1","1",59,81,17703,18947,142,68,18947,21547
"CTCAAGCACCTACTAT-1","1",59,83,17701,18582,140,68,18582,21549
"CCAGACAGCGCCGGTC-1","1",59,85,17699,18217,138,68,18217,21551
"CGCTAGCTCGGTTGCG-1","1",59,87,17698,17852,136,68,17852,21552
"ACGAGTAACAAGTATG-1","1",59,89,17696,17486,134,68,17486,21554
"TCCTGACAGGCTATGT-1","1",59,91,17694,17121,132,68,17121,21556
"TGGTTGTATGCAACGA-1","1",59,93,17693,16756,130,68,16756,21557
"CAGTAGAAGTCCGTCT-1","1",59,95,17691,16391,128,68,16391,21559
"TCTTGCATCCAACGAC-1","1",59,97,17689,16026,126,68,16026,21561
"GGACGACCGGTGATGT-1","1",59,99,17687,15661,124,68,15661,21563
"GGACTCGACCGCGTTG-1","1",59,101,17686,15295,122,68,15295,21564
"TCGAGTATAGACAGCA-1","1",59,103,17684,14930,120,68,14930,21566
"AAGGAGTGCTCCATGG-1","1",59,105,17682,14565,118,68,14565,21568
"AACCAAGCGTATACCG-1","1",59,107,17681,14200,116,68,14200,21569
"GCGGTGGCAGTATTGG-1","1",59,109,17679,13835,114,68,13835,21571
"CTTGGATCGGTGGACA-1","1",59,111,17677,13470,112,68,13470,21573
"ATGTGCAAGGATTAAC-1","1",59,113,17675,13104,110,68,13104,21575
"ATTGCCTGCAACAGTG-1","1",59,115,17674,12739,108,68,12739,21576
"CTAATGTACCTTGCAC-1","1",59,117,17672,12374,106,68,12374,21578
"CATGCAGGATTCGCGT-1","1",59,119,17670,12009,104,68,12009,21580
"CGACCACTGACAACGC-1","1",59,121,17669,11644,102,68,11644,21581
"AGTACCGATGAGCGAA-1","1",59,123,17667,11279,100,68,11279,21583
"TGGAAGTGGCGGTGCT-1","1",59,125,17665,10913,98,68,10913,21585
"TGTACCACATGGCGTG-1","1",59,127,17663,10548,96,68,10548,21587
"GCCGCTAGCATTATCC-1","1",59,129,17662,10183,94,68,10183,21588
"CTATTACACTATAGGA-1","1",59,131,17660,9818,92,68,9818,21590
"CAAGACGCAGTATGGT-1","1",59,133,17658,9453,90,68,9453,21592
"CTGTGGATCCTTCAAG-1","1",59,135,17657,9088,88,68,9088,21593
"TCTGCGGCGTGGTATT-1","1",59,137,17655,8722,86,68,8722,21595
"TCGATAGGCGTGTACG-1","1",59,139,17653,8357,84,68,8357,21597
"CAGATGGTTAGACGAG-1","0",59,141,17651,7992,82,68,7992,21599
"ATACGGTCCAACGCTA-1","0",59,143,17650,7627,80,68,7627,21600
"TCGCGGAGTTGCTTGC-1","0",59,145,17648,7262,78,68,7262,21602
"AGCTCAGCAACATCAC-1","0",59,147,17646,6897,76,68,6897,21604
"CATGCGGCGAACGAAG-1","0",59,149,17645,6531,74,68,6531,21605
"GATGAGTCCGCTGTCG-1","0",59,151,17643,6166,72,68,6166,21607
"TGAGTTAAGATCACGA-1","0",59,153,17641,5801,70,68,5801,21609
"ACCTGTGCAGCTAACC-1","0",59,155,17640,5436,68,68,5436,21610
"GATGTAAGACTCGTTA-1","0",59,157,17638,5071,66,68,5071,21612
"TGCTGTCAGGTCCTGT-1","0",59,159,17636,4706,64,68,4706,21614
"ATTGTTCGTGGTCTGA-1","0",59,161,17634,4340,62,68,4340,21616
"TGGAAGTGTAATAGAA-1","0",59,163,17633,3975,60,68,3975,21617
"GATGGACTAAGGCGAT-1","0",59,165,17631,3610,58,68,3610,21619
"GTCATCAATTATGCTA-1","0",59,167,17629,3245,56,68,3245,21621
"AATGAGACGATGGTTG-1","0",59,169,17628,2880,54,68,2880,21622
"GACGCTCGTAGGTGTA-1","0",59,171,17626,2515,52,68,2515,21624
"TCGCACAGCAGACGTC-1","0",59,173,17624,2149,50,68,2149,21626
"CTATTGTAGCAGTAGA-1","0",59,175,17622,1784,48,68,1784,21628
"CGCACTACTTGTACAG-1","0",59,177,17621,1419,46,68,1419,21629
"GTCGGTCAGGAATCGA-1","0",59,179,17619,1054,44,68,1054,21631
"TATTCTTGCTTCCGGC-1","0",59,181,17617,689,42,68,689,21633
"TGTCACGTGAAGGTCT-1","0",59,183,17616,324,40,68,324,21634
"TATGTTGATATTAGGA-1","0",59,185,17614,-42,38,68,-42,21636
"CTCCAACGGCTCGGTC-1","0",59,187,17612,-407,36,68,-407,21638
"CAGAGTTGTCTAACCT-1","0",59,189,17610,-772,34,68,-772,21640
"GAATGGAGATGTCGGT-1","0",59,191,17609,-1137,32,68,-1137,21641
"AAGGCGGATATTCAAG-1","0",59,193,17607,-1502,30,68,-1502,21643
"CTGCGGTCATCTCGAT-1","0",59,195,17605,-1867,28,68,-1867,21645
"TACCTGTAACGGCGCT-1","0",59,197,17604,-2233,26,68,-2233,21646
"ATTGGCCTTGAGACGC-1","0",59,199,17602,-2598,24,68,-2598,21648
"ACCATGCTTCTAGACT-1","0",59,201,17600,-2963,22,68,-2963,21650
"ATGTTAGTTGTATGAT-1","0",59,203,17598,-3328,20,68,-3328,21652
"GAAGGTTCTTGCGTTC-1","0",59,205,17597,-3693,18,68,-3693,21653
"GATTCCTACAGCCGGA-1","0",59,207,17595,-4058,16,68,-4058,21655
"TCGTATCGACTATGGT-1","0",59,209,17593,-4424,14,68,-4424,21657
"CAATCTAGGCAGGAGC-1","0",59,211,17592,-4789,12,68,-4789,21658
"GGTTAGACCTTGAGCG-1","0",59,213,17590,-5154,10,68,-5154,21660
"TCTATCGGCCGTGCGG-1","0",59,215,17588,-5519,8,68,-5519,21662
"AGCGGTGCTGGTAATA-1","0",59,217,17586,-5884,6,68,-5884,21664
"ACGCTCTTGGACGAAT-1","0",59,219,17585,-6249,4,68,-6249,21665
"TAGTATGTTCGGTTCC-1","0",59,221,17583,-6615,2,68,-6615,21667
"CTCCAACGGATTCATT-1","0",59,223,17581,-6980,0,68,-6980,21669
"TGCACTTGATTCTAGG-1","0",60,0,18090,33735,223,67,33735,21160
"CCTCTAAGTACATGTA-1","0",60,2,18088,33370,221,67,33370,21162
"AACTATTCCGCAGATC-1","0",60,4,18087,33005,219,67,33005,21163
"CTCCTACCATCTCACC-1","0",60,6,18085,32639,217,67,32639,21165
"CTCACGCCTGAATCGG-1","0",60,8,18083,32274,215,67,32274,21167
"GGCATAAGGAAGATAA-1","0",60,10,18081,31909,213,67,31909,21169
"GATACAGGTCCAAGTT-1","0",60,12,18080,31544,211,67,31544,21170
"TCACATGGTGTCGGAT-1","0",60,14,18078,31179,209,67,31179,21172
"CGTTGACACCGCTAGA-1","0",60,16,18076,30814,207,67,30814,21174
"CTCATAATAGTCGTGC-1","0",60,18,18075,30448,205,67,30448,21175
"TGTATGACTCTGCGCC-1","0",60,20,18073,30083,203,67,30083,21177
"CGACTGCGCAACTGTC-1","0",60,22,18071,29718,201,67,29718,21179
"CCGCGGACCACGAGCT-1","0",60,24,18069,29353,199,67,29353,21181
"CCTTAGCCGGTATCAC-1","0",60,26,18068,28988,197,67,28988,21182
"CAGTTGAGATAGCGTG-1","0",60,28,18066,28623,195,67,28623,21184
"CGGCGTTGGAGTAGTC-1","0",60,30,18064,28257,193,67,28257,21186
"TACCATGCACTACAGC-1","0",60,32,18063,27892,191,67,27892,21187
"GTACAGCTCCATAGTT-1","0",60,34,18061,27527,189,67,27527,21189
"GATCGCACGCAATCTG-1","0",60,36,18059,27162,187,67,27162,21191
"AGTGCGATCTGTACGT-1","0",60,38,18057,26797,185,67,26797,21193
"GACATCCTTCGAACTG-1","0",60,40,18056,26432,183,67,26432,21194
"GTACCTTCTAATGTAC-1","0",60,42,18054,26066,181,67,26066,21196
"ATGTCGGCTGTATCTT-1","0",60,44,18052,25701,179,67,25701,21198
"AGTGCGACTCCTCAGT-1","0",60,46,18051,25336,177,67,25336,21199
"TCCATAGTGAGTATCC-1","0",60,48,18049,24971,175,67,24971,21201
"GCGTAAGCTGATCGTG-1","0",60,50,18047,24606,173,67,24606,21203
"ACCGTAACGAGTTGCG-1","0",60,52,18045,24241,171,67,24241,21205
"ACGGCTATCCTCACAA-1","1",60,54,18044,23875,169,67,23875,21206
"GGTTCTATTAAGCGCT-1","0",60,56,18042,23510,167,67,23510,21208
"AATTCTTGATCGGTAC-1","1",60,58,18040,23145,165,67,23145,21210
"GTGACGGTGAGCCTCA-1","1",60,60,18039,22780,163,67,22780,21211
"TGGTGCTCTACTTGAA-1","1",60,62,18037,22415,161,67,22415,21213
"CACGATGAAGGAACGG-1","1",60,64,18035,22050,159,67,22050,21215
"CGGTAGTGGTCGGACG-1","1",60,66,18033,21684,157,67,21684,21217
"CTCATATCGCCTGAGG-1","1",60,68,18032,21319,155,67,21319,21218
"GTACTTAGTTCGGCCG-1","1",60,70,18030,20954,153,67,20954,21220
"CTAATTGGTATCCGAT-1","1",60,72,18028,20589,151,67,20589,21222
"CTTAGAGCAGAAGGAG-1","1",60,74,18027,20224,149,67,20224,21223
"TGTCACCAAGTGCATC-1","1",60,76,18025,19859,147,67,19859,21225
"GCGTTCACGTTCACCT-1","1",60,78,18023,19493,145,67,19493,21227
"AGCCAGATAGGCGTGA-1","1",60,80,18021,19128,143,67,19128,21229
"GAGGAATACTCGACGG-1","1",60,82,18020,18763,141,67,18763,21230
"ACGCTCGGAGGCGGTT-1","1",60,84,18018,18398,139,67,18398,21232
"GCTTGGTGCCGTTCAC-1","1",60,86,18016,18033,137,67,18033,21234
"ACTCTAGTCTGGCTAT-1","1",60,88,18015,17668,135,67,17668,21235
"TAGTGAATTCGCCGAG-1","1",60,90,18013,17302,133,67,17302,21237
"ATTACCATGGATGATA-1","1",60,92,18011,16937,131,67,16937,21239
"GACAACTATGGAATTC-1","1",60,94,18009,16572,129,67,16572,21241
"GTTATGAGTTACTATT-1","1",60,96,18008,16207,127,67,16207,21242
"CAAGTCACAACGCTAT-1","1",60,98,18006,15842,125,67,15842,21244
"TCATCCACTCTTGCTG-1","1",60,100,18004,15477,123,67,15477,21246
"CGGAGGTAATCGTGTA-1","1",60,102,18003,15111,121,67,15111,21247
"GTACAGCCTGAATGTC-1","1",60,104,18001,14746,119,67,14746,21249
"ATACTTCTCATCCAAT-1","1",60,106,17999,14381,117,67,14381,21251
"CCTTCCACTCTTATCA-1","1",60,108,17997,14016,115,67,14016,21253
"GGAATCCTTGCACCAG-1","1",60,110,17996,13651,113,67,13651,21254
"GTTGCTCCGTATCGAG-1","1",60,112,17994,13286,111,67,13286,21256
"GCCTCCTTGAAGGAGT-1","1",60,114,17992,12920,109,67,12920,21258
"TAACTCGCGGCCGTTG-1","1",60,116,17991,12555,107,67,12555,21259
"CGAACGCTCGCACTGA-1","1",60,118,17989,12190,105,67,12190,21261
"GGACGTTAGAAGATTG-1","1",60,120,17987,11825,103,67,11825,21263
"TGATGCTGGTCGCAGA-1","1",60,122,17985,11460,101,67,11460,21265
"CCGTAACATCGAATGC-1","1",60,124,17984,11095,99,67,11095,21266
"CCGAAGGTGAGTCTGG-1","1",60,126,17982,10729,97,67,10729,21268
"ATTGCCGCAGGCTCTA-1","1",60,128,17980,10364,95,67,10364,21270
"CTCCGCTAGTGCTAAC-1","1",60,130,17979,9999,93,67,9999,21271
"CATATTCTCGCAGAAG-1","1",60,132,17977,9634,91,67,9634,21273
"TATCTACCACTAAGCT-1","1",60,134,17975,9269,89,67,9269,21275
"TGGACACGCTGTCATG-1","1",60,136,17973,8904,87,67,8904,21277
"AATGGTTGTCACATGA-1","1",60,138,17972,8538,85,67,8538,21278
"CCGACACCAGTCACAT-1","1",60,140,17970,8173,83,67,8173,21280
"GTCGAGTAGAAGTTCT-1","0",60,142,17968,7808,81,67,7808,21282
"GCGTGCCTGGTGTCTA-1","0",60,144,17967,7443,79,67,7443,21283
"ATACTGACGCCGAGCA-1","0",60,146,17965,7078,77,67,7078,21285
"AAGGCGGAGCTCATAG-1","0",60,148,17963,6713,75,67,6713,21287
"AGCGGTTCGCTCGGCA-1","0",60,150,17961,6347,73,67,6347,21289
"ACGTTAATCCACTCCA-1","0",60,152,17960,5982,71,67,5982,21290
"TAGTGAATCTCCATCT-1","0",60,154,17958,5617,69,67,5617,21292
"TGACCATTGCTCGATA-1","0",60,156,17956,5252,67,67,5252,21294
"GAACTTGAATACAGAA-1","0",60,158,17955,4887,65,67,4887,21295
"GACCTGATGGATGCCT-1","0",60,160,17953,4522,63,67,4522,21297
"TAGATGGCTAGACTGC-1","0",60,162,17951,4156,61,67,4156,21299
"GCGTCGCCGTCTGCAT-1","0",60,164,17949,3791,59,67,3791,21301
"AGCCTCTAACAGTTCA-1","0",60,166,17948,3426,57,67,3426,21302
"CTGGCTCAGACTAACG-1","0",60,168,17946,3061,55,67,3061,21304
"AACTTGCAACAGCTGC-1","0",60,170,17944,2696,53,67,2696,21306
"CGGTGAACTACGACTT-1","0",60,172,17943,2331,51,67,2331,21307
"TATGACAACCGATTAA-1","0",60,174,17941,1965,49,67,1965,21309
"GCGTGGCTAAGAACCG-1","0",60,176,17939,1600,47,67,1600,21311
"ATAAGCCGTAACAATT-1","0",60,178,17937,1235,45,67,1235,21313
"ATCCGGTGATTCCTAC-1","0",60,180,17936,870,43,67,870,21314
"CTCACGAAGTCATAGG-1","0",60,182,17934,505,41,67,505,21316
"CATGTTGACAAGACTT-1","0",60,184,17932,140,39,67,140,21318
"GCCTTCTGCCTGCAAC-1","0",60,186,17931,-226,37,67,-226,21319
"TGGCTCTTGATAACTC-1","0",60,188,17929,-591,35,67,-591,21321
"CTGAAGGAATTCTAGC-1","0",60,190,17927,-956,33,67,-956,21323
"AATCGACTGGAGCGTG-1","0",60,192,17926,-1321,31,67,-1321,21324
"CGAGCGTAATCTGCGT-1","0",60,194,17924,-1686,29,67,-1686,21326
"ACAATATGAGAACACT-1","0",60,196,17922,-2051,27,67,-2051,21328
"TGAAGTCTTGACAGCG-1","0",60,198,17920,-2417,25,67,-2417,21330
"GACTGACACCGCTCTG-1","0",60,200,17919,-2782,23,67,-2782,21331
"TACGTACTAATACTGG-1","0",60,202,17917,-3147,21,67,-3147,21333
"ATGAGTTGATGGTAAC-1","0",60,204,17915,-3512,19,67,-3512,21335
"TGTCACGTGCAGCCAA-1","0",60,206,17914,-3877,17,67,-3877,21336
"CGGAGTGATTGTATTA-1","0",60,208,17912,-4242,15,67,-4242,21338
"CAGTAGGACTTCTGTC-1","0",60,210,17910,-4608,13,67,-4608,21340
"CCTAGTCAACGCGACC-1","0",60,212,17908,-4973,11,67,-4973,21342
"TGGAGTGCCGAGTCAT-1","0",60,214,17907,-5338,9,67,-5338,21343
"ATAACGCCGGCTAACT-1","0",60,216,17905,-5703,7,67,-5703,21345
"ATGGAGTATGCAACCT-1","0",60,218,17903,-6068,5,67,-6068,21347
"CGAGTCACGGAGGTGG-1","0",60,220,17902,-6433,3,67,-6433,21348
"GGAGTCCGAGGCGTTC-1","0",60,222,17900,-6799,1,67,-6799,21350
"TCAGTGACGGCGAGCG-1","0",61,1,18403,33551,222,66,33551,20847
"CTTAGCTGAGAACCAG-1","0",61,3,18401,33186,220,66,33186,20849
"ACGACTCACGCTCGCT-1","0",61,5,18400,32820,218,66,32820,20850
"TCGAACGTAACGCCGG-1","0",61,7,18398,32455,216,66,32455,20852
"AGCGAGTTACTAGCTG-1","0",61,9,18396,32090,214,66,32090,20854
"CAGATTGCGTATCTTC-1","0",61,11,18395,31725,212,66,31725,20855
"CTCCTACATAAGTTGC-1","0",61,13,18393,31360,210,66,31360,20857
"GAGGCCTAGGCAGATC-1","0",61,15,18391,30995,208,66,30995,20859
"GACGTTCGCAGTGCCG-1","0",61,17,18389,30629,206,66,30629,20861
"CGGAATCCAACTCAGG-1","0",61,19,18388,30264,204,66,30264,20862
"CTTAGCTAGGCCTACA-1","0",61,21,18386,29899,202,66,29899,20864
"TCGCCTCCAGGCTTAA-1","0",61,23,18384,29534,200,66,29534,20866
"CCGCTCAGCGCAAGCT-1","0",61,25,18383,29169,198,66,29169,20867
"TCGAATCGGACTATGG-1","0",61,27,18381,28804,196,66,28804,20869
"TAAGAACATGAACTTC-1","0",61,29,18379,28438,194,66,28438,20871
"TCATGACACTGTTCAG-1","0",61,31,18377,28073,192,66,28073,20873
"GGTAGCAATACCTCTA-1","0",61,33,18376,27708,190,66,27708,20874
"GTGCTCCGGTGAGTTG-1","0",61,35,18374,27343,188,66,27343,20876
"ATAAGGAAGATGAATA-1","0",61,37,18372,26978,186,66,26978,20878
"GTTAATCGGACAGTAA-1","0",61,39,18371,26613,184,66,26613,20879
"GGTGTCGCCGTTATCA-1","0",61,41,18369,26247,182,66,26247,20881
"TAATTATCCAAGGATT-1","0",61,43,18367,25882,180,66,25882,20883
"TGTCAAGTAACCTGAG-1","0",61,45,18365,25517,178,66,25517,20885
"ACCTCCGATCAGCCTC-1","0",61,47,18364,25152,176,66,25152,20886
"ACAGGTCCATAAGCGG-1","0",61,49,18362,24787,174,66,24787,20888
"ATGAATGCCAATTAAT-1","0",61,51,18360,24422,172,66,24422,20890
"GACGATTACCACCGCA-1","0",61,53,18359,24056,170,66,24056,20891
"CAATTGCCAGCACTAC-1","1",61,55,18357,23691,168,66,23691,20893
"TGAACGGAGCGAACCA-1","0",61,57,18355,23326,166,66,23326,20895
"ACGCGTTCTATGGCAT-1","1",61,59,18353,22961,164,66,22961,20897
"TCAAGCATGTCATCCT-1","1",61,61,18352,22596,162,66,22596,20898
"GTACAGGTGCACTCAC-1","1",61,63,18350,22231,160,66,22231,20900
"CTCGCACCAGTAGAAG-1","1",61,65,18348,21865,158,66,21865,20902
"ATTCCGGTCTATCCTG-1","1",61,67,18347,21500,156,66,21500,20903
"CAGCGATGTAGGCTGG-1","1",61,69,18345,21135,154,66,21135,20905
"TGTAGGTCGGCATACG-1","1",61,71,18343,20770,152,66,20770,20907
"ATGGAATGCCATCAGC-1","1",61,73,18341,20405,150,66,20405,20909
"AGACCGTAGTTGCAAC-1","1",61,75,18340,20040,148,66,20040,20910
"GCCGATGCACTAGTCA-1","1",61,77,18338,19674,146,66,19674,20912
"TGGAAGCAGTTGGTAC-1","1",61,79,18336,19309,144,66,19309,20914
"CCTCCGCTTGCCTGGA-1","1",61,81,18335,18944,142,66,18944,20915
"AGATACTCAGAACTAT-1","1",61,83,18333,18579,140,66,18579,20917
"AGGATATGGCCGCTCG-1","1",61,85,18331,18214,138,66,18214,20919
"GCGAGCGATTCCTCAA-1","1",61,87,18329,17849,136,66,17849,20921
"TAAGTTGTGCTATGGA-1","1",61,89,18328,17483,134,66,17483,20922
"AGATGCCATCTTGATG-1","1",61,91,18326,17118,132,66,17118,20924
"TCAGGATTGCACCGGA-1","1",61,93,18324,16753,130,66,16753,20926
"TGTATCCGTCCGTTCG-1","1",61,95,18323,16388,128,66,16388,20927
"GAGTAGCCGTCTGATA-1","1",61,97,18321,16023,126,66,16023,20929
"TATGCGCCTTGATGTT-1","1",61,99,18319,15658,124,66,15658,20931
"GATGTTCTGTGCTAGT-1","1",61,101,18317,15292,122,66,15292,20933
"AAGGCGTGGTATGGCT-1","1",61,103,18316,14927,120,66,14927,20934
"GCCGGCATCCGCCTCA-1","1",61,105,18314,14562,118,66,14562,20936
"TACGACTAACTGCTGA-1","1",61,107,18312,14197,116,66,14197,20938
"TCCGTGGCCTCAGGAG-1","1",61,109,18311,13832,114,66,13832,20939
"CTGAACCAATGGTCTT-1","1",61,111,18309,13467,112,66,13467,20941
"TAAGATCTAGGACCTT-1","1",61,113,18307,13102,110,66,13102,20943
"CCAATAGGTGTACCGA-1","1",61,115,18306,12736,108,66,12736,20944
"CTGACTAAGCAGCCGC-1","1",61,117,18304,12371,106,66,12371,20946
"ACTGTAATAGTGTCAG-1","1",61,119,18302,12006,104,66,12006,20948
"CTGACTGGAATTACGT-1","1",61,121,18300,11641,102,66,11641,20950
"GTTGTACCGCGACGAA-1","1",61,123,18299,11276,100,66,11276,20951
"GATTGAAGACATTCGT-1","1",61,125,18297,10911,98,66,10911,20953
"GTATAAGGAACGACCG-1","1",61,127,18295,10545,96,66,10545,20955
"GCTTATGTCTTATGTA-1","1",61,129,18294,10180,94,66,10180,20956
"ACCGATGTCCTATCAT-1","1",61,131,18292,9815,92,66,9815,20958
"TCCAGTAACACGCATA-1","1",61,133,18290,9450,90,66,9450,20960
"TCGCGGCTAACTGTTG-1","1",61,135,18288,9085,88,66,9085,20962
"AACATAGAAGGTGAGT-1","1",61,137,18287,8720,86,66,8720,20963
"ATTACTTGCCTACAGG-1","1",61,139,18285,8354,84,66,8354,20965
"ATTACTTAATGTCGGC-1","1",61,141,18283,7989,82,66,7989,20967
"TAGCGTGGCGGATAGG-1","0",61,143,18282,7624,80,66,7624,20968
"GACAGAATAGGTGCCT-1","0",61,145,18280,7259,78,66,7259,20970
"TATCTAACTGCATTAT-1","0",61,147,18278,6894,76,66,6894,20972
"TCATAGATAGCAATTG-1","0",61,149,18276,6529,74,66,6529,20974
"TGCACGTGCCACGCCT-1","0",61,151,18275,6163,72,66,6163,20975
"GCGACGTCTATGTAGG-1","0",61,153,18273,5798,70,66,5798,20977
"CTGCCGAGTAATAGCT-1","0",61,155,18271,5433,68,66,5433,20979
"CTAACCACTGAGATGA-1","0",61,157,18270,5068,66,66,5068,20980
"AGGCATCCTCTGAACT-1","0",61,159,18268,4703,64,66,4703,20982
"GTGCGTTCTACTTGGT-1","0",61,161,18266,4338,62,66,4338,20984
"GCAACACCGTATGATC-1","0",61,163,18264,3972,60,66,3972,20986
"CTAACGTGCTGAGTCT-1","0",61,165,18263,3607,58,66,3607,20987
"AGATGTACCGATTGGT-1","0",61,167,18261,3242,56,66,3242,20989
"ATTAGAAGTCCTGACA-1","0",61,169,18259,2877,54,66,2877,20991
"GCAGTGGTCGCCTGGT-1","0",61,171,18258,2512,52,66,2512,20992
"ATTCCGCATTAGCCTA-1","0",61,173,18256,2147,50,66,2147,20994
"GCTAGCTGAGTCCTGT-1","0",61,175,18254,1781,48,66,1781,20996
"GCGTTCGACATAATAG-1","0",61,177,18252,1416,46,66,1416,20998
"CGAATTACCTTGATGT-1","0",61,179,18251,1051,44,66,1051,20999
"TCGATCCGGCAAGAGG-1","0",61,181,18249,686,42,66,686,21001
"TGTAGGCACTGACAAT-1","0",61,183,18247,321,40,66,321,21003
"TACAACCTTCTAGATG-1","0",61,185,18246,-44,38,66,-44,21004
"AATGCTACGTCGGCAT-1","0",61,187,18244,-410,36,66,-410,21006
"AGCTCAGAGTCGGACA-1","0",61,189,18242,-775,34,66,-775,21008
"GCTTACTGACTGCTAA-1","0",61,191,18240,-1140,32,66,-1140,21010
"GACAGACGCTTGAGGA-1","0",61,193,18239,-1505,30,66,-1505,21011
"CCATGACAATGTCTAC-1","0",61,195,18237,-1870,28,66,-1870,21013
"GCACAGGTTAGATGGT-1","0",61,197,18235,-2235,26,66,-2235,21015
"ATCCGGCGAGGAATTC-1","0",61,199,18234,-2601,24,66,-2601,21016
"CCGTGCTGAGCATGGC-1","0",61,201,18232,-2966,22,66,-2966,21018
"TAGCTACGGCTGGATT-1","0",61,203,18230,-3331,20,66,-3331,21020
"TCCTTCACATACGCGT-1","0",61,205,18228,-3696,18,66,-3696,21022
"ATTGGAAGTTGAGTGC-1","0",61,207,18227,-4061,16,66,-4061,21023
"TGCTTAGCGAAGTCGA-1","0",61,209,18225,-4426,14,66,-4426,21025
"TAAGCCACGGTTCGTC-1","0",61,211,18223,-4792,12,66,-4792,21027
"ATCCGGTCTACCACCT-1","0",61,213,18222,-5157,10,66,-5157,21028
"AAGTTAAGCGTGCTCG-1","0",61,215,18220,-5522,8,66,-5522,21030
"CTACTCAGCCACTACC-1","0",61,217,18218,-5887,6,66,-5887,21032
"TGTTGGCCAATATGGC-1","0",61,219,18216,-6252,4,66,-6252,21034
"ACAGGAACCTTCTAGG-1","0",61,221,18215,-6617,2,66,-6617,21035
"AATCACAAGGAATCAA-1","0",61,223,18213,-6983,0,66,-6983,21037
"TACGCTTACGTCCGAT-1","0",62,0,18722,33732,223,65,33732,20528
"TCGGACGCATAGTGCG-1","0",62,2,18720,33367,221,65,33367,20530
"AAGTAGGATTACTATT-1","0",62,4,18718,33002,219,65,33002,20532
"GTATTATGACATTACC-1","0",62,6,18717,32636,217,65,32636,20533
"TGCCACCTTATTGGAA-1","0",62,8,18715,32271,215,65,32271,20535
"TCGGTGCGTCTATGCC-1","0",62,10,18713,31906,213,65,31906,20537
"AAGCAAGCGATCCGTG-1","0",62,12,18711,31541,211,65,31541,20539
"TGGCCATTCTATCGTA-1","0",62,14,18710,31176,209,65,31176,20540
"AACCTATGACCTGCTC-1","0",62,16,18708,30811,207,65,30811,20542
"TGCCAGTTGTGGTCGT-1","0",62,18,18706,30445,205,65,30445,20544
"TGTCAGTGGAGCCGTA-1","0",62,20,18705,30080,203,65,30080,20545
"GAATACGTCTAGCTAC-1","0",62,22,18703,29715,201,65,29715,20547
"CCTCGCGACGATCCTG-1","0",62,24,18701,29350,199,65,29350,20549
"CCTCGCGATTCCGCCT-1","0",62,26,18699,28985,197,65,28985,20551
"TCGCACAATATGTAGA-1","0",62,28,18698,28620,195,65,28620,20552
"CTGACTTCGAGTAGAC-1","0",62,30,18696,28254,193,65,28254,20554
"CTAGTTGTACGGAAGG-1","0",62,32,18694,27889,191,65,27889,20556
"CATCGGTGTCGACCTC-1","0",62,34,18693,27524,189,65,27524,20557
"TCAGTTCTACTCACGC-1","0",62,36,18691,27159,187,65,27159,20559
"CCTTCTGGATCTACCA-1","0",62,38,18689,26794,185,65,26794,20561
"GGCATACAGGTCGAGT-1","0",62,40,18687,26429,183,65,26429,20563
"CCTCACCGCCACAACT-1","0",62,42,18686,26063,181,65,26063,20564
"TATTCGAAGCACGAGG-1","0",62,44,18684,25698,179,65,25698,20566
"AAGTACTCTATTGCCG-1","0",62,46,18682,25333,177,65,25333,20568
"GCTTGCTCTGGACCTT-1","0",62,48,18681,24968,175,65,24968,20569
"CTATTAGTACCAATCA-1","0",62,50,18679,24603,173,65,24603,20571
"TCCAACTATCGCATCG-1","0",62,52,18677,24238,171,65,24238,20573
"ACAAGTAGGAGCACTG-1","0",62,54,18675,23872,169,65,23872,20575
"TAACTCGCGGATAATC-1","0",62,56,18674,23507,167,65,23507,20576
"TGAATACATTGGCCGA-1","0",62,58,18672,23142,165,65,23142,20578
"ACGGCCTGCAGGCAAC-1","1",62,60,18670,22777,163,65,22777,20580
"AGTAAGGTACAGACTT-1","1",62,62,18669,22412,161,65,22412,20581
"GCGTGCACTCTGAGGC-1","1",62,64,18667,22047,159,65,22047,20583
"ATAACCATGCCGATTA-1","1",62,66,18665,21681,157,65,21681,20585
"GAATGTGATACTGTGA-1","1",62,68,18663,21316,155,65,21316,20587
"AGCCGGCTGACTGATG-1","1",62,70,18662,20951,153,65,20951,20588
"GCCGATGTTGTAGCCT-1","1",62,72,18660,20586,151,65,20586,20590
"TATTCCGACTTCATGT-1","1",62,74,18658,20221,149,65,20221,20592
"GTGGTTCGTAGATTGC-1","1",62,76,18657,19856,147,65,19856,20593
"GTCACTTAGATTACAG-1","1",62,78,18655,19490,145,65,19490,20595
"TGGCCATTAATACACG-1","1",62,80,18653,19125,143,65,19125,20597
"CGTCATTAACCGCTCG-1","1",62,82,18651,18760,141,65,18760,20599
"AACGAGGACATATTAA-1","1",62,84,18650,18395,139,65,18395,20600
"CTATAACCTTAGTATG-1","1",62,86,18648,18030,137,65,18030,20602
"TCCTCAATCTGCTATT-1","1",62,88,18646,17665,135,65,17665,20604
"TGTCTTGGCTACCTGG-1","1",62,90,18645,17299,133,65,17299,20605
"TAGTGCTTCATTCTAC-1","1",62,92,18643,16934,131,65,16934,20607
"CTTAGCCTACTCCGCT-1","1",62,94,18641,16569,129,65,16569,20609
"GACAGAAGTCACAACC-1","1",62,96,18639,16204,127,65,16204,20611
"CTGTCATGGTACCGAC-1","1",62,98,18638,15839,125,65,15839,20612
"GCAATTAGCGAAGCAA-1","1",62,100,18636,15474,123,65,15474,20614
"CTCAATCTCCGGAGCC-1","1",62,102,18634,15108,121,65,15108,20616
"CTGGCTTCGCCTAATA-1","1",62,104,18633,14743,119,65,14743,20617
"GGCAACCATTCAGCCG-1","1",62,106,18631,14378,117,65,14378,20619
"TATTCTTGCACGTTCC-1","1",62,108,18629,14013,115,65,14013,20621
"CCTAGAGTGCTCGACT-1","1",62,110,18627,13648,113,65,13648,20623
"ACGAAGCCTTCAGGCG-1","1",62,112,18626,13283,111,65,13283,20624
"TATTAACGCTGTTCAT-1","1",62,114,18624,12917,109,65,12917,20626
"AACTATAACAATAACC-1","1",62,116,18622,12552,107,65,12552,20628
"GGATGGTCACTCAGTC-1","1",62,118,18621,12187,105,65,12187,20629
"GGAGTGGAAGACGGAG-1","1",62,120,18619,11822,103,65,11822,20631
"TAGGCAGATTCCAAGG-1","1",62,122,18617,11457,101,65,11457,20633
"TGATGGAAGGCTCGTT-1","1",62,124,18615,11092,99,65,11092,20635
"GTAACCATAACTAGGA-1","1",62,126,18614,10726,97,65,10726,20636
"ACCTTCGTTAAGCTAC-1","1",62,128,18612,10361,95,65,10361,20638
"CGTACATTGCTGGCAC-1","1",62,130,18610,9996,93,65,9996,20640
"CCTTATGTTCATTGGC-1","1",62,132,18609,9631,91,65,9631,20641
"TCTACCGATGCGACGC-1","1",62,134,18607,9266,89,65,9266,20643
"GAGCGTGGACAGACCG-1","1",62,136,18605,8901,87,65,8901,20645
"CTGCGTATGTAAGCGA-1","1",62,138,18603,8535,85,65,8535,20647
"GGTCCTCGATGCTCAA-1","1",62,140,18602,8170,83,65,8170,20648
"AAGAATGTAGGTATTG-1","1",62,142,18600,7805,81,65,7805,20650
"ACCAATAATCACTATG-1","0",62,144,18598,7440,79,65,7440,20652
"CCTAACTACGCTCGGA-1","0",62,146,18597,7075,77,65,7075,20653
"CGTACTTACTGGCCAG-1","0",62,148,18595,6710,75,65,6710,20655
"TCATCTCACCTGCCAG-1","0",62,150,18593,6344,73,65,6344,20657
"CACGATGAGGTTGTGA-1","0",62,152,18592,5979,71,65,5979,20658
"ATCCGATTCTGGTCCA-1","0",62,154,18590,5614,69,65,5614,20660
"TAACTGATTAACTAGT-1","0",62,156,18588,5249,67,65,5249,20662
"AACGGCAATTGTGGTC-1","0",62,158,18586,4884,65,65,4884,20664
"TGTCTTGGCAGTTAGA-1","0",62,160,18585,4519,63,65,4519,20665
"ATACAATATTGGTCCG-1","0",62,162,18583,4153,61,65,4153,20667
"TCACCGGAATGCACAG-1","0",62,164,18581,3788,59,65,3788,20669
"GTCACTTACCATAATC-1","0",62,166,18580,3423,57,65,3423,20670
"GATGCCTAACAGGCAG-1","0",62,168,18578,3058,55,65,3058,20672
"GTGCAATTACGCATTG-1","0",62,170,18576,2693,53,65,2693,20674
"CTCCACTCGTGGATAA-1","0",62,172,18574,2328,51,65,2328,20676
"GATAGTGAACCGGACT-1","0",62,174,18573,1962,49,65,1962,20677
"AACATACTCCAGCTGA-1","0",62,176,18571,1597,47,65,1597,20679
"CGCTTGAACCTTCACC-1","0",62,178,18569,1232,45,65,1232,20681
"CATGTTCGCTTGAAGA-1","0",62,180,18568,867,43,65,867,20682
"TGGCATGCGTATGTAT-1","0",62,182,18566,502,41,65,502,20684
"CGCTTACACGGTTACC-1","0",62,184,18564,137,39,65,137,20686
"GGTGAGACTTAGTTCA-1","0",62,186,18562,-229,37,65,-229,20688
"TAAGGTGACTGTTACT-1","0",62,188,18561,-594,35,65,-594,20689
"CTGTGCTCAGATCCGC-1","0",62,190,18559,-959,33,65,-959,20691
"CTCCAAGTTGCATGAT-1","0",62,192,18557,-1324,31,65,-1324,20693
"GTATGCCACTATCCAA-1","0",62,194,18556,-1689,29,65,-1689,20694
"GTGACAGGTACAGCTG-1","0",62,196,18554,-2054,27,65,-2054,20696
"GCTTGGTCTGCTTAGC-1","0",62,198,18552,-2420,25,65,-2420,20698
"CTGGCCAATGCGGTAT-1","0",62,200,18550,-2785,23,65,-2785,20700
"CTGGCTGCAATCCAGA-1","0",62,202,18549,-3150,21,65,-3150,20701
"TAGTGATTACCTCGCT-1","0",62,204,18547,-3515,19,65,-3515,20703
"GGTTAGACTACAATCC-1","0",62,206,18545,-3880,17,65,-3880,20705
"ACGCCTACTTGCGAAC-1","0",62,208,18544,-4245,15,65,-4245,20706
"GTAGCATACCGTCTTA-1","0",62,210,18542,-4611,13,65,-4611,20708
"TGATTCATAGTATCTT-1","0",62,212,18540,-4976,11,65,-4976,20710
"GAGTGCCTGTTCGGAG-1","0",62,214,18538,-5341,9,65,-5341,20712
"AATACTCACGCTAATT-1","0",62,216,18537,-5706,7,65,-5706,20713
"ATTATCGTGATAGATG-1","0",62,218,18535,-6071,5,65,-6071,20715
"TCCGCATTAGCCAAGC-1","0",62,220,18533,-6436,3,65,-6436,20717
"GGTAACTCTTATCACG-1","0",62,222,18532,-6802,1,65,-6802,20718
"CCAAGGCTGAGTCGAG-1","0",63,1,19035,33548,222,64,33548,20215
"CCGCTCAGCGACCTTC-1","0",63,3,19033,33183,220,64,33183,20217
"ACCAACATCTCCGGAA-1","0",63,5,19031,32818,218,64,32818,20219
"TGGTATCTTCCTACAA-1","0",63,7,19030,32452,216,64,32452,20220
"CGCTGCCAGACCATGC-1","0",63,9,19028,32087,214,64,32087,20222
"GTACAGTAATCTTAGG-1","0",63,11,19026,31722,212,64,31722,20224
"TCGTATCCAATGCTAA-1","0",63,13,19025,31357,210,64,31357,20225
"GTGGCGCCAACGTAGG-1","0",63,15,19023,30992,208,64,30992,20227
"CAGGTTGCCGCATGCA-1","0",63,17,19021,30627,206,64,30627,20229
"TATTCTAAGGAAGCTT-1","0",63,19,19019,30261,204,64,30261,20231
"ATGCCAGGTGTACGCA-1","0",63,21,19018,29896,202,64,29896,20232
"CGTCGGCCAACACCAT-1","0",63,23,19016,29531,200,64,29531,20234
"AACTAGTCGTCCGGCT-1","0",63,25,19014,29166,198,64,29166,20236
"ACGACAGTTACGTGTC-1","0",63,27,19013,28801,196,64,28801,20237
"ATCACGAGCGATTACC-1","0",63,29,19011,28436,194,64,28436,20239
"TAGTGACCAATCCGGT-1","0",63,31,19009,28070,192,64,28070,20241
"GAACTTATTCTGCACG-1","0",63,33,19007,27705,190,64,27705,20243
"CTTGGAGGAACTGTTC-1","0",63,35,19006,27340,188,64,27340,20244
"TACTGTACCTTACTCG-1","0",63,37,19004,26975,186,64,26975,20246
"GATCCACGTAGCTGTC-1","0",63,39,19002,26610,184,64,26610,20248
"GATTCCTTACGTTCAA-1","0",63,41,19001,26245,182,64,26245,20249
"GGTGTCGTAGCACCGT-1","0",63,43,18999,25879,180,64,25879,20251
"TGAACGCCTTACTCAA-1","0",63,45,18997,25514,178,64,25514,20253
"AGGACCGCAACATAAG-1","0",63,47,18995,25149,176,64,25149,20255
"CAGAATACCGACTCCT-1","0",63,49,18994,24784,174,64,24784,20256
"TGAAGATAGAGCTCCA-1","0",63,51,18992,24419,172,64,24419,20258
"TGCGGATTCTCGTATC-1","0",63,53,18990,24054,170,64,24054,20260
"CAATCATGAGTTACAT-1","1",63,55,18989,23688,168,64,23688,20261
"TGGTACCGTATGACAA-1","0",63,57,18987,23323,166,64,23323,20263
"GTCATCCACGCCGTGA-1","1",63,59,18985,22958,164,64,22958,20265
"CTACTCCTGCTTAGTA-1","1",63,61,18984,22593,162,64,22593,20266
"TCGCCTTAATCACCTA-1","1",63,63,18982,22228,160,64,22228,20268
"CTATTAGAGCAGATGT-1","1",63,65,18980,21863,158,64,21863,20270
"GCTGAAGCTTAATAGA-1","1",63,67,18978,21497,156,64,21497,20272
"CCTCACAAGTCTGTAG-1","1",63,69,18977,21132,154,64,21132,20273
"GCCGTAAGCTTCGAAC-1","1",63,71,18975,20767,152,64,20767,20275
"CCAATACCGTACTAGT-1","1",63,73,18973,20402,150,64,20402,20277
"TCTAGATAGTTGGCAT-1","1",63,75,18972,20037,148,64,20037,20278
"GATCGTGCTATCGTGG-1","1",63,77,18970,19672,146,64,19672,20280
"ACGAGTGCGGTTCATC-1","1",63,79,18968,19306,144,64,19306,20282
"GGCGGATACACCTGGA-1","1",63,81,18966,18941,142,64,18941,20284
"GCGTCAAGGCGTAGCG-1","1",63,83,18965,18576,140,64,18576,20285
"AACGCATACAAGGCGA-1","1",63,85,18963,18211,138,64,18211,20287
"CGACCAACGGAAGTCA-1","1",63,87,18961,17846,136,64,17846,20289
"ATCGTACACCATGAAG-1","1",63,89,18960,17481,134,64,17481,20290
"GGTAGTCCTGGTCTAA-1","1",63,91,18958,17115,132,64,17115,20292
"GACCTCTTGCGGAACC-1","1",63,93,18956,16750,130,64,16750,20294
"CCTTAGTGAACAGCAT-1","1",63,95,18954,16385,128,64,16385,20296
"TGCAGTCTATTCGTGA-1","1",63,97,18953,16020,126,64,16020,20297
"GGCCGCTATCCACGCC-1","1",63,99,18951,15655,124,64,15655,20299
"CCTCGGCAGATCATCC-1","1",63,101,18949,15290,122,64,15290,20301
"TAGACAATCACCTTAC-1","1",63,103,18948,14924,120,64,14924,20302
"GAATGAGTAGTGAGAT-1","1",63,105,18946,14559,118,64,14559,20304
"CTTGGTAGAAGTCGGT-1","1",63,107,18944,14194,116,64,14194,20306
"CGGTGATTAGAACTTC-1","1",63,109,18942,13829,114,64,13829,20308
"GATGCCAAGTGAGTTA-1","1",63,111,18941,13464,112,64,13464,20309
"ATCGCAACGCGTGCCT-1","1",63,113,18939,13099,110,64,13099,20311
"CGTGTACGCTGGCAAT-1","1",63,115,18937,12733,108,64,12733,20313
"GTCGCATAAGGAAGGC-1","1",63,117,18936,12368,106,64,12368,20314
"TGAACGTTAACTGATT-1","1",63,119,18934,12003,104,64,12003,20316
"GTCAACCTAGATTGAG-1","1",63,121,18932,11638,102,64,11638,20318
"TAGAACCTGTGCGGTG-1","1",63,123,18930,11273,100,64,11273,20320
"GTAGGTGACGGCCTGT-1","1",63,125,18929,10908,98,64,10908,20321
"TGCTATACGACCATCC-1","1",63,127,18927,10542,96,64,10542,20323
"CAATGCTACGTGCCAC-1","1",63,129,18925,10177,94,64,10177,20325
"GTTCTAACATCAACCA-1","1",63,131,18924,9812,92,64,9812,20326
"AAGTCTGTCAGAATCT-1","1",63,133,18922,9447,90,64,9447,20328
"CCTCGCGGATCGTTAG-1","1",63,135,18920,9082,88,64,9082,20330
"TCATGAGGTGCGGTCC-1","1",63,137,18918,8717,86,64,8717,20332
"CATCAGCAACTACCTT-1","1",63,139,18917,8351,84,64,8351,20333
"GAGTTCAGTCGGTCAT-1","0",63,141,18915,7986,82,64,7986,20335
"CGGCCGACGTCCAGTC-1","0",63,143,18913,7621,80,64,7621,20337
"TGGAAGGTAGTTGGCT-1","0",63,145,18912,7256,78,64,7256,20338
"TCATGCGTTGAGCGAC-1","0",63,147,18910,6891,76,64,6891,20340
"AGTCATGCTTCCGACG-1","0",63,149,18908,6526,74,64,6526,20342
"TCCAACTTGTATTCAC-1","0",63,151,18906,6160,72,64,6160,20344
"GCGGCTCGGCATGACT-1","0",63,153,18905,5795,70,64,5795,20345
"CATATCCGAACTGTTA-1","0",63,155,18903,5430,68,64,5430,20347
"TGGTTGGAACAGCTTA-1","0",63,157,18901,5065,66,64,5065,20349
"CGGCGTAGCCTCCGCT-1","0",63,159,18900,4700,64,64,4700,20350
"CACTACCTCATGCAAC-1","0",63,161,18898,4335,62,64,4335,20352
"ATTATGGACGCCAAGT-1","0",63,163,18896,3969,60,64,3969,20354
"TGAGGTAGGCGGTTCC-1","0",63,165,18894,3604,58,64,3604,20356
"CATCTGGCACTGCGAC-1","0",63,167,18893,3239,56,64,3239,20357
"CTTCCGCTCCGGAGAT-1","0",63,169,18891,2874,54,64,2874,20359
"CTAGTGTTATAGATTG-1","0",63,171,18889,2509,52,64,2509,20361
"TACTAGGTCTTGATCA-1","0",63,173,18888,2144,50,64,2144,20362
"TGCACGAGAAGGCCGA-1","0",63,175,18886,1778,48,64,1778,20364
"GCTTGAGCATACAATG-1","0",63,177,18884,1413,46,64,1413,20366
"AGCACGCTGCAGCCAT-1","0",63,179,18882,1048,44,64,1048,20368
"ATGCTGTAGGTTCTAC-1","0",63,181,18881,683,42,64,683,20369
"CGTACACTCATATCAA-1","0",63,183,18879,318,40,64,318,20371
"TAGCGTAGACGGATCA-1","0",63,185,18877,-47,38,64,-47,20373
"CTAGCAGGCACCTCAC-1","0",63,187,18876,-413,36,64,-413,20374
"GTCCAGATTCCACTAG-1","0",63,189,18874,-778,34,64,-778,20376
"AAGGTTCGGTTCTGAT-1","0",63,191,18872,-1143,32,64,-1143,20378
"ATCGTAATGCCTAATA-1","0",63,193,18870,-1508,30,64,-1508,20380
"GGAGCGTCAGGATATG-1","0",63,195,18869,-1873,28,64,-1873,20381
"GTCTGACGGACTGGTA-1","0",63,197,18867,-2238,26,64,-2238,20383
"AGCTAGCGGCCTGGTA-1","0",63,199,18865,-2604,24,64,-2604,20385
"CATCGGTCTGGTTCAC-1","0",63,201,18864,-2969,22,64,-2969,20386
"TAGTTCTGATGTAGGC-1","0",63,203,18862,-3334,20,64,-3334,20388
"ATTAGAACCGGCTCTT-1","0",63,205,18860,-3699,18,64,-3699,20390
"AGATAAGTGAGTGGTA-1","0",63,207,18858,-4064,16,64,-4064,20392
"AGTCATGGCCGTCGAT-1","0",63,209,18857,-4429,14,64,-4429,20393
"CTCACCAGCCTGAGAA-1","0",63,211,18855,-4795,12,64,-4795,20395
"ATCCACAACCGGTATC-1","0",63,213,18853,-5160,10,64,-5160,20397
"TGACCAGGTCCGAAGG-1","0",63,215,18852,-5525,8,64,-5525,20398
"GAGTGGAGACGACCGC-1","0",63,217,18850,-5890,6,64,-5890,20400
"GCCTATGATTACCTTC-1","0",63,219,18848,-6255,4,64,-6255,20402
"TGTACCTACCATAGCC-1","0",63,221,18846,-6620,2,64,-6620,20404
"TGAGCATGTAGCATTG-1","0",63,223,18845,-6986,0,64,-6986,20405
"ATCAATGCTGTAGTAA-1","0",64,0,19353,33729,223,63,33729,19897
"ACGCAGTCGCGTTAGG-1","0",64,2,19352,33364,221,63,33364,19898
"CACGCACGGCCGTTCT-1","0",64,4,19350,32999,219,63,32999,19900
"GTACGAGGTGCTCCGA-1","0",64,6,19348,32633,217,63,32633,19902
"GGCCACTACGCATACC-1","0",64,8,19347,32268,215,63,32268,19903
"ATAACCGGATAAGTAG-1","0",64,10,19345,31903,213,63,31903,19905
"CAACGGAAGGCTGTAA-1","0",64,12,19343,31538,211,63,31538,19907
"TCTAGCGACGTAGCGT-1","0",64,14,19341,31173,209,63,31173,19909
"CTGGCCAACCGACCAA-1","0",64,16,19340,30808,207,63,30808,19910
"AACACTCGAAGTATCA-1","0",64,18,19338,30442,205,63,30442,19912
"GATTCCTGACGCTGTT-1","0",64,20,19336,30077,203,63,30077,19914
"TACGTGAGATAATGAC-1","0",64,22,19335,29712,201,63,29712,19915
"CGGCGTAACAATTAGA-1","0",64,24,19333,29347,199,63,29347,19917
"GTTGAGTACTAAGACG-1","0",64,26,19331,28982,197,63,28982,19919
"ATTAGATTATGGACTG-1","0",64,28,19329,28617,195,63,28617,19921
"TCGGTTAAGCACTTGT-1","0",64,30,19328,28251,193,63,28251,19922
"TGCCACTACAGATATT-1","0",64,32,19326,27886,191,63,27886,19924
"CAAGTAGCCGTACCTT-1","0",64,34,19324,27521,189,63,27521,19926
"GTTATCTGTCCATAAT-1","0",64,36,19323,27156,187,63,27156,19927
"TATCAGGAGCACTCAT-1","0",64,38,19321,26791,185,63,26791,19929
"GCCGACGTCCGCAACT-1","0",64,40,19319,26426,183,63,26426,19931
"CACCTCGAAGCAGATA-1","0",64,42,19317,26060,181,63,26060,19933
"AGCGTGGATAGTATGT-1","0",64,44,19316,25695,179,63,25695,19934
"GTAGGCTGACAAGCTA-1","0",64,46,19314,25330,177,63,25330,19936
"GATGAGGTTAGACAAT-1","0",64,48,19312,24965,175,63,24965,19938
"TAAGACGCACTGCTTC-1","0",64,50,19311,24600,173,63,24600,19939
"AGCCATGTCGCATGGT-1","0",64,52,19309,24235,171,63,24235,19941
"TATTCTCGTGAGCAAT-1","0",64,54,19307,23869,169,63,23869,19943
"TGCGAGCTTGCGTGTA-1","0",64,56,19305,23504,167,63,23504,19945
"ATAGTTAATACAGAGG-1","0",64,58,19304,23139,165,63,23139,19946
"AGGTTGATTGTAAGGT-1","1",64,60,19302,22774,163,63,22774,19948
"AGGTGATTAGATAAGC-1","1",64,62,19300,22409,161,63,22409,19950
"ACTCAGGCTTCGTTCA-1","1",64,64,19299,22044,159,63,22044,19951
"CAGAGTAGATGCGGTT-1","1",64,66,19297,21678,157,63,21678,19953
"CATATGCTGATTCTAA-1","1",64,68,19295,21313,155,63,21313,19955
"GGCTCGTAGAACGCCT-1","1",64,70,19293,20948,153,63,20948,19957
"CCTAACTACCGGTACA-1","1",64,72,19292,20583,151,63,20583,19958
"TGTCAATGCTGAGTGA-1","1",64,74,19290,20218,149,63,20218,19960
"TAAGACAATAAGCCGC-1","1",64,76,19288,19853,147,63,19853,19962
"CAACAGTTGCCGAATC-1","1",64,78,19287,19487,145,63,19487,19963
"ATCTTGTAATTACCAT-1","1",64,80,19285,19122,143,63,19122,19965
"AATGAAGACTCAGTAG-1","1",64,82,19283,18757,141,63,18757,19967
"GTATGACCTCACAGGC-1","1",64,84,19281,18392,139,63,18392,19969
"CGCACTACTGGTTGCA-1","1",64,86,19280,18027,137,63,18027,19970
"TATTGTCTATAGTATC-1","1",64,88,19278,17662,135,63,17662,19972
"TGAACGAACCTGAGCC-1","1",64,90,19276,17296,133,63,17296,19974
"ACAGCGGCTACTAACC-1","1",64,92,19275,16931,131,63,16931,19975
"GTCCACGGCATCGGTA-1","0",64,94,19273,16566,129,63,16566,19977
"ACAGAAGTCTGTAAGG-1","0",64,96,19271,16201,127,63,16201,19979
"CTACAGTAACGCCTCG-1","0",64,98,19270,15836,125,63,15836,19980
"GTAGCACGACTCACTG-1","0",64,100,19268,15471,123,63,15471,19982
"GCTACAATGAATGCTA-1","1",64,102,19266,15105,121,63,15105,19984
"ATTCTGGAATCCTGGT-1","1",64,104,19264,14740,119,63,14740,19986
"GTAATGCCACTGTATT-1","1",64,106,19263,14375,117,63,14375,19987
"TCGTATACGGAGACTC-1","1",64,108,19261,14010,115,63,14010,19989
"ATGTGCTTGGTGAGGT-1","1",64,110,19259,13645,113,63,13645,19991
"CGACCAGCTGGCCAAC-1","1",64,112,19258,13280,111,63,13280,19992
"TATGGTGCATACTTGC-1","1",64,114,19256,12914,109,63,12914,19994
"CTCATAATGAGGAAGG-1","1",64,116,19254,12549,107,63,12549,19996
"GTTGAGCTAATACTCA-1","1",64,118,19252,12184,105,63,12184,19998
"AGTATTGGTCCACGTT-1","1",64,120,19251,11819,103,63,11819,19999
"CAACTGCTGGCTATCC-1","1",64,122,19249,11454,101,63,11454,20001
"CCGCTCCGGTCAGAAC-1","1",64,124,19247,11089,99,63,11089,20003
"CTCCAAGCCGGATTCG-1","1",64,126,19246,10723,97,63,10723,20004
"CCAGGATAATCAATAG-1","1",64,128,19244,10358,95,63,10358,20006
"GCTTGGTCTGAGGAAG-1","1",64,130,19242,9993,93,63,9993,20008
"CGTTACGGTTCTCGGA-1","1",64,132,19240,9628,91,63,9628,20010
"ACGTATCCGTACAATG-1","1",64,134,19239,9263,89,63,9263,20011
"GTTATCACGCTTGCTC-1","1",64,136,19237,8898,87,63,8898,20013
"AAGGCGCTACCGTTGT-1","1",64,138,19235,8532,85,63,8532,20015
"ATAGTTGCAGACCTAT-1","1",64,140,19234,8167,83,63,8167,20016
"TACAGATCAGTTGTAC-1","0",64,142,19232,7802,81,63,7802,20018
"ATCCTCCAACTACATT-1","0",64,144,19230,7437,79,63,7437,20020
"GCTCCTCAGTCCTACA-1","0",64,146,19228,7072,77,63,7072,20022
"TGCGCCTGAGGACAAG-1","0",64,148,19227,6707,75,63,6707,20023
"ACCTGGCGCAATAGGC-1","0",64,150,19225,6341,73,63,6341,20025
"CCTACGTGTCGGAAGG-1","0",64,152,19223,5976,71,63,5976,20027
"AGTGTCATTCTACGCT-1","0",64,154,19222,5611,69,63,5611,20028
"CGGCGTAAGCGACAGC-1","0",64,156,19220,5246,67,63,5246,20030
"TAATTGAAGAACCATA-1","0",64,158,19218,4881,65,63,4881,20032
"GTCAACCTAAGCAATG-1","0",64,160,19216,4516,63,63,4516,20034
"TCACTGTCTTGATTCT-1","0",64,162,19215,4150,61,63,4150,20035
"TCCTGCCGTCACTTCT-1","0",64,164,19213,3785,59,63,3785,20037
"GCGATCTTCCATGTGG-1","0",64,166,19211,3420,57,63,3420,20039
"TCGTATGTTCTTGTGA-1","0",64,168,19210,3055,55,63,3055,20040
"CTTGTCTACTTAAGAT-1","0",64,170,19208,2690,53,63,2690,20042
"GTAGCTAGGCCGGATA-1","0",64,172,19206,2325,51,63,2325,20044
"CAACCGATCAGACTAA-1","0",64,174,19204,1959,49,63,1959,20046
"TATGTCGTCATTAACA-1","0",64,176,19203,1594,47,63,1594,20047
"AGTACCACGCCTTCGT-1","0",64,178,19201,1229,45,63,1229,20049
"GATCCAAGAATATCTA-1","0",64,180,19199,864,43,63,864,20051
"CAACTTGGTCCTCACG-1","0",64,182,19198,499,41,63,499,20052
"CTGACTGTAATTGGCC-1","0",64,184,19196,134,39,63,134,20054
"AGGAACGCCGCAGGAA-1","0",64,186,19194,-232,37,63,-232,20056
"TGATGTACTCAATCGC-1","0",64,188,19192,-597,35,63,-597,20058
"AAGGTGCCAACCTAAG-1","0",64,190,19191,-962,33,63,-962,20059
"AGTTGACTGTCCGTGA-1","0",64,192,19189,-1327,31,63,-1327,20061
"AGAACAGCTGCGTGAC-1","0",64,194,19187,-1692,29,63,-1692,20063
"TAAGCAGGTGCGTGTA-1","0",64,196,19186,-2057,27,63,-2057,20064
"GCAACAGCATTACAGG-1","0",64,198,19184,-2423,25,63,-2423,20066
"ATGTAATTCCTGCTCC-1","0",64,200,19182,-2788,23,63,-2788,20068
"TGCCAACGACTCATTG-1","0",64,202,19180,-3153,21,63,-3153,20070
"ATCTACAGTCGCTGCC-1","0",64,204,19179,-3518,19,63,-3518,20071
"ATCGGTACTAAGTTGG-1","0",64,206,19177,-3883,17,63,-3883,20073
"ACAGGTCTGTCGGCCA-1","0",64,208,19175,-4248,15,63,-4248,20075
"TATCACATACAACGTA-1","0",64,210,19174,-4614,13,63,-4614,20076
"GTCAGTTATGCCGCTG-1","0",64,212,19172,-4979,11,63,-4979,20078
"CCGTGGCCAATTGGAT-1","0",64,214,19170,-5344,9,63,-5344,20080
"CCACGTTGTAGCGGAT-1","0",64,216,19168,-5709,7,63,-5709,20082
"GGTGATAATCACCTAA-1","0",64,218,19167,-6074,5,63,-6074,20083
"TGCAGAGCGTGCAGGA-1","0",64,220,19165,-6439,3,63,-6439,20085
"GAGCTACTTCACATCT-1","0",64,222,19163,-6805,1,63,-6805,20087
"TCACGAACTGGACATA-1","0",65,1,19667,33545,222,62,33545,19583
"ACCAAGATTGATTCAA-1","0",65,3,19665,33180,220,62,33180,19585
"TAGGACGGTGCGCAGG-1","0",65,5,19663,32815,218,62,32815,19587
"CGGTGCTGACTGAACA-1","0",65,7,19662,32449,216,62,32449,19588
"CTAACACGTGTTCGAT-1","0",65,9,19660,32084,214,62,32084,19590
"CTCAATGGATGAGCTG-1","0",65,11,19658,31719,212,62,31719,19592
"TCTACTCCAAGGCAGA-1","0",65,13,19656,31354,210,62,31354,19594
"CAATAAGACGCTTGAA-1","0",65,15,19655,30989,208,62,30989,19595
"ATACTCGGCGGATAGA-1","0",65,17,19653,30624,206,62,30624,19597
"GGAAGCGTCTCCGGAC-1","0",65,19,19651,30258,204,62,30258,19599
"GTCAGCCGTCACAGGT-1","0",65,21,19650,29893,202,62,29893,19600
"GTGCTATCCTCGAGCT-1","0",65,23,19648,29528,200,62,29528,19602
"AGTCGGTTGAATTGTA-1","0",65,25,19646,29163,198,62,29163,19604
"GAGGAAGGTTATGACT-1","0",65,27,19644,28798,196,62,28798,19606
"CATTAACCTGGAGTAG-1","0",65,29,19643,28433,194,62,28433,19607
"TACCGCAGAATAAGTG-1","0",65,31,19641,28067,192,62,28067,19609
"GCGTCTCACGAGTGGT-1","0",65,33,19639,27702,190,62,27702,19611
"GATTCCTTAGGAGTAT-1","0",65,35,19638,27337,188,62,27337,19612
"GTTCGGACAGATGTCG-1","0",65,37,19636,26972,186,62,26972,19614
"CACGTCCAGCAAGGAT-1","0",65,39,19634,26607,184,62,26607,19616
"CTCCATCCTGTTAATT-1","0",65,41,19632,26242,182,62,26242,19618
"CATTAACACCGAACGA-1","0",65,43,19631,25876,180,62,25876,19619
"ACATGTTGAGTGCAGT-1","0",65,45,19629,25511,178,62,25511,19621
"TCAAGGCCTACTCCAG-1","0",65,47,19627,25146,176,62,25146,19623
"CTATCCAGGACTTGTA-1","0",65,49,19626,24781,174,62,24781,19624
"GGCAGCGTTCAGCCAA-1","0",65,51,19624,24416,172,62,24416,19626
"TAACGCATTGCACTGC-1","0",65,53,19622,24051,170,62,24051,19628
"ATTGCGCAGGTCATAA-1","1",65,55,19620,23685,168,62,23685,19630
"CGGATAGGTAACGCGG-1","0",65,57,19619,23320,166,62,23320,19631
"GATCACGAATACTAAC-1","1",65,59,19617,22955,164,62,22955,19633
"CGCCGGTCGAAGGCTT-1","1",65,61,19615,22590,162,62,22590,19635
"CGACCTTGGCCTATAC-1","1",65,63,19614,22225,160,62,22225,19636
"TGATAGTCTAAGTTCG-1","1",65,65,19612,21860,158,62,21860,19638
"TAGACCGACTTATGCG-1","1",65,67,19610,21494,156,62,21494,19640
"CTCCATTACTGGTACT-1","1",65,69,19608,21129,154,62,21129,19642
"CAGCGATGCTCAGAGT-1","1",65,71,19607,20764,152,62,20764,19643
"GATTCCATGGAAGTTG-1","1",65,73,19605,20399,150,62,20399,19645
"TCCGTGCGAGATACTG-1","1",65,75,19603,20034,148,62,20034,19647
"GAACGCTTGCGAGCCT-1","1",65,77,19602,19669,146,62,19669,19648
"TCAGCCATGAAGACGT-1","1",65,79,19600,19303,144,62,19303,19650
"CCTCACTAGTTCTTAC-1","1",65,81,19598,18938,142,62,18938,19652
"ACTGACTGGAACGCTG-1","1",65,83,19596,18573,140,62,18573,19654
"TAGTGCCACGGCGACC-1","1",65,85,19595,18208,138,62,18208,19655
"CAGGCTCGCATCTGCG-1","1",65,87,19593,17843,136,62,17843,19657
"GAACATTCTGCCGATT-1","1",65,89,19591,17478,134,62,17478,19659
"AACTGCTTCTGTTGAC-1","1",65,91,19590,17112,132,62,17112,19660
"TGGCTCTAAGCGACGG-1","1",65,93,19588,16747,130,62,16747,19662
"GCGTCAAGAATACGAT-1","0",65,95,19586,16382,128,62,16382,19664
"AGTGCGATCACGAGCC-1","0",65,97,19584,16017,126,62,16017,19666
"TGAATGCGCACGATCG-1","0",65,99,19583,15652,124,62,15652,19667
"CTAATATCATGGTCTG-1","1",65,101,19581,15287,122,62,15287,19669
"ACGAGGCTCGAAGTAG-1","0",65,103,19579,14921,120,62,14921,19671
"AACGTTAGTCACAACT-1","1",65,105,19578,14556,118,62,14556,19672
"ATGACAGAACATGATA-1","1",65,107,19576,14191,116,62,14191,19674
"TGAGGTAGCACGTGGT-1","1",65,109,19574,13826,114,62,13826,19676
"TCGCTTGTACCGCTCC-1","1",65,111,19572,13461,112,62,13461,19678
"GTATGCGACTGGTCGA-1","1",65,113,19571,13096,110,62,13096,19679
"AGAATAACTTAGCCTG-1","1",65,115,19569,12730,108,62,12730,19681
"ATCGTGCCTGAGTTGC-1","1",65,117,19567,12365,106,62,12365,19683
"TCGGTAAGCGATGGAA-1","1",65,119,19566,12000,104,62,12000,19684
"ATTCACTGAGACTGCT-1","1",65,121,19564,11635,102,62,11635,19686
"CCTACGCTGCTCAGAA-1","1",65,123,19562,11270,100,62,11270,19688
"GATTCCGATCGCGATA-1","1",65,125,19560,10905,98,62,10905,19690
"CTCACGGTATGTACGG-1","1",65,127,19559,10539,96,62,10539,19691
"GTATTAGAGGACTCGC-1","1",65,129,19557,10174,94,62,10174,19693
"AGGCATGCGATTCGAC-1","1",65,131,19555,9809,92,62,9809,19695
"GGCTCAGTATTATCTT-1","1",65,133,19554,9444,90,62,9444,19696
"GTGGCGTTCAACGAAG-1","1",65,135,19552,9079,88,62,9079,19698
"TAACGCTCGGAGTGAT-1","1",65,137,19550,8714,86,62,8714,19700
"TCCGTAGGAGTATGCT-1","1",65,139,19548,8348,84,62,8348,19702
"GCATTGTCTGGTGACA-1","1",65,141,19547,7983,82,62,7983,19703
"GTAGCATACCTAGCGA-1","0",65,143,19545,7618,80,62,7618,19705
"GGAGATGCTACGACAA-1","0",65,145,19543,7253,78,62,7253,19707
"CAACCGAACACCAGAT-1","0",65,147,19542,6888,76,62,6888,19708
"TCACGAGCACGGTTGT-1","0",65,149,19540,6523,74,62,6523,19710
"TGGCATGTGGACTGAG-1","0",65,151,19538,6157,72,62,6157,19712
"TGTTCGCTTCTAATCC-1","0",65,153,19536,5792,70,62,5792,19714
"CTCAATCTCACCATGC-1","0",65,155,19535,5427,68,62,5427,19715
"ATTCACATAATGATCG-1","0",65,157,19533,5062,66,62,5062,19717
"AAGGTTCACCGGCTCA-1","0",65,159,19531,4697,64,62,4697,19719
"TCTAACAAGCACCATC-1","0",65,161,19530,4332,62,62,4332,19720
"CCTCTACCACCGAGTA-1","0",65,163,19528,3966,60,62,3966,19722
"GTCGTAGATCACCAGG-1","0",65,165,19526,3601,58,62,3601,19724
"GAAGCGTCCGGTGGTA-1","0",65,167,19524,3236,56,62,3236,19726
"CCACTACCTAAGCCTT-1","0",65,169,19523,2871,54,62,2871,19727
"ACAGCCAATTAGCGAG-1","0",65,171,19521,2506,52,62,2506,19729
"TACGACTGGAGTTAGG-1","0",65,173,19519,2141,50,62,2141,19731
"GACACTAGTTAACCAA-1","0",65,175,19518,1775,48,62,1775,19732
"CCGCTCAGGCCTGCTC-1","0",65,177,19516,1410,46,62,1410,19734
"ATAGTATGCGAACTGT-1","0",65,179,19514,1045,44,62,1045,19736
"TAGTATTAGTCCTATT-1","0",65,181,19512,680,42,62,680,19738
"TCGATTAGCAGAACAG-1","0",65,183,19511,315,40,62,315,19739
"CTATGCTGTCCTTCGC-1","0",65,185,19509,-50,38,62,-50,19741
"CTGGCCAGATTCGCTC-1","0",65,187,19507,-416,36,62,-416,19743
"GACTGTACAAGTGCCG-1","0",65,189,19506,-781,34,62,-781,19744
"AGACTGTCTGAGCGTG-1","0",65,191,19504,-1146,32,62,-1146,19746
"GTTACATCCGTTACAT-1","0",65,193,19502,-1511,30,62,-1511,19748
"GGCAATTAATCCTCAC-1","0",65,195,19500,-1876,28,62,-1876,19750
"ACTCGTTCGCCAGATA-1","0",65,197,19499,-2241,26,62,-2241,19751
"TGCCAGCTGACGGCCG-1","0",65,199,19497,-2607,24,62,-2607,19753
"CCTTCGAGATTGGCGT-1","0",65,201,19495,-2972,22,62,-2972,19755
"GACGGTCGCAAGTCGG-1","0",65,203,19494,-3337,20,62,-3337,19756
"CCGACTTAGAAGACTC-1","0",65,205,19492,-3702,18,62,-3702,19758
"CTGCGTCGTTATGAGT-1","0",65,207,19490,-4067,16,62,-4067,19760
"ATTAGAGTCTGGCGCA-1","0",65,209,19488,-4432,14,62,-4432,19762
"GTCGCATAGCAGGTTA-1","0",65,211,19487,-4798,12,62,-4798,19763
"CGCTTGATGTACTTAC-1","0",65,213,19485,-5163,10,62,-5163,19765
"TCGGAGATGACTATCG-1","0",65,215,19483,-5528,8,62,-5528,19767
"AAGGCCGGATGTCGGC-1","0",65,217,19482,-5893,6,62,-5893,19768
"ATGTGAAGTCTAACCG-1","0",65,219,19480,-6258,4,62,-6258,19770
"AGCGACGCTATTAATC-1","0",65,221,19478,-6623,2,62,-6623,19772
"GATTCCGTCTTAGAAG-1","0",65,223,19476,-6989,0,62,-6989,19774
"CGTTGGTACTGGTGCG-1","0",66,0,19985,33726,223,61,33726,19265
"TGTTAACGAGCGTCCA-1","0",66,2,19983,33361,221,61,33361,19267
"CTGGCTCGTAGGCCTG-1","0",66,4,19982,32996,219,61,32996,19268
"CTTAGTTCTGATCTGC-1","0",66,6,19980,32630,217,61,32630,19270
"GAGTCCTCCAGAATTC-1","0",66,8,19978,32265,215,61,32265,19272
"CCGTATCTCGTGTTCC-1","0",66,10,19977,31900,213,61,31900,19273
"ACTCGTGGAATTCCGA-1","0",66,12,19975,31535,211,61,31535,19275
"GTCTCATATTAGATGA-1","0",66,14,19973,31170,209,61,31170,19277
"TACTAGGTGATAGACA-1","0",66,16,19971,30805,207,61,30805,19279
"GCCAGTAGGACCAATA-1","0",66,18,19970,30439,205,61,30439,19280
"GCTGACGCAGACGGAT-1","0",66,20,19968,30074,203,61,30074,19282
"ACGTATGCATGGCCGG-1","0",66,22,19966,29709,201,61,29709,19284
"TGGATACCACTCCGAA-1","0",66,24,19965,29344,199,61,29344,19285
"GTTGAATCCAACGATT-1","0",66,26,19963,28979,197,61,28979,19287
"TAGGACAGCATATGGA-1","0",66,28,19961,28614,195,61,28614,19289
"GATGGATAAGCTCGAT-1","0",66,30,19959,28248,193,61,28248,19291
"CCAATAGCTGAATGAC-1","0",66,32,19958,27883,191,61,27883,19292
"GTCCTTCCGTTCCGTC-1","0",66,34,19956,27518,189,61,27518,19294
"TACCGGAGATTAATCC-1","0",66,36,19954,27153,187,61,27153,19296
"AGCCTCGAGCATACCT-1","0",66,38,19953,26788,185,61,26788,19297
"CAGCTTCGCACGCTAC-1","0",66,40,19951,26423,183,61,26423,19299
"ACTCGTCAGCAATACG-1","0",66,42,19949,26057,181,61,26057,19301
"GGCTCGCCTCTAAGGT-1","0",66,44,19947,25692,179,61,25692,19303
"TAAGAATGGAACCTGG-1","0",66,46,19946,25327,177,61,25327,19304
"TCATTGAGATAGACGT-1","0",66,48,19944,24962,175,61,24962,19306
"ACCTGTTAACGTGCTT-1","0",66,50,19942,24597,173,61,24597,19308
"GCTGGAGTTAAGGTGG-1","0",66,52,19941,24232,171,61,24232,19309
"ACGCGTCCGCCTAACA-1","0",66,54,19939,23866,169,61,23866,19311
"TGACGCTTCCGTGCTA-1","1",66,56,19937,23501,167,61,23501,19313
"CTGATTAATACAGACA-1","0",66,58,19936,23136,165,61,23136,19314
"AATCGGAACGTAGAGC-1","1",66,60,19934,22771,163,61,22771,19316
"TAAGTGCTTCCTAATC-1","1",66,62,19932,22406,161,61,22406,19318
"CCTCACCGAGGCACAG-1","1",66,64,19930,22041,159,61,22041,19320
"ATGGAGATACCTTCCT-1","1",66,66,19929,21675,157,61,21675,19321
"TCAATTATGGCCTATG-1","1",66,68,19927,21310,155,61,21310,19323
"GATGCCAGCACGGATC-1","1",66,70,19925,20945,153,61,20945,19325
"GACCTGCAGCTAACTG-1","1",66,72,19924,20580,151,61,20580,19326
"GTCGATCCATTAAGTG-1","1",66,74,19922,20215,149,61,20215,19328
"TGGAAGCTCGAATATT-1","1",66,76,19920,19850,147,61,19850,19330
"ATTAGATCTTAAGACT-1","1",66,78,19918,19484,145,61,19484,19332
"TATTCTAGATCGTGGT-1","1",66,80,19917,19119,143,61,19119,19333
"GAGCTAAGTGGCTGAA-1","1",66,82,19915,18754,141,61,18754,19335
"GTAGGTCCACTCAAGC-1","1",66,84,19913,18389,139,61,18389,19337
"TACAAGCAGTGAGCGA-1","1",66,86,19912,18024,137,61,18024,19338
"GTACGACCGACTGCGA-1","1",66,88,19910,17659,135,61,17659,19340
"TCTACTAGCGGTCACG-1","1",66,90,19908,17293,133,61,17293,19342
"CTAGCAACTGGACAGA-1","1",66,92,19906,16928,131,61,16928,19344
"AACATGACGCCTGGAC-1","1",66,94,19905,16563,129,61,16563,19345
"GAAGGCTGCAAGTCTT-1","0",66,96,19903,16198,127,61,16198,19347
"CGCTGCACTAATACAT-1","0",66,98,19901,15833,125,61,15833,19349
"CTCACCTGCGTTATAG-1","0",66,100,19900,15468,123,61,15468,19350
"GTCGTGTCGGAGATTA-1","0",66,102,19898,15102,121,61,15102,19352
"CTTCCACCGGTAGTAT-1","0",66,104,19896,14737,119,61,14737,19354
"AGCCGTAATGTAGATT-1","1",66,106,19894,14372,117,61,14372,19356
"ACTTACAATTCCTCAT-1","1",66,108,19893,14007,115,61,14007,19357
"TCCGTACCACTCTTAT-1","1",66,110,19891,13642,113,61,13642,19359
"CTGGTGATCACTCCGT-1","1",66,112,19889,13277,111,61,13277,19361
"TGACAGCTTCGATGTA-1","1",66,114,19888,12911,109,61,12911,19362
"GCGTCGGTATTCGCCG-1","1",66,116,19886,12546,107,61,12546,19364
"CAGTTGGTCGGCATCC-1","1",66,118,19884,12181,105,61,12181,19366
"TGCACGTATTGGTACG-1","1",66,120,19882,11816,103,61,11816,19368
"AGCGAGTTACGTACCT-1","1",66,122,19881,11451,101,61,11451,19369
"GGTAGCAATTGGTTCT-1","1",66,124,19879,11086,99,61,11086,19371
"ACGTATACTAGGCAAT-1","1",66,126,19877,10721,97,61,10721,19373
"TGATGGAGTCTTGGTT-1","1",66,128,19876,10355,95,61,10355,19374
"CTGATTAAGCATAACA-1","1",66,130,19874,9990,93,61,9990,19376
"TCGCTTGTCGGCTGCA-1","1",66,132,19872,9625,91,61,9625,19378
"AGATCAGCCAGGACCA-1","1",66,134,19870,9260,89,61,9260,19380
"CCACCGTATGAATGCG-1","1",66,136,19869,8895,87,61,8895,19381
"CGGTCCTTCCGCTTGG-1","1",66,138,19867,8530,85,61,8530,19383
"ATAGTTACCTTCGTAA-1","1",66,140,19865,8164,83,61,8164,19385
"ATTGAAGACCTCGCAG-1","0",66,142,19864,7799,81,61,7799,19386
"GCGAATTGGACAACTC-1","0",66,144,19862,7434,79,61,7434,19388
"CTGTACCTCATACCGG-1","0",66,146,19860,7069,77,61,7069,19390
"GAAGCGGAACTTGAGC-1","0",66,148,19858,6704,75,61,6704,19392
"CGCATCTTACGCAACT-1","0",66,150,19857,6339,73,61,6339,19393
"CTTATCGAACTTACTC-1","0",66,152,19855,5973,71,61,5973,19395
"TGCAGACGGTTAAGGT-1","0",66,154,19853,5608,69,61,5608,19397
"ATCTCCGCAAGACGCT-1","0",66,156,19852,5243,67,61,5243,19398
"ACTTGTCGTGTCTGGC-1","0",66,158,19850,4878,65,61,4878,19400
"TACGTGCGCATTAACG-1","0",66,160,19848,4513,63,61,4513,19402
"CCTATCATGCAAGGTA-1","0",66,162,19846,4148,61,61,4148,19404
"GCGAAGATGCGTAAGG-1","0",66,164,19845,3782,59,61,3782,19405
"AAGTTCAACTGGATTC-1","0",66,166,19843,3417,57,61,3417,19407
"TGTCGATCGAACTCAC-1","0",66,168,19841,3052,55,61,3052,19409
"CAGACGGAAGACAACT-1","0",66,170,19840,2687,53,61,2687,19410
"GCTCTGATTAGCTGTT-1","0",66,172,19838,2322,51,61,2322,19412
"ACATAGGTCTGGATAC-1","0",66,174,19836,1957,49,61,1957,19414
"CTATCGTTGGTGTCTT-1","0",66,176,19834,1591,47,61,1591,19416
"CGGCTTCCGGATTGTA-1","0",66,178,19833,1226,45,61,1226,19417
"CATGGTGCTACGTTGT-1","0",66,180,19831,861,43,61,861,19419
"AGATCTCCTTATCCGG-1","0",66,182,19829,496,41,61,496,19421
"AGGAATCCTTCGGAGC-1","0",66,184,19828,131,39,61,131,19422
"AGCGAGCCTGTCACTC-1","0",66,186,19826,-234,37,61,-234,19424
"GGTAAGATGCCTTGCT-1","0",66,188,19824,-600,35,61,-600,19426
"AGGCCTTGGTACCTGT-1","0",66,190,19822,-965,33,61,-965,19428
"AGCTACCTGTGGCGTT-1","0",66,192,19821,-1330,31,61,-1330,19429
"CATGTAGCTGCGCTAA-1","0",66,194,19819,-1695,29,61,-1695,19431
"GTCTATCCATTCACAA-1","0",66,196,19817,-2060,27,61,-2060,19433
"TAGGAAGACGGCGAGC-1","0",66,198,19816,-2425,25,61,-2425,19434
"GTAGACAAGCTCACGC-1","0",66,200,19814,-2791,23,61,-2791,19436
"TGGCTGGTATAACTCC-1","0",66,202,19812,-3156,21,61,-3156,19438
"AGACCGAGCTGTATGG-1","0",66,204,19810,-3521,19,61,-3521,19440
"GGTAACTCTATGACGG-1","0",66,206,19809,-3886,17,61,-3886,19441
"ACCAAGCATGGACTCC-1","0",66,208,19807,-4251,15,61,-4251,19443
"TATCGCACGGATGATA-1","0",66,210,19805,-4616,13,61,-4616,19445
"TGGTTGGCTTGGTCAC-1","0",66,212,19804,-4982,11,61,-4982,19446
"GTAACACGGAAGCTGT-1","0",66,214,19802,-5347,9,61,-5347,19448
"CAAGTGGAGTGCAGCC-1","0",66,216,19800,-5712,7,61,-5712,19450
"TGTCTTCAGCGTCAGC-1","0",66,218,19798,-6077,5,61,-6077,19452
"TACAAGCCAGGTGGAA-1","0",66,220,19797,-6442,3,61,-6442,19453
"GCACGCACTGCTAAGA-1","0",66,222,19795,-6807,1,61,-6807,19455
"CTGGCGCCGGTGTTAT-1","0",67,1,20298,33542,222,60,33542,18952
"ACAGAACTAAGTCCTC-1","0",67,3,20297,33177,220,60,33177,18953
"CTGCATGCTAACGTAA-1","0",67,5,20295,32812,218,60,32812,18955
"CGCTATCTCAGTTAGA-1","0",67,7,20293,32446,216,60,32446,18957
"GGTGCATGCGTCCAAT-1","0",67,9,20292,32081,214,60,32081,18958
"GACATTATCTCGGCTT-1","0",67,11,20290,31716,212,60,31716,18960
"TCAACCAGTGAGGACG-1","0",67,13,20288,31351,210,60,31351,18962
"AACGTGAAGTAACTGG-1","0",67,15,20286,30986,208,60,30986,18964
"ATCAGGCTCAGGCCGC-1","0",67,17,20285,30621,206,60,30621,18965
"CTACAATGGATCGCAG-1","0",67,19,20283,30255,204,60,30255,18967
"CCAGCGTATCCATGTC-1","0",67,21,20281,29890,202,60,29890,18969
"ACTTGGTGGATCGAGT-1","0",67,23,20280,29525,200,60,29525,18970
"ACCTAATTCATCTTAG-1","0",67,25,20278,29160,198,60,29160,18972
"TACTAAGGTACGTACC-1","0",67,27,20276,28795,196,60,28795,18974
"GACACGGACACGTACG-1","0",67,29,20274,28430,194,60,28430,18976
"CTGGCTGCCGAGAACA-1","0",67,31,20273,28064,192,60,28064,18977
"TCGGAACGACGGAATT-1","0",67,33,20271,27699,190,60,27699,18979
"TGATGGTTAGTGATCA-1","0",67,35,20269,27334,188,60,27334,18981
"AGACCTGCTAATACGC-1","0",67,37,20268,26969,186,60,26969,18982
"GCTGCGCACCGCAGTT-1","0",67,39,20266,26604,184,60,26604,18984
"ATGAGTCTGTTGAACC-1","0",67,41,20264,26239,182,60,26239,18986
"AGCCGTGATGTCATAG-1","0",67,43,20262,25873,180,60,25873,18988
"GAGTAGACTATTAACC-1","0",67,45,20261,25508,178,60,25508,18989
"ATTACCGGCCTGGATA-1","0",67,47,20259,25143,176,60,25143,18991
"GAGCCGACGTTGGACG-1","0",67,49,20257,24778,174,60,24778,18993
"AGTATTGGTGATTCAG-1","0",67,51,20256,24413,172,60,24413,18994
"CGCACGCCAGGTAATT-1","0",67,53,20254,24048,170,60,24048,18996
"CTGGAACAATGTCGGA-1","0",67,55,20252,23682,168,60,23682,18998
"TCCAACGTACCTAAGG-1","0",67,57,20250,23317,166,60,23317,19000
"CCTACCACTTCAAGAC-1","0",67,59,20249,22952,164,60,22952,19001
"GTGGCGGACACTGGAA-1","1",67,61,20247,22587,162,60,22587,19003
"GCCGACCGACTGTTAG-1","1",67,63,20245,22222,160,60,22222,19005
"AACTGCTTGGTTGAAT-1","1",67,65,20244,21857,158,60,21857,19006
"ACATGTATTGAGGCCT-1","1",67,67,20242,21491,156,60,21491,19008
"CAGAACCACGGTACGC-1","1",67,69,20240,21126,154,60,21126,19010
"CACCTCGATTATAGTG-1","1",67,71,20238,20761,152,60,20761,19012
"TATTGTCAGGTAGTAA-1","1",67,73,20237,20396,150,60,20396,19013
"CTATTCGGATTATCAT-1","1",67,75,20235,20031,148,60,20031,19015
"AGTCATTCCTCGGTGG-1","1",67,77,20233,19666,146,60,19666,19017
"TGTCCTCATACCGACT-1","1",67,79,20232,19300,144,60,19300,19018
"TAAGGTATCCACCGCT-1","1",67,81,20230,18935,142,60,18935,19020
"CTTGCGTGCTTGTCAG-1","1",67,83,20228,18570,140,60,18570,19022
"ACGTTACAACGTTATC-1","1",67,85,20226,18205,138,60,18205,19024
"ATACTGGCGTCCAAGA-1","1",67,87,20225,17840,136,60,17840,19025
"TGATTCGTCTCGTATG-1","1",67,89,20223,17475,134,60,17475,19027
"TCCGTGTTCTAATGAT-1","1",67,91,20221,17109,132,60,17109,19029
"CAGTGATGAAGACGAA-1","1",67,93,20220,16744,130,60,16744,19030
"TCAACATCGATTAACA-1","1",67,95,20218,16379,128,60,16379,19032
"GTAACATCAGCTATTC-1","0",67,97,20216,16014,126,60,16014,19034
"TGCTGTAACGCTTCTA-1","0",67,99,20214,15649,124,60,15649,19036
"GTATACAGCCGTCATG-1","0",67,101,20213,15284,122,60,15284,19037
"TAACGCGGCTGAGGAC-1","0",67,103,20211,14918,120,60,14918,19039
"CGTACTTAGGACTCAG-1","0",67,105,20209,14553,118,60,14553,19041
"TAGTGATAGTTCCTCA-1","1",67,107,20208,14188,116,60,14188,19042
"TACGTATCGCGATCAG-1","1",67,109,20206,13823,114,60,13823,19044
"CTCGCTTGCCATTGGC-1","1",67,111,20204,13458,112,60,13458,19046
"CGGCTGACATCTCCGC-1","1",67,113,20202,13093,110,60,13093,19048
"GGACCGCTCGGCTGCA-1","1",67,115,20201,12727,108,60,12727,19049
"TAGTATCGAGCCGATG-1","1",67,117,20199,12362,106,60,12362,19051
"TAAGGTATACGAACGG-1","1",67,119,20197,11997,104,60,11997,19053
"CTTCTAACGGTCTGTC-1","1",67,121,20196,11632,102,60,11632,19054
"GGCTGATGGTCCAGCA-1","1",67,123,20194,11267,100,60,11267,19056
"TGAACGATGTTGAGGA-1","1",67,125,20192,10902,98,60,10902,19058
"ATCGCAGCAAGTCTGT-1","1",67,127,20190,10536,96,60,10536,19060
"CCTCACCTAACGTTCA-1","1",67,129,20189,10171,94,60,10171,19061
"TCAGATTACATGACGA-1","1",67,131,20187,9806,92,60,9806,19063
"GATTCAGCTTAGGCTT-1","1",67,133,20185,9441,90,60,9441,19065
"CCTCGCGACGCTTACT-1","1",67,135,20184,9076,88,60,9076,19066
"TAGACATTCCATACAT-1","1",67,137,20182,8711,86,60,8711,19068
"ATTACACGCCTAAGTC-1","1",67,139,20180,8345,84,60,8345,19070
"GTGACTGCTCCTCGAG-1","1",67,141,20178,7980,82,60,7980,19072
"AGTGTAAGACGCGGAC-1","0",67,143,20177,7615,80,60,7615,19073
"GGAGATTCCTTATGGC-1","0",67,145,20175,7250,78,60,7250,19075
"ACTCGAATGCAGTACC-1","0",67,147,20173,6885,76,60,6885,19077
"AACGAACAAGGCCGAG-1","0",67,149,20172,6520,74,60,6520,19078
"GCCGACCTGTGATCGA-1","0",67,151,20170,6154,72,60,6154,19080
"TGCGATGTACTTCAGT-1","0",67,153,20168,5789,70,60,5789,19082
"AAGGACTGCAGACCTC-1","0",67,155,20166,5424,68,60,5424,19084
"TCGCCTAGCGCTGCAA-1","0",67,157,20165,5059,66,60,5059,19085
"CTCCAACAATTATCCT-1","0",67,159,20163,4694,64,60,4694,19087
"TGACCATGGAATCCAG-1","0",67,161,20161,4329,62,60,4329,19089
"GCCTATAGGATAGTAC-1","0",67,163,20160,3963,60,60,3963,19090
"GGTGCGAGTGAAGTTG-1","0",67,165,20158,3598,58,60,3598,19092
"GTTCCGTGCATCGTTC-1","0",67,167,20156,3233,56,60,3233,19094
"TGAATGTTAATCTGCG-1","0",67,169,20154,2868,54,60,2868,19096
"CCAGGACGTGCAAGTG-1","0",67,171,20153,2503,52,60,2503,19097
"CAGCTGTCACCGATCT-1","0",67,173,20151,2138,50,60,2138,19099
"GCTTACCTTCCTTGGT-1","0",67,175,20149,1772,48,60,1772,19101
"CCTCGGCGGTAATATC-1","0",67,177,20148,1407,46,60,1407,19102
"GACTTGCGCTGGCGCT-1","1",67,179,20146,1042,44,60,1042,19104
"TGCGGATCGACATTCG-1","0",67,181,20144,677,42,60,677,19106
"ACGTGGTTCTCGGATA-1","0",67,183,20142,312,40,60,312,19108
"TGTCCTTGACTAAGGC-1","0",67,185,20141,-53,38,60,-53,19109
"ATGATATTGAGTAACA-1","0",67,187,20139,-419,36,60,-419,19111
"GCACTCCGGTTGGAAG-1","0",67,189,20137,-784,34,60,-784,19113
"GATATGGCGACCGTCT-1","0",67,191,20136,-1149,32,60,-1149,19114
"CGAATGCCGTACGACC-1","0",67,193,20134,-1514,30,60,-1514,19116
"GTCGCAGATATTCGCT-1","0",67,195,20132,-1879,28,60,-1879,19118
"AGCGGTCTTGCCTGCA-1","0",67,197,20130,-2244,26,60,-2244,19120
"AGCACGTGAGTGCCAG-1","0",67,199,20129,-2610,24,60,-2610,19121
"TCTACACTTAATTGAA-1","0",67,201,20127,-2975,22,60,-2975,19123
"ATCGATGAAGGTATGA-1","0",67,203,20125,-3340,20,60,-3340,19125
"CTAACAGACGCATATC-1","0",67,205,20124,-3705,18,60,-3705,19126
"TAGTGAATCTCATCAA-1","0",67,207,20122,-4070,16,60,-4070,19128
"ATACCTTAGCATGGCG-1","0",67,209,20120,-4435,14,60,-4435,19130
"TCATGGAACAGCTGAT-1","0",67,211,20118,-4801,12,60,-4801,19132
"ATAGGCGGTTCAGGAA-1","0",67,213,20117,-5166,10,60,-5166,19133
"TGCAGCTTGTGAATTG-1","0",67,215,20115,-5531,8,60,-5531,19135
"CGCTTAGAGCCAATTC-1","0",67,217,20113,-5896,6,60,-5896,19137
"GAACGGAAGAACTATT-1","0",67,219,20112,-6261,4,60,-6261,19138
"GAAGACTATCAACTGG-1","0",67,221,20110,-6626,2,60,-6626,19140
"CGCATATCGTTGCGTG-1","0",67,223,20108,-6992,0,60,-6992,19142
"ACAGCGGTGCTCACTA-1","0",68,0,20617,33723,223,59,33723,18633
"TGGACAGCACAATGGT-1","0",68,2,20615,33358,221,59,33358,18635
"CAGTGCGATCGTTCCG-1","0",68,4,20614,32993,219,59,32993,18636
"AGTTAATTGTACGTTC-1","0",68,6,20612,32628,217,59,32628,18638
"TCTAGCATGGAGTATC-1","0",68,8,20610,32262,215,59,32262,18640
"ATCTGGATTCCACCTA-1","0",68,10,20608,31897,213,59,31897,18642
"TCAGATCTCGGCCATC-1","0",68,12,20607,31532,211,59,31532,18643
"CATAATGCGGAGTCTG-1","0",68,14,20605,31167,209,59,31167,18645
"TAACGCTTGACCTCCG-1","0",68,16,20603,30802,207,59,30802,18647
"CTACTCTGAAGAATGC-1","0",68,18,20602,30437,205,59,30437,18648
"CCGCTCGGTTGAGGTG-1","0",68,20,20600,30071,203,59,30071,18650
"CTCCTTATAACACTCG-1","0",68,22,20598,29706,201,59,29706,18652
"GTAGCCGCATTAGAAG-1","0",68,24,20596,29341,199,59,29341,18654
"TCAAGGAGATACTCAA-1","0",68,26,20595,28976,197,59,28976,18655
"GCGTTCCGACAGCAGG-1","0",68,28,20593,28611,195,59,28611,18657
"GAGTGCTCTTGGTTGC-1","0",68,30,20591,28246,193,59,28246,18659
"CAGAGGATAGGCCAAG-1","0",68,32,20590,27880,191,59,27880,18660
"GCTCGCATCTCGGCGT-1","0",68,34,20588,27515,189,59,27515,18662
"TCAGTCGTCAGAACGG-1","0",68,36,20586,27150,187,59,27150,18664
"AGTGCGACATTGCTCG-1","0",68,38,20584,26785,185,59,26785,18666
"CACGCCATTCTTGTCA-1","0",68,40,20583,26420,183,59,26420,18667
"TGGTGCTTGCGTATCT-1","0",68,42,20581,26055,181,59,26055,18669
"GCTGACTCTGCGTTAC-1","0",68,44,20579,25689,179,59,25689,18671
"TGAATGGCAGCTGTCA-1","0",68,46,20578,25324,177,59,25324,18672
"ATTCTACTCGAACGAA-1","0",68,48,20576,24959,175,59,24959,18674
"GCGTCGCCGTTATGCC-1","0",68,50,20574,24594,173,59,24594,18676
"ATTACAAGGTCGGTCA-1","0",68,52,20572,24229,171,59,24229,18678
"GTTAGGCTGGAGTGTA-1","0",68,54,20571,23864,169,59,23864,18679
"TAGCCGTCGCCACTGT-1","0",68,56,20569,23498,167,59,23498,18681
"TAGACATATGTACCTT-1","0",68,58,20567,23133,165,59,23133,18683
"ACGTCATACAGCTTGA-1","1",68,60,20566,22768,163,59,22768,18684
"CTCATCTACTATGAAG-1","1",68,62,20564,22403,161,59,22403,18686
"GTGGAGCTTGCCAACG-1","1",68,64,20562,22038,159,59,22038,18688
"ACATTGGATTAATGGA-1","1",68,66,20560,21673,157,59,21673,18690
"CGAGCGGCATCCTCTT-1","1",68,68,20559,21307,155,59,21307,18691
"GGAACTACAGCTCGCA-1","1",68,70,20557,20942,153,59,20942,18693
"GTCTCGCAAGCTATCT-1","1",68,72,20555,20577,151,59,20577,18695
"CAACTTGTTCCAGAAT-1","1",68,74,20554,20212,149,59,20212,18696
"AGGTACTTACGACCGA-1","1",68,76,20552,19847,147,59,19847,18698
"GTATGCCGACGGTTCC-1","1",68,78,20550,19482,145,59,19482,18700
"TGTATGATCGTTAACC-1","1",68,80,20548,19116,143,59,19116,18702
"CATACTCGTTCTTGAA-1","1",68,82,20547,18751,141,59,18751,18703
"TGCAGAAGGCGTTCAG-1","1",68,84,20545,18386,139,59,18386,18705
"GTCAGCTTCAGCCAGT-1","1",68,86,20543,18021,137,59,18021,18707
"ATTCTACGGCGAGTCT-1","1",68,88,20542,17656,135,59,17656,18708
"AGGATAATGCTCTAAG-1","1",68,90,20540,17291,133,59,17291,18710
"AGTTAGCTAGTCACCG-1","1",68,92,20538,16925,131,59,16925,18712
"AGCGACGCAAGCTGAT-1","1",68,94,20536,16560,129,59,16560,18714
"TAGCTAAGTCCTGCTT-1","1",68,96,20535,16195,127,59,16195,18715
"GTACAGATGGAGACTT-1","0",68,98,20533,15830,125,59,15830,18717
"AAGCACTCGTTCGCCA-1","0",68,100,20531,15465,123,59,15465,18719
"CGCTTGATCTCGCAGC-1","0",68,102,20530,15100,121,59,15100,18720
"GCACGCCTGTTCCTAT-1","0",68,104,20528,14734,119,59,14734,18722
"TGGCATGTAGTGCACT-1","0",68,106,20526,14369,117,59,14369,18724
"CTCCACTTCTTAGAGG-1","1",68,108,20524,14004,115,59,14004,18726
"GGTCCTGCTATTGTAA-1","1",68,110,20523,13639,113,59,13639,18727
"GCGGTCATTAGTCCAA-1","1",68,112,20521,13274,111,59,13274,18729
"ACCTGCATTCGAACGT-1","1",68,114,20519,12909,109,59,12909,18731
"GCAATCGTCAAGTCGT-1","1",68,116,20518,12543,107,59,12543,18732
"TGAGCCTACGCCGAAT-1","1",68,118,20516,12178,105,59,12178,18734
"CTACGAGTATCAGATA-1","1",68,120,20514,11813,103,59,11813,18736
"TATTGAAGATGTAGTG-1","1",68,122,20512,11448,101,59,11448,18738
"CAATGGCCGCTTACGA-1","1",68,124,20511,11083,99,59,11083,18739
"GTCCATCACTCAATTG-1","1",68,126,20509,10718,97,59,10718,18741
"CGGTTGTCAGCTGACC-1","1",68,128,20507,10352,95,59,10352,18743
"AATAGCGAGTAGATAC-1","1",68,130,20506,9987,93,59,9987,18744
"TCTTACGGCATATCGC-1","1",68,132,20504,9622,91,59,9622,18746
"AAGACATCTAAGTATC-1","1",68,134,20502,9257,89,59,9257,18748
"CTCATCCAGCTTAAGG-1","1",68,136,20500,8892,87,59,8892,18750
"CGCATATCTGGAAGGA-1","1",68,138,20499,8527,85,59,8527,18751
"ATGTTAACGCTAACTT-1","1",68,140,20497,8161,83,59,8161,18753
"CGGAGTTCACTACCGG-1","0",68,142,20495,7796,81,59,7796,18755
"CCGTATTCAATCCTGC-1","0",68,144,20494,7431,79,59,7431,18756
"TAAGCATTGGAGTGGC-1","0",68,146,20492,7066,77,59,7066,18758
"CTGCGACATTATGGCC-1","0",68,148,20490,6701,75,59,6701,18760
"TCCAGTCACTGTATAG-1","0",68,150,20488,6336,73,59,6336,18762
"CGCACGTTCGTGGATT-1","0",68,152,20487,5970,71,59,5970,18763
"GGTACGATGTTCTGTA-1","0",68,154,20485,5605,69,59,5605,18765
"ATCTCGGATCGGAGCA-1","0",68,156,20483,5240,67,59,5240,18767
"GCACAGGTATCGGTCG-1","0",68,158,20482,4875,65,59,4875,18768
"TGAGATCATATTAATC-1","0",68,160,20480,4510,63,59,4510,18770
"ATGACAGAGCTAACTA-1","0",68,162,20478,4145,61,59,4145,18772
"ATTGACGATGCGGCCA-1","0",68,164,20476,3779,59,59,3779,18774
"GCTTATCCTGTAACGG-1","0",68,166,20475,3414,57,59,3414,18775
"GGTTATAATCACGCTC-1","0",68,168,20473,3049,55,59,3049,18777
"TCCTCAGTCTGTCAGA-1","0",68,170,20471,2684,53,59,2684,18779
"ATGTCGAGCCTTGTTA-1","0",68,172,20470,2319,51,59,2319,18780
"GTATAACTGCGTTACA-1","0",68,174,20468,1954,49,59,1954,18782
"CCTTCTCACGGTCAGG-1","1",68,176,20466,1588,47,59,1588,18784
"GTAATAAGCACCAATG-1","1",68,178,20464,1223,45,59,1223,18786
"TCACCACTCACGCTTG-1","0",68,180,20463,858,43,59,858,18787
"TGTTCGATCTAAGGCG-1","0",68,182,20461,493,41,59,493,18789
"CGTAGTTAGATCAAGC-1","0",68,184,20459,128,39,59,128,18791
"AGGATTCACGATGGAT-1","0",68,186,20458,-237,37,59,-237,18792
"GTTGCTGTTGCCTCAA-1","0",68,188,20456,-603,35,59,-603,18794
"GGTAGGTAGCCAGTAT-1","0",68,190,20454,-968,33,59,-968,18796
"GTCAGCGGTGTTCATT-1","0",68,192,20452,-1333,31,59,-1333,18798
"ATGGAGGCAACTTCAA-1","0",68,194,20451,-1698,29,59,-1698,18799
"CTTATCCAGTCAGGAC-1","0",68,196,20449,-2063,27,59,-2063,18801
"GAGCATCCAGGCTAGA-1","0",68,198,20447,-2428,25,59,-2428,18803
"ATGTACCTCAAGCCTC-1","0",68,200,20446,-2794,23,59,-2794,18804
"TAAGCACTGCGGCATT-1","0",68,202,20444,-3159,21,59,-3159,18806
"GATTCGCCTTCCGGCA-1","0",68,204,20442,-3524,19,59,-3524,18808
"GAAGTCGCCTACTTAA-1","0",68,206,20440,-3889,17,59,-3889,18810
"GCCTCAGTATACGGAC-1","0",68,208,20439,-4254,15,59,-4254,18811
"ACTCGTGGCAGCGTCG-1","0",68,210,20437,-4619,13,59,-4619,18813
"TGCGCCATAAGCGGCT-1","0",68,212,20435,-4985,11,59,-4985,18815
"GTTGGTCAGGCAGGAC-1","0",68,214,20434,-5350,9,59,-5350,18816
"GCGGTCGTTAAGATGT-1","0",68,216,20432,-5715,7,59,-5715,18818
"ATAAGACTCGGCCTCG-1","0",68,218,20430,-6080,5,59,-6080,18820
"ATCCACCTCAGCATCT-1","0",68,220,20428,-6445,3,59,-6445,18822
"GCGTTCGTTACGCTTA-1","0",68,222,20427,-6810,1,59,-6810,18823
"CTCATACCAACGGTGA-1","0",69,1,20930,33539,222,58,33539,18320
"AACTTCACAGTTGGAG-1","0",69,3,20928,33174,220,58,33174,18322
"AGATACGCTTAATTAA-1","0",69,5,20927,32809,218,58,32809,18323
"CCTCGCTATCCGAGAC-1","0",69,7,20925,32443,216,58,32443,18325
"ATACTTGCGGTCTGTA-1","0",69,9,20923,32078,214,58,32078,18327
"TGGATCGAGCATTAGC-1","0",69,11,20922,31713,212,58,31713,18328
"CAGCTTACCGGCCTTG-1","0",69,13,20920,31348,210,58,31348,18330
"GTCAGTTGACATCGCT-1","0",69,15,20918,30983,208,58,30983,18332
"ACAACTATCTACTCCA-1","0",69,17,20916,30618,206,58,30618,18334
"CTCAGGTAACTCTACT-1","0",69,19,20915,30252,204,58,30252,18335
"GTCGCATGGTCGTGTC-1","0",69,21,20913,29887,202,58,29887,18337
"CAGCGATCGGCGATGT-1","0",69,23,20911,29522,200,58,29522,18339
"CGGTTAGACCACCTCC-1","0",69,25,20910,29157,198,58,29157,18340
"CGGCGTCATGGCCTTC-1","0",69,27,20908,28792,196,58,28792,18342
"ACCAAGCCGCACGGAA-1","0",69,29,20906,28427,194,58,28427,18344
"CATAAGCGCACCAGCC-1","0",69,31,20904,28061,192,58,28061,18346
"GTGGCGCCATGAATAA-1","0",69,33,20903,27696,190,58,27696,18347
"TATTCTTGCTTGATAG-1","0",69,35,20901,27331,188,58,27331,18349
"ACAATGCTGACCGGTC-1","0",69,37,20899,26966,186,58,26966,18351
"TAGGATGGAATGTCGC-1","0",69,39,20898,26601,184,58,26601,18352
"CTCGGACCGTGCCTTA-1","0",69,41,20896,26236,182,58,26236,18354
"GGAACAATTGTACAAC-1","0",69,43,20894,25870,180,58,25870,18356
"AGCTGTCGTTATCCTC-1","0",69,45,20892,25505,178,58,25505,18358
"TCTACTGCGTTACTGG-1","0",69,47,20891,25140,176,58,25140,18359
"TGAGTTCTAACTACTT-1","0",69,49,20889,24775,174,58,24775,18361
"TGCAACTCTTGCATAC-1","0",69,51,20887,24410,172,58,24410,18363
"GATATCGAAGCAACAG-1","0",69,53,20886,24045,170,58,24045,18364
"CAAGATCCGCATGGCG-1","0",69,55,20884,23679,168,58,23679,18366
"TAACGCTCGCAGCCGG-1","0",69,57,20882,23314,166,58,23314,18368
"AATTCAAGGCACGATC-1","0",69,59,20880,22949,164,58,22949,18370
"GTCCGCTTGGCTATAC-1","1",69,61,20879,22584,162,58,22584,18371
"TGCTGTGCTAACTGCT-1","1",69,63,20877,22219,160,58,22219,18373
"GTGCACCATTAAGTCT-1","1",69,65,20875,21854,158,58,21854,18375
"TATGAAGTTGAGCGAA-1","1",69,67,20874,21488,156,58,21488,18376
"CTGCCTCAGCTTCAGG-1","1",69,69,20872,21123,154,58,21123,18378
"AGATGACATATGCCTA-1","1",69,71,20870,20758,152,58,20758,18380
"GTCGCAACGTAACACG-1","1",69,73,20868,20393,150,58,20393,18382
"TAATTAACTCCAGGAT-1","1",69,75,20867,20028,148,58,20028,18383
"CACGCTATGGTCAAGG-1","1",69,77,20865,19663,146,58,19663,18385
"GTGCCTGGCAGCACTG-1","1",69,79,20863,19297,144,58,19297,18387
"AGTGCGCAAGGAACTC-1","1",69,81,20862,18932,142,58,18932,18388
"TAGGAAGAGCCATACG-1","1",69,83,20860,18567,140,58,18567,18390
"ACCTCGTTAGGAAGTC-1","1",69,85,20858,18202,138,58,18202,18392
"TCATTGCGCTCATCAA-1","1",69,87,20856,17837,136,58,17837,18394
"GTACTTGTGCGTGCAT-1","1",69,89,20855,17472,134,58,17472,18395
"CAAGTAGAAGCGTAGG-1","1",69,91,20853,17106,132,58,17106,18397
"GTCGTGACTTCGGTTG-1","1",69,93,20851,16741,130,58,16741,18399
"ACCGTACATGAATCTA-1","1",69,95,20850,16376,128,58,16376,18400
"AGCAACGGACGTTGCA-1","0",69,97,20848,16011,126,58,16011,18402
"GGTGCACGAATTCAGC-1","0",69,99,20846,15646,124,58,15646,18404
"TCGCCGCTTAGTATCT-1","0",69,101,20844,15281,122,58,15281,18406
"GTTGAGAACAGACATG-1","0",69,103,20843,14915,120,58,14915,18407
"CCGGCGCATTCGCTGC-1","0",69,105,20841,14550,118,58,14550,18409
"AGCGTGCGTAACGCCT-1","1",69,107,20839,14185,116,58,14185,18411
"CTTGGACTACGAGTTA-1","1",69,109,20838,13820,114,58,13820,18412
"TCAACGGTCTATGATT-1","1",69,111,20836,13455,112,58,13455,18414
"CGCTTAAGTAATTCGT-1","1",69,113,20834,13090,110,58,13090,18416
"GTGACTATCAAGGATA-1","1",69,115,20832,12724,108,58,12724,18418
"CAACGTCCGAGGTATC-1","1",69,117,20831,12359,106,58,12359,18419
"AACATAGGTTGGCACC-1","1",69,119,20829,11994,104,58,11994,18421
"CATCGGCATCCGTAAT-1","1",69,121,20827,11629,102,58,11629,18423
"TAGCTACTCACGGTAT-1","1",69,123,20826,11264,100,58,11264,18424
"GGAGTCTACTGGCTCA-1","1",69,125,20824,10899,98,58,10899,18426
"CGGAGTTCGGCGCCGA-1","1",69,127,20822,10533,96,58,10533,18428
"AAGAGCTAAGCAGTCT-1","1",69,129,20820,10168,94,58,10168,18430
"TGCTGTATCATATTAA-1","1",69,131,20819,9803,92,58,9803,18431
"GATTAAGCCTACTGAG-1","1",69,133,20817,9438,90,58,9438,18433
"CGGCTCCTATCTTGGC-1","1",69,135,20815,9073,88,58,9073,18435
"TCATCCGGTTCTGAGG-1","1",69,137,20814,8708,86,58,8708,18436
"ATGTCAACCATAAGCA-1","1",69,139,20812,8342,84,58,8342,18438
"CTCCTTACCACGGCCA-1","0",69,141,20810,7977,82,58,7977,18440
"CTTCGAGCCTTCCGAT-1","0",69,143,20808,7612,80,58,7612,18442
"CCATGTAGGTCAGTAA-1","0",69,145,20807,7247,78,58,7247,18443
"CAAGACCAGCCAATCA-1","0",69,147,20805,6882,76,58,6882,18445
"ATTGACGGAATCGCAC-1","0",69,149,20803,6517,74,58,6517,18447
"TGCATCTGGTTAGAGG-1","0",69,151,20802,6151,72,58,6151,18448
"TCGCCAGGTCACCTCG-1","0",69,153,20800,5786,70,58,5786,18450
"GAACTCGTATTCGGTC-1","0",69,155,20798,5421,68,58,5421,18452
"AGTCTATTCTGCCGAG-1","0",69,157,20796,5056,66,58,5056,18454
"GCTCAAGACCATTGGT-1","0",69,159,20795,4691,64,58,4691,18455
"TGCACCATGAATAGGA-1","0",69,161,20793,4326,62,58,4326,18457
"TCAGTCGTGGATGGTG-1","0",69,163,20791,3960,60,58,3960,18459
"AGGACGCACTTCATGC-1","0",69,165,20790,3595,58,58,3595,18460
"ATGCTGAGCAGAGCGT-1","0",69,167,20788,3230,56,58,3230,18462
"CGAGGATTCTGTGAAG-1","0",69,169,20786,2865,54,58,2865,18464
"GCCGATTGTCGAATTA-1","0",69,171,20784,2500,52,58,2500,18466
"TCGCACTTAACAGGTA-1","0",69,173,20783,2135,50,58,2135,18467
"TATGTTGCCTCCAATC-1","1",69,175,20781,1769,48,58,1769,18469
"GACCGTATAACGGAAC-1","0",69,177,20779,1404,46,58,1404,18471
"CAGATAGTCAAGCCTA-1","0",69,179,20778,1039,44,58,1039,18472
"GTAACCTGTTAGCTGA-1","0",69,181,20776,674,42,58,674,18474
"AGGAATCGTGAACCAT-1","0",69,183,20774,309,40,58,309,18476
"TGATCATGGTTAGATT-1","0",69,185,20772,-56,38,58,-56,18478
"ATCATTACGAGCACTC-1","0",69,187,20771,-421,36,58,-421,18479
"TGCAGAAGCCTCTTGA-1","0",69,189,20769,-787,34,58,-787,18481
"TCTGCGAGTTGGTTAA-1","0",69,191,20767,-1152,32,58,-1152,18483
"TGCGATTAACGTGAGG-1","0",69,193,20766,-1517,30,58,-1517,18484
"GAACTAGGCTCGGCCT-1","0",69,195,20764,-1882,28,58,-1882,18486
"ATTCACGTTGCCATAC-1","0",69,197,20762,-2247,26,58,-2247,18488
"TCCTTCGGCGTAAGCG-1","0",69,199,20760,-2612,24,58,-2612,18490
"TGAACGTGCGCAACTT-1","0",69,201,20759,-2978,22,58,-2978,18491
"CGACGCGGAACGAGTG-1","0",69,203,20757,-3343,20,58,-3343,18493
"ATTCACTGTTAGACTC-1","0",69,205,20755,-3708,18,58,-3708,18495
"TACATCGGAGAATGTA-1","0",69,207,20754,-4073,16,58,-4073,18496
"ACGGTTACTGCTTGCG-1","0",69,209,20752,-4438,14,58,-4438,18498
"TAAGCAAGGTCCGGTG-1","0",69,211,20750,-4803,12,58,-4803,18500
"ACCAACGTCGCAGCGT-1","0",69,213,20749,-5169,10,58,-5169,18501
"GAGTTATCGGAGTGGT-1","0",69,215,20747,-5534,8,58,-5534,18503
"ATTAGTCGACGCCTAT-1","0",69,217,20745,-5899,6,58,-5899,18505
"CCATAGCCACGGCGTG-1","0",69,219,20743,-6264,4,58,-6264,18507
"CACGAATGCCAAGAGC-1","0",69,221,20742,-6629,2,58,-6629,18508
"CGGTTGAACTCCAACC-1","0",69,223,20740,-6994,0,58,-6994,18510
"CAAGTCGGATCGGCAC-1","0",70,0,21249,33720,223,57,33720,18001
"TCATCTCGTTGGCGAG-1","0",70,2,21247,33355,221,57,33355,18003
"ACTCAGGAACTTCTCA-1","0",70,4,21245,32990,219,57,32990,18005
"TAATTAAGAAGGCTAT-1","0",70,6,21244,32625,217,57,32625,18006
"GCTTGGTGCCACGGTC-1","0",70,8,21242,32259,215,57,32259,18008
"GCCGGCTACTGTCACG-1","0",70,10,21240,31894,213,57,31894,18010
"AATGCCTTCATGTACC-1","0",70,12,21238,31529,211,57,31529,18012
"GGTTCTGCACATCGAA-1","0",70,14,21237,31164,209,57,31164,18013
"TCTATGGAATCGCACT-1","0",70,16,21235,30799,207,57,30799,18015
"CCGTCGGTAGGCCGTG-1","0",70,18,21233,30434,205,57,30434,18017
"CTCACCTTGCAGCGAG-1","0",70,20,21232,30068,203,57,30068,18018
"CAATTGCTTATTGCCG-1","0",70,22,21230,29703,201,57,29703,18020
"TATGTCCATACACTAA-1","0",70,24,21228,29338,199,57,29338,18022
"ATTCCGGTATGATTGT-1","0",70,26,21226,28973,197,57,28973,18024
"GAGTCCACGAGTAGCT-1","0",70,28,21225,28608,195,57,28608,18025
"GTCTAGGAGCGTTATT-1","0",70,30,21223,28243,193,57,28243,18027
"ACTGCAAGACGAGGCT-1","0",70,32,21221,27877,191,57,27877,18029
"TACGGTCAGTTCTTGA-1","0",70,34,21220,27512,189,57,27512,18030
"CTGGCTGCGTACGGAC-1","0",70,36,21218,27147,187,57,27147,18032
"ACTGATAGCCAGGCGA-1","0",70,38,21216,26782,185,57,26782,18034
"TAGCTATGGTCATAAG-1","0",70,40,21214,26417,183,57,26417,18036
"TATTCGAGCTTCGAAG-1","0",70,42,21213,26052,181,57,26052,18037
"GCGTAAGTGCAACTTA-1","0",70,44,21211,25686,179,57,25686,18039
"TGGCTCCAGTCCAGAC-1","0",70,46,21209,25321,177,57,25321,18041
"GTGAGGCAGGCCGAAG-1","0",70,48,21208,24956,175,57,24956,18042
"CAATCTCGGTACTGCG-1","0",70,50,21206,24591,173,57,24591,18044
"ACGCAATCCTTAGAAC-1","0",70,52,21204,24226,171,57,24226,18046
"GGCGTGTTAATAGGAA-1","0",70,54,21202,23861,169,57,23861,18048
"CCATTCTAATTGGTGC-1","0",70,56,21201,23495,167,57,23495,18049
"GACCGTAGCGAGTCTT-1","0",70,58,21199,23130,165,57,23130,18051
"AGGACGCACGAAGTTA-1","1",70,60,21197,22765,163,57,22765,18053
"TGCAATAGTGCGATAG-1","1",70,62,21196,22400,161,57,22400,18054
"TAACGAGTTCACTTAA-1","1",70,64,21194,22035,159,57,22035,18056
"GTTAACAACGATGCGA-1","1",70,66,21192,21670,157,57,21670,18058
"ACGCAAGCAGCTCATC-1","1",70,68,21190,21304,155,57,21304,18060
"ACGCGGAATGGACGCA-1","1",70,70,21189,20939,153,57,20939,18061
"TCGCTTCGAGTTGATG-1","1",70,72,21187,20574,151,57,20574,18063
"ACAACTATTGCTTAAC-1","1",70,74,21185,20209,149,57,20209,18065
"TAGCTACGCTGACAAT-1","1",70,76,21184,19844,147,57,19844,18066
"GATCGTGCATTATCGG-1","1",70,78,21182,19479,145,57,19479,18068
"TGCTCCGGCCGCACAA-1","1",70,80,21180,19113,143,57,19113,18070
"AACAGGCCATTGTCAC-1","1",70,82,21178,18748,141,57,18748,18072
"CGTGTAGTCGCCAGGC-1","1",70,84,21177,18383,139,57,18383,18073
"TGCGGCCAGGAGTAAC-1","1",70,86,21175,18018,137,57,18018,18075
"CAATACTTAAGTGGAA-1","1",70,88,21173,17653,135,57,17653,18077
"CTCACCGTTGTACCTC-1","1",70,90,21172,17288,133,57,17288,18078
"TAATCTACATACTGTT-1","0",70,92,21170,16922,131,57,16922,18080
"TAGTGATGTCAGAAGG-1","1",70,94,21168,16557,129,57,16557,18082
"GAGCGGTGCTCCGCCA-1","1",70,96,21166,16192,127,57,16192,18084
"CACTGGACAGGTGAAC-1","1",70,98,21165,15827,125,57,15827,18085
"AGCCATACGGATGCGT-1","0",70,100,21163,15462,123,57,15462,18087
"ACAGAAGTTCCGTGAT-1","0",70,102,21161,15097,121,57,15097,18089
"TACGGAATGTCCTGTT-1","0",70,104,21160,14731,119,57,14731,18090
"TAGCGTCTACGCCATG-1","0",70,106,21158,14366,117,57,14366,18092
"GGTCCTCAGTCAGAAC-1","1",70,108,21156,14001,115,57,14001,18094
"GACAACGTTAGTCACG-1","1",70,110,21154,13636,113,57,13636,18096
"CCACGTTCCATTCCAT-1","1",70,112,21153,13271,111,57,13271,18097
"CTACGATCAATAACTC-1","1",70,114,21151,12906,109,57,12906,18099
"CAAGATTACTGTGCCG-1","1",70,116,21149,12540,107,57,12540,18101
"CGGCCATTATAATGTT-1","1",70,118,21148,12175,105,57,12175,18102
"GTAGCATCTATCCTCG-1","1",70,120,21146,11810,103,57,11810,18104
"AACATAGGTCCATAGC-1","1",70,122,21144,11445,101,57,11445,18106
"CGCTTAGTGACTCGTT-1","1",70,124,21142,11080,99,57,11080,18108
"GATTGATACAGAAGGC-1","1",70,126,21141,10715,97,57,10715,18109
"GCGAGTAAGAGCCGGT-1","1",70,128,21139,10349,95,57,10349,18111
"CATTGTAGCCGCGAAC-1","1",70,130,21137,9984,93,57,9984,18113
"GATCGTGGATCTACAG-1","1",70,132,21136,9619,91,57,9619,18114
"TAGTTCGATGAGACCG-1","1",70,134,21134,9254,89,57,9254,18116
"AGTCGGCCACTCTGTT-1","1",70,136,21132,8889,87,57,8889,18118
"ATGGAACCGTGAACGA-1","1",70,138,21130,8524,85,57,8524,18120
"CCGGCGTTCTGTATCC-1","1",70,140,21129,8158,83,57,8158,18121
"CCAAGTTACCTCATGA-1","0",70,142,21127,7793,81,57,7793,18123
"CTAAGACTTCCTAAGA-1","0",70,144,21125,7428,79,57,7428,18125
"GCAGATTCAATGTTGA-1","0",70,146,21124,7063,77,57,7063,18126
"GTCTTAACTCGTCATT-1","0",70,148,21122,6698,75,57,6698,18128
"GATCGTTGCGAGAATG-1","0",70,150,21120,6333,73,57,6333,18130
"AGACAACGCATCAGCT-1","0",70,152,21118,5967,71,57,5967,18132
"CTGTGCCGAGTCACCG-1","0",70,154,21117,5602,69,57,5602,18133
"ACTCCTTAGGAACGTG-1","0",70,156,21115,5237,67,57,5237,18135
"GCATCATGCCTTCATG-1","0",70,158,21113,4872,65,57,4872,18137
"GGCTGGCTAGGCCAAT-1","0",70,160,21112,4507,63,57,4507,18138
"AGCAGGTATCCGCAAT-1","0",70,162,21110,4142,61,57,4142,18140
"CCGGTTGGAATGTATT-1","0",70,164,21108,3776,59,57,3776,18142
"TCAATTCTGGCGAAGA-1","0",70,166,21106,3411,57,57,3411,18144
"ACCAGAGCCTTATTCA-1","0",70,168,21105,3046,55,57,3046,18145
"GGTGCGCATAGACATC-1","0",70,170,21103,2681,53,57,2681,18147
"CAACCGGCGTCCTAGC-1","1",70,172,21101,2316,51,57,2316,18149
"ATGATTGTATGATAAG-1","1",70,174,21100,1951,49,57,1951,18150
"GAAGCGAGACATTGAC-1","1",70,176,21098,1585,47,57,1585,18152
"AACTGCTATCTGCGGT-1","0",70,178,21096,1220,45,57,1220,18154
"CTGAACCACGGAAGTG-1","0",70,180,21094,855,43,57,855,18156
"AACCTTACCAGCTTAC-1","0",70,182,21093,490,41,57,490,18157
"GCAGGCTCGGCAACGC-1","0",70,184,21091,125,39,57,125,18159
"TCCGAATATGGAGTCT-1","0",70,186,21089,-240,37,57,-240,18161
"TCCTATGACCGATCTT-1","0",70,188,21088,-606,35,57,-606,18162
"ACGAGTAACGCACCGA-1","0",70,190,21086,-971,33,57,-971,18164
"TAAGACGCTGATCCTC-1","0",70,192,21084,-1336,31,57,-1336,18166
"GTGCTCTAATTGGTCT-1","0",70,194,21082,-1701,29,57,-1701,18168
"TCTTAGGCTAGTACGT-1","0",70,196,21081,-2066,27,57,-2066,18169
"ATCGTCAGGCAACTAA-1","0",70,198,21079,-2431,25,57,-2431,18171
"AGGTATGCCTGTCCAC-1","0",70,200,21077,-2797,23,57,-2797,18173
"GTCTGACGCCACTCAC-1","0",70,202,21076,-3162,21,57,-3162,18174
"ACATGTCGACTCGCCG-1","0",70,204,21074,-3527,19,57,-3527,18176
"TGAATGCCAAGTATTG-1","0",70,206,21072,-3892,17,57,-3892,18178
"ATAGCTGTCAAGAATT-1","0",70,208,21070,-4257,15,57,-4257,18180
"TGATTCACTATGACTA-1","0",70,210,21069,-4622,13,57,-4622,18181
"GCACTGCTTAGGTCCT-1","0",70,212,21067,-4988,11,57,-4988,18183
"ATGAGCCATACGCTAA-1","0",70,214,21065,-5353,9,57,-5353,18185
"CTAGGACCGCTGAGGA-1","0",70,216,21064,-5718,7,57,-5718,18186
"TATTAATCTGACCTGG-1","0",70,218,21062,-6083,5,57,-6083,18188
"TGTATTAGATCGTCCA-1","0",70,220,21060,-6448,3,57,-6448,18190
"ATGCAATTATAGGATA-1","0",70,222,21058,-6813,1,57,-6813,18192
"TCCGTGGCGGTTAGCC-1","0",71,1,21562,33536,222,56,33536,17688
"CTTCGACTTAGCTACT-1","0",71,3,21560,33171,220,56,33171,17690
"ATTGACCAGTGCCTAG-1","0",71,5,21558,32806,218,56,32806,17692
"GTGGTTAGCGGTGGCA-1","0",71,7,21557,32440,216,56,32440,17693
"TATCCGCTCATTAGTC-1","0",71,9,21555,32075,214,56,32075,17695
"CAGGTTGAGCGAGGCC-1","0",71,11,21553,31710,212,56,31710,17697
"GGATAATGCTAGTAAT-1","0",71,13,21552,31345,210,56,31345,17698
"AGACCTTCTGCGTTGC-1","0",71,15,21550,30980,208,56,30980,17700
"AGCGTTACGATCCATT-1","0",71,17,21548,30615,206,56,30615,17702
"GAGCTCTATGTAATGC-1","0",71,19,21546,30249,204,56,30249,17704
"GTACAGAACATTAGGA-1","0",71,21,21545,29884,202,56,29884,17705
"GAGCTTAGTCTTAGAA-1","0",71,23,21543,29519,200,56,29519,17707
"TATTCGATAGAACTGC-1","0",71,25,21541,29154,198,56,29154,17709
"TGGAAGTGGCCAACAT-1","0",71,27,21540,28789,196,56,28789,17710
"ATCCGTTAAGATAGTA-1","0",71,29,21538,28424,194,56,28424,17712
"GTATGCACTGTTACAA-1","0",71,31,21536,28058,192,56,28058,17714
"CTAGCACTTCGTCCTA-1","0",71,33,21534,27693,190,56,27693,17716
"ACCAGCCATAACGGAT-1","0",71,35,21533,27328,188,56,27328,17717
"TCGTCATCAGAAGCCA-1","0",71,37,21531,26963,186,56,26963,17719
"AGTTAACGATTCTTGC-1","0",71,39,21529,26598,184,56,26598,17721
"AGTGCTACGAGGTGTA-1","0",71,41,21528,26233,182,56,26233,17722
"CTTCCACGAGGCTAAT-1","0",71,43,21526,25867,180,56,25867,17724
"GTGCACGTACAGGAAG-1","0",71,45,21524,25502,178,56,25502,17726
"GCTCCTGTGCTCTGGT-1","0",71,47,21522,25137,176,56,25137,17728
"TGTCCTAGGCACTCGC-1","0",71,49,21521,24772,174,56,24772,17729
"CGAGGATACCAGTGTC-1","0",71,51,21519,24407,172,56,24407,17731
"TGTCGATCTGATGTTG-1","0",71,53,21517,24042,170,56,24042,17733
"GCAGTTCAGATGAGCT-1","0",71,55,21516,23676,168,56,23676,17734
"TCAGAACACCATAATC-1","0",71,57,21514,23311,166,56,23311,17736
"CGCCTCGTGACCTTGG-1","0",71,59,21512,22946,164,56,22946,17738
"CGGAGCAGTGTTATCG-1","1",71,61,21510,22581,162,56,22581,17740
"CCTCTAGGATAGATGG-1","1",71,63,21509,22216,160,56,22216,17741
"CTACGATACGACGTGG-1","1",71,65,21507,21851,158,56,21851,17743
"GAATCACCTCCGGTCA-1","1",71,67,21505,21486,156,56,21486,17745
"CACGAATCAATACTTC-1","1",71,69,21504,21120,154,56,21120,17746
"CTCATATCCTGAATGG-1","1",71,71,21502,20755,152,56,20755,17748
"ACCAAGATTCGTGGCA-1","1",71,73,21500,20390,150,56,20390,17750
"AACATACTCCACAGTT-1","1",71,75,21498,20025,148,56,20025,17752
"TGGTATGTATGGAGTC-1","1",71,77,21497,19660,146,56,19660,17753
"CTAATGAGCGCACCAG-1","1",71,79,21495,19295,144,56,19295,17755
"CGGTCCAACCATTCCG-1","1",71,81,21493,18929,142,56,18929,17757
"ACATCGAGAACCTAGA-1","1",71,83,21492,18564,140,56,18564,17758
"ATTCAGTGAACATCGG-1","1",71,85,21490,18199,138,56,18199,17760
"CGCAGACGGTGACAGC-1","1",71,87,21488,17834,136,56,17834,17762
"AACGGCGACGTCCACC-1","1",71,89,21486,17469,134,56,17469,17764
"GTACCGAATGTAACGC-1","0",71,91,21485,17104,132,56,17104,17765
"CCTCTTCGCTGTAGGT-1","0",71,93,21483,16738,130,56,16738,17767
"GTGGTATTACCTAATG-1","1",71,95,21481,16373,128,56,16373,17769
"CGTGGCCGCAGTGGAT-1","1",71,97,21480,16008,126,56,16008,17770
"ATGTAGCCTCTTACCG-1","0",71,99,21478,15643,124,56,15643,17772
"ACGATGTTGAGTATTC-1","0",71,101,21476,15278,122,56,15278,17774
"ATGTTGAAGACATGGA-1","0",71,103,21474,14913,120,56,14913,17776
"TAACGAGTAGGTCATG-1","0",71,105,21473,14547,118,56,14547,17777
"CTGTGCAGTAGGTGTA-1","1",71,107,21471,14182,116,56,14182,17779
"GACTGGCTTAAGTGTT-1","1",71,109,21469,13817,114,56,13817,17781
"ACTGGTGAGGACCTAT-1","1",71,111,21468,13452,112,56,13452,17782
"ATCGTCACCTGACTAT-1","1",71,113,21466,13087,110,56,13087,17784
"AAGATTATAGTGCCGT-1","1",71,115,21464,12722,108,56,12722,17786
"TAGTTCCAGAATCGCT-1","1",71,117,21462,12356,106,56,12356,17788
"GCACAGGTCAACAGCT-1","1",71,119,21461,11991,104,56,11991,17789
"CGCTGACGCTCATCAA-1","1",71,121,21459,11626,102,56,11626,17791
"AGGATACCTATTGGAA-1","1",71,123,21457,11261,100,56,11261,17793
"AGACCGTATCCATAAC-1","1",71,125,21456,10896,98,56,10896,17794
"GCGTCGGTTCCTACAT-1","1",71,127,21454,10531,96,56,10531,17796
"AAGCAGTACAATACGT-1","1",71,129,21452,10165,94,56,10165,17798
"CTAGATGATTCTGGAT-1","1",71,131,21450,9800,92,56,9800,17800
"ACCAAGGCGAATGGTG-1","1",71,133,21449,9435,90,56,9435,17801
"GGTAGCATCTGTATGT-1","1",71,135,21447,9070,88,56,9070,17803
"GTCAACCTGGCTGCTC-1","1",71,137,21445,8705,86,56,8705,17805
"TGTTACCGAGCAATGA-1","1",71,139,21444,8340,84,56,8340,17806
"CTCACCTGAGTCCGCT-1","1",71,141,21442,7974,82,56,7974,17808
"TATTGAGCCAATGGAC-1","0",71,143,21440,7609,80,56,7609,17810
"TCCTGGAGGTAGATAA-1","0",71,145,21438,7244,78,56,7244,17812
"GCATGCAAGTTCGCGT-1","0",71,147,21437,6879,76,56,6879,17813
"CTCGTTCACTCGGTGA-1","0",71,149,21435,6514,74,56,6514,17815
"AAGCACGTATCTCCAG-1","0",71,151,21433,6149,72,56,6149,17817
"TCTTAGATGATATTGA-1","0",71,153,21432,5783,70,56,5783,17818
"TGTTGCCGTTCGACCA-1","0",71,155,21430,5418,68,56,5418,17820
"TGCCAGTTCTTGGATG-1","0",71,157,21428,5053,66,56,5053,17822
"GGAGGCTCATGTGAAC-1","0",71,159,21426,4688,64,56,4688,17824
"AACGGCACCACTGTAA-1","0",71,161,21425,4323,62,56,4323,17825
"GTTGACGTCATCACGC-1","0",71,163,21423,3958,60,56,3958,17827
"GTATGTCGCAGATAGG-1","0",71,165,21421,3592,58,56,3592,17829
"TGTCTGCGTGCCTGGC-1","0",71,167,21420,3227,56,56,3227,17830
"AGTGTATGCGCCTTAC-1","0",71,169,21418,2862,54,56,2862,17832
"TGTCGTGCTACAACGT-1","0",71,171,21416,2497,52,56,2497,17834
"TAGTGATCGAGTCGAC-1","0",71,173,21415,2132,50,56,2132,17835
"CTCCGCTATTAGCGAC-1","0",71,175,21413,1767,48,56,1767,17837
"GATCGTAACTCGGCCA-1","0",71,177,21411,1401,46,56,1401,17839
"TCATGAGGCACCATCT-1","0",71,179,21409,1036,44,56,1036,17841
"GATGGACAAGCGCTCG-1","0",71,181,21408,671,42,56,671,17842
"CTGGCTCGGTTGCCGT-1","0",71,183,21406,306,40,56,306,17844
"CGATTGAAGACTGACA-1","0",71,185,21404,-59,38,56,-59,17846
"GTGGTAAGCCAAGATT-1","0",71,187,21403,-424,36,56,-424,17847
"GATCCGTTATACTTGT-1","0",71,189,21401,-790,34,56,-790,17849
"AGAATCTTCAGTGGCG-1","0",71,191,21399,-1155,32,56,-1155,17851
"TCACATACCGACTGTC-1","0",71,193,21397,-1520,30,56,-1520,17853
"TACAAGACGCTGATTC-1","0",71,195,21396,-1885,28,56,-1885,17854
"ACAGACAACCAGTCCG-1","0",71,197,21394,-2250,26,56,-2250,17856
"AAGCCATCTAGAAGTT-1","0",71,199,21392,-2615,24,56,-2615,17858
"AGACTGTAGCTACTCC-1","0",71,201,21391,-2981,22,56,-2981,17859
"AACACGACAACGGAGT-1","0",71,203,21389,-3346,20,56,-3346,17861
"GTATGGAGCCTGAGGT-1","0",71,205,21387,-3711,18,56,-3711,17863
"TCGGCGCATGTTCTCA-1","0",71,207,21385,-4076,16,56,-4076,17865
"AGTCAACCTTAGGAAC-1","0",71,209,21384,-4441,14,56,-4441,17866
"TCCTGATCGCGACCAA-1","0",71,211,21382,-4806,12,56,-4806,17868
"CGCTCGGCGAGCCATA-1","0",71,213,21380,-5172,10,56,-5172,17870
"GTCCTGAGCCTTACAG-1","0",71,215,21379,-5537,8,56,-5537,17871
"AGGCAGTCGTATAACA-1","0",71,217,21377,-5902,6,56,-5902,17873
"AATGGTTAGTAACGGT-1","0",71,219,21375,-6267,4,56,-6267,17875
"GAAGTGGTAATCTACC-1","0",71,221,21373,-6632,2,56,-6632,17877
"CAACGTCTTGTACCTG-1","0",71,223,21372,-6997,0,56,-6997,17878
"TAATAGCGAATGATGG-1","0",72,0,21880,33717,223,55,33717,17370
"GGAGATGGCAGAACTC-1","0",72,2,21879,33352,221,55,33352,17371
"CGGAGTATTAACGGTT-1","0",72,4,21877,32987,219,55,32987,17373
"CACCGCCAAGTTGTTC-1","0",72,6,21875,32622,217,55,32622,17375
"ACAGCCTCGAGTGCAA-1","0",72,8,21874,32256,215,55,32256,17376
"GGTGAATACCTGCGGT-1","0",72,10,21872,31891,213,55,31891,17378
"TCTTAGCCACGACACT-1","0",72,12,21870,31526,211,55,31526,17380
"ATACATCATATTCTCG-1","0",72,14,21868,31161,209,55,31161,17382
"ATGTACAGACTAGGTT-1","0",72,16,21867,30796,207,55,30796,17383
"CTTGTCTGATACTATT-1","0",72,18,21865,30431,205,55,30431,17385
"AACCAAGTGACCGAAG-1","0",72,20,21863,30065,203,55,30065,17387
"GGACTTCTAAGATGTT-1","0",72,22,21862,29700,201,55,29700,17388
"AAGCAGTGATCTCCTA-1","0",72,24,21860,29335,199,55,29335,17390
"TACAGACCTTGACGGT-1","0",72,26,21858,28970,197,55,28970,17392
"CTTGAACCGATGGCCT-1","0",72,28,21856,28605,195,55,28605,17394
"TCTAACTTGTCCAGAT-1","0",72,30,21855,28240,193,55,28240,17395
"AGATGCGTTAGTCTTA-1","0",72,32,21853,27874,191,55,27874,17397
"CATTCTACTCAGCGGC-1","0",72,34,21851,27509,189,55,27509,17399
"ACATACGAAGATCTAG-1","0",72,36,21850,27144,187,55,27144,17400
"TATGAGACGCCGATAG-1","0",72,38,21848,26779,185,55,26779,17402
"TGGTACGTCTTCGCTA-1","0",72,40,21846,26414,183,55,26414,17404
"ATCTTGTAGAACTTAG-1","0",72,42,21844,26049,181,55,26049,17406
"TATTGAGCACAGTGGT-1","0",72,44,21843,25683,179,55,25683,17407
"TACTTCACTCCTTAGG-1","0",72,46,21841,25318,177,55,25318,17409
"GTCACTTAATTCGGCA-1","0",72,48,21839,24953,175,55,24953,17411
"TGCGAAGTAGGTATAC-1","0",72,50,21838,24588,173,55,24588,17412
"GAACAGCGAATGTCGC-1","0",72,52,21836,24223,171,55,24223,17414
"TACCGCTTACCAGTCT-1","0",72,54,21834,23858,169,55,23858,17416
"CAGAACGCAATGTCCG-1","0",72,56,21832,23492,167,55,23492,17418
"TAGTGATGCACTTGTC-1","0",72,58,21831,23127,165,55,23127,17419
"CTCCACATACCTCGCA-1","0",72,60,21829,22762,163,55,22762,17421
"TCGTCTGTCTTACGGC-1","1",72,62,21827,22397,161,55,22397,17423
"CGGTATGCGGCTGGAA-1","1",72,64,21826,22032,159,55,22032,17424
"CTACGAGTCGCCTCGG-1","1",72,66,21824,21667,157,55,21667,17426
"GTGCCAACAGCCGCCT-1","1",72,68,21822,21301,155,55,21301,17428
"TCGCTATGACGACACT-1","1",72,70,21820,20936,153,55,20936,17430
"AACTTCACTCTGATGG-1","1",72,72,21819,20571,151,55,20571,17431
"GTGACCTAACGAAGCA-1","1",72,74,21817,20206,149,55,20206,17433
"CAGGTGAACACGGTCA-1","1",72,76,21815,19841,147,55,19841,17435
"AGCTCATCCTGCCTAC-1","1",72,78,21814,19476,145,55,19476,17436
"GACCGGTAAGCTCACG-1","1",72,80,21812,19110,143,55,19110,17438
"GTTCCGGCGTAATCAC-1","1",72,82,21810,18745,141,55,18745,17440
"GTGACAGCGTTAGAAT-1","1",72,84,21808,18380,139,55,18380,17442
"GTTACATTCGCCACGG-1","1",72,86,21807,18015,137,55,18015,17443
"TGCCAGGAAGGTCTTA-1","1",72,88,21805,17650,135,55,17650,17445
"CGGTGCGTTAACAAGT-1","1",72,90,21803,17285,133,55,17285,17447
"GCTCGCACGCCTCCTA-1","0",72,92,21802,16919,131,55,16919,17448
"GCATTACCGCTGAATT-1","0",72,94,21800,16554,129,55,16554,17450
"GAGTGCGGTCCAACGG-1","0",72,96,21798,16189,127,55,16189,17452
"CGAGTCATAAGTCCGT-1","0",72,98,21796,15824,125,55,15824,17454
"ATACGGTATCATCTCG-1","0",72,100,21795,15459,123,55,15459,17455
"TCTTACTTACCTCCTG-1","0",72,102,21793,15094,121,55,15094,17457
"TGGTACCGTTGACAAC-1","0",72,104,21791,14728,119,55,14728,17459
"CAAGTAAGAACCACCT-1","0",72,106,21790,14363,117,55,14363,17460
"CGGAGTGGTCGCGACC-1","1",72,108,21788,13998,115,55,13998,17462
"TCTACATGGTCGAGGA-1","1",72,110,21786,13633,113,55,13633,17464
"CCGGCAATTGGAGGTG-1","1",72,112,21784,13268,111,55,13268,17466
"GCCGACCTCGCCTAAC-1","1",72,114,21783,12903,109,55,12903,17467
"AGACCGCAAGGAGCGT-1","1",72,116,21781,12537,107,55,12537,17469
"TGTCCTTCCTCGTACA-1","1",72,118,21779,12172,105,55,12172,17471
"TCGCGACGTGTCGCAC-1","1",72,120,21778,11807,103,55,11807,17472
"GTCAGGAGTGTCTATC-1","1",72,122,21776,11442,101,55,11442,17474
"GGCAATACCTTCAGAA-1","1",72,124,21774,11077,99,55,11077,17476
"GCGACAATAATGCGCA-1","1",72,126,21772,10712,97,55,10712,17478
"TCGTATGCACTCGACG-1","1",72,128,21771,10346,95,55,10346,17479
"CTCCTTATAAGGAGTT-1","1",72,130,21769,9981,93,55,9981,17481
"AAGAATAAGTCGTTCA-1","1",72,132,21767,9616,91,55,9616,17483
"CACGCCATGTTAACCT-1","1",72,134,21766,9251,89,55,9251,17484
"CCTGCTACGCAGAAGC-1","1",72,136,21764,8886,87,55,8886,17486
"TACCTACCGGCTCAAT-1","1",72,138,21762,8521,85,55,8521,17488
"ATCACGAGATGAACAT-1","1",72,140,21760,8155,83,55,8155,17490
"CGGTAGCGCTTAACCT-1","1",72,142,21759,7790,81,55,7790,17491
"CGAATTACAAGTCTCC-1","1",72,144,21757,7425,79,55,7425,17493
"CCAGCGAAGCGTCAGG-1","1",72,146,21755,7060,77,55,7060,17495
"TCAAGGAGTGTAGATC-1","0",72,148,21754,6695,75,55,6695,17496
"GTTGCTGAGCGATCCA-1","0",72,150,21752,6330,73,55,6330,17498
"CTCCAGGAGCCACGAT-1","0",72,152,21750,5964,71,55,5964,17500
"GGCCGACTAATATGAG-1","0",72,154,21748,5599,69,55,5599,17502
"TGTATGCTATGGTGAA-1","0",72,156,21747,5234,67,55,5234,17503
"AACTTCGACCACTAGT-1","0",72,158,21745,4869,65,55,4869,17505
"ACAATAAGTTACTCAG-1","0",72,160,21743,4504,63,55,4504,17507
"AGTTAGCCGTCGAGGC-1","0",72,162,21742,4139,61,55,4139,17508
"TCGCCTGCACAATGCC-1","0",72,164,21740,3773,59,55,3773,17510
"CTCACGCTCGTTGTTA-1","0",72,166,21738,3408,57,55,3408,17512
"CCATAGAACTTCGAGG-1","0",72,168,21736,3043,55,55,3043,17514
"GCCGGCTCGCTATGTC-1","0",72,170,21735,2678,53,55,2678,17515
"GTTCCGTCCTTACCAT-1","0",72,172,21733,2313,51,55,2313,17517
"AGCTACGTTCACGGTT-1","0",72,174,21731,1948,49,55,1948,17519
"GGAATGTTGAATGGTT-1","0",72,176,21730,1582,47,55,1582,17520
"TGCCACAGTATCCTGC-1","0",72,178,21728,1217,45,55,1217,17522
"ACCGTAGGAAGCACTA-1","0",72,180,21726,852,43,55,852,17524
"GATTGAATTCGTTGCG-1","0",72,182,21724,487,41,55,487,17526
"CGAGTCGACCGAATAA-1","0",72,184,21723,122,39,55,122,17527
"GCTTGGCTAACCTAGT-1","0",72,186,21721,-243,37,55,-243,17529
"ATCCGTCATTATGTAA-1","0",72,188,21719,-609,35,55,-609,17531
"TCTGATCCTAATAGAA-1","0",72,190,21718,-974,33,55,-974,17532
"AGTTAAGTACCACTTG-1","0",72,192,21716,-1339,31,55,-1339,17534
"CGGAACATTGTTGGAA-1","0",72,194,21714,-1704,29,55,-1704,17536
"CCTGGCTTAATGTTCT-1","0",72,196,21712,-2069,27,55,-2069,17538
"CTGTCGGAATACAAGA-1","0",72,198,21711,-2434,25,55,-2434,17539
"TCTTGAGGACCATCTA-1","0",72,200,21709,-2800,23,55,-2800,17541
"TCTACGGCACCTGTCG-1","0",72,202,21707,-3165,21,55,-3165,17543
"TCATCGGTGACGTAGA-1","0",72,204,21706,-3530,19,55,-3530,17544
"ACCGAACTGAACAGAC-1","0",72,206,21704,-3895,17,55,-3895,17546
"TGCTTACCATACTCAA-1","0",72,208,21702,-4260,15,55,-4260,17548
"GCTTGAACCTGTCTTC-1","0",72,210,21701,-4625,13,55,-4625,17549
"TCACTCGCTCATTGTT-1","0",72,212,21699,-4991,11,55,-4991,17551
"ACGCCGTATTCCATTG-1","0",72,214,21697,-5356,9,55,-5356,17553
"CCATACGGCACTGTCT-1","0",72,216,21695,-5721,7,55,-5721,17555
"AAGTCCACTAAGCGCT-1","0",72,218,21694,-6086,5,55,-6086,17556
"TATGACGATTCATTCC-1","0",72,220,21692,-6451,3,55,-6451,17558
"TCCTGCTTAAGTCACG-1","0",72,222,21690,-6816,1,55,-6816,17560
"CGAGGACGATCTCGCA-1","0",73,1,22194,33533,222,54,33533,17056
"GGTTCTATGACGGAGC-1","0",73,3,22192,33168,220,54,33168,17058
"CTTGTCACGGCCTATG-1","0",73,5,22190,32803,218,54,32803,17060
"TAGGACCATCCGTTGC-1","0",73,7,22188,32438,216,54,32438,17062
"TCAAGGCCGCAATCAC-1","0",73,9,22187,32072,214,54,32072,17063
"ACGAGTCAACTAGCCA-1","0",73,11,22185,31707,212,54,31707,17065
"CGCTAGAATCTTGTGA-1","0",73,13,22183,31342,210,54,31342,17067
"ACTGACATGCAACTCG-1","0",73,15,22182,30977,208,54,30977,17068
"AGAAGCAGCGACCTCC-1","0",73,17,22180,30612,206,54,30612,17070
"CCAGGCGAACATTCCA-1","0",73,19,22178,30247,204,54,30247,17072
"AGATGGTCTGGTCTGC-1","0",73,21,22176,29881,202,54,29881,17074
"CCGGCATAGGAGAACC-1","0",73,23,22175,29516,200,54,29516,17075
"CAGTCTGGCATAGCTC-1","0",73,25,22173,29151,198,54,29151,17077
"TATGCCACAGGAGTGA-1","0",73,27,22171,28786,196,54,28786,17079
"CTGACCGCACGACTTC-1","0",73,29,22170,28421,194,54,28421,17080
"CGTACTTCGCGATATC-1","0",73,31,22168,28056,192,54,28056,17082
"CAAGTGGACCTTAACA-1","0",73,33,22166,27690,190,54,27690,17084
"CTTGGTAGACCAGATC-1","0",73,35,22164,27325,188,54,27325,17086
"CGGATTAATGAAGAGG-1","0",73,37,22163,26960,186,54,26960,17087
"ACGGCCATCTGCCTAA-1","0",73,39,22161,26595,184,54,26595,17089
"TCTACAGGTATCACTA-1","0",73,41,22159,26230,182,54,26230,17091
"CTGAAGACTGCTGTAA-1","0",73,43,22158,25865,180,54,25865,17092
"TGTAGTTCGCCAGGTT-1","0",73,45,22156,25499,178,54,25499,17094
"GTCGCAACTATGATGG-1","0",73,47,22154,25134,176,54,25134,17096
"TGAATACTTGTTATCT-1","0",73,49,22152,24769,174,54,24769,17098
"TCGCCGTGGCCTTGCA-1","0",73,51,22151,24404,172,54,24404,17099
"GTCAGGACTCAATGAT-1","0",73,53,22149,24039,170,54,24039,17101
"GCAAGACATTCTACCT-1","0",73,55,22147,23674,168,54,23674,17103
"GACATACCAGGAATGC-1","0",73,57,22146,23308,166,54,23308,17104
"CTGGTGATGTTGGTCA-1","0",73,59,22144,22943,164,54,22943,17106
"CGTCTAGCATCAGTCG-1","1",73,61,22142,22578,162,54,22578,17108
"TACTAGACAGTAATGC-1","1",73,63,22140,22213,160,54,22213,17110
"CTTAGTCCTCGCGTCG-1","1",73,65,22139,21848,158,54,21848,17111
"GGTTGTCAGCTTCACT-1","1",73,67,22137,21483,156,54,21483,17113
"TGTTCGTGGCGTCGTG-1","1",73,69,22135,21117,154,54,21117,17115
"ACCATAGTCCTCGGTC-1","1",73,71,22134,20752,152,54,20752,17116
"CCAGATTGTCTAACTC-1","1",73,73,22132,20387,150,54,20387,17118
"GCTCTGGTTGAGAAGC-1","1",73,75,22130,20022,148,54,20022,17120
"GCACTGTTCTATACCG-1","1",73,77,22128,19657,146,54,19657,17122
"CTGAAGACAGACGAAT-1","1",73,79,22127,19292,144,54,19292,17123
"TAACGCATCACCTATT-1","1",73,81,22125,18926,142,54,18926,17125
"CCGGAGTATGTTCCAG-1","1",73,83,22123,18561,140,54,18561,17127
"TACCATTACACGCAGA-1","1",73,85,22122,18196,138,54,18196,17128
"AGCAGGCCGTCAGTAC-1","1",73,87,22120,17831,136,54,17831,17130
"ACTCGCGAAGGAGCTG-1","1",73,89,22118,17466,134,54,17466,17132
"AGCGGTGGAGTTGGCC-1","1",73,91,22116,17101,132,54,17101,17134
"AATCTGAATTAGTTCC-1","1",73,93,22115,16735,130,54,16735,17135
"ATCAGTACTCTGATCT-1","0",73,95,22113,16370,128,54,16370,17137
"TCTACATTGCAAGTCG-1","0",73,97,22111,16005,126,54,16005,17139
"ATCCGTTCGTGACCTC-1","0",73,99,22110,15640,124,54,15640,17140
"AGTGTCGGTTGCGTAG-1","0",73,101,22108,15275,122,54,15275,17142
"ACAGGTCAGCGTGAGT-1","0",73,103,22106,14910,120,54,14910,17144
"CTATGCCAACTGAGGC-1","0",73,105,22104,14544,118,54,14544,17146
"TCACCGTCTTGTGCAT-1","0",73,107,22103,14179,116,54,14179,17147
"GTCTGTTGCATAATCA-1","1",73,109,22101,13814,114,54,13814,17149
"TCGTGCGTCCGTTGCC-1","1",73,111,22099,13449,112,54,13449,17151
"GATGACATTCGAAGTG-1","1",73,113,22098,13084,110,54,13084,17152
"ACGCCGGATACCTTAC-1","1",73,115,22096,12719,108,54,12719,17154
"GAGTCACGCAGGAGCA-1","1",73,117,22094,12353,106,54,12353,17156
"CTTCGACCAGTGCAAT-1","1",73,119,22093,11988,104,54,11988,17157
"GACGCCTCCAACTACA-1","1",73,121,22091,11623,102,54,11623,17159
"CCTGAAGTGCTCTGAA-1","1",73,123,22089,11258,100,54,11258,17161
"ATGAGCATGGTCATAA-1","1",73,125,22087,10893,98,54,10893,17163
"TATCATCTTGGAACCA-1","1",73,127,22086,10528,96,54,10528,17164
"CAAGATTAACAGCAAC-1","1",73,129,22084,10162,94,54,10162,17166
"ATTCCGCAGCGGTGAC-1","1",73,131,22082,9797,92,54,9797,17168
"CTTGGATTCAGGAGAA-1","1",73,133,22081,9432,90,54,9432,17169
"GGCGGATACCGCTCCT-1","1",73,135,22079,9067,88,54,9067,17171
"TCATTCACTACGCCGT-1","1",73,137,22077,8702,86,54,8702,17173
"AGTACTATCCTGTCGT-1","1",73,139,22075,8337,84,54,8337,17175
"TCTTCGGTCGCTGCGA-1","1",73,141,22074,7971,82,54,7971,17176
"TACCATCGGTTGCTCG-1","1",73,143,22072,7606,80,54,7606,17178
"TGGCGATACAATGAGT-1","1",73,145,22070,7241,78,54,7241,17180
"CTGATTACGCAGGCTG-1","1",73,147,22069,6876,76,54,6876,17181
"CAGGTCAGCAATCCGA-1","0",73,149,22067,6511,74,54,6511,17183
"AACTGCCTCGGCCTCC-1","0",73,151,22065,6146,72,54,6146,17185
"AACCTCCGTAATTCTG-1","1",73,153,22063,5780,70,54,5780,17187
"CTATCGTTCTAGACGC-1","0",73,155,22062,5415,68,54,5415,17188
"TCAGTTCAGTTCCGTG-1","0",73,157,22060,5050,66,54,5050,17190
"ATTGCACGTGAACGGT-1","0",73,159,22058,4685,64,54,4685,17192
"ACCGATGTAAGCTGTA-1","0",73,161,22057,4320,62,54,4320,17193
"CGGTCTCCAGGACCTG-1","0",73,163,22055,3955,60,54,3955,17195
"GCGATGTAGAATGTAT-1","0",73,165,22053,3589,58,54,3589,17197
"GGAAGGCTGGCCGATC-1","0",73,167,22051,3224,56,54,3224,17199
"AGGATATCGCAATCGG-1","0",73,169,22050,2859,54,54,2859,17200
"GAGTGGAATGCCAGTT-1","0",73,171,22048,2494,52,54,2494,17202
"GACGGTCTAGCGCCGG-1","0",73,173,22046,2129,50,54,2129,17204
"ATGAGTCAGACTGGAA-1","0",73,175,22045,1764,48,54,1764,17205
"AATTCAAGCTTGGTTG-1","0",73,177,22043,1398,46,54,1398,17207
"CTACATTGCTCGAATG-1","0",73,179,22041,1033,44,54,1033,17209
"GGCTGGTGAGACTTGC-1","0",73,181,22039,668,42,54,668,17211
"CGACTATCGTCTGTGC-1","0",73,183,22038,303,40,54,303,17212
"GCTGTTATACTCAACA-1","0",73,185,22036,-62,38,54,-62,17214
"GTTAATACTCATCGGA-1","0",73,187,22034,-427,36,54,-427,17216
"GGAATGTCGCGTCTAT-1","0",73,189,22033,-793,34,54,-793,17217
"ATTGCCAAGCACGCAA-1","0",73,191,22031,-1158,32,54,-1158,17219
"ACGATGACAGGCGAGC-1","0",73,193,22029,-1523,30,54,-1523,17221
"CAGCTCTATTGAACTG-1","0",73,195,22027,-1888,28,54,-1888,17223
"GTCACTGGCTTAGCGG-1","0",73,197,22026,-2253,26,54,-2253,17224
"TACGCTAATACCGTAT-1","0",73,199,22024,-2618,24,54,-2618,17226
"GATGTAGTTGAAGACT-1","0",73,201,22022,-2984,22,54,-2984,17228
"AGGCAAGGAGGCCTCG-1","0",73,203,22021,-3349,20,54,-3349,17229
"ATCATTGGCGTATTGC-1","0",73,205,22019,-3714,18,54,-3714,17231
"TGACGGCGACGCCACT-1","0",73,207,22017,-4079,16,54,-4079,17233
"ATAGTTGCTACAGCTT-1","0",73,209,22015,-4444,14,54,-4444,17235
"CCAGACTGTCCACGTT-1","0",73,211,22014,-4809,12,54,-4809,17236
"GTGGTTGGTGAGCCGG-1","0",73,213,22012,-5175,10,54,-5175,17238
"CTCGGAGCCGTAGATC-1","0",73,215,22010,-5540,8,54,-5540,17240
"TCTACAAGACTCGGTA-1","0",73,217,22009,-5905,6,54,-5905,17241
"TCGCTTGAGCAGCGAG-1","0",73,219,22007,-6270,4,54,-6270,17243
"ATGTAGTGTACGTACT-1","0",73,221,22005,-6635,2,54,-6635,17245
"ACCGAAGAATCAGGCG-1","0",73,223,22003,-7000,0,54,-7000,17247
"GTTGCCACTAGAGTCA-1","0",74,0,22512,33714,223,53,33714,16738
"CAGTTGGTTGTCTTAT-1","0",74,2,22510,33349,221,53,33349,16740
"GCTTCTGTTCATAGCT-1","0",74,4,22509,32984,219,53,32984,16741
"AGATCTGCTCAATAGG-1","0",74,6,22507,32619,217,53,32619,16743
"TAACAGTCAATGCACC-1","0",74,8,22505,32253,215,53,32253,16745
"AACGAGAAGTAGTGAG-1","0",74,10,22504,31888,213,53,31888,16746
"TAGGCACTCGCCGGCA-1","0",74,12,22502,31523,211,53,31523,16748
"GTGACTGCGGTTCTCC-1","0",74,14,22500,31158,209,53,31158,16750
"TCTGGTCAACTAGATC-1","0",74,16,22498,30793,207,53,30793,16752
"ACTGACTCGTTGTCAC-1","0",74,18,22497,30428,205,53,30428,16753
"GGTTGCTGCCAGCTGA-1","0",74,20,22495,30062,203,53,30062,16755
"CTAATTCCATCAAGCG-1","0",74,22,22493,29697,201,53,29697,16757
"GGTTGACGAACGGTCG-1","0",74,24,22492,29332,199,53,29332,16758
"ACCAGATTGCTCTAGC-1","0",74,26,22490,28967,197,53,28967,16760
"GTTGGTATCCTCGCCG-1","0",74,28,22488,28602,195,53,28602,16762
"TCTTAACTCGTCGGCT-1","0",74,30,22486,28237,193,53,28237,16764
"CGGTCTGCCGAGTTAA-1","0",74,32,22485,27871,191,53,27871,16765
"TCCTATGACATAGGAT-1","0",74,34,22483,27506,189,53,27506,16767
"CAGCTGTACTTGAATA-1","0",74,36,22481,27141,187,53,27141,16769
"CAGAGGCAACAGAACA-1","0",74,38,22480,26776,185,53,26776,16770
"GCAGCCTGGATATTGG-1","0",74,40,22478,26411,183,53,26411,16772
"CGGCGATACTCACCAA-1","0",74,42,22476,26046,181,53,26046,16774
"TGCGGACCTCGTTGAG-1","0",74,44,22474,25680,179,53,25680,16776
"TCCGTGCCGTATACCA-1","0",74,46,22473,25315,177,53,25315,16777
"ATTATCGTGGACTACA-1","0",74,48,22471,24950,175,53,24950,16779
"TAGGTGAACTATCGTC-1","0",74,50,22469,24585,173,53,24585,16781
"ACGATCGGAATGATAC-1","0",74,52,22468,24220,171,53,24220,16782
"CGCACTAGCCGACAAC-1","0",74,54,22466,23855,169,53,23855,16784
"CTTAGCTGAGCGGCCT-1","0",74,56,22464,23489,167,53,23489,16786
"TGTTCCAATACTCAGT-1","0",74,58,22462,23124,165,53,23124,16788
"GTCACTCGAAGGTCTT-1","0",74,60,22461,22759,163,53,22759,16789
"TGCGGACAGGCCTGCC-1","1",74,62,22459,22394,161,53,22394,16791
"CACGATTGCCTATTGA-1","1",74,64,22457,22029,159,53,22029,16793
"GCTTACAGCCAACGGT-1","1",74,66,22456,21664,157,53,21664,16794
"ACGTTACAACTCCACG-1","1",74,68,22454,21298,155,53,21298,16796
"GTTGCCACAATCCGGC-1","1",74,70,22452,20933,153,53,20933,16798
"AGCCTCCGCACCATGG-1","1",74,72,22450,20568,151,53,20568,16800
"CGGTCCATGCCTACCT-1","1",74,74,22449,20203,149,53,20203,16801
"CCTCTATGGATTGGCC-1","1",74,76,22447,19838,147,53,19838,16803
"TACAGATATCGTATGG-1","1",74,78,22445,19473,145,53,19473,16805
"CTGGCTAGCGTGAATT-1","1",74,80,22444,19107,143,53,19107,16806
"CCTTAGTATGTAGTCG-1","1",74,82,22442,18742,141,53,18742,16808
"CTACTCGGAATTGCTT-1","1",74,84,22440,18377,139,53,18377,16810
"ATGCATCAGGAGCTGA-1","1",74,86,22438,18012,137,53,18012,16812
"TACAAGTCCGCTAACG-1","1",74,88,22437,17647,135,53,17647,16813
"CCATTCAGACTCTGCA-1","1",74,90,22435,17282,133,53,17282,16815
"TGTACCAAGTTGGTAA-1","1",74,92,22433,16916,131,53,16916,16817
"AGGACCGTCAACTTGG-1","1",74,94,22432,16551,129,53,16551,16818
"AACCGTTCAAGGTCAG-1","1",74,96,22430,16186,127,53,16186,16820
"GGTACGGTATTCAATT-1","0",74,98,22428,15821,125,53,15821,16822
"GACTTAGGATCTCCAG-1","0",74,100,22426,15456,123,53,15456,16824
"ACTAATTAGTGACAGG-1","0",74,102,22425,15091,121,53,15091,16825
"CCGGCGTCCGATAGTG-1","0",74,104,22423,14725,119,53,14725,16827
"GGTAGTGATGTAGTGA-1","0",74,106,22421,14360,117,53,14360,16829
"ACGCGTTCTGAGATGC-1","0",74,108,22420,13995,115,53,13995,16830
"CTAGCGGAATCTAGTT-1","1",74,110,22418,13630,113,53,13630,16832
"TATGACTTGCTGTCAA-1","1",74,112,22416,13265,111,53,13265,16834
"ATCTCCTGCCTTGATC-1","1",74,114,22414,12900,109,53,12900,16836
"GAATGGAGTTCGCTGC-1","1",74,116,22413,12534,107,53,12534,16837
"ACCAGCGGCTTAAGGC-1","1",74,118,22411,12169,105,53,12169,16839
"TATCTAGTATACGCGG-1","1",74,120,22409,11804,103,53,11804,16841
"TGCGCTACTCCACTGA-1","1",74,122,22408,11439,101,53,11439,16842
"TGGTGCCGAACAGTCA-1","1",74,124,22406,11074,99,53,11074,16844
"CTTGCGCTATGGTGTC-1","1",74,126,22404,10709,97,53,10709,16846
"CCAAGGTAAGGCATCG-1","1",74,128,22402,10343,95,53,10343,16848
"TCGGAGTGCTCCGGAT-1","1",74,130,22401,9978,93,53,9978,16849
"CGCTCGAGGTGCTTGT-1","1",74,132,22399,9613,91,53,9613,16851
"CTATTAGTTCTTCGTT-1","0",74,134,22397,9248,89,53,9248,16853
"TAACCGAACTGTTGCG-1","1",74,136,22396,8883,87,53,8883,16854
"CCGGCAGAGTACGTCT-1","1",74,138,22394,8518,85,53,8518,16856
"TGAACGTGTTCTTAGT-1","1",74,140,22392,8152,83,53,8152,16858
"GCTCAGTATCAAGCAA-1","1",74,142,22390,7787,81,53,7787,16860
"TCAATCTGCTGTATAA-1","1",74,144,22389,7422,79,53,7422,16861
"CTACAGGTCTATGTAC-1","1",74,146,22387,7057,77,53,7057,16863
"TAAGCGCAACGCTGCC-1","0",74,148,22385,6692,75,53,6692,16865
"ATCTATGTTGAAGGCT-1","0",74,150,22384,6327,73,53,6327,16866
"CCGCGTCTGATTAAGC-1","0",74,152,22382,5961,71,53,5961,16868
"TATCAGTCTAGGTGCG-1","0",74,154,22380,5596,69,53,5596,16870
"GCTCGCTAATCAAGTT-1","0",74,156,22379,5231,67,53,5231,16871
"TAGACAAGCGACCTGG-1","0",74,158,22377,4866,65,53,4866,16873
"CAGTGAGGAAGGATCC-1","0",74,160,22375,4501,63,53,4501,16875
"TGCGTAGTCCACCTTA-1","0",74,162,22373,4136,61,53,4136,16877
"CCACGTTCCGTCCTTG-1","0",74,164,22372,3770,59,53,3770,16878
"CAACTTGAGGACGTAA-1","0",74,166,22370,3405,57,53,3405,16880
"GTATAGGATAGCGAAC-1","0",74,168,22368,3040,55,53,3040,16882
"TATGCCTGATGCAAGC-1","0",74,170,22367,2675,53,53,2675,16883
"CTCCACAAGATAGACG-1","0",74,172,22365,2310,51,53,2310,16885
"GGAATTATCTATCAGG-1","0",74,174,22363,1945,49,53,1945,16887
"AGGACGTAACGTGCTC-1","0",74,176,22361,1579,47,53,1579,16889
"TCGCAACGGCCACCGT-1","0",74,178,22360,1214,45,53,1214,16890
"AATGAAGTCGGCCAGA-1","0",74,180,22358,849,43,53,849,16892
"CTCGGTGAATCATACA-1","0",74,182,22356,484,41,53,484,16894
"CTGCTCACGACAACTT-1","0",74,184,22355,119,39,53,119,16895
"ATCTACGGATGGTCTA-1","0",74,186,22353,-246,37,53,-246,16897
"CAGTATACGGATCGTT-1","0",74,188,22351,-612,35,53,-612,16899
"GTTGACCGCACTAGCA-1","0",74,190,22349,-977,33,53,-977,16901
"GGTTACGTCAAGCAGG-1","0",74,192,22348,-1342,31,53,-1342,16902
"TAACTGAGATGTCACT-1","0",74,194,22346,-1707,29,53,-1707,16904
"GAACGCCAATCAATCA-1","0",74,196,22344,-2072,27,53,-2072,16906
"CGATAACTCCGAAGTT-1","0",74,198,22343,-2437,25,53,-2437,16907
"CTGGTGGCTTATGTCA-1","0",74,200,22341,-2802,23,53,-2802,16909
"GGACGTGGTAGGCATC-1","0",74,202,22339,-3168,21,53,-3168,16911
"CATATTGTATCAGCTG-1","0",74,204,22337,-3533,19,53,-3533,16913
"TCTTGCATGCTTGCCG-1","0",74,206,22336,-3898,17,53,-3898,16914
"TGCAGCTATGCGTGCA-1","0",74,208,22334,-4263,15,53,-4263,16916
"CTCAGGCAGCGGAGAA-1","0",74,210,22332,-4628,13,53,-4628,16918
"TCGCCTGGATAGGCGG-1","0",74,212,22331,-4993,11,53,-4993,16919
"CGTGAATCTTCCTAAT-1","0",74,214,22329,-5359,9,53,-5359,16921
"TGAACGAATAAGGCTA-1","0",74,216,22327,-5724,7,53,-5724,16923
"GCAGTAATTACACCGT-1","0",74,218,22325,-6089,5,53,-6089,16925
"TGTCAGTGATACGGTT-1","0",74,220,22324,-6454,3,53,-6454,16926
"GAGTGCCTTACGATGG-1","0",74,222,22322,-6819,1,53,-6819,16928
"CTTACGTCTAAGTCTA-1","0",75,1,22825,33530,222,52,33530,16425
"GTGCTCTGCAGTAACA-1","0",75,3,22824,33165,220,52,33165,16426
"AGCTTCAGATCCATTC-1","0",75,5,22822,32800,218,52,32800,16428
"ATAGGCGGTTCGTACC-1","0",75,7,22820,32435,216,52,32435,16430
"ATCTTGATCGCAGAAG-1","0",75,9,22818,32069,214,52,32069,16432
"ATTGACAGCCAACAAG-1","0",75,11,22817,31704,212,52,31704,16433
"AGCTACGTTAATGCAG-1","0",75,13,22815,31339,210,52,31339,16435
"CTAGTTCGCAGGTCGC-1","0",75,15,22813,30974,208,52,30974,16437
"GCCATTAACGCCTGAA-1","0",75,17,22812,30609,206,52,30609,16438
"CAGTAATAGTGCGTTG-1","0",75,19,22810,30244,204,52,30244,16440
"GGCCGGCTCAGACACG-1","0",75,21,22808,29878,202,52,29878,16442
"TGGACACGCAACCGTT-1","0",75,23,22806,29513,200,52,29513,16444
"AACAGTCAATGTGATA-1","0",75,25,22805,29148,198,52,29148,16445
"AAGCCACCGCAGGCCT-1","0",75,27,22803,28783,196,52,28783,16447
"ATACAATTGCTTGCCA-1","0",75,29,22801,28418,194,52,28418,16449
"CTACTGGCGGACGAGC-1","0",75,31,22800,28053,192,52,28053,16450
"ACCTAAGACCGACGTA-1","0",75,33,22798,27687,190,52,27687,16452
"ATAAGCCGCTGAATCC-1","0",75,35,22796,27322,188,52,27322,16454
"GTGCCTCCACTGAGCA-1","0",75,37,22794,26957,186,52,26957,16456
"ACAATAAGTGACATTA-1","0",75,39,22793,26592,184,52,26592,16457
"GCAATTCCGCCTGAAT-1","0",75,41,22791,26227,182,52,26227,16459
"GTTCTACCGTGACTCC-1","0",75,43,22789,25862,180,52,25862,16461
"TGGTTGGATTCCTTCG-1","0",75,45,22788,25496,178,52,25496,16462
"GCACGCTAGAATTAAG-1","0",75,47,22786,25131,176,52,25131,16464
"TAACGAGTAAGACGCA-1","0",75,49,22784,24766,174,52,24766,16466
"GCCAGAGGTGACTCGC-1","0",75,51,22782,24401,172,52,24401,16468
"TCATTCAAGGAGCCTG-1","0",75,53,22781,24036,170,52,24036,16469
"ATCGTAGCGTCTTAAG-1","0",75,55,22779,23671,168,52,23671,16471
"GCTGAACAAGCTCGGA-1","0",75,57,22777,23305,166,52,23305,16473
"ATAAGAACTCGTTAGA-1","0",75,59,22776,22940,164,52,22940,16474
"CGTAGTATGTATTCAT-1","0",75,61,22774,22575,162,52,22575,16476
"GACCAACGACAGCATG-1","1",75,63,22772,22210,160,52,22210,16478
"CATAATGGAGGCAGTA-1","1",75,65,22771,21845,158,52,21845,16479
"TCACTACGGTCGGTTG-1","1",75,67,22769,21480,156,52,21480,16481
"GTGACCTTAGCTCCAA-1","1",75,69,22767,21114,154,52,21114,16483
"CTCAATACTTCTGCTA-1","1",75,71,22765,20749,152,52,20749,16485
"GGTTCTCGAACGTTGC-1","1",75,73,22764,20384,150,52,20384,16486
"CCAATACCGGTGAGGC-1","1",75,75,22762,20019,148,52,20019,16488
"GTCTAGAACTCGTCCG-1","1",75,77,22760,19654,146,52,19654,16490
"ATTATGCGCTATCAGA-1","1",75,79,22759,19289,144,52,19289,16491
"CGAGGATACTGTACTC-1","1",75,81,22757,18923,142,52,18923,16493
"AATATCATGGCTTCAT-1","1",75,83,22755,18558,140,52,18558,16495
"ACGTTAATGAGTGCCA-1","1",75,85,22753,18193,138,52,18193,16497
"ATCTGATAGTGAACCA-1","1",75,87,22752,17828,136,52,17828,16498
"CGAATCAGCGAGTGGC-1","1",75,89,22750,17463,134,52,17463,16500
"AACCAAGCTAGATACG-1","1",75,91,22748,17098,132,52,17098,16502
"AGTGCTACGAAGCAAG-1","1",75,93,22747,16732,130,52,16732,16503
"TGCCACAAGTTCACTT-1","1",75,95,22745,16367,128,52,16367,16505
"GTCGGAATCTTCTAGA-1","0",75,97,22743,16002,126,52,16002,16507
"GCAGTTCGATAGGTTG-1","0",75,99,22741,15637,124,52,15637,16509
"TGGAAGCAAGCGCAAG-1","0",75,101,22740,15272,122,52,15272,16510
"CGCCTTATGTCCAGAA-1","0",75,103,22738,14907,120,52,14907,16512
"AGACTCCGTGATCGGA-1","0",75,105,22736,14541,118,52,14541,16514
"ATGTTCGTCTGTGACC-1","0",75,107,22735,14176,116,52,14176,16515
"TGGAAGTGATAGGTTA-1","1",75,109,22733,13811,114,52,13811,16517
"CTAGTTGAGTATAGCT-1","1",75,111,22731,13446,112,52,13446,16519
"GCGTCTCACGTCTTAC-1","1",75,113,22729,13081,110,52,13081,16521
"GTACGCAATGTTGCCT-1","1",75,115,22728,12716,108,52,12716,16522
"ACGCAAGCTACGAACC-1","1",75,117,22726,12350,106,52,12350,16524
"GTGGCGTTGAACCGCT-1","1",75,119,22724,11985,104,52,11985,16526
"CGACCAGGCGGACAGA-1","1",75,121,22723,11620,102,52,11620,16527
"TGCTACATGCACATGT-1","1",75,123,22721,11255,100,52,11255,16529
"AGACTCTACGTCTTGC-1","1",75,125,22719,10890,98,52,10890,16531
"CTATAGCAGATGGCAT-1","1",75,127,22717,10525,96,52,10525,16533
"GAGGTCACTCGGACGG-1","1",75,129,22716,10159,94,52,10159,16534
"CCGCGTAATAGATGTC-1","1",75,131,22714,9794,92,52,9794,16536
"TAACAGCATCACGATA-1","0",75,133,22712,9429,90,52,9429,16538
"ACAGGAATGCGAACAG-1","1",75,135,22711,9064,88,52,9064,16539
"AGGTTACAGGTATTGA-1","1",75,137,22709,8699,86,52,8699,16541
"TGACATCATACCTGCC-1","1",75,139,22707,8334,84,52,8334,16543
"CGCTATTGCAATGACG-1","1",75,141,22705,7968,82,52,7968,16545
"TAAGCCACATGGTAAT-1","1",75,143,22704,7603,80,52,7603,16546
"GCTGACCAGCATAGAC-1","0",75,145,22702,7238,78,52,7238,16548
"ATGTTACTAATGATGT-1","0",75,147,22700,6873,76,52,6873,16550
"GTAAGTAGGCGACACT-1","0",75,149,22699,6508,74,52,6508,16551
"TGAGTCCATAGGCATA-1","0",75,151,22697,6143,72,52,6143,16553
"CGCTGCGAGTCATAGA-1","0",75,153,22695,5777,70,52,5777,16555
"TAAGGTGGCTTGCGCC-1","0",75,155,22693,5412,68,52,5412,16557
"ATCAGCCTAGACCGCC-1","0",75,157,22692,5047,66,52,5047,16558
"CGCACGCAGGCGCATG-1","0",75,159,22690,4682,64,52,4682,16560
"TGTCAACCAATACCTC-1","0",75,161,22688,4317,62,52,4317,16562
"AGCTGTCAGTCGTTGA-1","0",75,163,22687,3952,60,52,3952,16563
"ATTATGCGCTGAGTGC-1","0",75,165,22685,3586,58,52,3586,16565
"TGTAATTGAAGCGTGA-1","0",75,167,22683,3221,56,52,3221,16567
"GTGGTTGAGGAACGGA-1","0",75,169,22681,2856,54,52,2856,16569
"GCGATCTTGGTGCGAA-1","0",75,171,22680,2491,52,52,2491,16570
"TAAGTGGCTACCTCAC-1","0",75,173,22678,2126,50,52,2126,16572
"GAGTACGCTAACAGCA-1","0",75,175,22676,1761,48,52,1761,16574
"TAACCTGAATGTGACA-1","0",75,177,22675,1395,46,52,1395,16575
"GGCGTGTAAGCATGTC-1","0",75,179,22673,1030,44,52,1030,16577
"CTTGAATCCGCCTCGA-1","0",75,181,22671,665,42,52,665,16579
"TAGAGTACGTGCCGAG-1","0",75,183,22669,300,40,52,300,16581
"GATAGGACCGTCTATT-1","0",75,185,22668,-65,38,52,-65,16582
"GTAGGTGACCTCCACC-1","0",75,187,22666,-430,36,52,-430,16584
"AAGAATACTCGATGAC-1","0",75,189,22664,-796,34,52,-796,16586
"GGTATGGAGTCTGCAC-1","0",75,191,22663,-1161,32,52,-1161,16587
"GTTAAGCTATTCAGAT-1","0",75,193,22661,-1526,30,52,-1526,16589
"TCCGAACAGATTGATC-1","0",75,195,22659,-1891,28,52,-1891,16591
"AGGAACGCCACGCCTA-1","0",75,197,22657,-2256,26,52,-2256,16593
"GCATTGGTTAATGTCC-1","0",75,199,22656,-2621,24,52,-2621,16594
"CTCACGCTTGGAACAA-1","0",75,201,22654,-2987,22,52,-2987,16596
"TAGTGAGGTATGTTGG-1","0",75,203,22652,-3352,20,52,-3352,16598
"ACGTGGTCGCTACAGC-1","0",75,205,22651,-3717,18,52,-3717,16599
"GCCTGTCGCCTTGGCG-1","0",75,207,22649,-4082,16,52,-4082,16601
"TCAGCTTCTGCACCTA-1","0",75,209,22647,-4447,14,52,-4447,16603
"ATAACTCGTCACGCCG-1","0",75,211,22645,-4812,12,52,-4812,16605
"GTACGCAGGTACCATA-1","0",75,213,22644,-5178,10,52,-5178,16606
"AAGAATCCATACTTGA-1","0",75,215,22642,-5543,8,52,-5543,16608
"CTTGGAGGTGGAGGTT-1","0",75,217,22640,-5908,6,52,-5908,16610
"GATGCGGCACGTATAG-1","0",75,219,22639,-6273,4,52,-6273,16611
"TACACTGCTTGCTTCA-1","0",75,221,22637,-6638,2,52,-6638,16613
"GTGACACCAGGAACCG-1","0",75,223,22635,-7003,0,52,-7003,16615
"GTTAATGGTCTGAGCC-1","0",76,0,23144,33711,223,51,33711,16106
"GTGGTTACAGAATTGA-1","0",76,2,23142,33346,221,51,33346,16108
"TATTACTGGAGTAGTC-1","0",76,4,23140,32981,219,51,32981,16110
"AACGAGGCTGGTACCG-1","0",76,6,23139,32616,217,51,32616,16111
"GAATACCTCCTGTCGC-1","0",76,8,23137,32250,215,51,32250,16113
"ATGTGATACCGCGTCG-1","0",76,10,23135,31885,213,51,31885,16115
"TCCAAGACGCGTCGGT-1","0",76,12,23134,31520,211,51,31520,16116
"AATCGCTGTCGTCTGG-1","0",76,14,23132,31155,209,51,31155,16118
"CATACCTTAGAATCGA-1","0",76,16,23130,30790,207,51,30790,16120
"GTTCCTCGGCTAATGT-1","0",76,18,23128,30425,205,51,30425,16122
"TCACCGCACTAGGTTG-1","0",76,20,23127,30059,203,51,30059,16123
"ACCTGCGAGTATCGCC-1","0",76,22,23125,29694,201,51,29694,16125
"AGCCTCCATGAGGACT-1","0",76,24,23123,29329,199,51,29329,16127
"ATAGTTAACCAGCGAA-1","0",76,26,23122,28964,197,51,28964,16128
"CGGATTGCCGTCGATC-1","0",76,28,23120,28599,195,51,28599,16130
"TAGCCGACCAGCCGAG-1","0",76,30,23118,28234,193,51,28234,16132
"AGCCAGACGTTAGCCT-1","0",76,32,23116,27868,191,51,27868,16134
"ATTATCTGAACCGGAG-1","0",76,34,23115,27503,189,51,27503,16135
"GCCACTGCAGCCTTCC-1","0",76,36,23113,27138,187,51,27138,16137
"TACCTCAAGAATTAGG-1","0",76,38,23111,26773,185,51,26773,16139
"ACATGTTGAATTGCAC-1","0",76,40,23110,26408,183,51,26408,16140
"CTTCGATGCCATGGAC-1","0",76,42,23108,26043,181,51,26043,16142
"AGGACTAGGCGACGTC-1","0",76,44,23106,25677,179,51,25677,16144
"GAGCCTGAGGCGCACG-1","0",76,46,23104,25312,177,51,25312,16146
"TCATGGTTCGGTTAGG-1","0",76,48,23103,24947,175,51,24947,16147
"CTTCGAGGACTGAATT-1","0",76,50,23101,24582,173,51,24582,16149
"GTGGATAAGAACATCT-1","0",76,52,23099,24217,171,51,24217,16151
"TGGTTGAATGGATAAG-1","0",76,54,23098,23852,169,51,23852,16152
"GAACGGCCTTCGTTCC-1","0",76,56,23096,23486,167,51,23486,16154
"CGGATGTCTTCCGCTG-1","0",76,58,23094,23121,165,51,23121,16156
"TACTCGTGTTCGTCTA-1","0",76,60,23092,22756,163,51,22756,16158
"CTATCGCAGCGATCTG-1","0",76,62,23091,22391,161,51,22391,16159
"CTGGCACCAACGTCTT-1","1",76,64,23089,22026,159,51,22026,16161
"GGTAGCCACGAACTCA-1","1",76,66,23087,21661,157,51,21661,16163
"TGCGAATTGCTTATGT-1","1",76,68,23086,21295,155,51,21295,16164
"GGCTGCTCTATTGGCC-1","1",76,70,23084,20930,153,51,20930,16166
"CAGAGGATAGCGAGAT-1","1",76,72,23082,20565,151,51,20565,16168
"AGTGCGGAACAACGTA-1","1",76,74,23080,20200,149,51,20200,16170
"CAGGCCAAGTTGGCTA-1","1",76,76,23079,19835,147,51,19835,16171
"ACGAGTTACATACTCG-1","1",76,78,23077,19470,145,51,19470,16173
"TAAGATACTAGAGCCT-1","1",76,80,23075,19105,143,51,19105,16175
"TGAGGCATTATCTACC-1","1",76,82,23074,18739,141,51,18739,16176
"GCGTCTCGCCTCAATA-1","1",76,84,23072,18374,139,51,18374,16178
"ATTCTGAGTGATGCCA-1","1",76,86,23070,18009,137,51,18009,16180
"ACCAAGGCCAGGAGGC-1","1",76,88,23068,17644,135,51,17644,16182
"TCGCCTTACGGTTGAA-1","1",76,90,23067,17279,133,51,17279,16183
"AATGGTATGTGGCTTC-1","1",76,92,23065,16914,131,51,16914,16185
"GTCCTAATCTGGCAAT-1","1",76,94,23063,16548,129,51,16548,16187
"TCACATTCCGTAATTC-1","1",76,96,23062,16183,127,51,16183,16188
"TACGCTCATGAAGAAT-1","1",76,98,23060,15818,125,51,15818,16190
"TAAGAATAACTCCTCG-1","1",76,100,23058,15453,123,51,15453,16192
"GGTTAGACGTCTATGG-1","1",76,102,23056,15088,121,51,15088,16194
"GCAAGAATCACCGATC-1","0",76,104,23055,14723,119,51,14723,16195
"AATGGTATTGCTTATT-1","0",76,106,23053,14357,117,51,14357,16197
"GACTGAGTATGCCGGC-1","1",76,108,23051,13992,115,51,13992,16199
"CTGTAATAGGATAAGA-1","1",76,110,23050,13627,113,51,13627,16200
"ACAGTACCGGAACCGA-1","1",76,112,23048,13262,111,51,13262,16202
"GTATGTCTCGGACCTG-1","1",76,114,23046,12897,109,51,12897,16204
"TCACCGCTCAGCCGCT-1","1",76,116,23045,12532,107,51,12532,16205
"ATCATTGTACGTCCGC-1","1",76,118,23043,12166,105,51,12166,16207
"CATGCACGAAGTCTAG-1","1",76,120,23041,11801,103,51,11801,16209
"ACAGATACTAATGGAC-1","1",76,122,23039,11436,101,51,11436,16211
"GGTTGCGAGTGACATT-1","1",76,124,23038,11071,99,51,11071,16212
"CCTGGCCATATGCGGA-1","1",76,126,23036,10706,97,51,10706,16214
"CTATCCTTAAGTACTT-1","1",76,128,23034,10341,95,51,10341,16216
"ATTATGCCTATCGCAG-1","1",76,130,23033,9975,93,51,9975,16217
"AATCTAATAGTGGTAT-1","0",76,132,23031,9610,91,51,9610,16219
"AATCCTGTCTACATGG-1","1",76,134,23029,9245,89,51,9245,16221
"CCTCTATGTTAGACCA-1","1",76,136,23027,8880,87,51,8880,16223
"GATCCAAGCCAGGCAA-1","1",76,138,23026,8515,85,51,8515,16224
"TCAGAACTATCCATGA-1","1",76,140,23024,8150,83,51,8150,16226
"GACATCGCTCAAGAGC-1","1",76,142,23022,7784,81,51,7784,16228
"GTGCAGTTAATACGAA-1","1",76,144,23021,7419,79,51,7419,16229
"CTGTCAATAATCACTC-1","0",76,146,23019,7054,77,51,7054,16231
"CCGGCAGCCGGTGAAG-1","0",76,148,23017,6689,75,51,6689,16233
"GGTCCTAGAACATCGT-1","0",76,150,23015,6324,73,51,6324,16235
"TGTCAAGAACTGATTC-1","0",76,152,23014,5959,71,51,5959,16236
"CAGTCTTGCGCAATTA-1","0",76,154,23012,5593,69,51,5593,16238
"CTGCTATGAGCGGATG-1","0",76,156,23010,5228,67,51,5228,16240
"ATAGGCATAAGCGACT-1","0",76,158,23009,4863,65,51,4863,16241
"GCGATCCTGCCATCAA-1","0",76,160,23007,4498,63,51,4498,16243
"ATACTGTCCTAGAAGG-1","0",76,162,23005,4133,61,51,4133,16245
"AACTGCAAGCAACGGA-1","0",76,164,23003,3768,59,51,3768,16247
"TCCAATTACCGTATTC-1","0",76,166,23002,3402,57,51,3402,16248
"AGGACTTCGCTTGGTT-1","0",76,168,23000,3037,55,51,3037,16250
"ATGTAGCAATGGCCAG-1","0",76,170,22998,2672,53,51,2672,16252
"TGACTCGGACGGTAAC-1","0",76,172,22997,2307,51,51,2307,16253
"AACGCTGTCCTGGATC-1","0",76,174,22995,1942,49,51,1942,16255
"TGCGTGAGGCTTCGGT-1","0",76,176,22993,1577,47,51,1577,16257
"CGGACCACAAGACCAA-1","0",76,178,22991,1211,45,51,1211,16259
"AAGTCGGTGGACATCT-1","0",76,180,22990,846,43,51,846,16260
"TCGCCGTTCGAGTGCA-1","0",76,182,22988,481,41,51,481,16262
"GCCGGCCAGCCATACG-1","0",76,184,22986,116,39,51,116,16264
"AGACCTCCTTAAGCAA-1","0",76,186,22985,-249,37,51,-249,16265
"CAATGCCATATTACAG-1","0",76,188,22983,-614,35,51,-614,16267
"AACGACGGAGATTAAT-1","0",76,190,22981,-980,33,51,-980,16269
"GACAAGACCTACTCGA-1","0",76,192,22979,-1345,31,51,-1345,16271
"AGTATTGACGCACCGG-1","0",76,194,22978,-1710,29,51,-1710,16272
"ACTGACCTCACCAAGG-1","0",76,196,22976,-2075,27,51,-2075,16274
"AGGATGGTTGGCGTAG-1","0",76,198,22974,-2440,25,51,-2440,16276
"GCAGTTCGCTTCGCGA-1","0",76,200,22973,-2805,23,51,-2805,16277
"TGAATGTTATGTCGAC-1","0",76,202,22971,-3171,21,51,-3171,16279
"CTCAGAGTTGAAGCAT-1","0",76,204,22969,-3536,19,51,-3536,16281
"GGTAGGCGTACGAATA-1","0",76,206,22967,-3901,17,51,-3901,16283
"ATTCAGTGACTCAGAC-1","0",76,208,22966,-4266,15,51,-4266,16284
"TACGTAATTAGTGAGT-1","0",76,210,22964,-4631,13,51,-4631,16286
"TACTAGACTCACAGAT-1","0",76,212,22962,-4996,11,51,-4996,16288
"GACTTGACGCACGAAC-1","0",76,214,22961,-5362,9,51,-5362,16289
"AACATGATAGTGTATC-1","0",76,216,22959,-5727,7,51,-5727,16291
"ACGTTCACTCTATGCC-1","0",76,218,22957,-6092,5,51,-6092,16293
"CTGAAGCGTGCGCCGG-1","0",76,220,22955,-6457,3,51,-6457,16295
"TGCACGCTTCCTGTAC-1","0",76,222,22954,-6822,1,51,-6822,16296
"TAGATGGCAGTTGATC-1","0",77,1,23457,33527,222,50,33527,15793
"AGGCGATACCACGAAC-1","0",77,3,23455,33162,220,50,33162,15795
"TGGCCTTCTGGCCTCG-1","0",77,5,23454,32797,218,50,32797,15796
"ATGCTGCATCGGATAA-1","0",77,7,23452,32432,216,50,32432,15798
"GTTGCCGCTCGGCTTG-1","0",77,9,23450,32066,214,50,32066,15800
"ATAACGCTGGCGACGC-1","0",77,11,23448,31701,212,50,31701,15802
"AGTAGAAGGATACTGC-1","0",77,13,23447,31336,210,50,31336,15803
"CCTCACATCAACTAAG-1","0",77,15,23445,30971,208,50,30971,15805
"AGCCACTGCTTAGATT-1","0",77,17,23443,30606,206,50,30606,15807
"TATCTACAGGAGCCAA-1","0",77,19,23442,30241,204,50,30241,15808
"GTCTAGTCAGTAACTG-1","0",77,21,23440,29875,202,50,29875,15810
"GCTACGAGCGGCATAC-1","0",77,23,23438,29510,200,50,29510,15812
"TAGTGACTATCGTCGG-1","0",77,25,23437,29145,198,50,29145,15813
"TACATCACAGGAGCAC-1","0",77,27,23435,28780,196,50,28780,15815
"TGCCAACCACTGCGTA-1","0",77,29,23433,28415,194,50,28415,15817
"CTCATATCCGGTCTAA-1","0",77,31,23431,28050,192,50,28050,15819
"TCCGAGACGTAACACC-1","0",77,33,23430,27684,190,50,27684,15820
"CTCCGTCGATGCCATC-1","0",77,35,23428,27319,188,50,27319,15822
"TGAGGTCGGAGTTAGG-1","0",77,37,23426,26954,186,50,26954,15824
"GACTGATTGAAGGACC-1","0",77,39,23425,26589,184,50,26589,15825
"CCTAGTATCGCATCAC-1","0",77,41,23423,26224,182,50,26224,15827
"CTGTGAACCTGGCCAC-1","0",77,43,23421,25859,180,50,25859,15829
"TAGTGCTCGCTCCGAG-1","0",77,45,23419,25493,178,50,25493,15831
"TGCCACTAATGTGCAC-1","0",77,47,23418,25128,176,50,25128,15832
"GTGCAGGTCAATTGTC-1","0",77,49,23416,24763,174,50,24763,15834
"CATGTTCGGATCGACC-1","0",77,51,23414,24398,172,50,24398,15836
"TCATCGCTTGTAAGTA-1","0",77,53,23413,24033,170,50,24033,15837
"ACAAGTAGTGAGAAGT-1","0",77,55,23411,23668,168,50,23668,15839
"TAGTTCTTGTATTCTG-1","0",77,57,23409,23302,166,50,23302,15841
"CTCCAGGATGCGTTCT-1","0",77,59,23407,22937,164,50,22937,15843
"GACCAGGAAGTTCCTG-1","0",77,61,23406,22572,162,50,22572,15844
"TGATTCATACGGAATA-1","0",77,63,23404,22207,160,50,22207,15846
"TACATTAGACAAGCTT-1","1",77,65,23402,21842,158,50,21842,15848
"TAACGACAACTTCGTT-1","1",77,67,23401,21477,156,50,21477,15849
"ATCAAGGAACGCATCG-1","1",77,69,23399,21111,154,50,21111,15851
"GTCGCATTGCTAATAG-1","1",77,71,23397,20746,152,50,20746,15853
"AATGGTGCACAGACAG-1","1",77,73,23395,20381,150,50,20381,15855
"AGGATCTTATACCTCG-1","1",77,75,23394,20016,148,50,20016,15856
"TCGCCGGAGTTCCTAC-1","1",77,77,23392,19651,146,50,19651,15858
"CAGTAGTTGGAACTCA-1","1",77,79,23390,19286,144,50,19286,15860
"GTCGGCACTTGAAGGC-1","1",77,81,23389,18920,142,50,18920,15861
"TCAACCTGTTGGAGCC-1","1",77,83,23387,18555,140,50,18555,15863
"CAGCTGTTATGTAACG-1","1",77,85,23385,18190,138,50,18190,15865
"CTAGCAGGTGGAGCCA-1","1",77,87,23383,17825,136,50,17825,15867
"CTGCATACGGACAATT-1","1",77,89,23382,17460,134,50,17460,15868
"TATTAGGTACGGCGAT-1","1",77,91,23380,17095,132,50,17095,15870
"GACTTGCATAGGTAAT-1","1",77,93,23378,16729,130,50,16729,15872
"AATACTAAGCGGATTA-1","1",77,95,23377,16364,128,50,16364,15873
"CTATTAAGCTGTCGGC-1","1",77,97,23375,15999,126,50,15999,15875
"TCATAATCCATTGAAT-1","1",77,99,23373,15634,124,50,15634,15877
"GCGGTTGGTGCAAGCC-1","1",77,101,23371,15269,122,50,15269,15879
"CACTCAGTCTTCGGAA-1","0",77,103,23370,14904,120,50,14904,15880
"TACGACGCACGATGTT-1","0",77,105,23368,14538,118,50,14538,15882
"GGTGATGGCTAGTTGT-1","1",77,107,23366,14173,116,50,14173,15884
"AATGGTATGGCTAGAC-1","1",77,109,23365,13808,114,50,13808,15885
"GTGGAGTGGATGGACC-1","1",77,111,23363,13443,112,50,13443,15887
"TCATGTCGGCGATCCG-1","1",77,113,23361,13078,110,50,13078,15889
"GAGGCCACAGTGGCAG-1","1",77,115,23359,12713,108,50,12713,15891
"CCTCAGATCTGCGTAA-1","1",77,117,23358,12347,106,50,12347,15892
"GCATTGTTGATTCGGC-1","1",77,119,23356,11982,104,50,11982,15894
"CAGTCTGCGTCATGGA-1","1",77,121,23354,11617,102,50,11617,15896
"CACGATGCGTATCGTA-1","1",77,123,23353,11252,100,50,11252,15897
"TACACTACGAAGGATT-1","1",77,125,23351,10887,98,50,10887,15899
"GGCCGGAGGCCAACAG-1","1",77,127,23349,10522,96,50,10522,15901
"ATGAACCAACGCCGAT-1","1",77,129,23347,10156,94,50,10156,15903
"TCTACATGAATTCATA-1","0",77,131,23346,9791,92,50,9791,15904
"TCACCACGGTTAGCAG-1","1",77,133,23344,9426,90,50,9426,15906
"TGCACGAGGCGACACT-1","1",77,135,23342,9061,88,50,9061,15908
"GTAAGTGATTGGTAAC-1","1",77,137,23341,8696,86,50,8696,15909
"CAACGTAATACGGTTG-1","1",77,139,23339,8331,84,50,8331,15911
"AGCGAAGATACGGCGA-1","1",77,141,23337,7965,82,50,7965,15913
"CCTGTTCCATGTGCAT-1","1",77,143,23335,7600,80,50,7600,15915
"GGCATATGGCCAGAAG-1","1",77,145,23334,7235,78,50,7235,15916
"CCTTCCGCATCCGTTC-1","0",77,147,23332,6870,76,50,6870,15918
"TAGTATCTGGTAACTT-1","0",77,149,23330,6505,74,50,6505,15920
"GGTCTTAGGAGCCAGA-1","0",77,151,23329,6140,72,50,6140,15921
"TAGGTCCGAGGACCAC-1","0",77,153,23327,5774,70,50,5774,15923
"TCAGATACTATTAAGT-1","0",77,155,23325,5409,68,50,5409,15925
"ACAATACGGATAAGCT-1","0",77,157,23323,5044,66,50,5044,15927
"CTCATCTAGATGCCGA-1","0",77,159,23322,4679,64,50,4679,15928
"TGGTTATTCAGATAGT-1","0",77,161,23320,4314,62,50,4314,15930
"CTGGCCTAAGCCATGT-1","0",77,163,23318,3949,60,50,3949,15932
"ACAGGACTCGAGAAGC-1","0",77,165,23317,3583,58,50,3583,15933
"TAAGAATATGTCGCAA-1","0",77,167,23315,3218,56,50,3218,15935
"GCTTGGTCCACGATCC-1","0",77,169,23313,2853,54,50,2853,15937
"GTATGTCCTACCTCGA-1","0",77,171,23311,2488,52,50,2488,15939
"TGCTACATTATCATAA-1","0",77,173,23310,2123,50,50,2123,15940
"CTATTATGCCAGGCTG-1","0",77,175,23308,1758,48,50,1758,15942
"GATCCTTCCTGCGAAG-1","0",77,177,23306,1392,46,50,1392,15944
"ACTCTAGACAGATAGA-1","0",77,179,23305,1027,44,50,1027,15945
"TAATACAAGTACCTTC-1","0",77,181,23303,662,42,50,662,15947
"GTTGCCTAAGCACCAG-1","0",77,183,23301,297,40,50,297,15949
"ATTACCGAATGTGAAC-1","0",77,185,23299,-68,38,50,-68,15951
"AGTAGAGTTGTATTAA-1","0",77,187,23298,-433,36,50,-433,15952
"GCTCAATCCGCCATAA-1","0",77,189,23296,-799,34,50,-799,15954
"ACGCGTACGCAGTGGT-1","0",77,191,23294,-1164,32,50,-1164,15956
"AAGCGAGCGTAACGAG-1","0",77,193,23293,-1529,30,50,-1529,15957
"GGAGGTGCCTATTCGG-1","0",77,195,23291,-1894,28,50,-1894,15959
"ATCCACATAGGTTACA-1","0",77,197,23289,-2259,26,50,-2259,15961
"GGTAACCTATCGCTAA-1","0",77,199,23287,-2624,24,50,-2624,15963
"TGTCTAATGCTTCGGA-1","0",77,201,23286,-2990,22,50,-2990,15964
"GGATAAGTCATCGCGA-1","0",77,203,23284,-3355,20,50,-3355,15966
"ATTACCGGTACGACGT-1","0",77,205,23282,-3720,18,50,-3720,15968
"GTACATGAATGTCTCC-1","0",77,207,23281,-4085,16,50,-4085,15969
"GATAGGACGGATACCG-1","0",77,209,23279,-4450,14,50,-4450,15971
"GCACCGTGGTCGCACG-1","0",77,211,23277,-4815,12,50,-4815,15973
"TAGTATTATGTCGTTA-1","0",77,213,23275,-5181,10,50,-5181,15975
"AGATGCAACACGATGC-1","0",77,215,23274,-5546,8,50,-5546,15976
"TAGACAAGTCACTGCT-1","0",77,217,23272,-5911,6,50,-5911,15978
"AGGATCGAGTGGCCTC-1","0",77,219,23270,-6276,4,50,-6276,15980
"CAGAACGCTTACAACC-1","0",77,221,23269,-6641,2,50,-6641,15981
"ACCTGCGGATGCCAAG-1","0",77,223,23267,-7006,0,50,-7006,15983
"TCGCCGTTCTCGGTAT-1","0",78,0,23776,33708,223,49,33708,15474
"GTCTGTAATAGGTATC-1","0",78,2,23774,33343,221,49,33343,15476
"TGTTACAACGCTAATT-1","0",78,4,23772,32978,219,49,32978,15478
"GGATTCAGCGGAATTG-1","0",78,6,23770,32613,217,49,32613,15480
"GCATGTTAGCAATTGG-1","0",78,8,23769,32248,215,49,32248,15481
"GTCGCATGGTGAATTA-1","0",78,10,23767,31882,213,49,31882,15483
"ATAGTTGGACGCTCGT-1","0",78,12,23765,31517,211,49,31517,15485
"CTCGCCGATTCTCATC-1","0",78,14,23764,31152,209,49,31152,15486
"TCGGACGTCATCTACA-1","0",78,16,23762,30787,207,49,30787,15488
"ACTCTGAGTACGGATC-1","0",78,18,23760,30422,205,49,30422,15490
"CAAGTGACGAAGGTCC-1","0",78,20,23758,30057,203,49,30057,15492
"GTTACACGACTACACC-1","0",78,22,23757,29691,201,49,29691,15493
"GTGCAGGCTGCCTCAA-1","0",78,24,23755,29326,199,49,29326,15495
"CGTAGTATACGCTAGC-1","0",78,26,23753,28961,197,49,28961,15497
"ATGGCCGATGGTAAGA-1","0",78,28,23752,28596,195,49,28596,15498
"AGTAAGTGGCTGTTCC-1","0",78,30,23750,28231,193,49,28231,15500
"TACGTTCTGACAAGCT-1","0",78,32,23748,27866,191,49,27866,15502
"CTAGCACTCAGACTAG-1","0",78,34,23746,27500,189,49,27500,15504
"CGCTGCACCTATGACC-1","0",78,36,23745,27135,187,49,27135,15505
"GTGGCCGACAACTTGC-1","0",78,38,23743,26770,185,49,26770,15507
"ACATTAGCATGCGATC-1","0",78,40,23741,26405,183,49,26405,15509
"CTTAGCGTTACTAACA-1","0",78,42,23740,26040,181,49,26040,15510
"CCATTGAGTCCGTGGC-1","0",78,44,23738,25675,179,49,25675,15512
"AGCAAGGTTGGTATCT-1","0",78,46,23736,25309,177,49,25309,15514
"ATGGAGGCATTAATTA-1","0",78,48,23734,24944,175,49,24944,15516
"AATGGCAACCTTATTG-1","0",78,50,23733,24579,173,49,24579,15517
"CGTCTGTAACTCACTG-1","0",78,52,23731,24214,171,49,24214,15519
"GCGATTGATGAGACAG-1","0",78,54,23729,23849,169,49,23849,15521
"ACGTTACAGTGCGAGG-1","0",78,56,23728,23484,167,49,23484,15522
"CGTTACGACCACAGAC-1","0",78,58,23726,23118,165,49,23118,15524
"GCTCGTAATGCACCTG-1","0",78,60,23724,22753,163,49,22753,15526
"CAATGGACTTACTTGT-1","0",78,62,23723,22388,161,49,22388,15527
"TGAGCACGACCGGTCT-1","0",78,64,23721,22023,159,49,22023,15529
"GATTCAGTGAATCAAT-1","1",78,66,23719,21658,157,49,21658,15531
"CTAGGAACTCACTTAG-1","1",78,68,23717,21293,155,49,21293,15533
"ATACTGTATGGCGTCC-1","1",78,70,23716,20927,153,49,20927,15534
"CACTACCGCAAGAACT-1","1",78,72,23714,20562,151,49,20562,15536
"CGCAGACAGGATCCGT-1","1",78,74,23712,20197,149,49,20197,15538
"TATCTAATCATTCCAA-1","1",78,76,23711,19832,147,49,19832,15539
"GGCTACGTCGTACGGT-1","1",78,78,23709,19467,145,49,19467,15541
"GGCGCAAGTACTTCTG-1","1",78,80,23707,19102,143,49,19102,15543
"GCACTGCTCATCCTGT-1","1",78,82,23705,18736,141,49,18736,15545
"CTCGGACTGTCAGTAG-1","1",78,84,23704,18371,139,49,18371,15546
"TGCGTCTGGAGCCAGA-1","1",78,86,23702,18006,137,49,18006,15548
"GGAATGTCAGACAAGA-1","1",78,88,23700,17641,135,49,17641,15550
"GCCAGAAGATTGTAAG-1","1",78,90,23699,17276,133,49,17276,15551
"TAACGATGACGTCAGA-1","1",78,92,23697,16911,131,49,16911,15553
"AATTCTATCTAGTACC-1","1",78,94,23695,16545,129,49,16545,15555
"TCAGGATATTCGATGA-1","1",78,96,23693,16180,127,49,16180,15557
"TGAATACTTAATTCCA-1","1",78,98,23692,15815,125,49,15815,15558
"GCCTAACGACGTTGAC-1","1",78,100,23690,15450,123,49,15450,15560
"AGCTCAGAATCAAGTC-1","1",78,102,23688,15085,121,49,15085,15562
"TAGGATGCCTTCTAAG-1","0",78,104,23687,14720,119,49,14720,15563
"GACCTGCACTGTTATT-1","0",78,106,23685,14354,117,49,14354,15565
"GCCTATAGTTGGTATG-1","1",78,108,23683,13989,115,49,13989,15567
"TGGTGCGAGGCGTAGC-1","1",78,110,23681,13624,113,49,13624,15569
"GTGGAGACGAAGGTAT-1","1",78,112,23680,13259,111,49,13259,15570
"ATAAGGAGTCCGCCGG-1","1",78,114,23678,12894,109,49,12894,15572
"ACGAGCGTATACTTAG-1","1",78,116,23676,12529,107,49,12529,15574
"AGGCTGTACAGGAGTG-1","1",78,118,23675,12163,105,49,12163,15575
"TACTCGTGCTGTGCCT-1","1",78,120,23673,11798,103,49,11798,15577
"ACAATATCGCAGTTAA-1","1",78,122,23671,11433,101,49,11433,15579
"TACTGTTGCCTATCAT-1","1",78,124,23669,11068,99,49,11068,15581
"AGGTGGTAGCTGCCTG-1","1",78,126,23668,10703,97,49,10703,15582
"GTTACGTTAGGAGTTG-1","0",78,128,23666,10338,95,49,10338,15584
"AGCGGAGTGGCCGTCC-1","0",78,130,23664,9972,93,49,9972,15586
"CCAACTTCAATCTGAG-1","1",78,132,23663,9607,91,49,9607,15587
"AATTCAGAACCTCATA-1","1",78,134,23661,9242,89,49,9242,15589
"CTGATGAAGCGAGCCT-1","1",78,136,23659,8877,87,49,8877,15591
"AATTATTCATAACTCG-1","1",78,138,23657,8512,85,49,8512,15593
"CAAGTCCATACTCGTA-1","1",78,140,23656,8147,83,49,8147,15594
"CTGACTGTCGTAAGAC-1","1",78,142,23654,7781,81,49,7781,15596
"GAGCGGAAGACCAGGA-1","1",78,144,23652,7416,79,49,7416,15598
"CGCATGACCTTCCAGG-1","1",78,146,23651,7051,77,49,7051,15599
"ACAGCCAATCCATGAT-1","0",78,148,23649,6686,75,49,6686,15601
"TACGTAGGTCAAGGAC-1","0",78,150,23647,6321,73,49,6321,15603
"CGTAACAGCAATTCTG-1","0",78,152,23645,5956,71,49,5956,15605
"GGACAGCCTGAGATGA-1","0",78,154,23644,5590,69,49,5590,15606
"GTACCTGTTAATTAGT-1","0",78,156,23642,5225,67,49,5225,15608
"GCAAGCTGACGTTACT-1","0",78,158,23640,4860,65,49,4860,15610
"ACGTATCAGCGACGGT-1","0",78,160,23639,4495,63,49,4495,15611
"TCCGTAGTAAGGTCCT-1","0",78,162,23637,4130,61,49,4130,15613
"CATTCTGTCTGCACTG-1","0",78,164,23635,3765,59,49,3765,15615
"TGGTTACGAGATGCAA-1","0",78,166,23633,3399,57,49,3399,15617
"CCGGAGTCCACGCTTC-1","0",78,168,23632,3034,55,49,3034,15618
"CTGCCTAATACTTATG-1","0",78,170,23630,2669,53,49,2669,15620
"CGCTTCCGCTAATTCA-1","0",78,172,23628,2304,51,49,2304,15622
"GACTAGCCATAACTCC-1","0",78,174,23627,1939,49,49,1939,15623
"TAGTGAATGGAGTCGC-1","0",78,176,23625,1574,47,49,1574,15625
"TCTGCACTTAGTGCCA-1","0",78,178,23623,1208,45,49,1208,15627
"CGACCTAAGTATCCAT-1","0",78,180,23621,843,43,49,843,15629
"TGGCTGTTGGACTCGG-1","0",78,182,23620,478,41,49,478,15630
"ATCGCAGCGTCTAGGC-1","0",78,184,23618,113,39,49,113,15632
"GTATCTAATATGAGGC-1","0",78,186,23616,-252,37,49,-252,15634
"CGCCTTACTGGACGAG-1","0",78,188,23615,-617,35,49,-617,15635
"TGTCAAGTAGTTCTCA-1","0",78,190,23613,-983,33,49,-983,15637
"CGCCTCTGTAACGGTT-1","0",78,192,23611,-1348,31,49,-1348,15639
"AGCTGTACATTACCTT-1","0",78,194,23609,-1713,29,49,-1713,15641
"CGCCGGTAGCTGCACC-1","0",78,196,23608,-2078,27,49,-2078,15642
"ATCTTGTCGCATCCTC-1","0",78,198,23606,-2443,25,49,-2443,15644
"GTTCTGTAACCATCCT-1","0",78,200,23604,-2808,23,49,-2808,15646
"CTACCGTCCATTAACC-1","0",78,202,23603,-3174,21,49,-3174,15647
"TATCCTGCCACGGATG-1","0",78,204,23601,-3539,19,49,-3539,15649
"AAGTTAGTACTACGAA-1","0",78,206,23599,-3904,17,49,-3904,15651
"TGGAAGCTGCTCGCTT-1","0",78,208,23597,-4269,15,49,-4269,15653
"CAATCGAAGTAGGACA-1","0",78,210,23596,-4634,13,49,-4634,15654
"TGGAAGTGAAGTTCGA-1","0",78,212,23594,-4999,11,49,-4999,15656
"GCTCGTAGTGTATGGA-1","0",78,214,23592,-5365,9,49,-5365,15658
"CTCCAACCTTGTAAGA-1","0",78,216,23591,-5730,7,49,-5730,15659
"CTGGCGTCTGGCAGGA-1","0",78,218,23589,-6095,5,49,-6095,15661
"GCGATTCTGAATCGTT-1","0",78,220,23587,-6460,3,49,-6460,15663
"ACAGAATAAGCCGGAC-1","0",78,222,23585,-6825,1,49,-6825,15665
"CTTAGTGCCGTGTATG-1","0",79,1,24089,33524,222,48,33524,15161
"CACGAACTTGCGTGCG-1","0",79,3,24087,33159,220,48,33159,15163
"ATACTACATAGACTGT-1","0",79,5,24085,32794,218,48,32794,15165
"AGCCTCAGTATGGACC-1","0",79,7,24084,32429,216,48,32429,15166
"TAATTATCAAGAGCAT-1","0",79,9,24082,32063,214,48,32063,15168
"TGTAATCGTCCTATTA-1","0",79,11,24080,31698,212,48,31698,15170
"GCACTATCCTACGAAT-1","0",79,13,24079,31333,210,48,31333,15171
"GTGACTGCTCAGACGG-1","0",79,15,24077,30968,208,48,30968,15173
"AGACTCGCACCTAATG-1","0",79,17,24075,30603,206,48,30603,15175
"TAGACAGCCAGTTACG-1","0",79,19,24073,30238,204,48,30238,15177
"ATACTATGACGAGTAG-1","0",79,21,24072,29872,202,48,29872,15178
"GGTTGCCTTGCCGTTC-1","0",79,23,24070,29507,200,48,29507,15180
"CAACTATTGTCGAGAT-1","0",79,25,24068,29142,198,48,29142,15182
"TAGAATTCCTGCAAGA-1","0",79,27,24067,28777,196,48,28777,15183
"CATTGCATCCGAGCAG-1","0",79,29,24065,28412,194,48,28412,15185
"TGTAGGAGCGGCACGC-1","0",79,31,24063,28047,192,48,28047,15187
"CGCTATCCGATAGACT-1","0",79,33,24061,27681,190,48,27681,15189
"CGAATATGCCGATTAC-1","0",79,35,24060,27316,188,48,27316,15190
"TAGACATAATCGGTGG-1","0",79,37,24058,26951,186,48,26951,15192
"GTCACTGTTGGATAGA-1","0",79,39,24056,26586,184,48,26586,15194
"GTACGATACTTACGGT-1","0",79,41,24055,26221,182,48,26221,15195
"GTCCGACATGGTAACC-1","0",79,43,24053,25856,180,48,25856,15197
"AAGTCTACGGCGATAG-1","0",79,45,24051,25490,178,48,25490,15199
"ACGCTCAGTTAACACG-1","0",79,47,24049,25125,176,48,25125,15201
"ATCGATCTTATCAGAT-1","0",79,49,24048,24760,174,48,24760,15202
"ATGCTGACTGCTTATG-1","0",79,51,24046,24395,172,48,24395,15204
"CACGGTCCGCTAGCTC-1","0",79,53,24044,24030,170,48,24030,15206
"AGCTCAGATGAATCAT-1","0",79,55,24043,23665,168,48,23665,15207
"GCTTGGCACTGACGCA-1","0",79,57,24041,23299,166,48,23299,15209
"TGCTAGGTTACTTCAC-1","0",79,59,24039,22934,164,48,22934,15211
"GTAGTCTACATTAGCA-1","0",79,61,24037,22569,162,48,22569,15213
"TAGAGTGGCGCTATAG-1","0",79,63,24036,22204,160,48,22204,15214
"CCTTCAACGGAATCTA-1","0",79,65,24034,21839,158,48,21839,15216
"TCGCGGTAGATGGAAG-1","1",79,67,24032,21474,156,48,21474,15218
"TATGTCCAACCGTCCT-1","1",79,69,24031,21108,154,48,21108,15219
"AAGCAGATCATAATGT-1","1",79,71,24029,20743,152,48,20743,15221
"CAGAGTCAACATTGGC-1","1",79,73,24027,20378,150,48,20378,15223
"GTGGAGTGTTATGTCC-1","1",79,75,24025,20013,148,48,20013,15225
"CCACAGATAATTACCA-1","1",79,77,24024,19648,146,48,19648,15226
"TCTTACATGAATAACC-1","1",79,79,24022,19283,144,48,19283,15228
"TAATTACCTCTAGACC-1","1",79,81,24020,18917,142,48,18917,15230
"CTCGGTACATACTGTA-1","1",79,83,24019,18552,140,48,18552,15231
"GTACCTACTGCCGGAC-1","1",79,85,24017,18187,138,48,18187,15233
"ATTCTTGTAGGCATCT-1","1",79,87,24015,17822,136,48,17822,15235
"CGGAACCAGCCGGCAC-1","1",79,89,24013,17457,134,48,17457,15237
"CACGTGCGTCTTCGAA-1","1",79,91,24012,17092,132,48,17092,15238
"TGGAGTTGCGACAGTG-1","1",79,93,24010,16726,130,48,16726,15240
"TGCTTCTGAACGAGAT-1","1",79,95,24008,16361,128,48,16361,15242
"CTACCATCCAGCGAAT-1","1",79,97,24007,15996,126,48,15996,15243
"CACGATACTCTAACAT-1","1",79,99,24005,15631,124,48,15631,15245
"GAGTCCGTGAAGATTG-1","1",79,101,24003,15266,122,48,15266,15247
"GCAGGCCATGCTATAG-1","0",79,103,24001,14901,120,48,14901,15249
"CAGCCAACGTTCCAAT-1","1",79,105,24000,14535,118,48,14535,15250
"TCTACTGTATGACCTG-1","0",79,107,23998,14170,116,48,14170,15252
"TGTATGCTTCACGATA-1","1",79,109,23996,13805,114,48,13805,15254
"GGAGATTAATAGTACG-1","1",79,111,23995,13440,112,48,13440,15255
"AAGGCCGAGGCGGTAG-1","1",79,113,23993,13075,110,48,13075,15257
"CGATGAGGTTACTCTG-1","1",79,115,23991,12710,108,48,12710,15259
"GTTACGCATTGCGGCC-1","1",79,117,23989,12344,106,48,12344,15261
"GGAAGTCCTCTAGTAC-1","1",79,119,23988,11979,104,48,11979,15262
"CAAGTCCGTATGATTA-1","1",79,121,23986,11614,102,48,11614,15264
"CACGTTCTTAGGAAGT-1","1",79,123,23984,11249,100,48,11249,15266
"ATTGCAGTCTGCGGTT-1","1",79,125,23983,10884,98,48,10884,15267
"GACATGTAACTCTAAG-1","1",79,127,23981,10519,96,48,10519,15269
"CTTGTATCCATCACGG-1","1",79,129,23979,10153,94,48,10153,15271
"TATGTTAAGGCTGTTG-1","1",79,131,23977,9788,92,48,9788,15273
"AGAAGGTCGACCGGCA-1","1",79,133,23976,9423,90,48,9423,15274
"CTCGATCGAGTAACTT-1","1",79,135,23974,9058,88,48,9058,15276
"GTATCTGTATAAGTGG-1","1",79,137,23972,8693,86,48,8693,15278
"TAAGAATAGGCTAGGC-1","1",79,139,23971,8328,84,48,8328,15279
"AGTACCGAATGATTGC-1","1",79,141,23969,7962,82,48,7962,15281
"CCGACAATGTCGAGCT-1","1",79,143,23967,7597,80,48,7597,15283
"GTCCAGAAGTCTACGC-1","1",79,145,23965,7232,78,48,7232,15285
"TGTTCACCAAGAACGA-1","1",79,147,23964,6867,76,48,6867,15286
"CAACCATGCCTGGTAG-1","0",79,149,23962,6502,74,48,6502,15288
"GCAGGTCACGTTCCTC-1","0",79,151,23960,6137,72,48,6137,15290
"GTAGCAGATGGTTGTC-1","0",79,153,23959,5772,70,48,5772,15291
"CGAGCGGCGAGTCTGA-1","0",79,155,23957,5406,68,48,5406,15293
"GACTGTATTGCGAACC-1","0",79,157,23955,5041,66,48,5041,15295
"CTGGCCTCCGTACGCA-1","0",79,159,23953,4676,64,48,4676,15297
"CCTTCATGATGCCAAT-1","0",79,161,23952,4311,62,48,4311,15298
"ACCGAAGCGGTGTACC-1","0",79,163,23950,3946,60,48,3946,15300
"CTATTCATAAGATCAC-1","0",79,165,23948,3581,58,48,3581,15302
"TGTAGGACGACTTCGC-1","0",79,167,23947,3215,56,48,3215,15303
"ATGTAGGAACGCAGGC-1","0",79,169,23945,2850,54,48,2850,15305
"GTTATTGGTCGAAGGT-1","0",79,171,23943,2485,52,48,2485,15307
"AGTTCGGTGCGTGGAA-1","0",79,173,23941,2120,50,48,2120,15309
"ACGGAATAAGGTCATT-1","0",79,175,23940,1755,48,48,1755,15310
"GCATGCGACGGCTCTG-1","0",79,177,23938,1390,46,48,1390,15312
"TGATTCGTTGGAGTGG-1","0",79,179,23936,1024,44,48,1024,15314
"TGAACGAAGATGCCGG-1","0",79,181,23935,659,42,48,659,15315
"CAGGTCCTATGCCTGT-1","0",79,183,23933,294,40,48,294,15317
"ATAATTGTCGCTGGCC-1","0",79,185,23931,-71,38,48,-71,15319
"AGTTATTGAGTACCAG-1","0",79,187,23929,-436,36,48,-436,15321
"AGGACACTGTGGAAGA-1","0",79,189,23928,-801,34,48,-801,15322
"CAAGGCGGTTGCCTAC-1","0",79,191,23926,-1167,32,48,-1167,15324
"CGCCTCGAGCAGTAGA-1","0",79,193,23924,-1532,30,48,-1532,15326
"TGTCAAGAGCAGGACC-1","0",79,195,23923,-1897,28,48,-1897,15327
"CGAGCGCAACCGTGTA-1","0",79,197,23921,-2262,26,48,-2262,15329
"TGCACCGATATCCTTG-1","0",79,199,23919,-2627,24,48,-2627,15331
"CCGCTCAGTTCCTCAA-1","0",79,201,23917,-2992,22,48,-2992,15333
"GCGAATGGCTAACTAT-1","0",79,203,23916,-3358,20,48,-3358,15334
"TCTAGCTCCGCTGCTA-1","0",79,205,23914,-3723,18,48,-3723,15336
"ATGCTTACGGCAGCAT-1","0",79,207,23912,-4088,16,48,-4088,15338
"TCTACGACATGTATGT-1","0",79,209,23911,-4453,14,48,-4453,15339
"AGCCAGCGACCAAGTT-1","0",79,211,23909,-4818,12,48,-4818,15341
"CGGTATCGATTCCGAG-1","0",79,213,23907,-5183,10,48,-5183,15343
"CCATTCTGGATTGACG-1","0",79,215,23905,-5549,8,48,-5549,15345
"CGTGAGCGATTAGCTC-1","0",79,217,23904,-5914,6,48,-5914,15346
"TGTTGGACGAAGGCGT-1","0",79,219,23902,-6279,4,48,-6279,15348
"AATTCCTCCGCACTAA-1","0",79,221,23900,-6644,2,48,-6644,15350
"ACATGTCTATCTCACG-1","0",79,223,23899,-7009,0,48,-7009,15351
"TAGACCGCTCGCTATG-1","0",80,0,24407,33705,223,47,33705,14843
"CTCATAACGCACCTTA-1","0",80,2,24406,33340,221,47,33340,14844
"GGCGTTCGGTTAGGCG-1","0",80,4,24404,32975,219,47,32975,14846
"AGGATATCACGGTGCT-1","0",80,6,24402,32610,217,47,32610,14848
"ACTGGTCTATAGCCTT-1","0",80,8,24400,32245,215,47,32245,14850
"AATAACGAGGTTCATA-1","0",80,10,24399,31879,213,47,31879,14851
"TGGTGCTCGTGCGTTC-1","0",80,12,24397,31514,211,47,31514,14853
"TACGGAGGTTGAGCGG-1","0",80,14,24395,31149,209,47,31149,14855
"ACGGTACTAATCTTCG-1","0",80,16,24394,30784,207,47,30784,14856
"ATACGCGGCCATGTAT-1","0",80,18,24392,30419,205,47,30419,14858
"TGTCCTCATGATTACA-1","0",80,20,24390,30054,203,47,30054,14860
"GCAAGAATAGCGCTGC-1","0",80,22,24389,29688,201,47,29688,14861
"AACTGCTATGTCTTAT-1","0",80,24,24387,29323,199,47,29323,14863
"TACACTCAATCCACTT-1","0",80,26,24385,28958,197,47,28958,14865
"TCCGCCGAGCCTAATT-1","0",80,28,24383,28593,195,47,28593,14867
"TGGTTAACTGCCATGG-1","0",80,30,24382,28228,193,47,28228,14868
"GGTACCATAGTGCACG-1","0",80,32,24380,27863,191,47,27863,14870
"CATCGCCTATACTATT-1","0",80,34,24378,27497,189,47,27497,14872
"GCAGTTCTTAGGCGAA-1","0",80,36,24377,27132,187,47,27132,14873
"TCACAGTTGAGGTAAG-1","0",80,38,24375,26767,185,47,26767,14875
"GTATGTTGTCTGATGC-1","0",80,40,24373,26402,183,47,26402,14877
"GATATCAGTGCACGGA-1","0",80,42,24371,26037,181,47,26037,14879
"AAGATGTCTATCCGCC-1","0",80,44,24370,25672,179,47,25672,14880
"ACGGCCGTAGTGCCGG-1","0",80,46,24368,25306,177,47,25306,14882
"GTACAGGACGTTACCT-1","0",80,48,24366,24941,175,47,24941,14884
"ACAATAAGTATCGGTG-1","0",80,50,24365,24576,173,47,24576,14885
"ACGTGGTACAATTCGA-1","0",80,52,24363,24211,171,47,24211,14887
"ATGTGGTCGGCGACCT-1","0",80,54,24361,23846,169,47,23846,14889
"AAGGTGAGATCCACAT-1","0",80,56,24359,23481,167,47,23481,14891
"GTATGTCCTGCGGCCT-1","0",80,58,24358,23115,165,47,23115,14892
"GAACAGCGTATCGCTA-1","0",80,60,24356,22750,163,47,22750,14894
"GACCTCTTGGAAGTGG-1","0",80,62,24354,22385,161,47,22385,14896
"GATCACTCGTAGCTAG-1","0",80,64,24353,22020,159,47,22020,14897
"TCATCCTTGGTAACAT-1","1",80,66,24351,21655,157,47,21655,14899
"ATCCGTAGAACACCGC-1","1",80,68,24349,21290,155,47,21290,14901
"CCGCAATATCGTTCAA-1","1",80,70,24347,20924,153,47,20924,14903
"TCATCTATAAGCCAGT-1","1",80,72,24346,20559,151,47,20559,14904
"TCAGACTCTAGGCTGT-1","1",80,74,24344,20194,149,47,20194,14906
"GTAAGTCAAGGACAGA-1","1",80,76,24342,19829,147,47,19829,14908
"GCCATAAGTTAACACT-1","1",80,78,24341,19464,145,47,19464,14909
"GCGTCGTAGGTAGTGC-1","1",80,80,24339,19099,143,47,19099,14911
"CGCTAGGAGTTAATTA-1","1",80,82,24337,18733,141,47,18733,14913
"CCTCACGTCTGTGCCA-1","1",80,84,24335,18368,139,47,18368,14915
"TCGACGGCACAGCCTT-1","1",80,86,24334,18003,137,47,18003,14916
"ATGTTCTTGCAGTCGT-1","1",80,88,24332,17638,135,47,17638,14918
"GAACAGTGCGCAATGT-1","1",80,90,24330,17273,133,47,17273,14920
"CTGTGCGACGAATCAC-1","1",80,92,24329,16908,131,47,16908,14921
"ATGTACCAATTGGTGC-1","1",80,94,24327,16542,129,47,16542,14923
"TGGCTGGCAATACGAT-1","1",80,96,24325,16177,127,47,16177,14925
"TCAATTGCAAGACCAA-1","1",80,98,24323,15812,125,47,15812,14927
"GGCATTAAGACGAAGG-1","1",80,100,24322,15447,123,47,15447,14928
"TCAGTCGATCTTACAT-1","0",80,102,24320,15082,121,47,15082,14930
"GTCAGCCGTGACCTCA-1","0",80,104,24318,14717,119,47,14717,14932
"TGCGAACAGGAGTGGT-1","1",80,106,24317,14351,117,47,14351,14933
"ATGCAATCACGAGCTG-1","1",80,108,24315,13986,115,47,13986,14935
"GATGGACTAAGTGACA-1","1",80,110,24313,13621,113,47,13621,14937
"CACCTCCATCCAATTG-1","1",80,112,24311,13256,111,47,13256,14939
"GAGCGATAGCGAGGTC-1","1",80,114,24310,12891,109,47,12891,14940
"ACCTGTCTCATTCTAC-1","1",80,116,24308,12526,107,47,12526,14942
"GTAGCGCTGACATTAA-1","1",80,118,24306,12160,105,47,12160,14944
"GATTAGTTAATCATTC-1","1",80,120,24305,11795,103,47,11795,14945
"AGGACGCACGTTAACT-1","1",80,122,24303,11430,101,47,11430,14947
"TGCTTACCAGCGAAGG-1","1",80,124,24301,11065,99,47,11065,14949
"GCCTATCTTCTACTAG-1","1",80,126,24299,10700,97,47,10700,14951
"TAGTCGCTCCATTGTC-1","1",80,128,24298,10335,95,47,10335,14952
"GTACAGTCCGGCTAGG-1","1",80,130,24296,9969,93,47,9969,14954
"CTTCTGAGCTATTACG-1","1",80,132,24294,9604,91,47,9604,14956
"CAGACGTCAACCGATT-1","1",80,134,24293,9239,89,47,9239,14957
"TAGTTCTGCAGCGGCT-1","1",80,136,24291,8874,87,47,8874,14959
"AATGAACATGAAGAAC-1","1",80,138,24289,8509,85,47,8509,14961
"CCGTAACTTGAATGGT-1","1",80,140,24287,8144,83,47,8144,14963
"TCCTACTTGGATCAGG-1","1",80,142,24286,7778,81,47,7778,14964
"TAAGGTTGTACATGCG-1","1",80,144,24284,7413,79,47,7413,14966
"CTTAGATAAGTACATA-1","1",80,146,24282,7048,77,47,7048,14968
"GTGGTTGTGGACTTCA-1","1",80,148,24281,6683,75,47,6683,14969
"TGACGCCTTAGTTACG-1","0",80,150,24279,6318,73,47,6318,14971
"CAGCTTACGAACAGCT-1","0",80,152,24277,5953,71,47,5953,14973
"TCTACTAGTGCGCTGG-1","0",80,154,24275,5587,69,47,5587,14975
"AATGAAGGTCACGATA-1","0",80,156,24274,5222,67,47,5222,14976
"AGCCGGTAGCCTACAA-1","0",80,158,24272,4857,65,47,4857,14978
"CTTCCGTGTAGGCGTC-1","0",80,160,24270,4492,63,47,4492,14980
"TGCAACTAATCTAGTG-1","0",80,162,24269,4127,61,47,4127,14981
"GGTCTTAGACATGTGC-1","0",80,164,24267,3762,59,47,3762,14983
"GCCTTATCAAGATAGC-1","0",80,166,24265,3396,57,47,3396,14985
"TAAGCATCACTCTACA-1","0",80,168,24263,3031,55,47,3031,14987
"CGAGCGTGTAACCGTC-1","0",80,170,24262,2666,53,47,2666,14988
"CATTCTATCTAACGAG-1","0",80,172,24260,2301,51,47,2301,14990
"ATGGAGTTAACTGGCA-1","0",80,174,24258,1936,49,47,1936,14992
"GCTTCCGGCTGCGATT-1","0",80,176,24257,1571,47,47,1571,14993
"ATGTACTGATACATTC-1","0",80,178,24255,1205,45,47,1205,14995
"AAGCGAGCAAGATAGA-1","0",80,180,24253,840,43,47,840,14997
"ACCGTGAAGACTCCTG-1","0",80,182,24251,475,41,47,475,14999
"TCCGCTTGAGTCAGCT-1","0",80,184,24250,110,39,47,110,15000
"GCTGACAGTTAGTATC-1","0",80,186,24248,-255,37,47,-255,15002
"GATGACTTCTGGCGAG-1","0",80,188,24246,-620,35,47,-620,15004
"TACTAGGCCGGTAAGC-1","0",80,190,24245,-986,33,47,-986,15005
"CTAACATTATTCGTTA-1","0",80,192,24243,-1351,31,47,-1351,15007
"ATACGGTCCATAAGGA-1","0",80,194,24241,-1716,29,47,-1716,15009
"GCTCTGTCGTACCTCC-1","0",80,196,24239,-2081,27,47,-2081,15011
"CACCGATGAGTATGGC-1","0",80,198,24238,-2446,25,47,-2446,15012
"AGTGGACTCAAGGCAA-1","0",80,200,24236,-2811,23,47,-2811,15014
"ATGTGCCGCAAGTCCA-1","0",80,202,24234,-3177,21,47,-3177,15016
"GTGATCCTAGCGCATT-1","0",80,204,24233,-3542,19,47,-3542,15017
"CACCTCGCCTGCACTT-1","0",80,206,24231,-3907,17,47,-3907,15019
"TACCTGTAATCTAGGT-1","0",80,208,24229,-4272,15,47,-4272,15021
"TACACGCCGAACAGCG-1","0",80,210,24227,-4637,13,47,-4637,15023
"GAGGACCATAGGCGGA-1","0",80,212,24226,-5002,11,47,-5002,15024
"CTCCAACACGCCAACA-1","0",80,214,24224,-5368,9,47,-5368,15026
"TAGTATCGTCATCGCT-1","0",80,216,24222,-5733,7,47,-5733,15028
"ATACTACCGCTACGAC-1","0",80,218,24221,-6098,5,47,-6098,15029
"CCAACACCTCCGTGAT-1","0",80,220,24219,-6463,3,47,-6463,15031
"CTTAGTTCCACGGTAC-1","0",80,222,24217,-6828,1,47,-6828,15033
"ACGTCTGATAACGCTA-1","0",81,1,24721,33521,222,46,33521,14529
"GTGACTACAAGCACGG-1","0",81,3,24719,33156,220,46,33156,14531
"ATACGCAAGGCAAGCT-1","0",81,5,24717,32791,218,46,32791,14533
"TATTGTAACGCCATGT-1","0",81,7,24715,32426,216,46,32426,14535
"TACGTAAGTAGATAAC-1","0",81,9,24714,32060,214,46,32060,14536
"AGTACAATCTCGCCTC-1","0",81,11,24712,31695,212,46,31695,14538
"GGACTCACGCGATGCT-1","0",81,13,24710,31330,210,46,31330,14540
"TCGCAGTATTGTTCCG-1","0",81,15,24709,30965,208,46,30965,14541
"CTCCTTCGACTGGTTC-1","0",81,17,24707,30600,206,46,30600,14543
"TCCGAATATTCATCGT-1","0",81,19,24705,30235,204,46,30235,14545
"GAATGACAGGCCAACT-1","0",81,21,24703,29869,202,46,29869,14547
"CCTAATGCCACTTACA-1","0",81,23,24702,29504,200,46,29504,14548
"ATAGCTGCGGTTGTAT-1","0",81,25,24700,29139,198,46,29139,14550
"GCGTCGGTATCGCAGA-1","0",81,27,24698,28774,196,46,28774,14552
"CCGTAAGCACCGTTAA-1","0",81,29,24697,28409,194,46,28409,14553
"CGCCGTCGCTACAGCG-1","0",81,31,24695,28044,192,46,28044,14555
"GATATCTTATTGGCTG-1","0",81,33,24693,27679,190,46,27679,14557
"TAGTTCCACGCAAGTA-1","0",81,35,24691,27313,188,46,27313,14559
"GTTAGGAATTCCGAAC-1","0",81,37,24690,26948,186,46,26948,14560
"TAGGCACCAGTGTCCG-1","0",81,39,24688,26583,184,46,26583,14562
"CTATGCACGCTTGATA-1","0",81,41,24686,26218,182,46,26218,14564
"GCGTCCGGCGTGTCCT-1","0",81,43,24685,25853,180,46,25853,14565
"AACCATAAGCTCGACT-1","0",81,45,24683,25488,178,46,25488,14567
"TAATTAACTCACTCTA-1","0",81,47,24681,25122,176,46,25122,14569
"GAGCGACGTTATACCA-1","0",81,49,24679,24757,174,46,24757,14571
"GTCTGAACTATTGGAT-1","0",81,51,24678,24392,172,46,24392,14572
"GAGTCACGTTAAGTAT-1","0",81,53,24676,24027,170,46,24027,14574
"ATTGCCGCGAATGGTA-1","0",81,55,24674,23662,168,46,23662,14576
"CGACCAGGTCTGCATA-1","0",81,57,24673,23297,166,46,23297,14577
"GCCACGTTGGCCAAGT-1","0",81,59,24671,22931,164,46,22931,14579
"TCGTGCCTTCGTCAGA-1","0",81,61,24669,22566,162,46,22566,14581
"ATTAGCTAAGTTGGTT-1","0",81,63,24667,22201,160,46,22201,14583
"ACCGGATATTAGTTGG-1","0",81,65,24666,21836,158,46,21836,14584
"TGCCACTTGGATCCAT-1","1",81,67,24664,21471,156,46,21471,14586
"ATTGTTATCAGTCTTC-1","1",81,69,24662,21106,154,46,21106,14588
"TGCTATACTCCGAGTT-1","1",81,71,24661,20740,152,46,20740,14589
"GTTCCTGGCCAAGAAC-1","1",81,73,24659,20375,150,46,20375,14591
"TACTAGACGATGTAAC-1","1",81,75,24657,20010,148,46,20010,14593
"TCTTACTCCATAACCT-1","1",81,77,24655,19645,146,46,19645,14595
"CAGACGAAGTCAGCAC-1","1",81,79,24654,19280,144,46,19280,14596
"AGGTACCTGGACCTAA-1","1",81,81,24652,18915,142,46,18915,14598
"TCAGTCGCGAGTTCCT-1","1",81,83,24650,18549,140,46,18549,14600
"CCAGCATATGCAATCC-1","1",81,85,24649,18184,138,46,18184,14601
"ATTGCCAGCAGTATGT-1","1",81,87,24647,17819,136,46,17819,14603
"TGTCATCCACAGCAGT-1","1",81,89,24645,17454,134,46,17454,14605
"CCTGCTGGCTTGAGCA-1","1",81,91,24643,17089,132,46,17089,14607
"CGACTAGATGCTATTG-1","1",81,93,24642,16724,130,46,16724,14608
"AGGCATCTGAGCCTCC-1","1",81,95,24640,16358,128,46,16358,14610
"TCCGTGATTAGACAAT-1","1",81,97,24638,15993,126,46,15993,14612
"GAGCTGGTGATCTGCA-1","1",81,99,24637,15628,124,46,15628,14613
"GAGGATGCTCACATCG-1","1",81,101,24635,15263,122,46,15263,14615
"GCCAGTATCTAACAGA-1","0",81,103,24633,14898,120,46,14898,14617
"CGCAATACTTATCTTG-1","1",81,105,24631,14533,118,46,14533,14619
"GTTACTATCCATGGAT-1","1",81,107,24630,14167,116,46,14167,14620
"GTAGACGGCGTGAGCT-1","1",81,109,24628,13802,114,46,13802,14622
"CTGCTACCGCTTCTGC-1","1",81,111,24626,13437,112,46,13437,14624
"TCAACATCCAAGTCTT-1","1",81,113,24625,13072,110,46,13072,14625
"CATAATTAACGCCGTT-1","1",81,115,24623,12707,108,46,12707,14627
"TGTTCCAATCTAATTG-1","1",81,117,24621,12342,106,46,12342,14629
"TGTCAGTCACAATCGG-1","1",81,119,24619,11976,104,46,11976,14631
"CTCCTTCGATTCGGAA-1","1",81,121,24618,11611,102,46,11611,14632
"CCGCTCTAGTATTAGC-1","1",81,123,24616,11246,100,46,11246,14634
"ACAGAACTACAGGCAT-1","1",81,125,24614,10881,98,46,10881,14636
"AAGTGACCGTCGGACT-1","0",81,127,24613,10516,96,46,10516,14637
"GCAACATTAACTACAT-1","1",81,129,24611,10151,94,46,10151,14639
"ACTTCAAGATTACGTA-1","1",81,131,24609,9785,92,46,9785,14641
"TGTTAACGCATGGATA-1","1",81,133,24607,9420,90,46,9420,14643
"AACGGCGAGTGCCGAG-1","1",81,135,24606,9055,88,46,9055,14644
"CATTACGTTCGAACCA-1","1",81,137,24604,8690,86,46,8690,14646
"TGCACGTGTCCACGAT-1","1",81,139,24602,8325,84,46,8325,14648
"GTCGTGCGTCTAGACG-1","1",81,141,24601,7960,82,46,7960,14649
"GCTCAGCCGTAAGATA-1","1",81,143,24599,7594,80,46,7594,14651
"CTGTCCAAGGCACCAT-1","1",81,145,24597,7229,78,46,7229,14653
"TACACTCACCTACTTC-1","1",81,147,24595,6864,76,46,6864,14655
"AGGTACTAAGCTGCAG-1","1",81,149,24594,6499,74,46,6499,14656
"TATGTTGGTTCCTCTG-1","0",81,151,24592,6134,72,46,6134,14658
"CGCTTAGTTAAGTCAG-1","0",81,153,24590,5769,70,46,5769,14660
"GTATCTGCTATTAACG-1","0",81,155,24589,5403,68,46,5403,14661
"GACTGCGTGCCATTAC-1","0",81,157,24587,5038,66,46,5038,14663
"TCAGCCGCCTGTATCT-1","0",81,159,24585,4673,64,46,4673,14665
"CTCCGGAGTAAGTTCC-1","0",81,161,24583,4308,62,46,4308,14667
"CATCCGATGATCGTAA-1","0",81,163,24582,3943,60,46,3943,14668
"ACGCTGTCCTATGCCT-1","0",81,165,24580,3578,58,46,3578,14670
"GACGGTGGCTCCACTA-1","0",81,167,24578,3212,56,46,3212,14672
"TACTCCACCGCCGTGG-1","0",81,169,24577,2847,54,46,2847,14673
"GGTAGTTGCAGATTGT-1","0",81,171,24575,2482,52,46,2482,14675
"ATGTCTCGTTACAGTG-1","0",81,173,24573,2117,50,46,2117,14677
"GAGTTCGGACTCTTGC-1","0",81,175,24571,1752,48,46,1752,14679
"TCGGTACCACTACCTT-1","0",81,177,24570,1387,46,46,1387,14680
"CGCATGTAACCTTGGA-1","0",81,179,24568,1021,44,46,1021,14682
"CCTCGGCGGTTCCAAG-1","0",81,181,24566,656,42,46,656,14684
"AAGATGTCGCATCGGC-1","0",81,183,24565,291,40,46,291,14685
"TATCCTAAGCATGGTA-1","0",81,185,24563,-74,38,46,-74,14687
"GCTAACGGATTACACT-1","0",81,187,24561,-439,36,46,-439,14689
"ATCGCAGCCGGAACCG-1","0",81,189,24559,-804,34,46,-804,14691
"CCGGTTGTCTAGCGGC-1","0",81,191,24558,-1170,32,46,-1170,14692
"AGTCGTGCATTCTAAT-1","0",81,193,24556,-1535,30,46,-1535,14694
"GGCGTGTTCTGTCTGG-1","0",81,195,24554,-1900,28,46,-1900,14696
"CGATAACGGCGAATAA-1","0",81,197,24553,-2265,26,46,-2265,14697
"CAGAATACGCAGTACG-1","0",81,199,24551,-2630,24,46,-2630,14699
"AATAGGCGCCGGAAGG-1","0",81,201,24549,-2995,22,46,-2995,14701
"CCGTGGAAGGAATTAT-1","0",81,203,24547,-3361,20,46,-3361,14703
"TGAGTGAGCCGCATTA-1","0",81,205,24546,-3726,18,46,-3726,14704
"GTATAATCGAGGCTTG-1","0",81,207,24544,-4091,16,46,-4091,14706
"CGACCGAGTGAGGAGT-1","0",81,209,24542,-4456,14,46,-4456,14708
"CGCCTCGGAGGCTATG-1","0",81,211,24541,-4821,12,46,-4821,14709
"CCAATCAGCCAGCAAC-1","0",81,213,24539,-5186,10,46,-5186,14711
"GCCGATGTTCCTAGGA-1","0",81,215,24537,-5552,8,46,-5552,14713
"GGTGGCACCGCTGGTA-1","0",81,217,24535,-5917,6,46,-5917,14715
"TGTATGATTAACTTCA-1","0",81,219,24534,-6282,4,46,-6282,14716
"TATGGCCGTGTCGCGT-1","0",81,221,24532,-6647,2,46,-6647,14718
"CCGCAACGAGCCAGAT-1","0",81,223,24530,-7012,0,46,-7012,14720
"CTTGGTGACCGCGACG-1","0",82,0,25039,33702,223,45,33702,14211
"GCTCGTAGACATGAAG-1","0",82,2,25037,33337,221,45,33337,14213
"AAGCCACTAAGAGCTG-1","0",82,4,25036,32972,219,45,32972,14214
"GCGATGGATCGATGAG-1","0",82,6,25034,32607,217,45,32607,14216
"TAACCTATCTTAATCA-1","0",82,8,25032,32242,215,45,32242,14218
"AGTCTGAGTTAACCGG-1","0",82,10,25031,31876,213,45,31876,14219
"CCTAACTCTATCACCA-1","0",82,12,25029,31511,211,45,31511,14221
"AGTGCCGGCGTTGGTT-1","0",82,14,25027,31146,209,45,31146,14223
"AATCTTAGCAAGCGTG-1","0",82,16,25025,30781,207,45,30781,14225
"TAATTATCGCTACTTC-1","0",82,18,25024,30416,205,45,30416,14226
"CCTCTACTGACGCCTG-1","0",82,20,25022,30051,203,45,30051,14228
"TCCGTAGCTCCATGGC-1","0",82,22,25020,29685,201,45,29685,14230
"ATACCGTAGGAGCATA-1","0",82,24,25019,29320,199,45,29320,14231
"AGCGACAACCAGCGGA-1","0",82,26,25017,28955,197,45,28955,14233
"GATGGAGTGGATCAGA-1","0",82,28,25015,28590,195,45,28590,14235
"GGACGGCGTACCTGGT-1","0",82,30,25013,28225,193,45,28225,14237
"CATTGCACCGTACATG-1","0",82,32,25012,27860,191,45,27860,14238
"GTTCTTGAACATCTGG-1","0",82,34,25010,27494,189,45,27494,14240
"TGCACGGCGAGGATAC-1","0",82,36,25008,27129,187,45,27129,14242
"GACAAGCTACGTATCA-1","0",82,38,25007,26764,185,45,26764,14243
"CTAGTTCGTCCAGCGA-1","0",82,40,25005,26399,183,45,26399,14245
"GTATGTAGACAGATTA-1","0",82,42,25003,26034,181,45,26034,14247
"TGTATCGTACTCGGTG-1","0",82,44,25001,25669,179,45,25669,14249
"AGGATCGAAGGCGGAC-1","0",82,46,25000,25303,177,45,25303,14250
"AGCTTCCTTCCAGTAC-1","0",82,48,24998,24938,175,45,24938,14252
"CGGTTCTGGCACTCGG-1","0",82,50,24996,24573,173,45,24573,14254
"CTGGCCAATAACAGCC-1","0",82,52,24995,24208,171,45,24208,14255
"GTCCTAATAGCGTGGT-1","0",82,54,24993,23843,169,45,23843,14257
"GGATCTATTATCACAG-1","0",82,56,24991,23478,167,45,23478,14259
"AATTCTCACTGGTGAC-1","0",82,58,24989,23112,165,45,23112,14261
"CGAATCCTGCGACATT-1","0",82,60,24988,22747,163,45,22747,14262
"CGGCCGTGGTCCAAGG-1","0",82,62,24986,22382,161,45,22382,14264
"GAGCTATTACCGCCAG-1","0",82,64,24984,22017,159,45,22017,14266
"TGTCTGCGAGTTCATT-1","0",82,66,24983,21652,157,45,21652,14267
"GGCGCCTACGAATGAA-1","1",82,68,24981,21287,155,45,21287,14269
"CGTCGGATCAGCCGGC-1","1",82,70,24979,20921,153,45,20921,14271
"GGAGCGAACAGTCAGA-1","1",82,72,24977,20556,151,45,20556,14273
"TCATCTCACCGACTCA-1","1",82,74,24976,20191,149,45,20191,14274
"GGCGCCTCTAAGACCG-1","1",82,76,24974,19826,147,45,19826,14276
"ACCGGTATCGGACGCC-1","1",82,78,24972,19461,145,45,19461,14278
"GTCAGCCTGCAGTACA-1","1",82,80,24971,19096,143,45,19096,14279
"AACCTGTCCTGCGAGC-1","1",82,82,24969,18730,141,45,18730,14281
"ATCAGATTGTCATAGA-1","1",82,84,24967,18365,139,45,18365,14283
"CGAATCAACTCATTGC-1","1",82,86,24965,18000,137,45,18000,14285
"CGAATGGAATCGTGAC-1","1",82,88,24964,17635,135,45,17635,14286
"CGTCGCTTGGATTAAT-1","1",82,90,24962,17270,133,45,17270,14288
"GTAGCACCTCGATCAC-1","1",82,92,24960,16905,131,45,16905,14290
"GGCGAAGTACCATTGC-1","1",82,94,24959,16539,129,45,16539,14291
"ATTCAAGAGCTCCTGA-1","1",82,96,24957,16174,127,45,16174,14293
"CTGGAACAATCCGCTC-1","1",82,98,24955,15809,125,45,15809,14295
"TAGCTTACAGCGCAGC-1","1",82,100,24953,15444,123,45,15444,14297
"TCGCGGAGTAAGTGAG-1","0",82,102,24952,15079,121,45,15079,14298
"ACGGCTCGCCTTGCTA-1","0",82,104,24950,14714,119,45,14714,14300
"TAAGAACGACTAACGT-1","0",82,106,24948,14348,117,45,14348,14302
"GAAGCTTAGCATGCGT-1","1",82,108,24947,13983,115,45,13983,14303
"CTGTGCCGTGGTTCAG-1","1",82,110,24945,13618,113,45,13618,14305
"CAAGTAAGTGCATCAC-1","1",82,112,24943,13253,111,45,13253,14307
"ATCTCGGAATCCGGCA-1","1",82,114,24941,12888,109,45,12888,14309
"ATTACAGCTACGGTAT-1","1",82,116,24940,12523,107,45,12523,14310
"CGAACGATGCAGACGC-1","1",82,118,24938,12157,105,45,12157,14312
"GCAGTAAGCAGATTAA-1","1",82,120,24936,11792,103,45,11792,14314
"GTCGTGCTCGTTGCTC-1","1",82,122,24935,11427,101,45,11427,14315
"GTGCTCAGAACACGCC-1","1",82,124,24933,11062,99,45,11062,14317
"ATCATTCACCTATCAG-1","1",82,126,24931,10697,97,45,10697,14319
"CAGCTTACGCAGCCAT-1","1",82,128,24929,10332,95,45,10332,14321
"ATCAAGTGACTTACTG-1","1",82,130,24928,9966,93,45,9966,14322
"ATCAGATCAAGAGTAG-1","1",82,132,24926,9601,91,45,9601,14324
"GTATACCGCTCACTGC-1","1",82,134,24924,9236,89,45,9236,14326
"CGGAGTCTGTAGCAGT-1","1",82,136,24923,8871,87,45,8871,14327
"GCTGGTCGCCACTCTA-1","1",82,138,24921,8506,85,45,8506,14329
"ATCGTCAGCTGGAGAC-1","1",82,140,24919,8141,83,45,8141,14331
"GTACAGGTTCGTAGGC-1","1",82,142,24917,7775,81,45,7775,14333
"ACCGATTAGTTAGCCG-1","1",82,144,24916,7410,79,45,7410,14334
"GGAACACGCCGGTGAT-1","1",82,146,24914,7045,77,45,7045,14336
"TCAGTCGCAGTGAAGA-1","1",82,148,24912,6680,75,45,6680,14338
"CTTCCGTGATCTATGG-1","1",82,150,24911,6315,73,45,6315,14339
"TCACATAACAGTCCAA-1","0",82,152,24909,5950,71,45,5950,14341
"TCTTACGAACTAAGAA-1","0",82,154,24907,5584,69,45,5584,14343
"CTACGCATGTAGTGGT-1","0",82,156,24905,5219,67,45,5219,14345
"TGACCATTACATAACT-1","0",82,158,24904,4854,65,45,4854,14346
"TGCGGACCTCACCATT-1","0",82,160,24902,4489,63,45,4489,14348
"ATGAGTGGCCATTAGC-1","0",82,162,24900,4124,61,45,4124,14350
"TATGTTATGTCTAGTT-1","0",82,164,24899,3759,59,45,3759,14351
"GCTACCGAACGGTCAT-1","0",82,166,24897,3393,57,45,3393,14353
"CCGTGATGTAAGCAAC-1","0",82,168,24895,3028,55,45,3028,14355
"TGTTAGGATTGTCTTG-1","0",82,170,24893,2663,53,45,2663,14357
"ATCCGTTCAACAATCA-1","0",82,172,24892,2298,51,45,2298,14358
"CGGAACTTCCTTATTG-1","0",82,174,24890,1933,49,45,1933,14360
"CTCGATTCAATCGGTA-1","0",82,176,24888,1568,47,45,1568,14362
"ATACATAAGGTTAGGT-1","0",82,178,24887,1202,45,45,1202,14363
"TCGGCGAATATTCGTT-1","0",82,180,24885,837,43,45,837,14365
"CTCCGCTTCTAGGATC-1","0",82,182,24883,472,41,45,472,14367
"AGCAGACTGCAGTCCG-1","0",82,184,24881,107,39,45,107,14369
"CGAGGAAGGATAAGTC-1","0",82,186,24880,-258,37,45,-258,14370
"AGCTCATTGGTTAAGT-1","0",82,188,24878,-623,35,45,-623,14372
"GTCAGTAGATTAGCCA-1","0",82,190,24876,-989,33,45,-989,14374
"CTAATGCTCAGAAGGC-1","0",82,192,24875,-1354,31,45,-1354,14375
"ACTCAGCTCAGTTACA-1","0",82,194,24873,-1719,29,45,-1719,14377
"TCCACGGTCTGTCCTC-1","0",82,196,24871,-2084,27,45,-2084,14379
"ATGCATGTGCGATAGC-1","0",82,198,24869,-2449,25,45,-2449,14381
"AGACCGATAGCCGCAT-1","0",82,200,24868,-2814,23,45,-2814,14382
"TCGTCATCCGAGTTAT-1","0",82,202,24866,-3180,21,45,-3180,14384
"ATCGCCGATAATCTAG-1","0",82,204,24864,-3545,19,45,-3545,14386
"GTTGACCGTGGCCAAT-1","0",82,206,24863,-3910,17,45,-3910,14387
"CTTCCTAATCCGCATA-1","0",82,208,24861,-4275,15,45,-4275,14389
"ATGGAGCGTGAGGTGG-1","0",82,210,24859,-4640,13,45,-4640,14391
"GGCTAAGGCATTGGAT-1","0",82,212,24857,-5005,11,45,-5005,14393
"ACAAGTAGACCTTAGC-1","0",82,214,24856,-5371,9,45,-5371,14394
"CCGGACGACCTGTAGT-1","0",82,216,24854,-5736,7,45,-5736,14396
"TATGAGCGCTCCGAGG-1","0",82,218,24852,-6101,5,45,-6101,14398
"TCGACTTATTCTGCAG-1","0",82,220,24851,-6466,3,45,-6466,14399
"ATAGGCTACTATTCTG-1","0",82,222,24849,-6831,1,45,-6831,14401
"GAAGCTGTTCCGTTGC-1","0",83,1,25352,33518,222,44,33518,13898
"GTACGCGTTGACTGCG-1","0",83,3,25351,33153,220,44,33153,13899
"TCCGTTCGCATCTACT-1","0",83,5,25349,32788,218,44,32788,13901
"GTGCAGTGTCGTGGCT-1","0",83,7,25347,32423,216,44,32423,13903
"ACATGCGTGACAATGA-1","0",83,9,25345,32058,214,44,32058,13905
"AGACAAGAATGCCATC-1","0",83,11,25344,31692,212,44,31692,13906
"TGTCTTGGATCGGACT-1","0",83,13,25342,31327,210,44,31327,13908
"TATGTCGGAATATGCG-1","0",83,15,25340,30962,208,44,30962,13910
"GGCTGCTCGAAGGTAT-1","0",83,17,25339,30597,206,44,30597,13911
"TGAGAATAGGCATAGG-1","0",83,19,25337,30232,204,44,30232,13913
"GACAAGCTAATTGGAT-1","0",83,21,25335,29867,202,44,29867,13915
"GTCAACATTGAACAGG-1","0",83,23,25333,29501,200,44,29501,13917
"GTTAGACCACGCACGT-1","0",83,25,25332,29136,198,44,29136,13918
"CGAGTCGGAAGTCTCA-1","0",83,27,25330,28771,196,44,28771,13920
"GCCAGTACAACTCGCT-1","0",83,29,25328,28406,194,44,28406,13922
"ACGTTCTGCCTGCCTG-1","0",83,31,25327,28041,192,44,28041,13923
"TCGCACGAGGTTACTA-1","0",83,33,25325,27676,190,44,27676,13925
"ACATCGTGCTGAACCT-1","0",83,35,25323,27310,188,44,27310,13927
"TAGTTCGATATGTCGC-1","0",83,37,25321,26945,186,44,26945,13929
"GATACACCAGTGAGGT-1","0",83,39,25320,26580,184,44,26580,13930
"CTGGCCATGGCCGATA-1","0",83,41,25318,26215,182,44,26215,13932
"ACTCTACCGTTGCTAG-1","0",83,43,25316,25850,180,44,25850,13934
"TCCAATGAACTCACGC-1","0",83,45,25315,25485,178,44,25485,13935
"GTCACCAAGCTGTCTA-1","0",83,47,25313,25119,176,44,25119,13937
"AAGGCACCAACGCACT-1","0",83,49,25311,24754,174,44,24754,13939
"CATTGACACGTCTAAC-1","0",83,51,25309,24389,172,44,24389,13941
"ATTCTAATGTGAAGAT-1","0",83,53,25308,24024,170,44,24024,13942
"TGGACTGGTGGCGATA-1","0",83,55,25306,23659,168,44,23659,13944
"ACTTGTCCATTGTTCG-1","0",83,57,25304,23294,166,44,23294,13946
"TATCAGGAACGGTGTC-1","0",83,59,25303,22928,164,44,22928,13947
"GAACAAGCTCGCACGT-1","0",83,61,25301,22563,162,44,22563,13949
"TCCGTGTCGATAGCAA-1","0",83,63,25299,22198,160,44,22198,13951
"CAGAGGAACTTGACCG-1","0",83,65,25297,21833,158,44,21833,13953
"CGAAGTGAGCCTTGCG-1","1",83,67,25296,21468,156,44,21468,13954
"GCAAGAATTCCGACCG-1","1",83,69,25294,21103,154,44,21103,13956
"CAACTGACTGAGAACA-1","1",83,71,25292,20737,152,44,20737,13958
"ACGTTAGGCTGCTACG-1","1",83,73,25291,20372,150,44,20372,13959
"GCGAAGATCAGAACGA-1","1",83,75,25289,20007,148,44,20007,13961
"CGCTCGAATAACAATT-1","1",83,77,25287,19642,146,44,19642,13963
"CTATGCTTCTACGGAT-1","1",83,79,25285,19277,144,44,19277,13965
"CCTCCATCAGTTACGC-1","1",83,81,25284,18912,142,44,18912,13966
"TACAAGTTGTGAACAG-1","1",83,83,25282,18546,140,44,18546,13968
"CCTGAATAGGCCAGGA-1","1",83,85,25280,18181,138,44,18181,13970
"TGTTGGTGCGGAATCA-1","1",83,87,25279,17816,136,44,17816,13971
"TCAGTCCACGGTCTAA-1","1",83,89,25277,17451,134,44,17451,13973
"AACCAATCAGTTCCTC-1","1",83,91,25275,17086,132,44,17086,13975
"GCACTGTTAGTGGCAT-1","1",83,93,25273,16721,130,44,16721,13977
"TACAAGCGGATCAGAC-1","1",83,95,25272,16355,128,44,16355,13978
"AGATGTGACCTGCTAA-1","1",83,97,25270,15990,126,44,15990,13980
"TGCGGAGCCTCCAGAC-1","1",83,99,25268,15625,124,44,15625,13982
"CACCTCGAACCTGGAT-1","1",83,101,25267,15260,122,44,15260,13983
"TACTAGTAGGAAGTTG-1","1",83,103,25265,14895,120,44,14895,13985
"GAATGTATGACCTTCC-1","0",83,105,25263,14530,118,44,14530,13987
"AATCAAGGAATGGTCG-1","1",83,107,25261,14164,116,44,14164,13989
"GTTCGAGCGTTGCTTA-1","1",83,109,25260,13799,114,44,13799,13990
"GCAATTGAGTCTGCGA-1","1",83,111,25258,13434,112,44,13434,13992
"TATTCGACCTAGACAT-1","1",83,113,25256,13069,110,44,13069,13994
"TGGAGTCCGAAGCACC-1","1",83,115,25255,12704,108,44,12704,13995
"AAGTCCTCCGACGGTA-1","1",83,117,25253,12339,106,44,12339,13997
"ATAGTTCGGCCTGGTT-1","1",83,119,25251,11973,104,44,11973,13999
"TCTAGGACTATGGCGA-1","1",83,121,25249,11608,102,44,11608,14001
"CTCACGCCTCGGTACA-1","1",83,123,25248,11243,100,44,11243,14002
"ACGACCGAACTGATTG-1","1",83,125,25246,10878,98,44,10878,14004
"ATCAAGACTGAGCGAC-1","1",83,127,25244,10513,96,44,10513,14006
"CAATGCATTAATCAAC-1","1",83,129,25243,10148,94,44,10148,14007
"TGAGCCAGTTCCTTCA-1","1",83,131,25241,9782,92,44,9782,14009
"ACCTTCAAGTCGCAGC-1","1",83,133,25239,9417,90,44,9417,14011
"AGTTGGACGCAAGGAA-1","1",83,135,25237,9052,88,44,9052,14013
"ACGGCCATGATACCTG-1","1",83,137,25236,8687,86,44,8687,14014
"CGGTTGGCGGTCCAAG-1","1",83,139,25234,8322,84,44,8322,14016
"AGCACGCCTTACCTGA-1","1",83,141,25232,7957,82,44,7957,14018
"ATCCTCTGCCGCCAGA-1","1",83,143,25231,7591,80,44,7591,14019
"ACGAGGACAACCGCTG-1","1",83,145,25229,7226,78,44,7226,14021
"ACTGAGCGGCGAACCA-1","1",83,147,25227,6861,76,44,6861,14023
"CTCCAACATACATACC-1","1",83,149,25225,6496,74,44,6496,14025
"TAGTTGCCTAGTTCTG-1","1",83,151,25224,6131,72,44,6131,14026
"CCTATGTCAATCCGCT-1","0",83,153,25222,5766,70,44,5766,14028
"TCACGAACCTTAATGC-1","0",83,155,25220,5400,68,44,5400,14030
"GTACAGCGCATTGTAA-1","0",83,157,25219,5035,66,44,5035,14031
"TCTAACCAAGCGATAC-1","0",83,159,25217,4670,64,44,4670,14033
"GCTCACGCGTCTACAT-1","0",83,161,25215,4305,62,44,4305,14035
"ATCTCATTACCTTCGC-1","0",83,163,25213,3940,60,44,3940,14037
"GGATAACGCAGTGAAG-1","0",83,165,25212,3575,58,44,3575,14038
"CCTGAATACGTCTACA-1","0",83,167,25210,3209,56,44,3209,14040
"GGAGCGAGCTACTTAC-1","0",83,169,25208,2844,54,44,2844,14042
"GTAACAGGAAGCACGC-1","0",83,171,25207,2479,52,44,2479,14043
"CAGTTGACGTGGAGCG-1","0",83,173,25205,2114,50,44,2114,14045
"CCTATCAACGCCTCAT-1","0",83,175,25203,1749,48,44,1749,14047
"AATTCTCCTGCCAACT-1","0",83,177,25202,1384,46,44,1384,14048
"TCTAGGACCGAACTGA-1","0",83,179,25200,1018,44,44,1018,14050
"ACCTTCAGAAGGTGTC-1","0",83,181,25198,653,42,44,653,14052
"CGTCCATACTCGAGGT-1","0",83,183,25196,288,40,44,288,14054
"TCCATCCGAGACAAGG-1","0",83,185,25195,-77,38,44,-77,14055
"CTACCTTAACAGCCAG-1","0",83,187,25193,-442,36,44,-442,14057
"CGGAGGAACTACGGTC-1","0",83,189,25191,-807,34,44,-807,14059
"GAGTTGCTGGATAGTG-1","0",83,191,25190,-1173,32,44,-1173,14060
"TCTTACATAGGTCTTC-1","0",83,193,25188,-1538,30,44,-1538,14062
"AACTCAGTAGGTGCAG-1","0",83,195,25186,-1903,28,44,-1903,14064
"GCACGAGGTTGAGGCG-1","0",83,197,25184,-2268,26,44,-2268,14066
"TGAGGTCGTTGGAATC-1","0",83,199,25183,-2633,24,44,-2633,14067
"GACATTAGAACAGAGC-1","0",83,201,25181,-2998,22,44,-2998,14069
"CGTAACTAAGGCTAGC-1","0",83,203,25179,-3364,20,44,-3364,14071
"CTGACTAACATCTAAT-1","0",83,205,25178,-3729,18,44,-3729,14072
"TAGGATGTCGATAGGC-1","0",83,207,25176,-4094,16,44,-4094,14074
"TAGTATTGGACCAACA-1","0",83,209,25174,-4459,14,44,-4459,14076
"CTGCCTATGTTACGCA-1","0",83,211,25172,-4824,12,44,-4824,14078
"CGCTATGTCGAGCCAT-1","0",83,213,25171,-5189,10,44,-5189,14079
"TAGTTGCATACAATGG-1","0",83,215,25169,-5555,8,44,-5555,14081
"GGTGATGTTCACGTCC-1","0",83,217,25167,-5920,6,44,-5920,14083
"TAGAACTCGAGCGTAA-1","0",83,219,25166,-6285,4,44,-6285,14084
"GTGCGGCATTAGCGGA-1","0",83,221,25164,-6650,2,44,-6650,14086
"CATCCTGTAGGATTAG-1","0",83,223,25162,-7015,0,44,-7015,14088
"CGCATCGCGTCATCTT-1","0",84,0,25671,33699,223,43,33699,13579
"GACGGTTGAATGATCC-1","0",84,2,25669,33334,221,43,33334,13581
"TCCGCCGGCGATCTTG-1","0",84,4,25667,32969,219,43,32969,13583
"ATCGTCTTGAGGTCCA-1","0",84,6,25666,32604,217,43,32604,13584
"TAAGAAGTAGGAGCGG-1","0",84,8,25664,32239,215,43,32239,13586
"GAACTCTAGGCGAGGA-1","0",84,10,25662,31873,213,43,31873,13588
"CTGAGGCCGTGGCGTA-1","0",84,12,25661,31508,211,43,31508,13589
"GACAAGCACGGCCGAC-1","0",84,14,25659,31143,209,43,31143,13591
"AGCAGGTGTATGGTTA-1","0",84,16,25657,30778,207,43,30778,13593
"TGTCTGGAATCATAGG-1","0",84,18,25655,30413,205,43,30413,13595
"CTAAGCGAATTGGACA-1","0",84,20,25654,30048,203,43,30048,13596
"CGTCCAAGTTCCATGT-1","0",84,22,25652,29682,201,43,29682,13598
"ACAATCACAGGTGCTA-1","0",84,24,25650,29317,199,43,29317,13600
"ATTGCCTTATACTAGA-1","0",84,26,25649,28952,197,43,28952,13601
"CGCTGCTTCCACAAGA-1","0",84,28,25647,28587,195,43,28587,13603
"TGTAAGTGCTTGAGTT-1","0",84,30,25645,28222,193,43,28222,13605
"GTGGTTGGTCACAAGA-1","0",84,32,25643,27857,191,43,27857,13607
"TAGGCGATGCACCAGC-1","0",84,34,25642,27491,189,43,27491,13608
"GACATCCTGTATGGAC-1","0",84,36,25640,27126,187,43,27126,13610
"CGCTTGATTGCCTGCG-1","0",84,38,25638,26761,185,43,26761,13612
"TCGCCACTGTCCATAG-1","0",84,40,25637,26396,183,43,26396,13613
"AGCGGCCTACAATGAC-1","0",84,42,25635,26031,181,43,26031,13615
"ATTCCGCACGCTGGCT-1","0",84,44,25633,25666,179,43,25666,13617
"GATCACGGTACCTTCG-1","0",84,46,25631,25300,177,43,25300,13619
"TGTATCACCATCGACT-1","0",84,48,25630,24935,175,43,24935,13620
"AACAGTATCCGCCTGG-1","0",84,50,25628,24570,173,43,24570,13622
"CGGACCAGGACAGACG-1","0",84,52,25626,24205,171,43,24205,13624
"GGTAGTTGCCTGCAGT-1","0",84,54,25625,23840,169,43,23840,13625
"AGATGGCGTAACCAGA-1","0",84,56,25623,23475,167,43,23475,13627
"TCAGACTGCTCGGATA-1","0",84,58,25621,23109,165,43,23109,13629
"CATGTCTGGCCACTAA-1","0",84,60,25619,22744,163,43,22744,13631
"CTATGTGCCTTGCTAC-1","0",84,62,25618,22379,161,43,22379,13632
"GTCGCATCACAAGCAG-1","0",84,64,25616,22014,159,43,22014,13634
"GTACATTGACAGCGAA-1","0",84,66,25614,21649,157,43,21649,13636
"TGCCTACGAGTCAGAA-1","0",84,68,25613,21284,155,43,21284,13637
"TGCTTAGTCTTAAGCT-1","1",84,70,25611,20918,153,43,20918,13639
"ACGATTCCAGGCCTCC-1","1",84,72,25609,20553,151,43,20553,13641
"GTTGACTTCCAAGGAA-1","1",84,74,25607,20188,149,43,20188,13643
"GTCAGGATGCTGTTGA-1","1",84,76,25606,19823,147,43,19823,13644
"CCGGATCATATGTCAC-1","1",84,78,25604,19458,145,43,19458,13646
"CATAGAAGTGGACCGC-1","1",84,80,25602,19093,143,43,19093,13648
"TCGCCGACATTAGTTG-1","1",84,82,25601,18727,141,43,18727,13649
"TGATGGTGGAGTAATA-1","1",84,84,25599,18362,139,43,18362,13651
"CTAACAGCTGAAGAGG-1","1",84,86,25597,17997,137,43,17997,13653
"ATAGGTATGCTGCCGG-1","1",84,88,25595,17632,135,43,17632,13655
"CGCTGCTTGCTTCAGT-1","1",84,90,25594,17267,133,43,17267,13656
"ACCTCCAGTTATGCGT-1","1",84,92,25592,16902,131,43,16902,13658
"GATCTTATCTCCATCA-1","1",84,94,25590,16536,129,43,16536,13660
"TAGGCTCGTCTACACG-1","1",84,96,25589,16171,127,43,16171,13661
"AGTGTCTGCAAGATGT-1","1",84,98,25587,15806,125,43,15806,13663
"GCAGGCTCAGATACAA-1","1",84,100,25585,15441,123,43,15441,13665
"TGTTGCCAGTCGCCTG-1","1",84,102,25583,15076,121,43,15076,13667
"ATTACTCAAGACATGC-1","0",84,104,25582,14711,119,43,14711,13668
"AGATGTGATGGTAGTC-1","0",84,106,25580,14345,117,43,14345,13670
"AGGTCCTTCCACAGGT-1","1",84,108,25578,13980,115,43,13980,13672
"TCGCACTCCATTCCGG-1","1",84,110,25577,13615,113,43,13615,13673
"GACGCACGCAATTCTT-1","1",84,112,25575,13250,111,43,13250,13675
"ACTGTAGGTACGAGGT-1","1",84,114,25573,12885,109,43,12885,13677
"TCAGAACTCGTTCGTG-1","1",84,116,25571,12520,107,43,12520,13679
"GTAGCAGAGTTATGTA-1","1",84,118,25570,12154,105,43,12154,13680
"GGTTCTATAGTTCGCC-1","1",84,120,25568,11789,103,43,11789,13682
"CAGCTGTACGATAAGG-1","1",84,122,25566,11424,101,43,11424,13684
"TAGGAACCGCCTGTAT-1","1",84,124,25565,11059,99,43,11059,13685
"CGGAGGTCGCGTACTT-1","1",84,126,25563,10694,97,43,10694,13687
"CAAGCCTGTCGTTCAC-1","1",84,128,25561,10329,95,43,10329,13689
"GTAACCTGCCGCATTC-1","1",84,130,25559,9963,93,43,9963,13691
"ATGGAGCGTTCGAATG-1","1",84,132,25558,9598,91,43,9598,13692
"GACCAACGAACTTCTA-1","1",84,134,25556,9233,89,43,9233,13694
"CGGTAGTTCCTAGGCA-1","1",84,136,25554,8868,87,43,8868,13696
"TGCATTGCAGGATACT-1","1",84,138,25553,8503,85,43,8503,13697
"GTATACCGATGTATTG-1","1",84,140,25551,8138,83,43,8138,13699
"CCTTCCGTGCTGGTAG-1","1",84,142,25549,7772,81,43,7772,13701
"ATGTATGTGGAGTTCC-1","1",84,144,25547,7407,79,43,7407,13703
"TCTATCCTCGACGTTA-1","1",84,146,25546,7042,77,43,7042,13704
"CATGGTTCACGTTCAG-1","1",84,148,25544,6677,75,43,6677,13706
"CTTCACGGATGCGAGT-1","1",84,150,25542,6312,73,43,6312,13708
"TCGGACAACCGACACG-1","1",84,152,25541,5947,71,43,5947,13709
"ACGACTCATACCTGTT-1","0",84,154,25539,5582,69,43,5582,13711
"CGTACTTCGCATCGGT-1","0",84,156,25537,5216,67,43,5216,13713
"ACCAAGTGCATATGTC-1","0",84,158,25535,4851,65,43,4851,13715
"CGCCGGCGATTCACAG-1","0",84,160,25534,4486,63,43,4486,13716
"AGGACGTAGGACCTCG-1","0",84,162,25532,4121,61,43,4121,13718
"GATCGTCATGGATTGA-1","0",84,164,25530,3756,59,43,3756,13720
"ATCTATTAGGTGCGCT-1","0",84,166,25529,3391,57,43,3391,13721
"TGCCTAGGCTGATCGG-1","0",84,168,25527,3025,55,43,3025,13723
"GCCATTCAGGTAAGCG-1","0",84,170,25525,2660,53,43,2660,13725
"CATCGGTCCGAAGCTC-1","0",84,172,25523,2295,51,43,2295,13727
"GAATACGTAACAGTCC-1","0",84,174,25522,1930,49,43,1930,13728
"TACAGACCATAGCATT-1","0",84,176,25520,1565,47,43,1565,13730
"ATCGAACTGGCATATC-1","0",84,178,25518,1200,45,43,1200,13732
"GGCATAGACGGAGTGG-1","0",84,180,25517,834,43,43,834,13733
"TGAGAAGGAGCTTCCT-1","0",84,182,25515,469,41,43,469,13735
"TATTGTGGCAAGTGCG-1","0",84,184,25513,104,39,43,104,13737
"GTGCAACTCCGATGAC-1","0",84,186,25511,-261,37,43,-261,13739
"TGTCGCTATCTGGCGA-1","0",84,188,25510,-626,35,43,-626,13740
"TCACTAATTGCGGAGT-1","0",84,190,25508,-991,33,43,-991,13742
"GGTAGCTGGATGTTAT-1","0",84,192,25506,-1357,31,43,-1357,13744
"CTGATTGCCGAATAGC-1","0",84,194,25505,-1722,29,43,-1722,13745
"CACCTCGGCAGTCGAA-1","0",84,196,25503,-2087,27,43,-2087,13747
"ACTGCCTCGCCGGCGA-1","0",84,198,25501,-2452,25,43,-2452,13749
"TGGTATCTTAATTACC-1","0",84,200,25499,-2817,23,43,-2817,13751
"GAACTCAACCGGTTGA-1","0",84,202,25498,-3182,21,43,-3182,13752
"GACTTGACTTAGACGC-1","0",84,204,25496,-3548,19,43,-3548,13754
"ACCACGTGATCTCCAC-1","0",84,206,25494,-3913,17,43,-3913,13756
"GAGCGACATCTGACGC-1","0",84,208,25493,-4278,15,43,-4278,13757
"CATATTGCATTCCGTT-1","0",84,210,25491,-4643,13,43,-4643,13759
"CTAAGTTAGCTGGTCA-1","0",84,212,25489,-5008,11,43,-5008,13761
"TACTTGGCGAACGCGT-1","0",84,214,25488,-5373,9,43,-5373,13762
"TGCAACTAATGGTGCT-1","0",84,216,25486,-5739,7,43,-5739,13764
"TCCAACGGTGGACTTG-1","0",84,218,25484,-6104,5,43,-6104,13766
"ATAGCTAACAGGCCGC-1","0",84,220,25482,-6469,3,43,-6469,13768
"GGCGACCAGCGGATGT-1","0",84,222,25481,-6834,1,43,-6834,13769
"CGGTCCTCGGTGATCA-1","0",85,1,25984,33515,222,42,33515,13266
"ATTCACTGTCGTTCTA-1","0",85,3,25982,33150,220,42,33150,13268
"CAAGTGCGGAAGACAT-1","0",85,5,25981,32785,218,42,32785,13269
"ATAGCTATCGATGTCT-1","0",85,7,25979,32420,216,42,32420,13271
"TGAATTATGAGTCGCA-1","0",85,9,25977,32055,214,42,32055,13273
"TATGTTGCAGGTCCAC-1","0",85,11,25975,31689,212,42,31689,13275
"GCGAGCGATGTTGACA-1","0",85,13,25974,31324,210,42,31324,13276
"TGAGGCGTCGTTCCTA-1","0",85,15,25972,30959,208,42,30959,13278
"GAACATTGTTATCTGC-1","0",85,17,25970,30594,206,42,30594,13280
"GCAGGCATAATTAGCC-1","0",85,19,25969,30229,204,42,30229,13281
"TCTTAGGCTACCTCTA-1","0",85,21,25967,29864,202,42,29864,13283
"GTATGTCCTGTCTGTT-1","0",85,23,25965,29498,200,42,29498,13285
"TGACCAGCCGTGTCTT-1","0",85,25,25963,29133,198,42,29133,13287
"CGACATGTCTTAGATG-1","0",85,27,25962,28768,196,42,28768,13288
"CTGATTACTCTTGTAG-1","0",85,29,25960,28403,194,42,28403,13290
"GCAAGAGTTAGGCTTC-1","0",85,31,25958,28038,192,42,28038,13292
"CCTAGAGCGTGGTCAA-1","0",85,33,25957,27673,190,42,27673,13293
"CTGGTGGCAGGCAGAT-1","0",85,35,25955,27307,188,42,27307,13295
"GACTCGCAAGGTGACA-1","0",85,37,25953,26942,186,42,26942,13297
"TGATTCTAACTGGATC-1","0",85,39,25951,26577,184,42,26577,13299
"CCGCAAGTAGACCGTT-1","0",85,41,25950,26212,182,42,26212,13300
"TGACCAGCAACGTGTC-1","0",85,43,25948,25847,180,42,25847,13302
"GTATTAATCCTATCAT-1","0",85,45,25946,25482,178,42,25482,13304
"GGCTGACGGAACAACC-1","0",85,47,25945,25116,176,42,25116,13305
"TAGAGTTAATGACAAT-1","0",85,49,25943,24751,174,42,24751,13307
"GTAGACGTGCCACCAT-1","0",85,51,25941,24386,172,42,24386,13309
"CTGCGACAGAATCCAC-1","0",85,53,25939,24021,170,42,24021,13311
"TCCGTCATACGGAGCA-1","0",85,55,25938,23656,168,42,23656,13312
"AGCCAGTCGATGCTAG-1","0",85,57,25936,23291,166,42,23291,13314
"ACTCGTCCACGCGAAG-1","0",85,59,25934,22925,164,42,22925,13316
"CCGGAGTTCATAGCGG-1","0",85,61,25933,22560,162,42,22560,13317
"TCCTGAGTGCCATACT-1","0",85,63,25931,22195,160,42,22195,13319
"CTTCGAATGTTCCATA-1","0",85,65,25929,21830,158,42,21830,13321
"ATCTGATAATACTAAC-1","0",85,67,25927,21465,156,42,21465,13323
"GGTCCTTGTTCTTAAC-1","0",85,69,25926,21100,154,42,21100,13324
"CAATTGGAGTCCTTCA-1","1",85,71,25924,20734,152,42,20734,13326
"TACGACTTGAACGGAG-1","1",85,73,25922,20369,150,42,20369,13328
"CCGGTAACTGAGTGGC-1","1",85,75,25921,20004,148,42,20004,13329
"GCAAGACGCTCAGACC-1","1",85,77,25919,19639,146,42,19639,13331
"CTATTAAGGATACACC-1","1",85,79,25917,19274,144,42,19274,13333
"CTTAGCACTCTTATGC-1","1",85,81,25915,18909,142,42,18909,13335
"CTACTGAGACGAGCCA-1","1",85,83,25914,18543,140,42,18543,13336
"GTCAACCGGAATAGTG-1","1",85,85,25912,18178,138,42,18178,13338
"AACACGTTGATACCGC-1","1",85,87,25910,17813,136,42,17813,13340
"GGTCACGGCTGAATTG-1","1",85,89,25909,17448,134,42,17448,13341
"TGAATTCAGGTTCGAA-1","1",85,91,25907,17083,132,42,17083,13343
"CGCTAGCCGTTCATGG-1","1",85,93,25905,16718,130,42,16718,13345
"GTGCAAGATCGAGTCA-1","1",85,95,25903,16352,128,42,16352,13347
"TAGTATAACTCAACGT-1","1",85,97,25902,15987,126,42,15987,13348
"ATTCCGCATTGGTACG-1","1",85,99,25900,15622,124,42,15622,13350
"CCTGTCTGTCTAACCG-1","1",85,101,25898,15257,122,42,15257,13352
"ACTGAAGAACTTCATG-1","1",85,103,25897,14892,120,42,14892,13353
"GTACGCTCTTGGCACG-1","0",85,105,25895,14527,118,42,14527,13355
"TGACAGCTTGTCGACA-1","1",85,107,25893,14161,116,42,14161,13357
"CTGCTAGCATAGCTGT-1","1",85,109,25891,13796,114,42,13796,13359
"TATTCTATCTATGTTG-1","1",85,111,25890,13431,112,42,13431,13360
"ATCGTAATAGTCACTC-1","1",85,113,25888,13066,110,42,13066,13362
"GAGTCACGACAACCTT-1","1",85,115,25886,12701,108,42,12701,13364
"GACTAGATCGTTAACA-1","1",85,117,25885,12336,106,42,12336,13365
"TATCACTTCGTCCTCG-1","1",85,119,25883,11970,104,42,11970,13367
"CGATGAATACCTAGTC-1","1",85,121,25881,11605,102,42,11605,13369
"AGGTGAGCCTAGTAAG-1","1",85,123,25880,11240,100,42,11240,13370
"GGCGACTTATCAATCC-1","1",85,125,25878,10875,98,42,10875,13372
"AAGCGACCGCCACTGG-1","1",85,127,25876,10510,96,42,10510,13374
"TAGATGCGTCAGCACT-1","1",85,129,25874,10145,94,42,10145,13376
"GCTCAACCAAGGAGCG-1","1",85,131,25873,9779,92,42,9779,13377
"ATGTCTGGTCCTTATC-1","1",85,133,25871,9414,90,42,9414,13379
"AGAACATACTTAACTA-1","1",85,135,25869,9049,88,42,9049,13381
"CGTATCGCGTTCCTCA-1","1",85,137,25868,8684,86,42,8684,13382
"GAACAGGATCTAGACA-1","1",85,139,25866,8319,84,42,8319,13384
"GTGACATGGCCGTGCG-1","1",85,141,25864,7954,82,42,7954,13386
"TCGCCTTATCACAAGC-1","1",85,143,25862,7588,80,42,7588,13388
"CACGATCTATCTCAAC-1","1",85,145,25861,7223,78,42,7223,13389
"CTGAATTGAGCGTAGT-1","1",85,147,25859,6858,76,42,6858,13391
"GCACTCCAGAGTCTGA-1","1",85,149,25857,6493,74,42,6493,13393
"GCCACGGCAACGCCAC-1","1",85,151,25856,6128,72,42,6128,13394
"ACTCGAACCACGCTAC-1","0",85,153,25854,5763,70,42,5763,13396
"GCTAACCAGGCCAAGT-1","0",85,155,25852,5397,68,42,5397,13398
"TATTGTCTGCCACGTA-1","0",85,157,25850,5032,66,42,5032,13400
"ACTCGTCCGATAGTCA-1","0",85,159,25849,4667,64,42,4667,13401
"ATCCGCAGAACCAACC-1","0",85,161,25847,4302,62,42,4302,13403
"GATATCACCGCTGTTG-1","0",85,163,25845,3937,60,42,3937,13405
"ATCCGAAGGTTAGTGA-1","0",85,165,25844,3572,58,42,3572,13406
"CTGCGGTGGCGTTGAA-1","0",85,167,25842,3206,56,42,3206,13408
"TCGGCGTATTACGTTC-1","0",85,169,25840,2841,54,42,2841,13410
"CACTCGTAATCGAGTT-1","0",85,171,25838,2476,52,42,2476,13412
"CTGGCGTGATCATGAC-1","0",85,173,25837,2111,50,42,2111,13413
"TCGATCTAGGCCGCTG-1","0",85,175,25835,1746,48,42,1746,13415
"TCACGAGCTGGTTGTC-1","0",85,177,25833,1381,46,42,1381,13417
"CATGCGGCACGCAAGT-1","0",85,179,25832,1015,44,42,1015,13418
"GATCCATCCGCTTCCA-1","0",85,181,25830,650,42,42,650,13420
"GGTACCGCATCAATGG-1","0",85,183,25828,285,40,42,285,13422
"CGAACCGTTGGTTGAC-1","0",85,185,25826,-80,38,42,-80,13424
"CAACTAACAACTTATT-1","0",85,187,25825,-445,36,42,-445,13425
"ATCAAGACATACGCGG-1","0",85,189,25823,-810,34,42,-810,13427
"ATGTGATACAAGGCAA-1","0",85,191,25821,-1176,32,42,-1176,13429
"GAATGATATGTTGGTA-1","0",85,193,25820,-1541,30,42,-1541,13430
"AAGAACCGCACGTAAC-1","0",85,195,25818,-1906,28,42,-1906,13432
"AGGACCAGCGAACGCA-1","0",85,197,25816,-2271,26,42,-2271,13434
"GTTGATTCGATCAGGA-1","0",85,199,25814,-2636,24,42,-2636,13436
"GTGCGAGGTGTTACTG-1","0",85,201,25813,-3001,22,42,-3001,13437
"GCGGCCACTTGCCTGC-1","0",85,203,25811,-3367,20,42,-3367,13439
"AACTCATGCGTCCTAA-1","0",85,205,25809,-3732,18,42,-3732,13441
"CCATCTGTCCAGCACG-1","0",85,207,25808,-4097,16,42,-4097,13442
"CAGTTGCTTCGGAGTG-1","0",85,209,25806,-4462,14,42,-4462,13444
"ATTGTTCTGCGTGAGC-1","0",85,211,25804,-4827,12,42,-4827,13446
"TATGTCATTCCAATTC-1","0",85,213,25802,-5192,10,42,-5192,13448
"CGGCCTAAGTGCTCTG-1","0",85,215,25801,-5558,8,42,-5558,13449
"TAGTATTGATAGCGTC-1","0",85,217,25799,-5923,6,42,-5923,13451
"CTCATTGATAATCTGG-1","0",85,219,25797,-6288,4,42,-6288,13453
"TATCAATGTTCATTGT-1","0",85,221,25796,-6653,2,42,-6653,13454
"CCTTCATTCCTTGCAA-1","0",85,223,25794,-7018,0,42,-7018,13456
"TCTTACATACAATTAG-1","0",86,0,26303,33696,223,41,33696,12947
"GAACCATACATGAATC-1","0",86,2,26301,33331,221,41,33331,12949
"CCACATTCATCGCAGA-1","0",86,4,26299,32966,219,41,32966,12951
"CCGGTGTATTGAGGCA-1","0",86,6,26297,32601,217,41,32601,12953
"CCTACCAACTACCTCG-1","0",86,8,26296,32236,215,41,32236,12954
"CATCGGTGTAGTACGG-1","0",86,10,26294,31870,213,41,31870,12956
"GTAACAGTTAGTCTGT-1","0",86,12,26292,31505,211,41,31505,12958
"GACCAAGTCAGACGCT-1","0",86,14,26291,31140,209,41,31140,12959
"GTAATGAGTATGCCTA-1","0",86,16,26289,30775,207,41,30775,12961
"CTATCGGTATGTGAGT-1","0",86,18,26287,30410,205,41,30410,12963
"AACAGTCTGGTTGATG-1","0",86,20,26285,30045,203,41,30045,12965
"ATGCCATGCAGCGGCT-1","0",86,22,26284,29679,201,41,29679,12966
"CACCATCTTACCAGTC-1","0",86,24,26282,29314,199,41,29314,12968
"TAGTTCACCTAGCTCA-1","0",86,26,26280,28949,197,41,28949,12970
"CTCATACCGATCGAAT-1","0",86,28,26279,28584,195,41,28584,12971
"GGTACGTCCAATAGGC-1","0",86,30,26277,28219,193,41,28219,12973
"AGATCAAGGATGAGAT-1","0",86,32,26275,27854,191,41,27854,12975
"ATCTACGGTCTATTGT-1","0",86,34,26273,27489,189,41,27489,12977
"TGGTGCGAGCAAGCAC-1","0",86,36,26272,27123,187,41,27123,12978
"GTATGACGGCTAAGAA-1","0",86,38,26270,26758,185,41,26758,12980
"GATAAGAACGTTACTG-1","0",86,40,26268,26393,183,41,26393,12982
"GGTACCTAACAGCCTA-1","0",86,42,26267,26028,181,41,26028,12983
"CGTATCACCGTTCGCC-1","0",86,44,26265,25663,179,41,25663,12985
"ATCTGGAATGAAGACT-1","0",86,46,26263,25298,177,41,25298,12987
"CTCCACAATTGGCATA-1","0",86,48,26261,24932,175,41,24932,12989
"GCAAGTCGAAGAGTCG-1","0",86,50,26260,24567,173,41,24567,12990
"CGATGGCACTCGTGAA-1","0",86,52,26258,24202,171,41,24202,12992
"TCCTACAGCCTTGTAT-1","0",86,54,26256,23837,169,41,23837,12994
"TGCCAATAAGTTGTTC-1","0",86,56,26255,23472,167,41,23472,12995
"AGCGTTCTAACCTTCC-1","0",86,58,26253,23107,165,41,23107,12997
"ACGTTCCACCGATTCG-1","0",86,60,26251,22741,163,41,22741,12999
"AATTCTCCAGCCTCGC-1","0",86,62,26249,22376,161,41,22376,13001
"CCTGCTCCGCAACATT-1","0",86,64,26248,22011,159,41,22011,13002
"CGGAGGTCCAGACATC-1","0",86,66,26246,21646,157,41,21646,13004
"ATAACGGTCTTGTAAT-1","0",86,68,26244,21281,155,41,21281,13006
"TCATCTGATCCTGGCG-1","0",86,70,26243,20916,153,41,20916,13007
"AACTAGGCACAGGCTG-1","1",86,72,26241,20550,151,41,20550,13009
"TCGCCGCTAGAATAGA-1","1",86,74,26239,20185,149,41,20185,13011
"AGCTGCCGAACGTCTA-1","1",86,76,26237,19820,147,41,19820,13013
"AAGCGACGCTCACGCA-1","1",86,78,26236,19455,145,41,19455,13014
"GGACGTTCGCTCTGTA-1","1",86,80,26234,19090,143,41,19090,13016
"GTAGCCTCGTGCAGAT-1","1",86,82,26232,18725,141,41,18725,13018
"ATCGTCGACCAATCAT-1","1",86,84,26231,18359,139,41,18359,13019
"TGGTTGGTTCGCGGCC-1","1",86,86,26229,17994,137,41,17994,13021
"TCAAGGCGGAGGCAGC-1","1",86,88,26227,17629,135,41,17629,13023
"TCTACTAGGTCGGCGT-1","1",86,90,26225,17264,133,41,17264,13025
"AACGGCCGTACTTCCT-1","1",86,92,26224,16899,131,41,16899,13026
"CTTCCGACATAAGCTT-1","1",86,94,26222,16534,129,41,16534,13028
"CTATAACCAGGTGGCG-1","1",86,96,26220,16168,127,41,16168,13030
"TACACTACATCTAGGA-1","1",86,98,26219,15803,125,41,15803,13031
"GTCGTGTCCTGATTGC-1","1",86,100,26217,15438,123,41,15438,13033
"GGATTCTTGGAGCACT-1","1",86,102,26215,15073,121,41,15073,13035
"GCTGAAGTTAACTCAG-1","1",86,104,26213,14708,119,41,14708,13037
"TGTTGGTGGACTCAGG-1","1",86,106,26212,14343,117,41,14343,13038
"AATGAGGCCACGGAGC-1","1",86,108,26210,13977,115,41,13977,13040
"ATTAGATGTCCACCTT-1","1",86,110,26208,13612,113,41,13612,13042
"TGCTGTCTAGTATCGG-1","1",86,112,26207,13247,111,41,13247,13043
"TGGACTCCTGACAGTA-1","1",86,114,26205,12882,109,41,12882,13045
"ATGACCTCAACACGCA-1","1",86,116,26203,12517,107,41,12517,13047
"CCTCTAGACGTAGGCC-1","1",86,118,26201,12152,105,41,12152,13049
"GCTCAAGGACAATAGG-1","1",86,120,26200,11786,103,41,11786,13050
"GCCACTCCTGTAATCT-1","1",86,122,26198,11421,101,41,11421,13052
"CTGCGATTATAACCAT-1","1",86,124,26196,11056,99,41,11056,13054
"CGCTTGGAGGCCTACC-1","1",86,126,26195,10691,97,41,10691,13055
"GATCTTGTCCGATTGG-1","1",86,128,26193,10326,95,41,10326,13057
"CTCGGATCGACAACGG-1","1",86,130,26191,9961,93,41,9961,13059
"GTCTTGCGTGCTATAG-1","1",86,132,26189,9595,91,41,9595,13061
"CCGATACCTCGCGAAT-1","1",86,134,26188,9230,89,41,9230,13062
"GGTGTCGCACAATGAA-1","1",86,136,26186,8865,87,41,8865,13064
"TCCAGGTTCGGCGAAT-1","1",86,138,26184,8500,85,41,8500,13066
"TCTATGACTGACGCAA-1","1",86,140,26183,8135,83,41,8135,13067
"TACCACGATGACTGAC-1","1",86,142,26181,7770,81,41,7770,13069
"CTAGCGTCGCGACCAG-1","1",86,144,26179,7404,79,41,7404,13071
"GAACTACAACGCGGCT-1","1",86,146,26177,7039,77,41,7039,13073
"AAGATTATACTCTTCA-1","1",86,148,26176,6674,75,41,6674,13074
"GCCGCTGTATGTGCTG-1","1",86,150,26174,6309,73,41,6309,13076
"GGTCTGCATTATCACT-1","1",86,152,26172,5944,71,41,5944,13078
"CCTCTAGAACCTATAC-1","0",86,154,26171,5579,69,41,5579,13079
"AATGGTCGCAATCTCA-1","0",86,156,26169,5213,67,41,5213,13081
"GAGTATGCGTACCAGC-1","0",86,158,26167,4848,65,41,4848,13083
"GACCTGACGTTCAATA-1","0",86,160,26165,4483,63,41,4483,13085
"CTGTCCAAGTAATTAA-1","0",86,162,26164,4118,61,41,4118,13086
"AAGGAATTAATATGAG-1","0",86,164,26162,3753,59,41,3753,13088
"CTCAAGCGCTCGCAGT-1","0",86,166,26160,3388,57,41,3388,13090
"TCAATCAGTGTCAAGC-1","0",86,168,26159,3022,55,41,3022,13091
"CGCAGGACGATACTTG-1","0",86,170,26157,2657,53,41,2657,13093
"GACCGAATCGGAATCT-1","0",86,172,26155,2292,51,41,2292,13095
"GTATGTTCAGGCTATG-1","0",86,174,26154,1927,49,41,1927,13096
"TGTTGGATAGATCAGA-1","0",86,176,26152,1562,47,41,1562,13098
"TCCGCCAACACGAGAC-1","0",86,178,26150,1197,45,41,1197,13100
"CACCTAATGTTCCTGA-1","0",86,180,26148,831,43,41,831,13102
"CGACTAAGTGACCGTA-1","0",86,182,26147,466,41,41,466,13103
"TACGACTCTAGAGCAC-1","0",86,184,26145,101,39,41,101,13105
"CCATAGCCACTGGCAA-1","0",86,186,26143,-264,37,41,-264,13107
"GCGAATCATGACCTCA-1","0",86,188,26142,-629,35,41,-629,13108
"GATCGCATAGCTGCAA-1","0",86,190,26140,-994,33,41,-994,13110
"GCTCTGACGACAATAG-1","0",86,192,26138,-1360,31,41,-1360,13112
"GTACCTACTCACAGGT-1","0",86,194,26136,-1725,29,41,-1725,13114
"GCGAATGGCACCAAGT-1","0",86,196,26135,-2090,27,41,-2090,13115
"ATTCAACCAGGCTTAC-1","0",86,198,26133,-2455,25,41,-2455,13117
"TACAAGTTAGTTCTAT-1","0",86,200,26131,-2820,23,41,-2820,13119
"TCGATCTAGGTGTCGC-1","0",86,202,26130,-3185,21,41,-3185,13120
"AGAACCGATCAGGTCG-1","0",86,204,26128,-3551,19,41,-3551,13122
"TCGTAGACATGGTTGA-1","0",86,206,26126,-3916,17,41,-3916,13124
"CAGCTTACGAGTCTGT-1","0",86,208,26124,-4281,15,41,-4281,13126
"TCGTCAAGTCGCTACG-1","0",86,210,26123,-4646,13,41,-4646,13127
"TCTTAGGAGCCGTGGA-1","0",86,212,26121,-5011,11,41,-5011,13129
"ACAGCCAACTATACTA-1","0",86,214,26119,-5376,9,41,-5376,13131
"TGGCGATATCCGGTGG-1","0",86,216,26118,-5742,7,41,-5742,13132
"CTCAGGAGAATGACAT-1","0",86,218,26116,-6107,5,41,-6107,13134
"CGACCTGCCGGTGGAA-1","0",86,220,26114,-6472,3,41,-6472,13136
"GGTCACATAGATACTT-1","0",86,222,26112,-6837,1,41,-6837,13138
"AGCTGTCTAGTAAGTA-1","0",87,1,26616,33512,222,40,33512,12634
"TAGGCACGTAAGGACA-1","0",87,3,26614,33147,220,40,33147,12636
"CTACCTCCGGTGTTGC-1","0",87,5,26612,32782,218,40,32782,12638
"GGCAAGGCACAATCGC-1","0",87,7,26611,32417,216,40,32417,12639
"TGACTTCCTGCGTACT-1","0",87,9,26609,32052,214,40,32052,12641
"CGAACGTATTAGACAA-1","0",87,11,26607,31686,212,40,31686,12643
"CAGTGAAGTCTGCGGC-1","0",87,13,26605,31321,210,40,31321,12645
"AGGATAGCTTGGTAGC-1","0",87,15,26604,30956,208,40,30956,12646
"CAGCTGTCCGACAGTA-1","0",87,17,26602,30591,206,40,30591,12648
"CTGGCCACGACATATC-1","0",87,19,26600,30226,204,40,30226,12650
"CTGTCCTAACTTATGA-1","0",87,21,26599,29861,202,40,29861,12651
"CTGTGGACCGTGCGGT-1","0",87,23,26597,29495,200,40,29495,12653
"CTACGCTCGAGTCCGA-1","0",87,25,26595,29130,198,40,29130,12655
"TCTAGAGCTCGCCTGT-1","0",87,27,26593,28765,196,40,28765,12657
"ACAACTCCGGCCTATC-1","0",87,29,26592,28400,194,40,28400,12658
"ACTGTAGATCGACTCA-1","0",87,31,26590,28035,192,40,28035,12660
"GTTGACTACATGGCAT-1","0",87,33,26588,27670,190,40,27670,12662
"TACATCCAGACCTTGT-1","0",87,35,26587,27304,188,40,27304,12663
"GTAACCATCTAATTAA-1","0",87,37,26585,26939,186,40,26939,12665
"AGCTATAGTGACAGTA-1","0",87,39,26583,26574,184,40,26574,12667
"TCTTGCGGTATTACCA-1","0",87,41,26581,26209,182,40,26209,12669
"GCAACCAAGGAGCAGT-1","0",87,43,26580,25844,180,40,25844,12670
"ATTATCAAGGCGAGTC-1","0",87,45,26578,25479,178,40,25479,12672
"ATGGATAGACCATGGC-1","0",87,47,26576,25113,176,40,25113,12674
"AGGAGCCTGCTCAATT-1","0",87,49,26575,24748,174,40,24748,12675
"CTGGCTGTACTAGATG-1","0",87,51,26573,24383,172,40,24383,12677
"CTCCTACTGCCTTCTA-1","0",87,53,26571,24018,170,40,24018,12679
"AGATACGCCATATGAT-1","0",87,55,26569,23653,168,40,23653,12681
"ACGGATGTTGGCAACA-1","0",87,57,26568,23288,166,40,23288,12682
"AACGAGGAATCTAGAA-1","0",87,59,26566,22922,164,40,22922,12684
"TGAGGTGAGTCGCTTA-1","0",87,61,26564,22557,162,40,22557,12686
"CCTCGGTTGTATTCTG-1","0",87,63,26563,22192,160,40,22192,12687
"GTTGCCGCGGTAGACA-1","0",87,65,26561,21827,158,40,21827,12689
"AACTGAAGTGGATGGT-1","0",87,67,26559,21462,156,40,21462,12691
"CTGATTGCATGGCATC-1","0",87,69,26557,21097,154,40,21097,12693
"TGTATGCCTCCAATAA-1","0",87,71,26556,20731,152,40,20731,12694
"ATAGTTACTGGCGAGC-1","1",87,73,26554,20366,150,40,20366,12696
"CAAGTGATGGCCTCTT-1","1",87,75,26552,20001,148,40,20001,12698
"TATCACCGAGGCTTAA-1","1",87,77,26551,19636,146,40,19636,12699
"CGAAGACTGTTGACGC-1","1",87,79,26549,19271,144,40,19271,12701
"GTGGTTAACCGTTGGC-1","1",87,81,26547,18906,142,40,18906,12703
"CATTATGATCCTGCGG-1","1",87,83,26546,18540,140,40,18540,12704
"CCAGCCTGATCCGAGT-1","1",87,85,26544,18175,138,40,18175,12706
"GTACCTACTTAGTCCA-1","1",87,87,26542,17810,136,40,17810,12708
"CATCAGACAAGATCTT-1","1",87,89,26540,17445,134,40,17445,12710
"ATCCTCAACCGACGCC-1","1",87,91,26539,17080,132,40,17080,12711
"CGTTGGTGCACGCCAC-1","1",87,93,26537,16715,130,40,16715,12713
"AGCCGCTCAAGTCTTG-1","1",87,95,26535,16349,128,40,16349,12715
"GGTCTTAGGATTAGTA-1","1",87,97,26534,15984,126,40,15984,12716
"TCATAGCTCGCAGACG-1","1",87,99,26532,15619,124,40,15619,12718
"AGCCAGTTCTGCCGGC-1","1",87,101,26530,15254,122,40,15254,12720
"CCGGCACGAGTGTTCA-1","1",87,103,26528,14889,120,40,14889,12722
"GCTGACCAGGTGACCG-1","1",87,105,26527,14524,118,40,14524,12723
"GGTTCCTGTCGTTCGC-1","1",87,107,26525,14158,116,40,14158,12725
"TGGAGTAATTAGTTAA-1","1",87,109,26523,13793,114,40,13793,12727
"ATCTTCCTCAGGAGCA-1","1",87,111,26522,13428,112,40,13428,12728
"TCCGTCACAGTGAGTG-1","1",87,113,26520,13063,110,40,13063,12730
"TGCTTAGATATGACGG-1","1",87,115,26518,12698,108,40,12698,12732
"TATGACAATATGCGCA-1","1",87,117,26516,12333,106,40,12333,12734
"CATTGCTAAGAAGGCA-1","1",87,119,26515,11967,104,40,11967,12735
"ACGACAATTAGCTCGC-1","1",87,121,26513,11602,102,40,11602,12737
"TACGTAGCTCCGAGAT-1","1",87,123,26511,11237,100,40,11237,12739
"GGCCACCGTCTTAGTA-1","1",87,125,26510,10872,98,40,10872,12740
"GCGAATGGCAGATACA-1","1",87,127,26508,10507,96,40,10507,12742
"CGAAGACCGATTAATC-1","1",87,129,26506,10142,94,40,10142,12744
"TCGCCGGATTGACCTC-1","1",87,131,26504,9776,92,40,9776,12746
"AAGACTCACGTCGCAG-1","1",87,133,26503,9411,90,40,9411,12747
"TCCGTGTCTTCGTAGA-1","1",87,135,26501,9046,88,40,9046,12749
"TCAAGGACCATCGCTC-1","1",87,137,26499,8681,86,40,8681,12751
"GCGAATCTGACATGAC-1","1",87,139,26498,8316,84,40,8316,12752
"CTATTCTTGCGTCTTG-1","1",87,141,26496,7951,82,40,7951,12754
"TAGCTCGCTCGATCCA-1","1",87,143,26494,7585,80,40,7585,12756
"AACATAGGAGGCGTCC-1","1",87,145,26492,7220,78,40,7220,12758
"CCTCCAGAGGTCTTAA-1","1",87,147,26491,6855,76,40,6855,12759
"CCTATGGCAGATGTGG-1","1",87,149,26489,6490,74,40,6490,12761
"GTCCGATCCTCGACTG-1","1",87,151,26487,6125,72,40,6125,12763
"GCCGTATGTTGCTCCG-1","1",87,153,26486,5760,70,40,5760,12764
"CCGCTCGCTACCAGGT-1","1",87,155,26484,5394,68,40,5394,12766
"CGCTTGCGCAATAACC-1","0",87,157,26482,5029,66,40,5029,12768
"TACCGGACCATAGTAC-1","0",87,159,26480,4664,64,40,4664,12770
"TCTACAGCAATATCGT-1","0",87,161,26479,4299,62,40,4299,12771
"GCCGTACAGGACTGAA-1","0",87,163,26477,3934,60,40,3934,12773
"TACGTACAGCGACATC-1","0",87,165,26475,3569,58,40,3569,12775
"ACGTATGCGACGTGTA-1","0",87,167,26474,3203,56,40,3203,12776
"AGGATTCCAACACGAT-1","0",87,169,26472,2838,54,40,2838,12778
"CCATAGATTACGCCTC-1","0",87,171,26470,2473,52,40,2473,12780
"ACTGACTAGTATGGCG-1","0",87,173,26468,2108,50,40,2108,12782
"CTCATATCAGCGAGTC-1","0",87,175,26467,1743,48,40,1743,12783
"TATGCTAGAACACCGC-1","0",87,177,26465,1378,46,40,1378,12785
"ATTACTTCCGGTGGCG-1","0",87,179,26463,1012,44,40,1012,12787
"TATTAATCCGCAATCT-1","0",87,181,26462,647,42,40,647,12788
"TGCGCTGGAGACCACG-1","0",87,183,26460,282,40,40,282,12790
"TCTACTTACGGCTCGG-1","0",87,185,26458,-83,38,40,-83,12792
"TCAGCTTCCTTAATGG-1","0",87,187,26456,-448,36,40,-448,12794
"TAAGTGACTTCCATGT-1","0",87,189,26455,-813,34,40,-813,12795
"GTATACGACCGAAGTA-1","0",87,191,26453,-1179,32,40,-1179,12797
"AAGCAGTATCGTAGCG-1","0",87,193,26451,-1544,30,40,-1544,12799
"TGCACCGGTTGCTTGG-1","0",87,195,26450,-1909,28,40,-1909,12800
"CTGTACTCTGAAGACA-1","0",87,197,26448,-2274,26,40,-2274,12802
"GTGGTTGAAGTCCACT-1","0",87,199,26446,-2639,24,40,-2639,12804
"CGCTTGCTAGTCGCAA-1","0",87,201,26444,-3004,22,40,-3004,12806
"CCAGCCGATGGCACAG-1","0",87,203,26443,-3370,20,40,-3370,12807
"TAGCTAGTCCTTCATG-1","0",87,205,26441,-3735,18,40,-3735,12809
"AGATCTGCGATCACCT-1","0",87,207,26439,-4100,16,40,-4100,12811
"AGATAACTCAACTGGT-1","0",87,209,26438,-4465,14,40,-4465,12812
"AAGGTTGCCTGACGGC-1","0",87,211,26436,-4830,12,40,-4830,12814
"GTAGCACCAGTGCTGG-1","0",87,213,26434,-5195,10,40,-5195,12816
"TAGTGCCAAGTTAGCA-1","0",87,215,26432,-5561,8,40,-5561,12818
"GCCTATTGGTAGGCAC-1","0",87,217,26431,-5926,6,40,-5926,12819
"GAGTAGGATGAGGAGT-1","0",87,219,26429,-6291,4,40,-6291,12821
"AGGAATTCACCTGCGT-1","0",87,221,26427,-6656,2,40,-6656,12823
"TGACCATTCTGTTGCC-1","0",87,223,26426,-7021,0,40,-7021,12824
"GATCCACGGTCAGCGA-1","0",88,0,26934,33693,223,39,33693,12316
"TCACTGTCCAATAGAT-1","0",88,2,26933,33328,221,39,33328,12317
"AACCATGAATCTGAGG-1","0",88,4,26931,32963,219,39,32963,12319
"ATCAGATTCCACATCA-1","0",88,6,26929,32598,217,39,32598,12321
"GCCTCCTTCAGTCTCA-1","0",88,8,26927,32233,215,39,32233,12323
"CGGAAGATTCCGCCAA-1","0",88,10,26926,31868,213,39,31868,12324
"ATGACATGCTGTCCAA-1","0",88,12,26924,31502,211,39,31502,12326
"GCTTGACATACGAGCA-1","0",88,14,26922,31137,209,39,31137,12328
"TCAATATTGAGGAATG-1","0",88,16,26921,30772,207,39,30772,12329
"GCGTGCTACAGGAATC-1","0",88,18,26919,30407,205,39,30407,12331
"AAGAGCTCATAAGAGG-1","0",88,20,26917,30042,203,39,30042,12333
"GCTCATACTAGTTCCA-1","0",88,22,26915,29677,201,39,29677,12335
"CTGGATAGTGGATGGT-1","0",88,24,26914,29311,199,39,29311,12336
"CGTGAGTTCATCGATG-1","0",88,26,26912,28946,197,39,28946,12338
"TGGTTATTCCAATGCA-1","0",88,28,26910,28581,195,39,28581,12340
"CTCACGTAGAAGTCAG-1","0",88,30,26909,28216,193,39,28216,12341
"CCATACGCTTGAACGT-1","0",88,32,26907,27851,191,39,27851,12343
"AACGCTCAGGCCAGCT-1","0",88,34,26905,27486,189,39,27486,12345
"CACGATGTCGTGGTAG-1","0",88,36,26903,27120,187,39,27120,12347
"ATTGCCGCTCACTTGG-1","0",88,38,26902,26755,185,39,26755,12348
"ATAGCTGTGGACCACT-1","0",88,40,26900,26390,183,39,26390,12350
"AGGTGACGATTGTATG-1","0",88,42,26898,26025,181,39,26025,12352
"TCTACACTACAGTTAG-1","0",88,44,26897,25660,179,39,25660,12353
"GAGCTTCTCACCAATA-1","0",88,46,26895,25295,177,39,25295,12355
"AGCCAGATCTAATTAT-1","0",88,48,26893,24929,175,39,24929,12357
"GTTCTTCGTCGCCAAC-1","0",88,50,26891,24564,173,39,24564,12359
"GGTTCTAGGTCTCGGT-1","0",88,52,26890,24199,171,39,24199,12360
"CGGCGTATACCGGAGT-1","0",88,54,26888,23834,169,39,23834,12362
"CTTGAGCTGAATAGTC-1","0",88,56,26886,23469,167,39,23469,12364
"TCCAACGTGACATCTA-1","0",88,58,26885,23104,165,39,23104,12365
"CCGTGCTGCACGGATT-1","0",88,60,26883,22738,163,39,22738,12367
"TAATTAGGAGCACGCA-1","0",88,62,26881,22373,161,39,22373,12369
"AATAGTGCCAACGGTC-1","0",88,64,26879,22008,159,39,22008,12371
"AGCGACAGAATGAGCC-1","0",88,66,26878,21643,157,39,21643,12372
"AGCCATACGCACTAGC-1","0",88,68,26876,21278,155,39,21278,12374
"TCCGAGACGTGCGTGG-1","0",88,70,26874,20913,153,39,20913,12376
"TGAGACGTTACGCCGA-1","0",88,72,26873,20547,151,39,20547,12377
"CTGCCGAGGAGTTAAT-1","1",88,74,26871,20182,149,39,20182,12379
"TAGCGTATCTACGGTA-1","1",88,76,26869,19817,147,39,19817,12381
"TGAAGAACGCTCCTGG-1","1",88,78,26867,19452,145,39,19452,12383
"TGTATGACCTTACGTA-1","1",88,80,26866,19087,143,39,19087,12384
"ATCAGAATTACTATTC-1","1",88,82,26864,18722,141,39,18722,12386
"ATACTGCTGTCGTTGC-1","1",88,84,26862,18356,139,39,18356,12388
"TACGGACACGCCACTC-1","1",88,86,26861,17991,137,39,17991,12389
"GCAGATACGAGTATAG-1","1",88,88,26859,17626,135,39,17626,12391
"GATGGACTACAGGTAG-1","1",88,90,26857,17261,133,39,17261,12393
"TGGAGTCCTCAAGACT-1","1",88,92,26855,16896,131,39,16896,12395
"ATTGCAGAGTTAGAGT-1","1",88,94,26854,16531,129,39,16531,12396
"TAAGAACGCACGTCTT-1","1",88,96,26852,16165,127,39,16165,12398
"GCACCACGACAGTGAG-1","1",88,98,26850,15800,125,39,15800,12400
"AGTTCGTGAGATTACA-1","1",88,100,26849,15435,123,39,15435,12401
"CAGAGCTCGACATACA-1","1",88,102,26847,15070,121,39,15070,12403
"GTCGCAGTTACTCCGA-1","1",88,104,26845,14705,119,39,14705,12405
"AAGGCGTGAGCGAGTG-1","1",88,106,26843,14340,117,39,14340,12407
"TCCGAGACAGACTGCT-1","1",88,108,26842,13974,115,39,13974,12408
"GAATGGACTACACCAG-1","1",88,110,26840,13609,113,39,13609,12410
"CTGGCGGTGCCAAGGC-1","1",88,112,26838,13244,111,39,13244,12412
"GCGAAGCGTCACCGCT-1","1",88,114,26837,12879,109,39,12879,12413
"GAACTCCTTGCCTGAA-1","1",88,116,26835,12514,107,39,12514,12415
"AGTTAAGTGCACTTGT-1","1",88,118,26833,12149,105,39,12149,12417
"GAGGTGTAATGAGCCG-1","1",88,120,26832,11783,103,39,11783,12418
"CTCGATAACGAATTGC-1","1",88,122,26830,11418,101,39,11418,12420
"TGACCAACGAATTACT-1","1",88,124,26828,11053,99,39,11053,12422
"AATGAATGATAGGTTA-1","1",88,126,26826,10688,97,39,10688,12424
"CTTGAGGCTGCGCTTG-1","1",88,128,26825,10323,95,39,10323,12425
"AGACAACGACTAGTAA-1","1",88,130,26823,9958,93,39,9958,12427
"TAGTGCCATTCCGCTC-1","1",88,132,26821,9592,91,39,9592,12429
"ATTCACGTGGTCCATG-1","1",88,134,26820,9227,89,39,9227,12430
"AGTACCACTGACGGCA-1","1",88,136,26818,8862,87,39,8862,12432
"TAGCGTCTGACCATAC-1","1",88,138,26816,8497,85,39,8497,12434
"TGGTTGGAGCCGCAAT-1","1",88,140,26814,8132,83,39,8132,12436
"CCTGGACTGTAGTGTT-1","1",88,142,26813,7767,81,39,7767,12437
"ATACATCGACAGGTGG-1","1",88,144,26811,7401,79,39,7401,12439
"GGAGACTAAGGAGCAC-1","1",88,146,26809,7036,77,39,7036,12441
"GACTCATACGCCGTTA-1","1",88,148,26808,6671,75,39,6671,12442
"TCAGATTAGTCGGAGG-1","1",88,150,26806,6306,73,39,6306,12444
"TCCGTGCCAACTCGAG-1","1",88,152,26804,5941,71,39,5941,12446
"CGGATAGGACAAGCAA-1","1",88,154,26802,5576,69,39,5576,12448
"GTACAGCGATCACGAT-1","1",88,156,26801,5210,67,39,5210,12449
"ACAACTTAACGCATAA-1","0",88,158,26799,4845,65,39,4845,12451
"CAACTTGTAGGTTAGG-1","0",88,160,26797,4480,63,39,4480,12453
"TCGTATCGGCGAGGAC-1","0",88,162,26796,4115,61,39,4115,12454
"CGAGGATACAGTCGAT-1","0",88,164,26794,3750,59,39,3750,12456
"GTCGCTCCATAACATT-1","0",88,166,26792,3385,57,39,3385,12458
"TATGGCGTCCTCAGAT-1","0",88,168,26790,3019,55,39,3019,12460
"CTAGAATTATCCACGC-1","0",88,170,26789,2654,53,39,2654,12461
"GTTATGTCGCCACTCC-1","0",88,172,26787,2289,51,39,2289,12463
"GTTGCCAACCATCCGG-1","0",88,174,26785,1924,49,39,1924,12465
"GAGTCCGCTACTGCGA-1","0",88,176,26784,1559,47,39,1559,12466
"TCAGGATATTCCTCAG-1","0",88,178,26782,1194,45,39,1194,12468
"CGCTTACACCTCGAGC-1","0",88,180,26780,828,43,39,828,12470
"ATGTACGATTCACGCC-1","0",88,182,26778,463,41,39,463,12472
"CGACGCAACCGACGAG-1","0",88,184,26777,98,39,39,98,12473
"AACTATAGGATGTTCC-1","0",88,186,26775,-267,37,39,-267,12475
"TACTCAACTATGCACC-1","0",88,188,26773,-632,35,39,-632,12477
"ATTCTTAACGCATTGA-1","0",88,190,26772,-997,33,39,-997,12478
"CAGAGCGGCTCGGACT-1","0",88,192,26770,-1363,31,39,-1363,12480
"ATAGGCACGTATGCAG-1","0",88,194,26768,-1728,29,39,-1728,12482
"CGTGGCGATGGCTTAC-1","0",88,196,26766,-2093,27,39,-2093,12484
"TGGCTGTTACGCCAAT-1","0",88,198,26765,-2458,25,39,-2458,12485
"CGCTAGTAGAGCAGCG-1","0",88,200,26763,-2823,23,39,-2823,12487
"CGCTGCGGTCGCACGT-1","0",88,202,26761,-3188,21,39,-3188,12489
"ATCGCATGGCATAGTT-1","0",88,204,26760,-3554,19,39,-3554,12490
"CCAATACCTTACGCTG-1","0",88,206,26758,-3919,17,39,-3919,12492
"CCTGCTCGCTAACGTG-1","0",88,208,26756,-4284,15,39,-4284,12494
"GTTATTCTTGCAGCGT-1","0",88,210,26754,-4649,13,39,-4649,12496
"AGTGGTGATCCACTTA-1","0",88,212,26753,-5014,11,39,-5014,12497
"CCGGATCGCCACTTGC-1","0",88,214,26751,-5379,9,39,-5379,12499
"CCGATACTGTAAGGTC-1","0",88,216,26749,-5745,7,39,-5745,12501
"AGTGTCCAAGTGATGG-1","0",88,218,26748,-6110,5,39,-6110,12502
"ATCCGGATCCACCTTA-1","0",88,220,26746,-6475,3,39,-6475,12504
"GCTTGGCAGACACTCG-1","0",88,222,26744,-6840,1,39,-6840,12506
"GTCGAGGACTGCACTC-1","0",89,1,27247,33509,222,38,33509,12003
"AGAAGGTAGATAGACC-1","0",89,3,27246,33144,220,38,33144,12004
"ATAGAACGTTATCCAC-1","0",89,5,27244,32779,218,38,32779,12006
"GCGTCGGACGGAGGCA-1","0",89,7,27242,32414,216,38,32414,12008
"ACATGTTGCCGCACAA-1","0",89,9,27241,32049,214,38,32049,12009
"ATCCGGATTATGACTA-1","0",89,11,27239,31683,212,38,31683,12011
"TCACTAAGACGTATGT-1","0",89,13,27237,31318,210,38,31318,12013
"CAGTAACTACAGGATT-1","0",89,15,27235,30953,208,38,30953,12015
"TATCCGGTTAGGCGGA-1","0",89,17,27234,30588,206,38,30588,12016
"AATCTAGTCACCGAGC-1","0",89,19,27232,30223,204,38,30223,12018
"GAGTGCTGAATCCGGA-1","0",89,21,27230,29858,202,38,29858,12020
"CGAACCGAACGGCGAG-1","0",89,23,27229,29492,200,38,29492,12021
"TCCAAGGTTCATCCTT-1","0",89,25,27227,29127,198,38,29127,12023
"GCTCAGCTGCGTCAAG-1","0",89,27,27225,28762,196,38,28762,12025
"GTCAGATTATGGTATC-1","0",89,29,27224,28397,194,38,28397,12026
"TGTTCCGAGTGCCGAT-1","0",89,31,27222,28032,192,38,28032,12028
"CTCCTTATACTCGTAG-1","0",89,33,27220,27667,190,38,27667,12030
"TGACCAATTGTAGACG-1","0",89,35,27218,27301,188,38,27301,12032
"GGTAAGCCGCTTACGA-1","0",89,37,27217,26936,186,38,26936,12033
"CCGCAATGAGAAGGAA-1","0",89,39,27215,26571,184,38,26571,12035
"CTATCTCCGGCGACCA-1","0",89,41,27213,26206,182,38,26206,12037
"CCTCTACCTCAATATT-1","0",89,43,27212,25841,180,38,25841,12038
"ATCTACCGTACAGATC-1","0",89,45,27210,25476,178,38,25476,12040
"TGGCTGGCGGACCAGA-1","0",89,47,27208,25110,176,38,25110,12042
"CCGCGAGTATTGTCTT-1","0",89,49,27206,24745,174,38,24745,12044
"ATTGGCATAGCCGGCG-1","0",89,51,27205,24380,172,38,24380,12045
"AGTATTACAGTACCAC-1","0",89,53,27203,24015,170,38,24015,12047
"GTACTTCGTTACTTGA-1","0",89,55,27201,23650,168,38,23650,12049
"GGTTCCGTCACTGTTG-1","0",89,57,27200,23285,166,38,23285,12050
"GTACAGGAGTCGATCC-1","0",89,59,27198,22919,164,38,22919,12052
"TGGAGTGCTCACAAGG-1","0",89,61,27196,22554,162,38,22554,12054
"TCTACATTCTTGCCGA-1","0",89,63,27194,22189,160,38,22189,12056
"TAGTGCCAATGTGGAT-1","0",89,65,27193,21824,158,38,21824,12057
"CGGATTCGAATAACCT-1","0",89,67,27191,21459,156,38,21459,12059
"CCGCCACTGTGACTTG-1","0",89,69,27189,21094,154,38,21094,12061
"GTAGCGACTAACTATG-1","0",89,71,27188,20728,152,38,20728,12062
"GGTACGGTATTACTCC-1","1",89,73,27186,20363,150,38,20363,12064
"ATAACTCGAAGTCCGC-1","1",89,75,27184,19998,148,38,19998,12066
"ACTCGAACCTATAGAC-1","1",89,77,27182,19633,146,38,19633,12068
"TCCAATCCTCATGGTG-1","1",89,79,27181,19268,144,38,19268,12069
"TGGCATAATTGTAGCG-1","1",89,81,27179,18903,142,38,18903,12071
"GACTTGAGTGCAGCGT-1","1",89,83,27177,18537,140,38,18537,12073
"TCAAGGCGGATTACCG-1","1",89,85,27176,18172,138,38,18172,12074
"AAGATTATGTCTAAGT-1","1",89,87,27174,17807,136,38,17807,12076
"GCGATCAGCGGAGCTG-1","1",89,89,27172,17442,134,38,17442,12078
"CGGAGCTATGTATCAG-1","1",89,91,27170,17077,132,38,17077,12080
"AGGTACTTAGCATCTT-1","1",89,93,27169,16712,130,38,16712,12081
"ACATAAGTATAGTGAC-1","1",89,95,27167,16346,128,38,16346,12083
"GTCGCACTCAGTGATT-1","1",89,97,27165,15981,126,38,15981,12085
"CCACTGGTCTACTGAC-1","1",89,99,27164,15616,124,38,15616,12086
"CTTACGGTCCAGTTCT-1","1",89,101,27162,15251,122,38,15251,12088
"GTATGTCTACGCTAGT-1","1",89,103,27160,14886,120,38,14886,12090
"CGCTCGAGTATCGCGT-1","1",89,105,27158,14521,118,38,14521,12092
"GGACGCTAGCATCCAT-1","1",89,107,27157,14156,116,38,14156,12093
"TATGGATATTAGTGCG-1","1",89,109,27155,13790,114,38,13790,12095
"TACCATTATGACCAAT-1","1",89,111,27153,13425,112,38,13425,12097
"TAATGTCGACTTGTGG-1","1",89,113,27152,13060,110,38,13060,12098
"TAATCTCCGCGAGTTC-1","1",89,115,27150,12695,108,38,12695,12100
"CTAGCATTATCTTCTG-1","1",89,117,27148,12330,106,38,12330,12102
"GATTCCTGGATCATCC-1","1",89,119,27146,11965,104,38,11965,12104
"GACGTTGTATGAAGCT-1","1",89,121,27145,11599,102,38,11599,12105
"TAGCCAGTATTGCTTC-1","1",89,123,27143,11234,100,38,11234,12107
"GCAGTGTTGCTGGTGA-1","1",89,125,27141,10869,98,38,10869,12109
"AACACTCGTGAGCTTC-1","1",89,127,27140,10504,96,38,10504,12110
"CTATCCATTGTAGTGC-1","1",89,129,27138,10139,94,38,10139,12112
"CGGAGTGGATCAATCC-1","1",89,131,27136,9774,92,38,9774,12114
"CGCCGGTAAGTCATTA-1","1",89,133,27134,9408,90,38,9408,12116
"GGCTAGTGATCTCCTT-1","1",89,135,27133,9043,88,38,9043,12117
"TCGTCAGAACCTGTAA-1","1",89,137,27131,8678,86,38,8678,12119
"GCAGATCCTCTACATA-1","1",89,139,27129,8313,84,38,8313,12121
"GTTCCGAGCTCGACAG-1","1",89,141,27128,7948,82,38,7948,12122
"GTTATTACCTTCAGGT-1","1",89,143,27126,7583,80,38,7583,12124
"TGCCAGATTCCTCGAC-1","1",89,145,27124,7217,78,38,7217,12126
"CTGACTATACTGCACC-1","1",89,147,27122,6852,76,38,6852,12128
"GTTATCCTTCGCTAGA-1","1",89,149,27121,6487,74,38,6487,12129
"TACGGACCTGAGCGTG-1","1",89,151,27119,6122,72,38,6122,12131
"CTAATGGTGCAGTCGG-1","1",89,153,27117,5757,70,38,5757,12133
"GTGCAGTGAACCTCTT-1","1",89,155,27116,5392,68,38,5392,12134
"GTGCCTGCGACAGCAC-1","1",89,157,27114,5026,66,38,5026,12136
"GCTTGGCAGCATGAAG-1","0",89,159,27112,4661,64,38,4661,12138
"AACTTCATAACCTAAT-1","0",89,161,27110,4296,62,38,4296,12140
"TCAGCGCTTGCGAACG-1","0",89,163,27109,3931,60,38,3931,12141
"ATTCACTCCAATCGAA-1","0",89,165,27107,3566,58,38,3566,12143
"AATAGTACATCGTGAT-1","0",89,167,27105,3201,56,38,3201,12145
"TAGGCAGGCGTCTGAG-1","0",89,169,27104,2835,54,38,2835,12146
"TCCGTGATTGCATCTA-1","0",89,171,27102,2470,52,38,2470,12148
"GGCTTGAACGGATGTT-1","0",89,173,27100,2105,50,38,2105,12150
"AGATAACACGGTATAA-1","0",89,175,27098,1740,48,38,1740,12152
"ATGACCTCAAGGTCGC-1","0",89,177,27097,1375,46,38,1375,12153
"CGTGAGTTACCAGAGG-1","0",89,179,27095,1010,44,38,1010,12155
"AGATGTAGATCGAACT-1","0",89,181,27093,644,42,38,644,12157
"GCGTACTGCTTCAGAA-1","0",89,183,27092,279,40,38,279,12158
"TCACTGTTACGACTGA-1","0",89,185,27090,-86,38,38,-86,12160
"ATTACTATTACAGGCG-1","0",89,187,27088,-451,36,38,-451,12162
"GAGTGCTGACAGCCAA-1","0",89,189,27086,-816,34,38,-816,12164
"TAACAGGACGCTATCC-1","0",89,191,27085,-1181,32,38,-1181,12165
"TAAGACGCAGATGGAA-1","0",89,193,27083,-1547,30,38,-1547,12167
"CTCACCGCTGACGTCC-1","0",89,195,27081,-1912,28,38,-1912,12169
"ACAATAGCGGTTGGAC-1","0",89,197,27080,-2277,26,38,-2277,12170
"AGTTCGCTGTAAGATA-1","0",89,199,27078,-2642,24,38,-2642,12172
"GAAGTTCTCGTCATGA-1","0",89,201,27076,-3007,22,38,-3007,12174
"GTTGTCAAGGACTGTA-1","0",89,203,27074,-3372,20,38,-3372,12176
"TGCGCCTTATGTGAGC-1","0",89,205,27073,-3738,18,38,-3738,12177
"GTCATATCGTTGACAA-1","0",89,207,27071,-4103,16,38,-4103,12179
"TCGCCTCGGACGAACG-1","0",89,209,27069,-4468,14,38,-4468,12181
"CCTTCCGTAAGGAGTA-1","0",89,211,27068,-4833,12,38,-4833,12182
"CAGTCTGAGCTTGTGG-1","0",89,213,27066,-5198,10,38,-5198,12184
"TCAGGATAGCTTATGG-1","0",89,215,27064,-5563,8,38,-5563,12186
"GCGGTTCGGTATCGCC-1","0",89,217,27062,-5929,6,38,-5929,12188
"GTAGCGCTATCGGATA-1","0",89,219,27061,-6294,4,38,-6294,12189
"TGAGGTGCGAGCAAGC-1","0",89,221,27059,-6659,2,38,-6659,12191
"AGGACCAGGTAATCGC-1","0",89,223,27057,-7024,0,38,-7024,12193
"CTGGCTACCAATGCAA-1","0",90,0,27566,33690,223,37,33690,11684
"ATTCACGTGCATCGTA-1","0",90,2,27564,33325,221,37,33325,11686
"AAGGCCAGATCTTCCT-1","0",90,4,27563,32960,219,37,32960,11687
"CTTACGCAATTGTCAC-1","0",90,6,27561,32595,217,37,32595,11689
"CAAGTGATAAGTATGG-1","0",90,8,27559,32230,215,37,32230,11691
"GTGCGTATCGTTCGTG-1","0",90,10,27557,31865,213,37,31865,11693
"ATCAAGACCTGCCAAC-1","0",90,12,27556,31499,211,37,31499,11694
"CCATGGCACTTCTGGT-1","0",90,14,27554,31134,209,37,31134,11696
"AGACTCCTCGCTTAGG-1","0",90,16,27552,30769,207,37,30769,11698
"CTGTTCAGTGATTCCT-1","0",90,18,27551,30404,205,37,30404,11699
"GCCTGTGACATGTAAG-1","0",90,20,27549,30039,203,37,30039,11701
"ACTTACGCGAATGAAG-1","0",90,22,27547,29674,201,37,29674,11703
"TATGTCGGCGTCATCT-1","0",90,24,27545,29308,199,37,29308,11705
"TGCAGACAGGAAGTGC-1","0",90,26,27544,28943,197,37,28943,11706
"CGGCGTCACCTCAATA-1","0",90,28,27542,28578,195,37,28578,11708
"TAACGCTTCCAACTGT-1","0",90,30,27540,28213,193,37,28213,11710
"CGCATGGAGCCTCAAG-1","0",90,32,27539,27848,191,37,27848,11711
"GTACGCACTGGCCTAT-1","0",90,34,27537,27483,189,37,27483,11713
"TCTGTATTAGGAACTC-1","0",90,36,27535,27117,187,37,27117,11715
"TAGCTACGACCGACCT-1","0",90,38,27533,26752,185,37,26752,11717
"TGAGTATGTACCGAAT-1","0",90,40,27532,26387,183,37,26387,11718
"CTGGCTATGCAATAGC-1","0",90,42,27530,26022,181,37,26022,11720
"GTAACAGGCCTCAAGT-1","0",90,44,27528,25657,179,37,25657,11722
"TGCTGTCGAACAGAAT-1","0",90,46,27527,25292,177,37,25292,11723
"TCAGAACTGTAACATA-1","0",90,48,27525,24926,175,37,24926,11725
"ACAATATTCCAATTGT-1","0",90,50,27523,24561,173,37,24561,11727
"CAGACGAAGCGAGTTG-1","0",90,52,27521,24196,171,37,24196,11729
"ATGCTTCACTCGCTAA-1","0",90,54,27520,23831,169,37,23831,11730
"GACACGCACGTTAGGA-1","0",90,56,27518,23466,167,37,23466,11732
"ACATAGCTCGTGCGAA-1","0",90,58,27516,23101,165,37,23101,11734
"CGACGCAGATACAACC-1","0",90,60,27515,22735,163,37,22735,11735
"GTTCATGACATTCACG-1","0",90,62,27513,22370,161,37,22370,11737
"GGTACCTTAGGCTCAG-1","0",90,64,27511,22005,159,37,22005,11739
"GCTTATAATTAATGGT-1","0",90,66,27509,21640,157,37,21640,11741
"TATTCGGAACAATTCA-1","0",90,68,27508,21275,155,37,21275,11742
"CTATCAGAGCTAACCG-1","0",90,70,27506,20910,153,37,20910,11744
"GTACGCAGCGGTTCTG-1","0",90,72,27504,20544,151,37,20544,11746
"TGTCACCACGGCGATG-1","0",90,74,27503,20179,149,37,20179,11747
"CCTACCGCGACCATTG-1","1",90,76,27501,19814,147,37,19814,11749
"AAGAGCACCTAAGTCT-1","1",90,78,27499,19449,145,37,19449,11751
"CGCAGATAACATACTA-1","1",90,80,27498,19084,143,37,19084,11752
"CTACAGCCTGAAGTCT-1","1",90,82,27496,18719,141,37,18719,11754
"GACAAGACTCAAGTTC-1","1",90,84,27494,18353,139,37,18353,11756
"CTAGCGTCGGTTATCT-1","1",90,86,27492,17988,137,37,17988,11758
"GTCATCGTGATGCGAG-1","1",90,88,27491,17623,135,37,17623,11759
"TAAGGTATAATCTTGG-1","1",90,90,27489,17258,133,37,17258,11761
"AACGCTCAGGAGTCAG-1","1",90,92,27487,16893,131,37,16893,11763
"AACTCATGATCCAACG-1","1",90,94,27486,16528,129,37,16528,11764
"CGCTGCGAAGATCCTA-1","1",90,96,27484,16162,127,37,16162,11766
"CTCCAATGGACACTCC-1","1",90,98,27482,15797,125,37,15797,11768
"ACAGGATACGCTAACG-1","1",90,100,27480,15432,123,37,15432,11770
"TATTCAAGGTAGAATA-1","1",90,102,27479,15067,121,37,15067,11771
"ACTTGTAACAGATTGC-1","1",90,104,27477,14702,119,37,14702,11773
"GAACCAATGTTCTGCC-1","1",90,106,27475,14337,117,37,14337,11775
"TACCGTAATATGCATC-1","1",90,108,27474,13971,115,37,13971,11776
"AAGGCGAGGCTCCATA-1","1",90,110,27472,13606,113,37,13606,11778
"GTCACTCGGCCGATTG-1","1",90,112,27470,13241,111,37,13241,11780
"CCTGTCCACGTAGTGA-1","1",90,114,27468,12876,109,37,12876,11782
"ATCAAGGACTGATCTA-1","1",90,116,27467,12511,107,37,12511,11783
"AGATAAGGCCGCATTC-1","1",90,118,27465,12146,105,37,12146,11785
"TGATGGTGAGTGGCTC-1","1",90,120,27463,11780,103,37,11780,11787
"TACGGAGGTGCCGGAG-1","1",90,122,27462,11415,101,37,11415,11788
"TGGCCATTGTCCGGCT-1","1",90,124,27460,11050,99,37,11050,11790
"GAAGCCGTCCACATCG-1","1",90,126,27458,10685,97,37,10685,11792
"GCCTTCGAATCAGCAT-1","1",90,128,27456,10320,95,37,10320,11794
"TATTCATAAGGACGCA-1","1",90,130,27455,9955,93,37,9955,11795
"GTATTATGTCCTGATG-1","1",90,132,27453,9589,91,37,9589,11797
"AAGATTGAGTACGTCG-1","1",90,134,27451,9224,89,37,9224,11799
"GTATAGACCAATGCCG-1","1",90,136,27450,8859,87,37,8859,11800
"CACGAAGACCGTGAAT-1","1",90,138,27448,8494,85,37,8494,11802
"ACTGCTCGTGCTCAGC-1","1",90,140,27446,8129,83,37,8129,11804
"AAGCACTAAGAAGGAG-1","1",90,142,27444,7764,81,37,7764,11806
"ACGGTTGTGGATTGGT-1","1",90,144,27443,7398,79,37,7398,11807
"GGCGTGGCCAAGGTAT-1","1",90,146,27441,7033,77,37,7033,11809
"AGGCAGTGGACATTCG-1","1",90,148,27439,6668,75,37,6668,11811
"AACTGCAATCGGACTA-1","1",90,150,27438,6303,73,37,6303,11812
"GTGGCGATACGGTGCT-1","1",90,152,27436,5938,71,37,5938,11814
"AGATGAAGGTAATCTA-1","1",90,154,27434,5573,69,37,5573,11816
"TATTCCATACGCAAGT-1","1",90,156,27432,5207,67,37,5207,11818
"GTGCACCACGTGTCAC-1","0",90,158,27431,4842,65,37,4842,11819
"AATCCTCGCACTACGC-1","0",90,160,27429,4477,63,37,4477,11821
"CGTCGGCATTACCTTG-1","0",90,162,27427,4112,61,37,4112,11823
"TCCTGGTAATTCGTCA-1","0",90,164,27426,3747,59,37,3747,11824
"GGAATTGATTACGTAT-1","0",90,166,27424,3382,57,37,3382,11826
"GGAACTCGTGTTCATA-1","0",90,168,27422,3016,55,37,3016,11828
"AAGACTAACGCTAGAC-1","0",90,170,27420,2651,53,37,2651,11830
"TCAGACCTCAAGCATG-1","0",90,172,27419,2286,51,37,2286,11831
"GGTGATTCTGTCTTAG-1","0",90,174,27417,1921,49,37,1921,11833
"TCCGGTTGGCTACGCA-1","0",90,176,27415,1556,47,37,1556,11835
"CAATCTTATTGCCAAT-1","0",90,178,27414,1191,45,37,1191,11836
"TGGACCTATGATTAAC-1","0",90,180,27412,825,43,37,825,11838
"TGTTGGAGCCGCGACG-1","0",90,182,27410,460,41,37,460,11840
"CTAGTTGTTAAGATAC-1","0",90,184,27408,95,39,37,95,11842
"CAACCGTTGAGGCTGT-1","0",90,186,27407,-270,37,37,-270,11843
"GTATACGCCAGCTGGC-1","0",90,188,27405,-635,35,37,-635,11845
"ACAAGTAGCATCTATC-1","0",90,190,27403,-1000,33,37,-1000,11847
"TGGCTGCAACCATACT-1","0",90,192,27402,-1366,31,37,-1366,11848
"GTCGCCTGCACGAGCC-1","0",90,194,27400,-1731,29,37,-1731,11850
"CCAGGTGATATGCTTA-1","0",90,196,27398,-2096,27,37,-2096,11852
"AGTCGCCAGCGGCCAC-1","0",90,198,27396,-2461,25,37,-2461,11854
"GTATAACTTGAATTGC-1","0",90,200,27395,-2826,23,37,-2826,11855
"TATCACCGGTCTCCGC-1","0",90,202,27393,-3191,21,37,-3191,11857
"CTAACACGTACTATCT-1","0",90,204,27391,-3557,19,37,-3557,11859
"GGTTGTTCCGGCAAGG-1","0",90,206,27390,-3922,17,37,-3922,11860
"CGGTCACTTGCGTGCT-1","0",90,208,27388,-4287,15,37,-4287,11862
"GCGTACAGTATTGTAG-1","0",90,210,27386,-4652,13,37,-4652,11864
"CGGAACCATAACTCCG-1","0",90,212,27384,-5017,11,37,-5017,11866
"TCCACCTCTGTTAACC-1","0",90,214,27383,-5382,9,37,-5382,11867
"GCCGAGCTAGAATGCC-1","0",90,216,27381,-5748,7,37,-5748,11869
"AGGCCAAGTTCTGCAA-1","0",90,218,27379,-6113,5,37,-6113,11871
"CGCAAGTTACATGTGA-1","0",90,220,27378,-6478,3,37,-6478,11872
"CTAATTCGATGTATGT-1","0",90,222,27376,-6843,1,37,-6843,11874
"GCGATATGTTGACAAG-1","0",91,1,27879,33506,222,36,33506,11371
"TATCACGTAATGCTTG-1","0",91,3,27878,33141,220,36,33141,11372
"CAATCTTACGGCAGAA-1","0",91,5,27876,32776,218,36,32776,11374
"ATGGAACAGCTCAGGT-1","0",91,7,27874,32411,216,36,32411,11376
"ATAGTTAGGATGTCAA-1","0",91,9,27872,32046,214,36,32046,11378
"TAATACAGCAGGCTTG-1","0",91,11,27871,31681,212,36,31681,11379
"AGGATACCTACCACAT-1","0",91,13,27869,31315,210,36,31315,11381
"GAGCGGCACTTACGAG-1","0",91,15,27867,30950,208,36,30950,11383
"CCATGGAGGTGGTTAG-1","0",91,17,27866,30585,206,36,30585,11384
"ATTCCTTACGCCGGTG-1","0",91,19,27864,30220,204,36,30220,11386
"CGTGTCTGCCGCAGCC-1","0",91,21,27862,29855,202,36,29855,11388
"CACGGTACGATACAAG-1","0",91,23,27860,29490,200,36,29490,11390
"AAGCAGCGCCTAACGC-1","0",91,25,27859,29124,198,36,29124,11391
"CCGGCGTCACATGATC-1","0",91,27,27857,28759,196,36,28759,11393
"TACCAAGGAACAGAGG-1","0",91,29,27855,28394,194,36,28394,11395
"GGAGTGCAAGTTGATT-1","0",91,31,27854,28029,192,36,28029,11396
"CTCACCGCCTAATCAG-1","0",91,33,27852,27664,190,36,27664,11398
"CTGGTTCTCAGCCGAA-1","0",91,35,27850,27299,188,36,27299,11400
"TCATTGCCTCGAGGTA-1","0",91,37,27848,26933,186,36,26933,11402
"CGCTTGGACATGTCAC-1","0",91,39,27847,26568,184,36,26568,11403
"CACCTTCGGTCTGTAA-1","0",91,41,27845,26203,182,36,26203,11405
"ATGAGCTCTAGCCAAG-1","0",91,43,27843,25838,180,36,25838,11407
"GCCGCTGGCTTGACTT-1","0",91,45,27842,25473,178,36,25473,11408
"AGGATCAGTCTATGGT-1","0",91,47,27840,25108,176,36,25108,11410
"AATAACTGCCGTTACC-1","0",91,49,27838,24742,174,36,24742,11412
"ATGACATTCGACCAGA-1","0",91,51,27836,24377,172,36,24377,11414
"ATCAAGTTGGCTCAGA-1","0",91,53,27835,24012,170,36,24012,11415
"TAAGCAGTACAGGCAG-1","0",91,55,27833,23647,168,36,23647,11417
"GTATGTCTTCGCGTCA-1","0",91,57,27831,23282,166,36,23282,11419
"TGCGCTCACGGACCAT-1","0",91,59,27830,22917,164,36,22917,11420
"CAGTAGTGTACTATAC-1","0",91,61,27828,22551,162,36,22551,11422
"CTCGGAAGCGGACGTA-1","0",91,63,27826,22186,160,36,22186,11424
"CCAAGCTGCAGGACTA-1","0",91,65,27824,21821,158,36,21821,11426
"CCTGGATAACCTAGAA-1","0",91,67,27823,21456,156,36,21456,11427
"TGGTACTCGCCTTGCC-1","0",91,69,27821,21091,154,36,21091,11429
"TAAGCCTGCGCATGGT-1","0",91,71,27819,20726,152,36,20726,11431
"TGCCTACATGAACGAA-1","0",91,73,27818,20360,150,36,20360,11432
"ACATCTGGCGGTCCGA-1","0",91,75,27816,19995,148,36,19995,11434
"TCGGTGTCCTGGTCCT-1","0",91,77,27814,19630,146,36,19630,11436
"TGGTACTTGTACGTGA-1","1",91,79,27812,19265,144,36,19265,11438
"TGCATTCTTGGTCGTA-1","1",91,81,27811,18900,142,36,18900,11439
"CCTCTATTCGTGATCC-1","1",91,83,27809,18535,140,36,18535,11441
"ACAGGTATACCAACTA-1","1",91,85,27807,18169,138,36,18169,11443
"GAATGGCACTTGTAGA-1","1",91,87,27806,17804,136,36,17804,11444
"GGCTCGCCTCGGTTAT-1","1",91,89,27804,17439,134,36,17439,11446
"GATTATTCCAACTACC-1","1",91,91,27802,17074,132,36,17074,11448
"TACGGCGAACAGGTCG-1","1",91,93,27800,16709,130,36,16709,11450
"CAATCTGGAGCGTGCC-1","1",91,95,27799,16344,128,36,16344,11451
"TGACCTCCGGATAACC-1","1",91,97,27797,15978,126,36,15978,11453
"TATGCTGTCCGCTAGG-1","1",91,99,27795,15613,124,36,15613,11455
"ATGGAGGCGACGAGCG-1","1",91,101,27794,15248,122,36,15248,11456
"CCGAGCCAGACCGGTG-1","1",91,103,27792,14883,120,36,14883,11458
"AACCAACAATCGGTAC-1","1",91,105,27790,14518,118,36,14518,11460
"TCATGTATTCTTCATA-1","1",91,107,27788,14153,116,36,14153,11462
"AAGCACGGTGATCACG-1","1",91,109,27787,13787,114,36,13787,11463
"ACTAATCTGGATCTAC-1","1",91,111,27785,13422,112,36,13422,11465
"TGCGGATTGGAACGGT-1","1",91,113,27783,13057,110,36,13057,11467
"TAACAGGACTGGAGAC-1","1",91,115,27782,12692,108,36,12692,11468
"ATGTACATCTCCAGCG-1","1",91,117,27780,12327,106,36,12327,11470
"ACCTGGCAGTTAGCGG-1","1",91,119,27778,11962,104,36,11962,11472
"ACTAATCTACCGCACT-1","1",91,121,27776,11596,102,36,11596,11474
"AGGTTACACTCATATT-1","1",91,123,27775,11231,100,36,11231,11475
"GTATGCGACGGTCATA-1","1",91,125,27773,10866,98,36,10866,11477
"TCTAGTCTTCGTCACT-1","1",91,127,27771,10501,96,36,10501,11479
"GTTAGTGAGCTATGCT-1","1",91,129,27770,10136,94,36,10136,11480
"GTCAGTGGAATGCTGA-1","1",91,131,27768,9771,92,36,9771,11482
"TGTAGGTTATACGGCG-1","1",91,133,27766,9405,90,36,9405,11484
"ATCCGTCACTCAGACA-1","1",91,135,27764,9040,88,36,9040,11486
"ACTTGAGCGACATCCG-1","1",91,137,27763,8675,86,36,8675,11487
"GTCGCACTGTATCCAC-1","1",91,139,27761,8310,84,36,8310,11489
"GGAGCAGTGCCTGCCA-1","1",91,141,27759,7945,82,36,7945,11491
"AGTTCAGCAAGTAGAT-1","1",91,143,27758,7580,80,36,7580,11492
"AGCTACCAGCTACCGC-1","1",91,145,27756,7214,78,36,7214,11494
"TCAGATGCTGTTAGTG-1","1",91,147,27754,6849,76,36,6849,11496
"CTTGCGAGGTTCGGTT-1","1",91,149,27752,6484,74,36,6484,11498
"CATCTTCGGTAATCAA-1","1",91,151,27751,6119,72,36,6119,11499
"GGTAGTACTATCCTAC-1","1",91,153,27749,5754,70,36,5754,11501
"TGTAATGTCATTCCGA-1","1",91,155,27747,5389,68,36,5389,11503
"CTTAGCACAATACTGG-1","0",91,157,27746,5023,66,36,5023,11504
"CTAGCTATACGACTTG-1","0",91,159,27744,4658,64,36,4658,11506
"TCTAGCAGGAACTCCA-1","0",91,161,27742,4293,62,36,4293,11508
"GGACGGACAGCCTATT-1","0",91,163,27740,3928,60,36,3928,11510
"GGACGGCGCTCCTAAC-1","0",91,165,27739,3563,58,36,3563,11511
"CATATGCTGAAGTGCT-1","0",91,167,27737,3198,56,36,3198,11513
"ATCCGAACTTGGTTGC-1","0",91,169,27735,2832,54,36,2832,11515
"ATTGTTCGCAGAGGCA-1","0",91,171,27734,2467,52,36,2467,11516
"TACTAGTAGGATCGGC-1","0",91,173,27732,2102,50,36,2102,11518
"CTACCTGAAGCCGTAT-1","0",91,175,27730,1737,48,36,1737,11520
"GACGCTTCGCTGGTCT-1","0",91,177,27728,1372,46,36,1372,11522
"GGCGGAAGTCGGTCGG-1","0",91,179,27727,1007,44,36,1007,11523
"TGATGGCGAAGATTCC-1","0",91,181,27725,641,42,36,641,11525
"ACTATGCCGATCCGTG-1","0",91,183,27723,276,40,36,276,11527
"GAATTACGTGACGCGT-1","0",91,185,27722,-89,38,36,-89,11528
"CCTGGAGGTAACTGCG-1","0",91,187,27720,-454,36,36,-454,11530
"TGCTAGTGGTTAACCA-1","0",91,189,27718,-819,34,36,-819,11532
"CATCTTAGGAATACGA-1","0",91,191,27716,-1184,32,36,-1184,11534
"CAGTCTATTGTAAGGC-1","0",91,193,27715,-1550,30,36,-1550,11535
"CGATAAGATTCTAACT-1","0",91,195,27713,-1915,28,36,-1915,11537
"TATTCGATTCGTCACC-1","0",91,197,27711,-2280,26,36,-2280,11539
"CTTAGTGGTTGAATTG-1","0",91,199,27710,-2645,24,36,-2645,11540
"ACAACGGCTAAGAATT-1","0",91,201,27708,-3010,22,36,-3010,11542
"GCCTTCAGTGCGGTTA-1","0",91,203,27706,-3375,20,36,-3375,11544
"TCGAATCGCTGGCACT-1","0",91,205,27704,-3741,18,36,-3741,11546
"CTGACTATAACCTTGA-1","0",91,207,27703,-4106,16,36,-4106,11547
"CATTAGTCGCGACGCT-1","0",91,209,27701,-4471,14,36,-4471,11549
"TCGCACGACAACATAG-1","0",91,211,27699,-4836,12,36,-4836,11551
"GACCACATAGTGTCGT-1","0",91,213,27698,-5201,10,36,-5201,11552
"TCTAGATACACTCAAC-1","0",91,215,27696,-5566,8,36,-5566,11554
"CGGCGAATTGACTAGC-1","0",91,217,27694,-5932,6,36,-5932,11556
"AGCCGTACATAAGCGA-1","0",91,219,27692,-6297,4,36,-6297,11558
"GGTCTGAACTTGGCTG-1","0",91,221,27691,-6662,2,36,-6662,11559
"CGTCTGTACTTCTGAC-1","0",91,223,27689,-7027,0,36,-7027,11561
"CTATTAGACTACCGAC-1","0",92,0,28198,33687,223,35,33687,11052
"TCCAGTGCTAGATAGA-1","0",92,2,28196,33322,221,35,33322,11054
"AAGCCGACCGAGTATG-1","0",92,4,28194,32957,219,35,32957,11056
"ATCGGCTCATTGGCAG-1","0",92,6,28193,32592,217,35,32592,11057
"GAGGCGACAGAATACA-1","0",92,8,28191,32227,215,35,32227,11059
"ATGGAGGCTTCACGTG-1","0",92,10,28189,31862,213,35,31862,11061
"GTGCACTTCTTAGGTT-1","0",92,12,28187,31496,211,35,31496,11063
"GCGTCATCCGCACGGT-1","0",92,14,28186,31131,209,35,31131,11064
"AACTATGCCACGGTAC-1","0",92,16,28184,30766,207,35,30766,11066
"GATTCCAATAGTGGCG-1","0",92,18,28182,30401,205,35,30401,11068
"AGCTGTCGTAGTGGTA-1","0",92,20,28181,30036,203,35,30036,11069
"AGCCAGTAGACAACCT-1","0",92,22,28179,29671,201,35,29671,11071
"AGCAGGTGTTGGACAA-1","0",92,24,28177,29305,199,35,29305,11073
"AGATCCTGCTTGGCTA-1","0",92,26,28176,28940,197,35,28940,11074
"GTTATGAGAAGTCGAT-1","0",92,28,28174,28575,195,35,28575,11076
"TCGGAACGCATGGCTG-1","0",92,30,28172,28210,193,35,28210,11078
"TGGCTGTTATCAGGAA-1","0",92,32,28170,27845,191,35,27845,11080
"GTATGGCTCATTCTTG-1","0",92,34,28169,27480,189,35,27480,11081
"TAGCCGCATCACAGTT-1","0",92,36,28167,27114,187,35,27114,11083
"CAATCAGTCTTGAGCG-1","0",92,38,28165,26749,185,35,26749,11085
"AGGAGCCGGATAAGGC-1","0",92,40,28164,26384,183,35,26384,11086
"AAGGTTACTTGTGGAA-1","0",92,42,28162,26019,181,35,26019,11088
"GTGGTTAGCCGCTCTA-1","0",92,44,28160,25654,179,35,25654,11090
"CGCTGAACAATAAGCG-1","0",92,46,28158,25289,177,35,25289,11092
"GTTAATGCACTGCCTT-1","0",92,48,28157,24923,175,35,24923,11093
"AGACTACACTTCGCTG-1","0",92,50,28155,24558,173,35,24558,11095
"ACATAAGATCCGATCT-1","0",92,52,28153,24193,171,35,24193,11097
"TAGGTCATCCTTCGCA-1","0",92,54,28152,23828,169,35,23828,11098
"GTTATTCTGAGCTTGC-1","0",92,56,28150,23463,167,35,23463,11100
"GCTTCGATTGATTACC-1","0",92,58,28148,23098,165,35,23098,11102
"AGTTAAGGATCTGATT-1","0",92,60,28146,22732,163,35,22732,11104
"GTGACTGCAGCGATAG-1","0",92,62,28145,22367,161,35,22367,11105
"GTCTAGTTGGCACGGT-1","0",92,64,28143,22002,159,35,22002,11107
"GCGATGTATTGACTTA-1","0",92,66,28141,21637,157,35,21637,11109
"TGTCTTCAGAAGTGCC-1","0",92,68,28140,21272,155,35,21272,11110
"TCGTATCAGACGGCGA-1","0",92,70,28138,20907,153,35,20907,11112
"GCCGTGGTTCCGGATC-1","0",92,72,28136,20541,151,35,20541,11114
"ATTGTTATACAAGCCT-1","0",92,74,28134,20176,149,35,20176,11116
"TCGCAACAGGCCACTG-1","0",92,76,28133,19811,147,35,19811,11117
"ATCGCAACTGCCTTCC-1","1",92,78,28131,19446,145,35,19446,11119
"TGGAGTCTAGCGGTGC-1","1",92,80,28129,19081,143,35,19081,11121
"ATGGAGCGAGCCAAGA-1","1",92,82,28128,18716,141,35,18716,11122
"GTGCCACCATAATGTA-1","1",92,84,28126,18350,139,35,18350,11124
"CAAGCCTCTTACAGGA-1","1",92,86,28124,17985,137,35,17985,11126
"GGCTCAGGACCGAGGT-1","1",92,88,28122,17620,135,35,17620,11128
"CAGTATGCTAGTGAGC-1","1",92,90,28121,17255,133,35,17255,11129
"AGGAGCTGGTGCGATT-1","1",92,92,28119,16890,131,35,16890,11131
"AGTGATTAACCTTGTT-1","1",92,94,28117,16525,129,35,16525,11133
"GACCTGGTTGGACGCA-1","1",92,96,28116,16159,127,35,16159,11134
"ACGCTCACATGCAGCC-1","1",92,98,28114,15794,125,35,15794,11136
"TAGTTGAGCGTACAGT-1","1",92,100,28112,15429,123,35,15429,11138
"CTGTCACTGACCAAGC-1","1",92,102,28110,15064,121,35,15064,11140
"AGCCATCCGATGCATC-1","1",92,104,28109,14699,119,35,14699,11141
"GCTGACGCTATGTAGT-1","1",92,106,28107,14334,117,35,14334,11143
"GGCGGAGGACGTCTGT-1","1",92,108,28105,13968,115,35,13968,11145
"CAATGGTCTAATGTAC-1","1",92,110,28104,13603,113,35,13603,11146
"ATCTTATTGTACTCGA-1","1",92,112,28102,13238,111,35,13238,11148
"GCTTGGTGGAGCTGAG-1","1",92,114,28100,12873,109,35,12873,11150
"TCGCTCACGCAGACTT-1","1",92,116,28098,12508,107,35,12508,11152
"CCATAGACCGAATTAC-1","1",92,118,28097,12143,105,35,12143,11153
"GTGATGGCCTTAGTAA-1","1",92,120,28095,11777,103,35,11777,11155
"CAAGTAGCCACTGGAA-1","1",92,122,28093,11412,101,35,11412,11157
"AGCAGGCGTCGCAATA-1","1",92,124,28092,11047,99,35,11047,11158
"GGTGCAACTGGCAACG-1","1",92,126,28090,10682,97,35,10682,11160
"TGTCTTCCGGTGCTCC-1","1",92,128,28088,10317,95,35,10317,11162
"CAGTTGACTCCTTCAG-1","1",92,130,28086,9952,93,35,9952,11164
"CCTTAGCGTCCAAGGT-1","1",92,132,28085,9586,91,35,9586,11165
"GATCCACGTCTATGGT-1","1",92,134,28083,9221,89,35,9221,11167
"TGTCCTTGTTGGTATT-1","1",92,136,28081,8856,87,35,8856,11169
"GGTTCTATGCAAGTAC-1","1",92,138,28080,8491,85,35,8491,11170
"TCTTAGGCTCTACATC-1","1",92,140,28078,8126,83,35,8126,11172
"CTCACCGATTAAGAGC-1","1",92,142,28076,7761,81,35,7761,11174
"ATGCCAAGTGATAGAA-1","1",92,144,28074,7395,79,35,7395,11176
"GAACCATCGTCAGCCG-1","1",92,146,28073,7030,77,35,7030,11177
"TGCGTCTGTTAGACGC-1","1",92,148,28071,6665,75,35,6665,11179
"AGTCGTATTAGTCAGC-1","1",92,150,28069,6300,73,35,6300,11181
"CATGTTATACAGCCGG-1","1",92,152,28068,5935,71,35,5935,11182
"AACATCAGATAGGCTC-1","1",92,154,28066,5570,69,35,5570,11184
"TATTAATTCTGCACTT-1","1",92,156,28064,5204,67,35,5204,11186
"CTGTCATCCATCGGCC-1","0",92,158,28062,4839,65,35,4839,11188
"AATTAGCTGTCGAATA-1","0",92,160,28061,4474,63,35,4474,11189
"ACGAAGTAGATCTGTT-1","0",92,162,28059,4109,61,35,4109,11191
"TACGTATCCGTGAGCG-1","0",92,164,28057,3744,59,35,3744,11193
"AGCCGCTTGATCAACT-1","0",92,166,28056,3379,57,35,3379,11194
"GTACTTACGGTTCTTA-1","0",92,168,28054,3013,55,35,3013,11196
"TAGTGAGGAATACTTA-1","0",92,170,28052,2648,53,35,2648,11198
"AAGGTGAATCTAGACT-1","0",92,172,28050,2283,51,35,2283,11200
"TGGTGCATTGAGCTTG-1","0",92,174,28049,1918,49,35,1918,11201
"GTCTTGTCCACTGTTG-1","0",92,176,28047,1553,47,35,1553,11203
"GCTAACAGGCAATCAG-1","0",92,178,28045,1188,45,35,1188,11205
"GGCAATGGTCACTGTC-1","0",92,180,28044,822,43,35,822,11206
"AACGTGTATCGTGCAA-1","0",92,182,28042,457,41,35,457,11208
"TGCAGAGCTTCCTTAG-1","0",92,184,28040,92,39,35,92,11210
"CTTCATCTACTTATGT-1","0",92,186,28038,-273,37,35,-273,11212
"GGTTCATTGTTCCTGC-1","0",92,188,28037,-638,35,35,-638,11213
"AGACTCCAGCTGTCCT-1","0",92,190,28035,-1003,33,35,-1003,11215
"CTAAGAATCCGCCAAC-1","0",92,192,28033,-1369,31,35,-1369,11217
"ATTATCTACTTGCACC-1","1",92,194,28032,-1734,29,35,-1734,11218
"TGCTACTCGAACCTAC-1","0",92,196,28030,-2099,27,35,-2099,11220
"ATACTATGAGGACCGA-1","0",92,198,28028,-2464,25,35,-2464,11222
"ACTTGTGAGGATCATG-1","0",92,200,28026,-2829,23,35,-2829,11224
"ACGAGTCAGGACGATT-1","0",92,202,28025,-3194,21,35,-3194,11225
"GTGACACCGGTCTGAT-1","0",92,204,28023,-3560,19,35,-3560,11227
"GCGGTTGGACATTGAG-1","0",92,206,28021,-3925,17,35,-3925,11229
"GTTGCTCGTGCCATCT-1","0",92,208,28020,-4290,15,35,-4290,11230
"TCCGGTGACACCAACT-1","0",92,210,28018,-4655,13,35,-4655,11232
"AAGGCAACCATCGCAG-1","0",92,212,28016,-5020,11,35,-5020,11234
"TCACCTGGAACACTAC-1","0",92,214,28014,-5385,9,35,-5385,11236
"CACTCAGTTACCTGAG-1","0",92,216,28013,-5751,7,35,-5751,11237
"CGCTCGCACCAAGTCG-1","0",92,218,28011,-6116,5,35,-6116,11239
"GAACTCGGTCGTGCCG-1","0",92,220,28009,-6481,3,35,-6481,11241
"GTCCGATGCTAGTGCG-1","0",92,222,28008,-6846,1,35,-6846,11242
"TCAGACATTCACTCAA-1","0",93,1,28511,33503,222,34,33503,10739
"TAACGCCGCAATGCTA-1","0",93,3,28509,33138,220,34,33138,10741
"TCCGTGTACTTCATCG-1","0",93,5,28508,32773,218,34,32773,10742
"ATGGAATATCGCCTAA-1","0",93,7,28506,32408,216,34,32408,10744
"GGAAGACAATCGCCAT-1","0",93,9,28504,32043,214,34,32043,10746
"AATGGTGCTTGTTATG-1","0",93,11,28502,31678,212,34,31678,10748
"GAGGTGGCGAGCCGAT-1","0",93,13,28501,31312,210,34,31312,10749
"ATAGGCACAATCACTC-1","0",93,15,28499,30947,208,34,30947,10751
"TGTTGCTCGATGTCTG-1","0",93,17,28497,30582,206,34,30582,10753
"GCGTAACATGTCGTAG-1","0",93,19,28496,30217,204,34,30217,10754
"CGGCGTATCATTGATT-1","0",93,21,28494,29852,202,34,29852,10756
"GCCACTTGAGTAGAAC-1","0",93,23,28492,29487,200,34,29487,10758
"CTGGCTATGAGCACCA-1","0",93,25,28490,29121,198,34,29121,10760
"TCGACGAGTACGATAA-1","0",93,27,28489,28756,196,34,28756,10761
"TCTTACATCCTCGTTG-1","0",93,29,28487,28391,194,34,28391,10763
"CTGATTATCGTACATC-1","0",93,31,28485,28026,192,34,28026,10765
"GGTGGACGGACACCAG-1","0",93,33,28484,27661,190,34,27661,10766
"GGCTGAGCTTGCGTGC-1","0",93,35,28482,27296,188,34,27296,10768
"ATGTAGCTTCGGAATT-1","0",93,37,28480,26930,186,34,26930,10770
"CCGACCTTCTATCACC-1","0",93,39,28478,26565,184,34,26565,10772
"TGATAGCCTCCGTCAA-1","0",93,41,28477,26200,182,34,26200,10773
"AGAACCAGCATAATAG-1","0",93,43,28475,25835,180,34,25835,10775
"ATGTAGAACAGGTTGC-1","0",93,45,28473,25470,178,34,25470,10777
"CGTTGGTCGTAATATG-1","0",93,47,28472,25105,176,34,25105,10778
"TGAGCTTGAGATTCGT-1","0",93,49,28470,24739,174,34,24739,10780
"TCACTACAAGGCATAA-1","0",93,51,28468,24374,172,34,24374,10782
"GCCACGAGCAGAGCGG-1","0",93,53,28466,24009,170,34,24009,10784
"TAAGTGCCGATATTGT-1","0",93,55,28465,23644,168,34,23644,10785
"GTGGAGACAACCAGGA-1","0",93,57,28463,23279,166,34,23279,10787
"GGCATACAGGCGTCCA-1","0",93,59,28461,22914,164,34,22914,10789
"ATGCTCATACCACGAT-1","0",93,61,28460,22548,162,34,22548,10790
"CTGCCTAAGCCTGTGC-1","0",93,63,28458,22183,160,34,22183,10792
"AGTTATTGAGACGGTC-1","0",93,65,28456,21818,158,34,21818,10794
"TCGAATGCGTGCCTCA-1","0",93,67,28454,21453,156,34,21453,10796
"ACTTGGACCGTCGATC-1","0",93,69,28453,21088,154,34,21088,10797
"TGTCCTAGCAATTGTA-1","0",93,71,28451,20723,152,34,20723,10799
"GACAGACGGACAGAAC-1","0",93,73,28449,20357,150,34,20357,10801
"ACCTGGTCTGCGCTGG-1","0",93,75,28448,19992,148,34,19992,10802
"CCAATACCTACGTCGC-1","0",93,77,28446,19627,146,34,19627,10804
"GTCGCATGCGACTCAA-1","1",93,79,28444,19262,144,34,19262,10806
"CTACCTTAGATAACGG-1","1",93,81,28442,18897,142,34,18897,10808
"CACGTGGTACCGTGGC-1","1",93,83,28441,18532,140,34,18532,10809
"TCGGCGACGGCCATGG-1","1",93,85,28439,18166,138,34,18166,10811
"CAACAGTTCTTACCGT-1","1",93,87,28437,17801,136,34,17801,10813
"AGCGAACGTCTGAAGT-1","1",93,89,28436,17436,134,34,17436,10814
"ACTAGGAGACGGATCG-1","1",93,91,28434,17071,132,34,17071,10816
"TGCTATCGAATCCGGA-1","1",93,93,28432,16706,130,34,16706,10818
"GGATAAGTTACACGTC-1","1",93,95,28430,16341,128,34,16341,10820
"GGCGACTCGAGCTAAC-1","1",93,97,28429,15975,126,34,15975,10821
"TATCACGAAGCAGTCG-1","1",93,99,28427,15610,124,34,15610,10823
"CTGCGTGAGGTTAACC-1","1",93,101,28425,15245,122,34,15245,10825
"GTATAACTACGCACTC-1","1",93,103,28424,14880,120,34,14880,10826
"GCAACAGCATCAGCTC-1","1",93,105,28422,14515,118,34,14515,10828
"GTGGACTGTATTACTC-1","1",93,107,28420,14150,116,34,14150,10830
"GCTCGCTGTTCGTCTT-1","1",93,109,28418,13784,114,34,13784,10832
"CAGCGACCACTCGGCT-1","1",93,111,28417,13419,112,34,13419,10833
"AGGCTTCCATAACTCG-1","1",93,113,28415,13054,110,34,13054,10835
"GCTTCGGCTGCGCAGG-1","1",93,115,28413,12689,108,34,12689,10837
"GTACTTCTTGGTTAAC-1","1",93,117,28412,12324,106,34,12324,10838
"GTCAGTCCAGATTGCC-1","1",93,119,28410,11959,104,34,11959,10840
"GTATCTATTCGTCTAT-1","1",93,121,28408,11593,102,34,11593,10842
"TCTAGTAAGGCATAGC-1","1",93,123,28406,11228,100,34,11228,10844
"GGCCAACTATTGACAG-1","1",93,125,28405,10863,98,34,10863,10845
"ATAGCTGTTCTGGTTA-1","1",93,127,28403,10498,96,34,10498,10847
"ACGCGTTGAGAATCCT-1","1",93,129,28401,10133,94,34,10133,10849
"ACGCCGCACTAGATCC-1","1",93,131,28400,9768,92,34,9768,10850
"GAGTCCTATGGATCTT-1","1",93,133,28398,9402,90,34,9402,10852
"GCTACCGAGTTCCGTA-1","1",93,135,28396,9037,88,34,9037,10854
"CACGATTGCGGAGTAC-1","1",93,137,28394,8672,86,34,8672,10856
"GGCAATTAGGAAGCGT-1","1",93,139,28393,8307,84,34,8307,10857
"ACCGGATACCATGTAT-1","1",93,141,28391,7942,82,34,7942,10859
"TCTTGCATCCGCTCTA-1","1",93,143,28389,7577,80,34,7577,10861
"TCACCGGTGGAAGGCG-1","1",93,145,28388,7211,78,34,7211,10862
"TACGTACAGTCCACCT-1","1",93,147,28386,6846,76,34,6846,10864
"ATGACCATCTGGATGG-1","1",93,149,28384,6481,74,34,6481,10866
"CCTGGCCAGGTTATTC-1","1",93,151,28382,6116,72,34,6116,10868
"GGAATGAACCAGACTT-1","1",93,153,28381,5751,70,34,5751,10869
"CAATGGTATGTATCTA-1","1",93,155,28379,5386,68,34,5386,10871
"GCTTGGTCGCTCATCG-1","1",93,157,28377,5020,66,34,5020,10873
"TACGTGCGAACCTCTA-1","0",93,159,28376,4655,64,34,4655,10874
"TGTCACCATAACAGTA-1","0",93,161,28374,4290,62,34,4290,10876
"GTTGAATGCCAGTCGA-1","0",93,163,28372,3925,60,34,3925,10878
"TAGGAGCCGCACATCC-1","0",93,165,28370,3560,58,34,3560,10880
"CTACAGCCTACTCAGG-1","0",93,167,28369,3195,56,34,3195,10881
"CGTACATTATCGCCAA-1","0",93,169,28367,2829,54,34,2829,10883
"AGTTGGCTCAGTGAGT-1","0",93,171,28365,2464,52,34,2464,10885
"CCGCCTGTGAATGCCG-1","0",93,173,28364,2099,50,34,2099,10886
"GAGTGCGATATTAAGA-1","0",93,175,28362,1734,48,34,1734,10888
"TCAGAACATTGTCCTG-1","0",93,177,28360,1369,46,34,1369,10890
"GATCACTCAGCTGAAG-1","0",93,179,28358,1004,44,34,1004,10892
"GCACGAGGCGCCGAAT-1","0",93,181,28357,638,42,34,638,10893
"TAGTGCTCGACCAGGC-1","0",93,183,28355,273,40,34,273,10895
"AGACGACATGGTATCT-1","0",93,185,28353,-92,38,34,-92,10897
"CGTGTATGAAGTGATC-1","0",93,187,28352,-457,36,34,-457,10898
"TCTGATTCAAGACAAT-1","0",93,189,28350,-822,34,34,-822,10900
"GTCTAGTTAGCCATCG-1","0",93,191,28348,-1187,32,34,-1187,10902
"ACATGTTGGCATAGTA-1","0",93,193,28346,-1553,30,34,-1553,10904
"CTCCTAGACAATCAGA-1","0",93,195,28345,-1918,28,34,-1918,10905
"GACCTGATGCCTCATG-1","0",93,197,28343,-2283,26,34,-2283,10907
"AACCTTAACGACAGTC-1","0",93,199,28341,-2648,24,34,-2648,10909
"GAGGAACTAATGTAGT-1","0",93,201,28340,-3013,22,34,-3013,10910
"CTCAATACCTAGACAA-1","0",93,203,28338,-3378,20,34,-3378,10912
"TCCGCCTCGAACCAGT-1","0",93,205,28336,-3744,18,34,-3744,10914
"TGTCAGACGTGCTGCC-1","0",93,207,28334,-4109,16,34,-4109,10916
"TAGTGATAGCACTGAC-1","0",93,209,28333,-4474,14,34,-4474,10917
"AGGTTGGCTCGTATAC-1","0",93,211,28331,-4839,12,34,-4839,10919
"GACACGGCAATTACGT-1","0",93,213,28329,-5204,10,34,-5204,10921
"TAAGATCTGTCAACTC-1","0",93,215,28328,-5569,8,34,-5569,10922
"TCATCTTCGCCGCAAC-1","0",93,217,28326,-5935,6,34,-5935,10924
"CTCCACGGTTATCTGG-1","0",93,219,28324,-6300,4,34,-6300,10926
"AGATGCGAATTCGCCT-1","0",93,221,28322,-6665,2,34,-6665,10928
"TATGTCGTATGTCTGC-1","0",93,223,28321,-7030,0,34,-7030,10929
"GCTTCGATCTGGATGT-1","0",94,0,28830,33684,223,33,33684,10420
"CAAGGCCTCGCTGGCT-1","0",94,2,28828,33319,221,33,33319,10422
"ACCTGCGGTTGTAGGT-1","0",94,4,28826,32954,219,33,32954,10424
"ATGGCTCCACGTTACG-1","0",94,6,28824,32589,217,33,32589,10426
"CCAGGATGCATAGCAC-1","0",94,8,28823,32224,215,33,32224,10427
"CAAGTGAATTATACCA-1","0",94,10,28821,31859,213,33,31859,10429
"ATCTTAGCGTACTGAC-1","0",94,12,28819,31493,211,33,31493,10431
"GCGACACCTTCCAGGC-1","0",94,14,28818,31128,209,33,31128,10432
"GGTTCACGATGTACGG-1","0",94,16,28816,30763,207,33,30763,10434
"TCATTCTTGGTTATCC-1","0",94,18,28814,30398,205,33,30398,10436
"GCTCATGTCGACCATT-1","0",94,20,28812,30033,203,33,30033,10438
"TGTTCGCATGTTAGCG-1","0",94,22,28811,29668,201,33,29668,10439
"CTTCGTCCACAGACAT-1","0",94,24,28809,29302,199,33,29302,10441
"GGTGTATGTAAGTTAC-1","0",94,26,28807,28937,197,33,28937,10443
"CTACCTGCATACGTCC-1","0",94,28,28806,28572,195,33,28572,10444
"TGATTCACGTCGGAGT-1","0",94,30,28804,28207,193,33,28207,10446
"TCCAATCTTACTAAGA-1","0",94,32,28802,27842,191,33,27842,10448
"TGTACCGTGAATTGCG-1","0",94,34,28800,27477,189,33,27477,10450
"AGCCATACTATCCGCC-1","0",94,36,28799,27111,187,33,27111,10451
"CCTCGCTGCGAGTTGA-1","0",94,38,28797,26746,185,33,26746,10453
"GACTGGTGGCTTGGAG-1","0",94,40,28795,26381,183,33,26381,10455
"ATTCCAGAGCCGTGGA-1","0",94,42,28794,26016,181,33,26016,10456
"TCGATGTACCGGTAGG-1","0",94,44,28792,25651,179,33,25651,10458
"GTCTATACAGGCATGG-1","0",94,46,28790,25286,177,33,25286,10460
"ATCGTCGGTCTACTCG-1","0",94,48,28788,24920,175,33,24920,10462
"GAGGTGTATGGTTCTG-1","0",94,50,28787,24555,173,33,24555,10463
"GGATAAGTCCAGGATA-1","0",94,52,28785,24190,171,33,24190,10465
"TGCTTACTTATCTGCG-1","0",94,54,28783,23825,169,33,23825,10467
"CATCGGCCTATTGTAT-1","0",94,56,28782,23460,167,33,23460,10468
"CGATAAGGAGCGAATA-1","0",94,58,28780,23095,165,33,23095,10470
"CAGACGCAGTGGCAGC-1","0",94,60,28778,22729,163,33,22729,10472
"GTTCTAACGGAACGGT-1","0",94,62,28776,22364,161,33,22364,10474
"AACATCAAGGCTGGCT-1","0",94,64,28775,21999,159,33,21999,10475
"CCTAAGCGTAGGTCGC-1","0",94,66,28773,21634,157,33,21634,10477
"TATGTCGCGTCTAGGC-1","0",94,68,28771,21269,155,33,21269,10479
"CTACAGATCAACCTCA-1","0",94,70,28770,20904,153,33,20904,10480
"TACTTAGACAACTCGC-1","0",94,72,28768,20538,151,33,20538,10482
"ATCCGAACTCCTTGGT-1","0",94,74,28766,20173,149,33,20173,10484
"ACTGCAACGGTCGTGC-1","0",94,76,28764,19808,147,33,19808,10486
"ATAACATATCACTTCT-1","0",94,78,28763,19443,145,33,19443,10487
"CCTTCAGGCGGTACGG-1","1",94,80,28761,19078,143,33,19078,10489
"TGCAGTCGTGTTGCCT-1","1",94,82,28759,18713,141,33,18713,10491
"TAGTCTGAGCTCGGAC-1","1",94,84,28758,18347,139,33,18347,10492
"CGTTGTCAATTAGCCA-1","1",94,86,28756,17982,137,33,17982,10494
"TCAGTTAGGCCGTCCG-1","1",94,88,28754,17617,135,33,17617,10496
"GTTACATCGCCGACCT-1","1",94,90,28752,17252,133,33,17252,10498
"CCTTAGATCGCCACCT-1","1",94,92,28751,16887,131,33,16887,10499
"CGCAAGTCCTACCGTT-1","1",94,94,28749,16522,129,33,16522,10501
"TACGGATCACCACGGC-1","1",94,96,28747,16156,127,33,16156,10503
"GCTTGGTGAAGACTAT-1","1",94,98,28746,15791,125,33,15791,10504
"CTCAATCTCAGCGGAG-1","1",94,100,28744,15426,123,33,15426,10506
"CCACTGAGTCGAATGC-1","1",94,102,28742,15061,121,33,15061,10508
"ATCGCACCTATCTACA-1","1",94,104,28740,14696,119,33,14696,10510
"AAGACTGGCCGAACGT-1","1",94,106,28739,14331,117,33,14331,10511
"TCGTATAGGTTAGCAT-1","1",94,108,28737,13966,115,33,13966,10513
"CCTGTCCTGCGACAAC-1","1",94,110,28735,13600,113,33,13600,10515
"GAAGCGGCAACCATTC-1","1",94,112,28734,13235,111,33,13235,10516
"TCAATTGTCTGTATCG-1","1",94,114,28732,12870,109,33,12870,10518
"TGTTCACTCAGTTCGC-1","1",94,116,28730,12505,107,33,12505,10520
"CTTAGCAGGCTGGCAA-1","1",94,118,28728,12140,105,33,12140,10522
"AGATGAGGCTACGGCG-1","1",94,120,28727,11775,103,33,11775,10523
"CGATTGTCAATATGCC-1","1",94,122,28725,11409,101,33,11409,10525
"TGCAGACAATCTGTCT-1","1",94,124,28723,11044,99,33,11044,10527
"CACGATACCACGTCAT-1","1",94,126,28722,10679,97,33,10679,10528
"GCGTTCGCGGCAAGCG-1","1",94,128,28720,10314,95,33,10314,10530
"GTCCAGTTGCACAGCT-1","1",94,130,28718,9949,93,33,9949,10532
"GGTGCGTAGGTCAGAC-1","1",94,132,28716,9584,91,33,9584,10534
"AGGACTGATGGCTTGA-1","1",94,134,28715,9218,89,33,9218,10535
"TGTCGAAGGTCGGCTT-1","1",94,136,28713,8853,87,33,8853,10537
"ATGTTACGCTTAAGTG-1","1",94,138,28711,8488,85,33,8488,10539
"AGACCTCATCTGGTTC-1","1",94,140,28710,8123,83,33,8123,10540
"CTCCACTACATTGGCC-1","1",94,142,28708,7758,81,33,7758,10542
"CGAAGACTCAATCAGT-1","1",94,144,28706,7393,79,33,7393,10544
"CTTCGTCATTGTGAAC-1","1",94,146,28704,7027,77,33,7027,10546
"CAATTGTTCGCTGGCA-1","1",94,148,28703,6662,75,33,6662,10547
"GTGAACATACAGTGCG-1","1",94,150,28701,6297,73,33,6297,10549
"TGACCAATGGATCCTT-1","1",94,152,28699,5932,71,33,5932,10551
"TCCTCAATCTCGTGAA-1","1",94,154,28698,5567,69,33,5567,10552
"GTCATCAACGAAGCCG-1","1",94,156,28696,5202,67,33,5202,10554
"TCAAGGACTCAGTTCA-1","0",94,158,28694,4836,65,33,4836,10556
"CTATCCTTGGAACCGA-1","0",94,160,28692,4471,63,33,4471,10558
"CTTGCCGAGCCGAAGT-1","0",94,162,28691,4106,61,33,4106,10559
"ACTCCACGCCAATGTT-1","0",94,164,28689,3741,59,33,3741,10561
"TGTCGATCAGGTTACT-1","0",94,166,28687,3376,57,33,3376,10563
"CTGGTAGGCTAATACC-1","0",94,168,28686,3011,55,33,3011,10564
"CCTAGTTCGAGTACAT-1","0",94,170,28684,2645,53,33,2645,10566
"GTAAGTGCCGAGAAGT-1","0",94,172,28682,2280,51,33,2280,10568
"TGCCTACATTCCATTC-1","0",94,174,28680,1915,49,33,1915,10570
"GCTGGACATTGGACAT-1","0",94,176,28679,1550,47,33,1550,10571
"CCAATTAAGACCGTCC-1","0",94,178,28677,1185,45,33,1185,10573
"CTGGTGACAGCTCGAG-1","0",94,180,28675,820,43,33,820,10575
"GTGACAAGCACTGTGA-1","0",94,182,28674,454,41,33,454,10576
"GAGTAGACATAATGTC-1","0",94,184,28672,89,39,33,89,10578
"CCATAGTTACTTCGCA-1","0",94,186,28670,-276,37,33,-276,10580
"TCTAGGTTAGGCTATG-1","0",94,188,28668,-641,35,33,-641,10582
"GGCCGACTCGAGTCAC-1","0",94,190,28667,-1006,33,33,-1006,10583
"GCCGGCTACCAGTACA-1","0",94,192,28665,-1371,31,33,-1371,10585
"TCACTGTATCCAGTCG-1","0",94,194,28663,-1737,29,33,-1737,10587
"TAGGACGGAGACCTGT-1","0",94,196,28662,-2102,27,33,-2102,10588
"ATCCACTCTATCACGC-1","0",94,198,28660,-2467,25,33,-2467,10590
"CACGATGGTGTCTGAA-1","0",94,200,28658,-2832,23,33,-2832,10592
"GTCAGGAGTGCATTAG-1","0",94,202,28656,-3197,21,33,-3197,10594
"TCCGCCTCTTGGAAGG-1","0",94,204,28655,-3562,19,33,-3562,10595
"TGGCAATATGGCGAAC-1","0",94,206,28653,-3928,17,33,-3928,10597
"GCGGTTATCCTGGAGC-1","0",94,208,28651,-4293,15,33,-4293,10599
"TAAGATTGCGACGGAG-1","0",94,210,28650,-4658,13,33,-4658,10600
"TCTATTGTGAACCGCT-1","0",94,212,28648,-5023,11,33,-5023,10602
"TACAAGACGTAGCCAT-1","0",94,214,28646,-5388,9,33,-5388,10604
"GTCCAGATGGTTGTTC-1","0",94,216,28644,-5753,7,33,-5753,10606
"GCATTAACAGCGCAGA-1","0",94,218,28643,-6119,5,33,-6119,10607
"ACGTTCAGAAGTAACC-1","0",94,220,28641,-6484,3,33,-6484,10609
"CCTATGTCAGTAGCTC-1","0",94,222,28639,-6849,1,33,-6849,10611
"CATACCGGCTTAAGTT-1","0",95,1,29143,33500,222,32,33500,10107
"TAACGAATTACGCCTA-1","0",95,3,29141,33135,220,32,33135,10109
"GGTCTTGCACTGATAC-1","0",95,5,29139,32770,218,32,32770,10111
"CTGGCCATCTAGCTCG-1","0",95,7,29138,32405,216,32,32405,10112
"CTTAGTGGACAGGTAC-1","0",95,9,29136,32040,214,32,32040,10114
"CCTGCGGAGGCTATGC-1","0",95,11,29134,31675,212,32,31675,10116
"CTTCAACATAGCTCAC-1","0",95,13,29132,31309,210,32,31309,10118
"GGCGGACGGTCTATGT-1","0",95,15,29131,30944,208,32,30944,10119
"GTATACGATATTCAAT-1","0",95,17,29129,30579,206,32,30579,10121
"TAAGGTATGGCGTCGG-1","0",95,19,29127,30214,204,32,30214,10123
"TATTCCATAGCTGTTA-1","0",95,21,29126,29849,202,32,29849,10124
"GAGCACTACACTACCA-1","0",95,23,29124,29484,200,32,29484,10126
"ATGGAGTACTGTCCAC-1","0",95,25,29122,29118,198,32,29118,10128
"CGTTACGTAGGCTGTT-1","0",95,27,29120,28753,196,32,28753,10130
"GCGAACAGTCTTCGAC-1","0",95,29,29119,28388,194,32,28388,10131
"TACCTGAGTGAGTGCG-1","0",95,31,29117,28023,192,32,28023,10133
"CTGCATGAGGTAGTAT-1","0",95,33,29115,27658,190,32,27658,10135
"CCGGAGACCGGATTCT-1","0",95,35,29114,27293,188,32,27293,10136
"TGCCACGGAGTAAGCC-1","0",95,37,29112,26927,186,32,26927,10138
"GGTCAATATGTAAGTT-1","0",95,39,29110,26562,184,32,26562,10140
"TGCGCTCAACGCCGTC-1","0",95,41,29108,26197,182,32,26197,10142
"CCGCGTTCCTGCGGTG-1","0",95,43,29107,25832,180,32,25832,10143
"GAATCCATTGTATGAC-1","0",95,45,29105,25467,178,32,25467,10145
"CTTAACCACGTCTAGT-1","0",95,47,29103,25102,176,32,25102,10147
"TGAATGGCGTGCCGCA-1","0",95,49,29102,24736,174,32,24736,10148
"GGCCTTCGGACAACCT-1","0",95,51,29100,24371,172,32,24371,10150
"ATACTAATTATGGAAC-1","0",95,53,29098,24006,170,32,24006,10152
"ATGACCGTGCGTATCT-1","0",95,55,29096,23641,168,32,23641,10154
"ACTCGTTGGCTTGACG-1","0",95,57,29095,23276,166,32,23276,10155
"TCAGTATCAGTCTGTA-1","0",95,59,29093,22911,164,32,22911,10157
"CGCACGCACGGAGCCT-1","0",95,61,29091,22545,162,32,22545,10159
"CTTGAATCTGGTCGTG-1","0",95,63,29090,22180,160,32,22180,10160
"GTGCAGCCAGCTTCTG-1","0",95,65,29088,21815,158,32,21815,10162
"ACTCGTCCTCGTTGAC-1","0",95,67,29086,21450,156,32,21450,10164
"GTACGCTCGGAGCGTG-1","0",95,69,29084,21085,154,32,21085,10166
"GGAGCGTTATTGGCGA-1","0",95,71,29083,20720,152,32,20720,10167
"CCGATTAACCTTATGC-1","0",95,73,29081,20354,150,32,20354,10169
"CTACTCTGCTTCGGTA-1","0",95,75,29079,19989,148,32,19989,10171
"CCGTAACAATTATGCG-1","0",95,77,29078,19624,146,32,19624,10172
"TAGGCTGTCTTAAGAA-1","1",95,79,29076,19259,144,32,19259,10174
"TACGCTCATTCGCTGA-1","1",95,81,29074,18894,142,32,18894,10176
"CAATGCCGAATGTAAG-1","1",95,83,29072,18529,140,32,18529,10178
"TACAAGCGGTATGTTC-1","1",95,85,29071,18163,138,32,18163,10179
"GGACCAGTTCAGACAA-1","1",95,87,29069,17798,136,32,17798,10181
"ACAATAGCTAAGATAG-1","1",95,89,29067,17433,134,32,17433,10183
"ATACTAGATTAACTCC-1","1",95,91,29066,17068,132,32,17068,10184
"TATCAGGTATTAGAAG-1","1",95,93,29064,16703,130,32,16703,10186
"ACTGACGGCCTGTTGC-1","1",95,95,29062,16338,128,32,16338,10188
"GTATTACGTCTGATTG-1","1",95,97,29060,15972,126,32,15972,10190
"CAGATGGAGTACGGTT-1","1",95,99,29059,15607,124,32,15607,10191
"GGTACCTTCACGTCGA-1","1",95,101,29057,15242,122,32,15242,10193
"ACAACTATGCGTCTAG-1","1",95,103,29055,14877,120,32,14877,10195
"TGGACTTCACTGGAGC-1","1",95,105,29054,14512,118,32,14512,10196
"CTCAGGCTGTCACCGA-1","1",95,107,29052,14147,116,32,14147,10198
"AACTATGTCAGTTAAG-1","1",95,109,29050,13781,114,32,13781,10200
"TCTGGTCGCCTGGTGC-1","1",95,111,29048,13416,112,32,13416,10202
"ACAGAAGTCGGTTGTC-1","1",95,113,29047,13051,110,32,13051,10203
"CGCTACATACGGAACC-1","1",95,115,29045,12686,108,32,12686,10205
"TGACCAATCGGTATCT-1","1",95,117,29043,12321,106,32,12321,10207
"ATAGCTGTATGACGCT-1","1",95,119,29042,11956,104,32,11956,10208
"CCTCGCGAGGTCGGTG-1","1",95,121,29040,11590,102,32,11590,10210
"CTTGCGTATGCCTATC-1","1",95,123,29038,11225,100,32,11225,10212
"CAATGCCGTTCGTGCA-1","1",95,125,29036,10860,98,32,10860,10214
"ACTGACTTCTCATCTA-1","1",95,127,29035,10495,96,32,10495,10215
"ACTCAGGTTATTAATC-1","1",95,129,29033,10130,94,32,10130,10217
"ATGTACGCATCGTGAC-1","1",95,131,29031,9765,92,32,9765,10219
"TGCCGTTGAATAGTAC-1","1",95,133,29030,9399,90,32,9399,10220
"CTATGCCAATGCGTCA-1","1",95,135,29028,9034,88,32,9034,10222
"AGTAGAGCTTAGTTCT-1","1",95,137,29026,8669,86,32,8669,10224
"TATGTTAGTAAGGCTG-1","1",95,139,29024,8304,84,32,8304,10226
"CTCGAGTCGAGTGCAT-1","1",95,141,29023,7939,82,32,7939,10227
"ACCTGTGAGTAAGATT-1","1",95,143,29021,7574,80,32,7574,10229
"GGACGTTGTATGCCGA-1","1",95,145,29019,7208,78,32,7208,10231
"TAGTGCTCTTCAGTGA-1","1",95,147,29018,6843,76,32,6843,10232
"AGTTAATTCTTAGACG-1","1",95,149,29016,6478,74,32,6478,10234
"GGACGTTCACGCGGAG-1","1",95,151,29014,6113,72,32,6113,10236
"AACTAGCAAGCCATTA-1","1",95,153,29012,5748,70,32,5748,10238
"GTACGACAAGACAGCA-1","1",95,155,29011,5383,68,32,5383,10239
"TAGACAGCGTGAGTGC-1","0",95,157,29009,5017,66,32,5017,10241
"CGAATCAGCGTTCTTG-1","0",95,159,29007,4652,64,32,4652,10243
"AGGTCACGTGTCACTA-1","0",95,161,29006,4287,62,32,4287,10244
"GTCATCAATCCGGAGT-1","0",95,163,29004,3922,60,32,3922,10246
"CGCCGTGCGAATCCAT-1","0",95,165,29002,3557,58,32,3557,10248
"TATCTAGGCATACTCA-1","0",95,167,29000,3192,56,32,3192,10250
"AGTGTAGAAGGCCTAG-1","0",95,169,28999,2826,54,32,2826,10251
"GGAGGTGAGTTGGACC-1","0",95,171,28997,2461,52,32,2461,10253
"ATTGCATTCGGTCGAC-1","0",95,173,28995,2096,50,32,2096,10255
"GCGAAGCGCACCTGTA-1","0",95,175,28994,1731,48,32,1731,10256
"ATACTATTCGAAGGCC-1","0",95,177,28992,1366,46,32,1366,10258
"GACTGCCTGCCGCATA-1","0",95,179,28990,1001,44,32,1001,10260
"TGCACCGACAGAGCAG-1","0",95,181,28989,635,42,32,635,10261
"CGCTTCCTCATAATGC-1","0",95,183,28987,270,40,32,270,10263
"AACCAATAGACATAAT-1","0",95,185,28985,-95,38,32,-95,10265
"GCAGGTGGACAATTCC-1","0",95,187,28983,-460,36,32,-460,10267
"TAGCTATGCTTATCGT-1","0",95,189,28982,-825,34,32,-825,10268
"CGGAGCACTCGACATT-1","0",95,191,28980,-1190,32,32,-1190,10270
"ATGTTAACAAGGATAC-1","0",95,193,28978,-1556,30,32,-1556,10272
"CATTAGGCAGTTAGCA-1","0",95,195,28977,-1921,28,32,-1921,10273
"AGATACAAGGTAACCT-1","0",95,197,28975,-2286,26,32,-2286,10275
"CGAATTAGACTCGGTT-1","0",95,199,28973,-2651,24,32,-2651,10277
"AGACCACTGCATTGTT-1","0",95,201,28971,-3016,22,32,-3016,10279
"CAAGGCAGAATAGCGG-1","0",95,203,28970,-3381,20,32,-3381,10280
"TACGGAGGCCATCTGA-1","0",95,205,28968,-3747,18,32,-3747,10282
"GGCCTGATGTAGGCAC-1","0",95,207,28966,-4112,16,32,-4112,10284
"TGTTCATATTCGGCTC-1","0",95,209,28965,-4477,14,32,-4477,10285
"ATACAATACTTGGATG-1","0",95,211,28963,-4842,12,32,-4842,10287
"GCAACTGAGGTTGAGC-1","0",95,213,28961,-5207,10,32,-5207,10289
"TACCTCCGGCTTAATC-1","0",95,215,28959,-5572,8,32,-5572,10291
"CGTAACCTTAGACACT-1","0",95,217,28958,-5938,6,32,-5938,10292
"GACGGTTACAGTCCGG-1","0",95,219,28956,-6303,4,32,-6303,10294
"ATCGTAGCGATAATGA-1","0",95,221,28954,-6668,2,32,-6668,10296
"AGGACGGCTCCTTGGA-1","0",95,223,28953,-7033,0,32,-7033,10297
"GAGCACCAGACTTATT-1","0",96,0,29461,33682,223,31,33682,9789
"CAGATCATGTGCGACT-1","0",96,2,29460,33316,221,31,33316,9790
"TGATGTCTGGAGTCTG-1","0",96,4,29458,32951,219,31,32951,9792
"GTCTCCGGAGAATCGC-1","0",96,6,29456,32586,217,31,32586,9794
"TCTACGCAGATACTTC-1","0",96,8,29454,32221,215,31,32221,9796
"GCTGTTATGCTGAGAT-1","0",96,10,29453,31856,213,31,31856,9797
"GTCCACTATGAGATGG-1","0",96,12,29451,31491,211,31,31491,9799
"GCCTGGCATATGACTG-1","0",96,14,29449,31125,209,31,31125,9801
"TGATTCACGCTTACAT-1","0",96,16,29448,30760,207,31,30760,9802
"GTTGACATGGCCACAT-1","0",96,18,29446,30395,205,31,30395,9804
"GTTCGCCATTACCAGT-1","0",96,20,29444,30030,203,31,30030,9806
"GCGTCTGGATGGTTCG-1","0",96,22,29442,29665,201,31,29665,9808
"ACCAGTTAAGTGTAAC-1","0",96,24,29441,29300,199,31,29300,9809
"GAGGTGTATGCCGCAC-1","0",96,26,29439,28934,197,31,28934,9811
"AGGACTGGATTAGAGG-1","0",96,28,29437,28569,195,31,28569,9813
"GATTCCTACCGGCATT-1","0",96,30,29436,28204,193,31,28204,9814
"TACTTAACTTGCCTTC-1","0",96,32,29434,27839,191,31,27839,9816
"CTGGCTGTAGATGAAT-1","0",96,34,29432,27474,189,31,27474,9818
"CTATGGTGAACGAAGC-1","0",96,36,29430,27109,187,31,27109,9820
"ATTCAGATTCTACATT-1","0",96,38,29429,26743,185,31,26743,9821
"TCTAACCGACTAGACA-1","0",96,40,29427,26378,183,31,26378,9823
"CGTCCAGACTGTCTAA-1","0",96,42,29425,26013,181,31,26013,9825
"AGGCTGCACGGCTGAG-1","0",96,44,29424,25648,179,31,25648,9826
"CTCATAATGGATGGCC-1","0",96,46,29422,25283,177,31,25283,9828
"AAGGTTATAAGTACAA-1","0",96,48,29420,24918,175,31,24918,9830
"CTGACTTCAGTGGCTG-1","0",96,50,29418,24552,173,31,24552,9832
"GCACTGTTGGATTGGT-1","0",96,52,29417,24187,171,31,24187,9833
"TGGCATGCCTCACTAG-1","0",96,54,29415,23822,169,31,23822,9835
"CTCAGAGGTATGCGAG-1","0",96,56,29413,23457,167,31,23457,9837
"GGCGACGTCATGGCTC-1","0",96,58,29412,23092,165,31,23092,9838
"TAATAGCCACGAACTA-1","0",96,60,29410,22727,163,31,22727,9840
"CTATTCATCCAGACCG-1","0",96,62,29408,22361,161,31,22361,9842
"CGCATCTTGACAGTTA-1","0",96,64,29406,21996,159,31,21996,9844
"GAGGCCTAGTGATGCT-1","0",96,66,29405,21631,157,31,21631,9845
"TCGGACCAAGGCCAAG-1","0",96,68,29403,21266,155,31,21266,9847
"TCGCACGATGAACGTT-1","0",96,70,29401,20901,153,31,20901,9849
"GTGATGGACGCTATCG-1","0",96,72,29400,20536,151,31,20536,9850
"CCACCTCCTATGACTC-1","0",96,74,29398,20170,149,31,20170,9852
"GGTCGCTCCTCAGGAC-1","0",96,76,29396,19805,147,31,19805,9854
"TCCTGGATCTGTAAGT-1","0",96,78,29394,19440,145,31,19440,9856
"AACCAAGACCAACTGA-1","1",96,80,29393,19075,143,31,19075,9857
"GCACGAAGCAAGGCCA-1","1",96,82,29391,18710,141,31,18710,9859
"CCGGACTAGGATGCAA-1","1",96,84,29389,18345,139,31,18345,9861
"CATCGGATGAATTGAG-1","1",96,86,29388,17979,137,31,17979,9862
"CTAGCGAGCTATAGTG-1","1",96,88,29386,17614,135,31,17614,9864
"GGCAATCGATTGTTGA-1","1",96,90,29384,17249,133,31,17249,9866
"GGAGTCAATCGTAGTG-1","1",96,92,29382,16884,131,31,16884,9868
"AACAGGCCAGGCCGCT-1","1",96,94,29381,16519,129,31,16519,9869
"TCGTTGGTGCGAACCG-1","1",96,96,29379,16154,127,31,16154,9871
"GGTTCTCGTTCCGTCG-1","1",96,98,29377,15788,125,31,15788,9873
"GACAACCGGCAGCTAT-1","1",96,100,29376,15423,123,31,15423,9874
"AGCCTCATTCGTTGAG-1","1",96,102,29374,15058,121,31,15058,9876
"GCCTAATCCTAGTCGT-1","1",96,104,29372,14693,119,31,14693,9878
"AGTCGAGCAATTGGTA-1","1",96,106,29370,14328,117,31,14328,9880
"TGTATGTCCGGCTCTG-1","1",96,108,29369,13963,115,31,13963,9881
"TCATTCACGGCTGCCT-1","0",96,110,29367,13597,113,31,13597,9883
"TGGTCTGATAGAGTAT-1","1",96,112,29365,13232,111,31,13232,9885
"ATGTCACTGGTTCAAC-1","1",96,114,29364,12867,109,31,12867,9886
"TAAGAATAGCCGGCAC-1","1",96,116,29362,12502,107,31,12502,9888
"TAGTGACTCCGAAGGA-1","1",96,118,29360,12137,105,31,12137,9890
"CAAGTGTCTGTAGCCG-1","1",96,120,29358,11772,103,31,11772,9892
"AAGTTCAGCGATAGCA-1","1",96,122,29357,11406,101,31,11406,9893
"CTTCAATATGTTCGGA-1","1",96,124,29355,11041,99,31,11041,9895
"TCAGAACTCAGCGTCC-1","1",96,126,29353,10676,97,31,10676,9897
"GTCCTTCAGCAATGTA-1","1",96,128,29352,10311,95,31,10311,9898
"AACATGAGGAGTCCAC-1","1",96,130,29350,9946,93,31,9946,9900
"GTGCTCTGACGCGTGG-1","1",96,132,29348,9581,91,31,9581,9902
"CTGACTGTTGGACAAT-1","1",96,134,29346,9215,89,31,9215,9904
"TCAATTGCCGTACATC-1","1",96,136,29345,8850,87,31,8850,9905
"TCCTTGGCAGTATCCG-1","1",96,138,29343,8485,85,31,8485,9907
"CAAGTGCGCATCTAGC-1","1",96,140,29341,8120,83,31,8120,9909
"TCGTATCGGTTAATTC-1","1",96,142,29340,7755,81,31,7755,9910
"CTTCCACGTTGATCTG-1","1",96,144,29338,7390,79,31,7390,9912
"AGACGGTTATGACTCA-1","1",96,146,29336,7024,77,31,7024,9914
"CCTTCAATAATTCACC-1","1",96,148,29334,6659,75,31,6659,9916
"TATGACGGAACATATC-1","1",96,150,29333,6294,73,31,6294,9917
"GTGCGAACGATGAGTT-1","1",96,152,29331,5929,71,31,5929,9919
"ATTCTGTTATAACTGA-1","1",96,154,29329,5564,69,31,5564,9921
"TAGCGTATCGGATCCA-1","1",96,156,29328,5199,67,31,5199,9922
"AGCATCACGGCTAAGG-1","0",96,158,29326,4833,65,31,4833,9924
"CACCTCACCTAGTTGG-1","0",96,160,29324,4468,63,31,4468,9926
"TCAGTTCTCCTGCAAC-1","0",96,162,29322,4103,61,31,4103,9928
"CTACAGGTTACCAGGA-1","0",96,164,29321,3738,59,31,3738,9929
"ATGTGATAGTGGTCGG-1","0",96,166,29319,3373,57,31,3373,9931
"GACGTTCAGACCTAGG-1","0",96,168,29317,3008,55,31,3008,9933
"CAGGAGATGTCGGCAT-1","0",96,170,29316,2642,53,31,2642,9934
"TCAGTTGGCTCGGAAG-1","0",96,172,29314,2277,51,31,2277,9936
"GCGATTACTCGTATCC-1","0",96,174,29312,1912,49,31,1912,9938
"AATGGCCGGCGTATAG-1","0",96,176,29310,1547,47,31,1547,9940
"TCTTGCCAGCACGCAT-1","0",96,178,29309,1182,45,31,1182,9941
"ATAATGTCAGCCACAT-1","0",96,180,29307,817,43,31,817,9943
"TGCAGAACATACGTCG-1","0",96,182,29305,451,41,31,451,9945
"CAGAGGTGCGTATGGT-1","0",96,184,29304,86,39,31,86,9946
"CTGGCAATTCCGTGCA-1","0",96,186,29302,-279,37,31,-279,9948
"CCGATTCTGCGTCAGG-1","0",96,188,29300,-644,35,31,-644,9950
"TATGACAGCGACTCTA-1","0",96,190,29298,-1009,33,31,-1009,9952
"ACGTCAGAACTTAGTT-1","0",96,192,29297,-1374,31,31,-1374,9953
"ACTGTCGTTAGACGGA-1","0",96,194,29295,-1740,29,31,-1740,9955
"CACCTCGAGCGTCAAC-1","0",96,196,29293,-2105,27,31,-2105,9957
"ACTCCAATGTGCATGA-1","0",96,198,29292,-2470,25,31,-2470,9958
"TCGCCGCTCCAGAAGT-1","0",96,200,29290,-2835,23,31,-2835,9960
"CTGCCGAAGGCCTCGC-1","0",96,202,29288,-3200,21,31,-3200,9962
"TGTAGTCTATCACCGC-1","0",96,204,29286,-3565,19,31,-3565,9964
"GTTCCATGCGATAGTC-1","0",96,206,29285,-3931,17,31,-3931,9965
"ACAGAATAGACAGAAG-1","0",96,208,29283,-4296,15,31,-4296,9967
"ACTTGATAGTCTCGCA-1","0",96,210,29281,-4661,13,31,-4661,9969
"TCACATCGAGCGTTAA-1","0",96,212,29280,-5026,11,31,-5026,9970
"AGGTTGCCTCACTGTC-1","0",96,214,29278,-5391,9,31,-5391,9972
"CTCAATGTATCTCGGC-1","0",96,216,29276,-5756,7,31,-5756,9974
"TGTCTATGATGTTGAG-1","0",96,218,29274,-6122,5,31,-6122,9976
"GTAATCTGGTCATGCA-1","0",96,220,29273,-6487,3,31,-6487,9977
"ACTGGTAGACGCAGAT-1","0",96,222,29271,-6852,1,31,-6852,9979
"AGGATTGTGAATACGC-1","0",97,1,29774,33497,222,30,33497,9476
"CGTCGGACCGAGTCTT-1","0",97,3,29773,33132,220,30,33132,9477
"ATAGATTAGTCTGCGT-1","0",97,5,29771,32767,218,30,32767,9479
"TGTAGTCCAATAGATT-1","0",97,7,29769,32402,216,30,32402,9481
"AACACGGAACGAGTTA-1","0",97,9,29768,32037,214,30,32037,9482
"CCGTCGACAATTCTGG-1","0",97,11,29766,31672,212,30,31672,9484
"TAGCGTAGGCCGGCAC-1","0",97,13,29764,31306,210,30,31306,9486
"CCGGCATGGTCGCCAC-1","0",97,15,29762,30941,208,30,30941,9488
"GAATCAATTAGGATGG-1","0",97,17,29761,30576,206,30,30576,9489
"GGAGGTGGTCAAGTTG-1","0",97,19,29759,30211,204,30,30211,9491
"TACCTCGTAGGAACTT-1","0",97,21,29757,29846,202,30,29846,9493
"ATTCTGCCGAGGCTCA-1","0",97,23,29756,29481,200,30,29481,9494
"CCTGGATCGTCTGCGA-1","0",97,25,29754,29115,198,30,29115,9496
"CCTTAGTACACTCCTT-1","0",97,27,29752,28750,196,30,28750,9498
"CCTCGCGACGTGCTAA-1","0",97,29,29750,28385,194,30,28385,9500
"AATTGGACTATCAGCC-1","0",97,31,29749,28020,192,30,28020,9501
"CGCATGAGTTATAGCG-1","0",97,33,29747,27655,190,30,27655,9503
"TCTAGCAATGCGATCA-1","0",97,35,29745,27290,188,30,27290,9505
"AGCTATGCGGAACATA-1","0",97,37,29744,26924,186,30,26924,9506
"GTTCGCGGTTCATCAG-1","0",97,39,29742,26559,184,30,26559,9508
"ATAGCTATGTAGCATA-1","0",97,41,29740,26194,182,30,26194,9510
"GTAGGACTAATCCACG-1","0",97,43,29738,25829,180,30,25829,9512
"GAGTCCACGAACTAAC-1","0",97,45,29737,25464,178,30,25464,9513
"AACCAATCCGATCGCT-1","0",97,47,29735,25099,176,30,25099,9515
"TGCACGGTTGGACTCC-1","0",97,49,29733,24733,174,30,24733,9517
"TCGGACCACGCAGGTG-1","0",97,51,29732,24368,172,30,24368,9518
"CAATCTTATCGATGAC-1","0",97,53,29730,24003,170,30,24003,9520
"ACGGCTGCTTCATAGC-1","0",97,55,29728,23638,168,30,23638,9522
"CTAACCTATCGATTAT-1","0",97,57,29726,23273,166,30,23273,9524
"ACAGGTACTATCTTAA-1","0",97,59,29725,22908,164,30,22908,9525
"GAATGAACCTTATCCA-1","0",97,61,29723,22542,162,30,22542,9527
"TGAAGAACAGGTATCA-1","0",97,63,29721,22177,160,30,22177,9529
"ATAGTTCGAGCACGCA-1","0",97,65,29720,21812,158,30,21812,9530
"AGGTCCTGTAGGTTGA-1","0",97,67,29718,21447,156,30,21447,9532
"AGACGGAACAATGAGG-1","0",97,69,29716,21082,154,30,21082,9534
"CGCTATCTATAATCAC-1","0",97,71,29714,20717,152,30,20717,9536
"TGACCAATAGAACAGC-1","0",97,73,29713,20351,150,30,20351,9537
"GATACTTCGTACAGTT-1","0",97,75,29711,19986,148,30,19986,9539
"CTCATGAAGTCGCACC-1","0",97,77,29709,19621,146,30,19621,9541
"GGATAATTGACTAGGC-1","1",97,79,29708,19256,144,30,19256,9542
"AGATGAACAGTATTGC-1","1",97,81,29706,18891,142,30,18891,9544
"CACTTCCGTATCCGGT-1","1",97,83,29704,18526,140,30,18526,9546
"GTACTTAACCTGTCCA-1","1",97,85,29702,18160,138,30,18160,9548
"CAGGCCGTTCAGCTTC-1","1",97,87,29701,17795,136,30,17795,9549
"CCAGCATTGACGAGTC-1","1",97,89,29699,17430,134,30,17430,9551
"AGCTCACTTAGACGAT-1","1",97,91,29697,17065,132,30,17065,9553
"TGACTTGAGTCTTGTT-1","1",97,93,29696,16700,130,30,16700,9554
"TAACAGGCATGAGTTC-1","1",97,95,29694,16335,128,30,16335,9556
"GACCACGATAGCGAAG-1","1",97,97,29692,15969,126,30,15969,9558
"CACGGCAGTCAACTGG-1","1",97,99,29690,15604,124,30,15604,9560
"ATCCGTTCACCTGACC-1","1",97,101,29689,15239,122,30,15239,9561
"ACCAAGCGCTCGTTCC-1","1",97,103,29687,14874,120,30,14874,9563
"AAGAATTGGTAGAATG-1","1",97,105,29685,14509,118,30,14509,9565
"CGCCAGACCTCAATTA-1","1",97,107,29684,14144,116,30,14144,9566
"TCCGCCGGCCATAGAC-1","1",97,109,29682,13778,114,30,13778,9568
"ATGTCATCGCCATTAT-1","1",97,111,29680,13413,112,30,13413,9570
"CTCACGATCTTGAATC-1","1",97,113,29678,13048,110,30,13048,9572
"AGTTGGAGGTCGCCGG-1","1",97,115,29677,12683,108,30,12683,9573
"TAACCGGCTACACGGT-1","1",97,117,29675,12318,106,30,12318,9575
"AGCACTTCAACCACTA-1","1",97,119,29673,11953,104,30,11953,9577
"ACCGGCCTCGTAATCA-1","1",97,121,29672,11587,102,30,11587,9578
"CTACAGTACAAGACCG-1","1",97,123,29670,11222,100,30,11222,9580
"GGATCGGCTGCGAGGA-1","1",97,125,29668,10857,98,30,10857,9582
"GCTGTTATGACATAGT-1","1",97,127,29666,10492,96,30,10492,9584
"GAACTCGTCACTTACC-1","1",97,129,29665,10127,94,30,10127,9585
"ATTAACGGTCCTGAGC-1","1",97,131,29663,9762,92,30,9762,9587
"CAAGATTAAGCGGCAT-1","1",97,133,29661,9396,90,30,9396,9589
"TGGCAGCGCCTGGTTA-1","1",97,135,29660,9031,88,30,9031,9590
"GACCTGCTGACAGACT-1","1",97,137,29658,8666,86,30,8666,9592
"TAACGACATCACATCC-1","1",97,139,29656,8301,84,30,8301,9594
"CACCTTCCTCATCCGT-1","1",97,141,29655,7936,82,30,7936,9595
"AGCGGTCTGCCGGTGC-1","1",97,143,29653,7571,80,30,7571,9597
"ACAATACTGCTACGTA-1","1",97,145,29651,7205,78,30,7205,9599
"TCGTCAGAACGCCGCT-1","1",97,147,29649,6840,76,30,6840,9601
"GTCTCACGTCACTTCG-1","1",97,149,29648,6475,74,30,6475,9602
"GGCGACCATCAGACTG-1","1",97,151,29646,6110,72,30,6110,9604
"GATAAGTTAGCCTTCC-1","1",97,153,29644,5745,70,30,5745,9606
"TACGTGGACCGTATTC-1","1",97,155,29643,5380,68,30,5380,9607
"ACCTTCTAGTCAGCGA-1","0",97,157,29641,5014,66,30,5014,9609
"GGTCTTCCGCTGGTGA-1","0",97,159,29639,4649,64,30,4649,9611
"CTACAGTAACTGCGTC-1","0",97,161,29637,4284,62,30,4284,9613
"ACGTTACGACGTATGA-1","0",97,163,29636,3919,60,30,3919,9614
"TGAAGATTGACAGGAA-1","0",97,165,29634,3554,58,30,3554,9616
"CTATCGGCACCTGACA-1","0",97,167,29632,3189,56,30,3189,9618
"CAGAGTCCATGGAACC-1","0",97,169,29631,2823,54,30,2823,9619
"AGGACTAGCGTTGGTG-1","0",97,171,29629,2458,52,30,2458,9621
"GCGACCTCAACCATCT-1","0",97,173,29627,2093,50,30,2093,9623
"TGAACTTGAGGCCAAT-1","0",97,175,29625,1728,48,30,1728,9625
"CTTCGCTGTCAGACGG-1","0",97,177,29624,1363,46,30,1363,9626
"GTCCTAAGATGGAGCT-1","0",97,179,29622,998,44,30,998,9628
"TAGATGTTCTATCAGG-1","0",97,181,29620,633,42,30,633,9630
"CAGCCGAGGTGATTGG-1","0",97,183,29619,267,40,30,267,9631
"TGAGCAGACGCCACAA-1","0",97,185,29617,-98,38,30,-98,9633
"CGCTCGTTCATATTAC-1","0",97,187,29615,-463,36,30,-463,9635
"CCGGACCTCCAACATC-1","0",97,189,29613,-828,34,30,-828,9637
"GGTAGTGAAGTCTATG-1","0",97,191,29612,-1193,32,30,-1193,9638
"GTGGTCCGGAGCGGTC-1","0",97,193,29610,-1558,30,30,-1558,9640
"TCGCATACTGTTCTGA-1","0",97,195,29608,-1924,28,30,-1924,9642
"CCTCGGAATTCCTATG-1","0",97,197,29607,-2289,26,30,-2289,9643
"CACTACTGGAACGCGA-1","0",97,199,29605,-2654,24,30,-2654,9645
"ATGTACGATCCAGTAG-1","0",97,201,29603,-3019,22,30,-3019,9647
"TGCCTACTGTAATGTA-1","0",97,203,29601,-3384,20,30,-3384,9649
"GTGACAATCCGGCAGA-1","0",97,205,29600,-3749,18,30,-3749,9650
"CTCGTGGCCTCGTGTT-1","0",97,207,29598,-4115,16,30,-4115,9652
"TGTCTGCCATACCGCC-1","0",97,209,29596,-4480,14,30,-4480,9654
"GGTTCAGACATGGCTC-1","0",97,211,29595,-4845,12,30,-4845,9655
"TGGTATTAGTATTGCT-1","0",97,213,29593,-5210,10,30,-5210,9657
"AATACCGATGAAGATA-1","0",97,215,29591,-5575,8,30,-5575,9659
"GATATGGCTTACCTAT-1","0",97,217,29589,-5940,6,30,-5940,9661
"CTTGAGATTATCCGAC-1","0",97,219,29588,-6306,4,30,-6306,9662
"TCGTATGGCCGACTGA-1","0",97,221,29586,-6671,2,30,-6671,9664
"TCAAGGTAAGATACGA-1","0",97,223,29584,-7036,0,30,-7036,9666
"CGTAGTCGTGAGGCAC-1","0",98,0,30093,33679,223,29,33679,9157
"CTTATCTTAATCTGTA-1","0",98,2,30091,33313,221,29,33313,9159
"CTATTCCGTCGATAGA-1","0",98,4,30090,32948,219,29,32948,9160
"GTGGCGCCTATGAGAC-1","0",98,6,30088,32583,217,29,32583,9162
"CGCTCACGTGGCATGT-1","0",98,8,30086,32218,215,29,32218,9164
"TGTATGACAACCTATC-1","0",98,10,30084,31853,213,29,31853,9166
"TGTACCGCATCCGGCG-1","0",98,12,30083,31488,211,29,31488,9167
"TGACAGACTGAGTTAC-1","0",98,14,30081,31122,209,29,31122,9169
"GTTATTCTTACATATG-1","0",98,16,30079,30757,207,29,30757,9171
"ACTCGACGCACTTCCA-1","0",98,18,30078,30392,205,29,30392,9172
"ATGTACGGCGGTAATA-1","0",98,20,30076,30027,203,29,30027,9174
"AACCATACCATAGACG-1","0",98,22,30074,29662,201,29,29662,9176
"GTATGTTGTAGTAACC-1","0",98,24,30072,29297,199,29,29297,9178
"GCACAGTCACTCATCC-1","0",98,26,30071,28931,197,29,28931,9179
"AGTCACGTACGAGTCT-1","0",98,28,30069,28566,195,29,28566,9181
"TAGATGGTCGGAGGCG-1","0",98,30,30067,28201,193,29,28201,9183
"TCAGTTAGTTAACCGC-1","0",98,32,30066,27836,191,29,27836,9184
"CGACTAAGGCAGCGAC-1","0",98,34,30064,27471,189,29,27471,9186
"ATTACCTTGTGGCGTT-1","0",98,36,30062,27106,187,29,27106,9188
"GCGTCTCGACGTGAAC-1","0",98,38,30060,26740,185,29,26740,9190
"AGAAGGCATTCCTCCG-1","0",98,40,30059,26375,183,29,26375,9191
"GTAGCAACCGGTTATT-1","0",98,42,30057,26010,181,29,26010,9193
"TGTCGATCGATCGATT-1","0",98,44,30055,25645,179,29,25645,9195
"AGAAGGCACTTGCATA-1","0",98,46,30054,25280,177,29,25280,9196
"GGTGATACTCAACCGC-1","0",98,48,30052,24915,175,29,24915,9198
"ATCGCATTCCTATCCA-1","0",98,50,30050,24549,173,29,24549,9200
"AGACCGAGAATCCTTG-1","0",98,52,30048,24184,171,29,24184,9202
"TAGGCTGACGCCTTAA-1","0",98,54,30047,23819,169,29,23819,9203
"CGAAGTGACAACTCGG-1","0",98,56,30045,23454,167,29,23454,9205
"CTCGATGCTTCGATTC-1","0",98,58,30043,23089,165,29,23089,9207
"GACCACTCGCATTCAG-1","0",98,60,30042,22724,163,29,22724,9208
"TAGGACCGAGTAAGAT-1","0",98,62,30040,22358,161,29,22358,9210
"GTCGAGCGAGCTTAAT-1","0",98,64,30038,21993,159,29,21993,9212
"GCCGGCGTCGGATTCT-1","0",98,66,30036,21628,157,29,21628,9214
"ATGCGAACAATCTGGC-1","0",98,68,30035,21263,155,29,21263,9215
"GTGACTCAGATCGGCC-1","0",98,70,30033,20898,153,29,20898,9217
"TCAGTCGCGACCTGAG-1","0",98,72,30031,20533,151,29,20533,9219
"GCTGCGCTTGAGGAAC-1","0",98,74,30030,20167,149,29,20167,9220
"TAGGCACGAGGTGCCA-1","0",98,76,30028,19802,147,29,19802,9222
"GTGGACTGCCAGTGTC-1","0",98,78,30026,19437,145,29,19437,9224
"GACTGCGTCTACTGTA-1","1",98,80,30024,19072,143,29,19072,9226
"TGAGCGCCTGCTATAC-1","1",98,82,30023,18707,141,29,18707,9227
"CTACAGCCAATAACCG-1","1",98,84,30021,18342,139,29,18342,9229
"TAACGAGCGAGGTGTT-1","1",98,86,30019,17976,137,29,17976,9231
"ATTGGCTCGTATTGTT-1","1",98,88,30018,17611,135,29,17611,9232
"TGAATGTTAGCACGTA-1","1",98,90,30016,17246,133,29,17246,9234
"TCAAGGAGTATCTAAG-1","1",98,92,30014,16881,131,29,16881,9236
"ATGTTCAGCATATGCT-1","1",98,94,30012,16516,129,29,16516,9238
"GCCAGAATAATGATGG-1","1",98,96,30011,16151,127,29,16151,9239
"CTCCAACTGTTCGCCA-1","1",98,98,30009,15785,125,29,15785,9241
"CATCGCCTATCCGCAG-1","1",98,100,30007,15420,123,29,15420,9243
"GAATAGGACGAGTGTT-1","1",98,102,30006,15055,121,29,15055,9244
"CAATACTTCAGCCGTG-1","1",98,104,30004,14690,119,29,14690,9246
"GGAGGTGACAAGGTGG-1","1",98,106,30002,14325,117,29,14325,9248
"ACAATGACGCGTCCGC-1","0",98,108,30000,13960,115,29,13960,9250
"TGTAAGCGCTCACTCA-1","1",98,110,29999,13594,113,29,13594,9251
"GATAGGCTATGGTCTT-1","1",98,112,29997,13229,111,29,13229,9253
"TCAGCTTCCACCTTGC-1","1",98,114,29995,12864,109,29,12864,9255
"ATAACGCAGCTTCAGT-1","1",98,116,29994,12499,107,29,12499,9256
"AGTCGAGGTCACCTCA-1","1",98,118,29992,12134,105,29,12134,9258
"GTTAATGCTAGTCGAT-1","1",98,120,29990,11769,103,29,11769,9260
"GCCGAAGAGTGCGAGG-1","1",98,122,29988,11403,101,29,11403,9262
"TGCAGTTCTTCACTAT-1","1",98,124,29987,11038,99,29,11038,9263
"CTACTTCGGTCAGACT-1","1",98,126,29985,10673,97,29,10673,9265
"TAGACAACTCATGCAG-1","1",98,128,29983,10308,95,29,10308,9267
"GAGCCATTGACCAGTT-1","1",98,130,29982,9943,93,29,9943,9268
"TAATTAGTGAGTTGAA-1","1",98,132,29980,9578,91,29,9578,9270
"ATCATTACAGGCTCCG-1","1",98,134,29978,9212,89,29,9212,9272
"ACGGCTATCCGCTTGT-1","1",98,136,29976,8847,87,29,8847,9274
"TGGAGTCTCGGCTTGA-1","1",98,138,29975,8482,85,29,8482,9275
"AGTGATCGGACATACT-1","1",98,140,29973,8117,83,29,8117,9277
"ACTCTGGTACGAGCCG-1","1",98,142,29971,7752,81,29,7752,9279
"GTTATGTACCACTCCG-1","1",98,144,29970,7387,79,29,7387,9280
"GTATTCTGATCTCATC-1","1",98,146,29968,7021,77,29,7021,9282
"ACCACTATTAGCGTGA-1","1",98,148,29966,6656,75,29,6656,9284
"TGTTCATAGCAATAGA-1","1",98,150,29964,6291,73,29,6291,9286
"CTTCGAACGCTGTTCC-1","1",98,152,29963,5926,71,29,5926,9287
"ACAGGTCAGCCACTCG-1","1",98,154,29961,5561,69,29,5561,9289
"AGCTCAGGTGCGCTTC-1","0",98,156,29959,5196,67,29,5196,9291
"AACAATGTGCTCCGAG-1","1",98,158,29958,4830,65,29,4830,9292
"TGAACGGAACCATTAG-1","0",98,160,29956,4465,63,29,4465,9294
"GAGGAATACGAGGACA-1","0",98,162,29954,4100,61,29,4100,9296
"GGAGCGAATTCTGTAG-1","0",98,164,29952,3735,59,29,3735,9298
"ACTAATCGCACTTGAA-1","0",98,166,29951,3370,57,29,3370,9299
"TCTAGAATCTTATGGC-1","0",98,168,29949,3005,55,29,3005,9301
"GTGATTCGGTATCTAA-1","0",98,170,29947,2639,53,29,2639,9303
"AACCGCAACTCAACGC-1","0",98,172,29946,2274,51,29,2274,9304
"CCGCTCCGTAGTGCTT-1","0",98,174,29944,1909,49,29,1909,9306
"TCCATTAGGTACGGAG-1","0",98,176,29942,1544,47,29,1544,9308
"CTATGGTGGCTCCAGA-1","0",98,178,29941,1179,45,29,1179,9309
"GAGCGGAACTGATAAT-1","0",98,180,29939,814,43,29,814,9311
"TAGTGACTGAAGCGAG-1","0",98,182,29937,448,41,29,448,9313
"CAACCGTCGCACAGGC-1","0",98,184,29935,83,39,29,83,9315
"TAGAAGGAGCTGGATG-1","0",98,186,29934,-282,37,29,-282,9316
"ACGGCCGGCGAGAATA-1","0",98,188,29932,-647,35,29,-647,9318
"CTCCGGTAGCGAGTAT-1","0",98,190,29930,-1012,33,29,-1012,9320
"GCGACGAGGTCTTGCT-1","0",98,192,29929,-1377,31,29,-1377,9321
"GTCACTGTTGAGCGAC-1","0",98,194,29927,-1743,29,29,-1743,9323
"CGTGTACCGTAGCAGG-1","0",98,196,29925,-2108,27,29,-2108,9325
"ACATGCCAGCCGGTCC-1","0",98,198,29923,-2473,25,29,-2473,9327
"ACTGTAGCCTCGTGAA-1","0",98,200,29922,-2838,23,29,-2838,9328
"CCATAGGATCAAGAAT-1","0",98,202,29920,-3203,21,29,-3203,9330
"GAATCATGATCATAAT-1","0",98,204,29918,-3568,19,29,-3568,9332
"CTTCAACGGCCTATCT-1","0",98,206,29917,-3934,17,29,-3934,9333
"AACTGACATTCAGAGC-1","0",98,208,29915,-4299,15,29,-4299,9335
"GTGCCAGTGGATGGTC-1","0",98,210,29913,-4664,13,29,-4664,9337
"CGGTAGTGTCTGTCCA-1","0",98,212,29911,-5029,11,29,-5029,9339
"TAGTTCCGCATCTATC-1","0",98,214,29910,-5394,9,29,-5394,9340
"AGGTGAGTGCAATGAA-1","0",98,216,29908,-5759,7,29,-5759,9342
"ATCGTCCTAGCGGTAG-1","0",98,218,29906,-6125,5,29,-6125,9344
"CCTCCACTCATACAGC-1","0",98,220,29905,-6490,3,29,-6490,9345
"AGCAATACAGCACGCT-1","0",98,222,29903,-6855,1,29,-6855,9347
"GTGGTTAATGCTACGC-1","0",99,1,30406,33494,222,28,33494,8844
"ACAAGTAGGCTGCATA-1","0",99,3,30404,33129,220,28,33129,8846
"CAATTGGTAGGTTCCA-1","0",99,5,30403,32764,218,28,32764,8847
"TGAAGAACGAACAGCA-1","0",99,7,30401,32399,216,28,32399,8849
"TAACGAGCTAGAATCT-1","0",99,9,30399,32034,214,28,32034,8851
"TACTCCGTGACAGTAG-1","0",99,11,30398,31669,212,28,31669,8852
"GATGACATGTTCACCA-1","0",99,13,30396,31303,210,28,31303,8854
"TAGTTCGTGACAATGC-1","0",99,15,30394,30938,208,28,30938,8856
"CGAGTTACTTCATTCG-1","0",99,17,30392,30573,206,28,30573,8858
"TCCTGAAGCGGTTGCC-1","0",99,19,30391,30208,204,28,30208,8859
"ATCCGGCGGTCTGGCT-1","0",99,21,30389,29843,202,28,29843,8861
"TACTAAGGACAACGTC-1","0",99,23,30387,29478,200,28,29478,8863
"ATCTCGGTTGGTGCTT-1","0",99,25,30386,29112,198,28,29112,8864
"CGCTTGCGTAGCATCG-1","0",99,27,30384,28747,196,28,28747,8866
"GCTTGCCGCAGTAAGT-1","0",99,29,30382,28382,194,28,28382,8868
"ATAATTGTGGAAGAGC-1","0",99,31,30380,28017,192,28,28017,8870
"TCCGTCAAGTACAAGA-1","0",99,33,30379,27652,190,28,27652,8871
"CACGCCGGACGGCCTT-1","0",99,35,30377,27287,188,28,27287,8873
"GTGAATTAGATTGTAA-1","0",99,37,30375,26921,186,28,26921,8875
"GTCTGCAACTCAGCTG-1","0",99,39,30374,26556,184,28,26556,8876
"CACTAAGCGTTCGGTT-1","0",99,41,30372,26191,182,28,26191,8878
"TACGACTTAACGTCTA-1","0",99,43,30370,25826,180,28,25826,8880
"CTATTATGGCTGACCA-1","0",99,45,30368,25461,178,28,25461,8882
"TGTTCAGAATCCTAAT-1","0",99,47,30367,25096,176,28,25096,8883
"TCCTGAAGCGCACCGA-1","0",99,49,30365,24730,174,28,24730,8885
"GTGGTTGCCTTCTACC-1","0",99,51,30363,24365,172,28,24365,8887
"GTCAGTATTGGACTAT-1","0",99,53,30362,24000,170,28,24000,8888
"CCTGTCGATGGCTCTA-1","0",99,55,30360,23635,168,28,23635,8890
"ATGCTGCGCTTATCAC-1","0",99,57,30358,23270,166,28,23270,8892
"CGACGCCGTACGTTCT-1","0",99,59,30356,22905,164,28,22905,8894
"TGCACGGCAGTCTTAC-1","0",99,61,30355,22540,162,28,22540,8895
"AGCCAGGACTTACGAC-1","0",99,63,30353,22174,160,28,22174,8897
"TCCTGAACATTGTTAC-1","0",99,65,30351,21809,158,28,21809,8899
"ATCTCCTGAGCGGCTG-1","0",99,67,30350,21444,156,28,21444,8900
"ACGCAATATTGACCTT-1","0",99,69,30348,21079,154,28,21079,8902
"CAGCGATGAGATCAGG-1","0",99,71,30346,20714,152,28,20714,8904
"CTGGTAAGCTTAACCG-1","0",99,73,30344,20349,150,28,20349,8906
"AGCACTTCCTGAGGAC-1","0",99,75,30343,19983,148,28,19983,8907
"TGATGGCCGTAGGTAA-1","0",99,77,30341,19618,146,28,19618,8909
"GATCCGGAACTCAGAT-1","1",99,79,30339,19253,144,28,19253,8911
"GGTTACTAACTACGTC-1","1",99,81,30338,18888,142,28,18888,8912
"GTTCATGGTGTACATC-1","1",99,83,30336,18523,140,28,18523,8914
"GCCTGGTATTAGATTC-1","1",99,85,30334,18158,138,28,18158,8916
"TCCAAGACCGGTACGG-1","1",99,87,30333,17792,136,28,17792,8917
"ATTGATCAGTTGAAGG-1","1",99,89,30331,17427,134,28,17427,8919
"TATGCGTGTCTTAGCG-1","1",99,91,30329,17062,132,28,17062,8921
"TAAGATAGTTCCGATT-1","1",99,93,30327,16697,130,28,16697,8923
"ATGTACATCCAATTAA-1","1",99,95,30326,16332,128,28,16332,8924
"CGTAACAGAATATCAC-1","1",99,97,30324,15967,126,28,15967,8926
"TATCAGAATTAAGTGA-1","1",99,99,30322,15601,124,28,15601,8928
"GTATACGGAAGGAGGT-1","1",99,101,30321,15236,122,28,15236,8929
"ACCGGCCGAGTGCACT-1","1",99,103,30319,14871,120,28,14871,8931
"GAACTGCATCAAGCAC-1","0",99,105,30317,14506,118,28,14506,8933
"CGTGTTCACGTCAGTG-1","0",99,107,30315,14141,116,28,14141,8935
"ATCTGACCAGGTGAGT-1","0",99,109,30314,13776,114,28,13776,8936
"TCTTAGACAGTTCGAA-1","1",99,111,30312,13410,112,28,13410,8938
"CGTCACAACTCAGCAC-1","1",99,113,30310,13045,110,28,13045,8940
"CGTGTTCAATTCAACC-1","1",99,115,30309,12680,108,28,12680,8941
"AACATCAAGTCGTATG-1","1",99,117,30307,12315,106,28,12315,8943
"GGTCTGTTCATGGTCA-1","1",99,119,30305,11950,104,28,11950,8945
"TCCATCAGTTCACTAT-1","1",99,121,30303,11585,102,28,11585,8947
"CTGATGGTTGCGAACT-1","1",99,123,30302,11219,100,28,11219,8948
"CATAATCAGATATCTG-1","1",99,125,30300,10854,98,28,10854,8950
"AATGAATATTCCTAGA-1","1",99,127,30298,10489,96,28,10489,8952
"ATCACCAGTATCGTAT-1","1",99,129,30297,10124,94,28,10124,8953
"GCTTGATCATCTGGTA-1","1",99,131,30295,9759,92,28,9759,8955
"GACAACCAACCGTATT-1","1",99,133,30293,9394,90,28,9394,8957
"CACTCAGTCCAGCGGA-1","1",99,135,30291,9028,88,28,9028,8959
"CAACGGACTGCTTCGA-1","1",99,137,30290,8663,86,28,8663,8960
"TGGCGAATGTCTTCGA-1","1",99,139,30288,8298,84,28,8298,8962
"TCCAACGCAGACCATA-1","1",99,141,30286,7933,82,28,7933,8964
"CGTGGCTCTATCGCGG-1","1",99,143,30285,7568,80,28,7568,8965
"AGGTACAAGCTTCAGT-1","1",99,145,30283,7203,78,28,7203,8967
"GGAGATCCGCGTGCGT-1","1",99,147,30281,6837,76,28,6837,8969
"AATACATGCTCAGTGA-1","1",99,149,30279,6472,74,28,6472,8971
"GCCGTACTAGCGACCT-1","1",99,151,30278,6107,72,28,6107,8972
"CGGTCCGCCACTAGAT-1","1",99,153,30276,5742,70,28,5742,8974
"CGTATGAACTGTGCAT-1","1",99,155,30274,5377,68,28,5377,8976
"GTTGGTGAGCGTCTCC-1","0",99,157,30273,5012,66,28,5012,8977
"CGGACTATTCGCATTG-1","0",99,159,30271,4646,64,28,4646,8979
"ACCAAGCGGAAGGCGG-1","0",99,161,30269,4281,62,28,4281,8981
"TGGACTTCATGATTAT-1","1",99,163,30267,3916,60,28,3916,8983
"CTGGTGTATCCTCATT-1","0",99,165,30266,3551,58,28,3551,8984
"TACAGGTGGCTCATTG-1","0",99,167,30264,3186,56,28,3186,8986
"GGTGATGGCTGCGATC-1","0",99,169,30262,2821,54,28,2821,8988
"TGCACGACATTGAAGC-1","0",99,171,30261,2455,52,28,2455,8989
"CGGTTGGCTGCGTTCC-1","0",99,173,30259,2090,50,28,2090,8991
"GGCCTATCGTCCTCTG-1","0",99,175,30257,1725,48,28,1725,8993
"ATTGCCACTTATACTC-1","0",99,177,30255,1360,46,28,1360,8995
"CACTCAAGGAGTGAAG-1","0",99,179,30254,995,44,28,995,8996
"CGATGATCCTCACTCG-1","0",99,181,30252,630,42,28,630,8998
"AGGCTCTGGCCGACCT-1","0",99,183,30250,264,40,28,264,9000
"ACAGTACGTCGCACTG-1","0",99,185,30249,-101,38,28,-101,9001
"CTCCGTCGGAGTTCAC-1","0",99,187,30247,-466,36,28,-466,9003
"ATGGCTAATCGTCCTA-1","0",99,189,30245,-831,34,28,-831,9005
"CCGTACGTTATCGGAT-1","0",99,191,30243,-1196,32,28,-1196,9007
"CGGTAGACCTGTGGTC-1","0",99,193,30242,-1561,30,28,-1561,9008
"TGCTTCATTCAGACAA-1","0",99,195,30240,-1927,28,28,-1927,9010
"CATTCTCCAGGATTCC-1","0",99,197,30238,-2292,26,28,-2292,9012
"GATGGATGCGTTACTC-1","0",99,199,30237,-2657,24,28,-2657,9013
"ACTGACGGCGTGGCTG-1","0",99,201,30235,-3022,22,28,-3022,9015
"GTTGCTCCAGATGAGT-1","0",99,203,30233,-3387,20,28,-3387,9017
"AGGAGCTGCCATGTAA-1","0",99,205,30231,-3752,18,28,-3752,9019
"AAGGAGCGTACCAGTA-1","0",99,207,30230,-4118,16,28,-4118,9020
"ATTGGCTACGATAATT-1","0",99,209,30228,-4483,14,28,-4483,9022
"TAGTTCATAACGGCTT-1","0",99,211,30226,-4848,12,28,-4848,9024
"GTTATTCCGGCTGATG-1","0",99,213,30225,-5213,10,28,-5213,9025
"GATGCCTACTATGGAT-1","0",99,215,30223,-5578,8,28,-5578,9027
"CTCGGAGTCTCGCTCA-1","0",99,217,30221,-5943,6,28,-5943,9029
"TCATTCAGTAATGGTC-1","0",99,219,30219,-6309,4,28,-6309,9031
"GAGTTATTAGACTTCT-1","0",99,221,30218,-6674,2,28,-6674,9032
"CTCAACGATCGCTGCA-1","0",99,223,30216,-7039,0,28,-7039,9034
"CGCTTCTAGCATCTGA-1","0",100,0,30725,33676,223,27,33676,8525
"AAGCGTCTTCCTCAGG-1","0",100,2,30723,33310,221,27,33310,8527
"GTTATGCAGTGACGGC-1","0",100,4,30721,32945,219,27,32945,8529
"TCAATTCCGCACGGCG-1","0",100,6,30720,32580,217,27,32580,8530
"AGCGTGTACAGTAACG-1","0",100,8,30718,32215,215,27,32215,8532
"GTGGTTGACTGGATAA-1","0",100,10,30716,31850,213,27,31850,8534
"GTCATAACCACGCACC-1","0",100,12,30714,31485,211,27,31485,8536
"GAACGCAGGCCTGTGC-1","0",100,14,30713,31119,209,27,31119,8537
"TCGAGTACATTGCACT-1","0",100,16,30711,30754,207,27,30754,8539
"GGCTCAGTGACCTGTC-1","0",100,18,30709,30389,205,27,30389,8541
"ATAAGACCACGTACTA-1","0",100,20,30708,30024,203,27,30024,8542
"TAACATCAATCCGCAC-1","0",100,22,30706,29659,201,27,29659,8544
"ATGTACGATGGTACAG-1","0",100,24,30704,29294,199,27,29294,8546
"CAGCCAAGCAAGTGCA-1","0",100,26,30702,28928,197,27,28928,8548
"CTTGATCTGCAGCGGT-1","0",100,28,30701,28563,195,27,28563,8549
"TGTAGTGGTTGTTCTG-1","0",100,30,30699,28198,193,27,28198,8551
"GCTCATGATACAGCTC-1","0",100,32,30697,27833,191,27,27833,8553
"GGACAGGTAACCGACA-1","0",100,34,30696,27468,189,27,27468,8554
"ACGAAGTTGATTCCTA-1","0",100,36,30694,27103,187,27,27103,8556
"CGGCCTGCCTTAGTGG-1","0",100,38,30692,26737,185,27,26737,8558
"TCGAGTATACGTCTTG-1","0",100,40,30690,26372,183,27,26372,8560
"TGATCTGTCGGATAGA-1","0",100,42,30689,26007,181,27,26007,8561
"GGCCGATAACATCTTG-1","0",100,44,30687,25642,179,27,25642,8563
"AATTCCAGTCTAGACG-1","0",100,46,30685,25277,177,27,25277,8565
"TCATGACACCGCACTC-1","0",100,48,30684,24912,175,27,24912,8566
"GTCAACGCTAGACCTA-1","0",100,50,30682,24546,173,27,24546,8568
"ACGGTGATACAACCGC-1","0",100,52,30680,24181,171,27,24181,8570
"TGCGATTACTATGGAG-1","0",100,54,30678,23816,169,27,23816,8572
"ACTTACGCTAGCGACA-1","0",100,56,30677,23451,167,27,23451,8573
"TAACTGAGAATTAGAA-1","0",100,58,30675,23086,165,27,23086,8575
"CTCGCATATCAACACG-1","0",100,60,30673,22721,163,27,22721,8577
"GCAGATTCACGCGGCT-1","0",100,62,30672,22355,161,27,22355,8578
"GCGTCGCCTCATGTCA-1","0",100,64,30670,21990,159,27,21990,8580
"TCTATGCCATAGACCT-1","0",100,66,30668,21625,157,27,21625,8582
"TAGACGGACTCAATGG-1","0",100,68,30666,21260,155,27,21260,8584
"CTCCATGGAAGATATT-1","0",100,70,30665,20895,153,27,20895,8585
"ACGGCTTCCTCGGAGG-1","0",100,72,30663,20530,151,27,20530,8587
"TGTCAGCGCTCGACAT-1","0",100,74,30661,20164,149,27,20164,8589
"CCGACCTCTAGCCGTC-1","0",100,76,30660,19799,147,27,19799,8590
"CCTCGCTTCAACCTTG-1","1",100,78,30658,19434,145,27,19434,8592
"TCGGAACGAGATGACT-1","1",100,80,30656,19069,143,27,19069,8594
"CGAGGATATTGAAGCG-1","1",100,82,30654,18704,141,27,18704,8596
"CGGAGCCAGTCTCGGC-1","1",100,84,30653,18339,139,27,18339,8597
"CAGCTTGGAGCTGAAG-1","1",100,86,30651,17973,137,27,17973,8599
"ATTAGACGTTGCTTGG-1","1",100,88,30649,17608,135,27,17608,8601
"CGTAGTCGCCAACCTA-1","1",100,90,30648,17243,133,27,17243,8602
"TCGGAGTGGTCAATTA-1","1",100,92,30646,16878,131,27,16878,8604
"AATGAACCGCGTAGTC-1","1",100,94,30644,16513,129,27,16513,8606
"GTACAGACTTAGTAGC-1","1",100,96,30642,16148,127,27,16148,8608
"GCGGTGAAGGTCACTG-1","1",100,98,30641,15782,125,27,15782,8609
"TCTACTTATCAGTGTT-1","1",100,100,30639,15417,123,27,15417,8611
"CACGCCGTCGGTCCTC-1","1",100,102,30637,15052,121,27,15052,8613
"AATTATGAAGATGCAG-1","1",100,104,30636,14687,119,27,14687,8614
"TACGGACCGTTATTCT-1","0",100,106,30634,14322,117,27,14322,8616
"ATTATCCGCCTGGCGT-1","0",100,108,30632,13957,115,27,13957,8618
"ATAAGAGCCTCCGACA-1","0",100,110,30630,13591,113,27,13591,8620
"CCGGACTAACTTACTG-1","0",100,112,30629,13226,111,27,13226,8621
"GACGAGGTGATCACTG-1","1",100,114,30627,12861,109,27,12861,8623
"TCATGACTATGCAGAA-1","1",100,116,30625,12496,107,27,12496,8625
"GGAATCAGAAGTTCTT-1","1",100,118,30624,12131,105,27,12131,8626
"ACGTCACTGGACGAAG-1","1",100,120,30622,11766,103,27,11766,8628
"TCTACGCATCAGTCCG-1","1",100,122,30620,11400,101,27,11400,8630
"CATCTTAGGACCTAGG-1","1",100,124,30618,11035,99,27,11035,8632
"GGAATGGTAACGGCAA-1","1",100,126,30617,10670,97,27,10670,8633
"CAGAACGCACGGAGTG-1","1",100,128,30615,10305,95,27,10305,8635
"ACAATACGGTAACAGG-1","1",100,130,30613,9940,93,27,9940,8637
"TACGTACATGACCAAC-1","1",100,132,30612,9575,91,27,9575,8638
"ATCGCCACGATATGCG-1","1",100,134,30610,9209,89,27,9209,8640
"AGCATGAGATGTGATT-1","1",100,136,30608,8844,87,27,8844,8642
"TGCGGAGGCAATAGAT-1","1",100,138,30607,8479,85,27,8479,8643
"GGAGCATCTGAGCTAG-1","1",100,140,30605,8114,83,27,8114,8645
"TCATGGTTGGATCGCC-1","1",100,142,30603,7749,81,27,7749,8647
"CACTACGTGGACTTCG-1","1",100,144,30601,7384,79,27,7384,8649
"ATACGTACATAGTGTT-1","1",100,146,30600,7018,77,27,7018,8650
"GTTCGACGTAGGTAGG-1","1",100,148,30598,6653,75,27,6653,8652
"AGCACGCTCCGCAGCT-1","1",100,150,30596,6288,73,27,6288,8654
"TCGCACCTCCTGCGGA-1","1",100,152,30595,5923,71,27,5923,8655
"CTTCAATCGTTGGTTC-1","1",100,154,30593,5558,69,27,5558,8657
"GCCACTGCAATGAGGC-1","0",100,156,30591,5193,67,27,5193,8659
"ACAGGCACAGTGCGCA-1","0",100,158,30589,4827,65,27,4827,8661
"GTATTACGCAGTAGAT-1","0",100,160,30588,4462,63,27,4462,8662
"GTAGACTCCGATCTAC-1","0",100,162,30586,4097,61,27,4097,8664
"TCTTACGACAGCGGAG-1","1",100,164,30584,3732,59,27,3732,8666
"CAGACACGGAGCAGCG-1","0",100,166,30583,3367,57,27,3367,8667
"ACTGACTAGCTTGTAT-1","0",100,168,30581,3002,55,27,3002,8669
"TCAGAATCTGGTTCAA-1","0",100,170,30579,2636,53,27,2636,8671
"GGACTCGTTGCGGCAT-1","0",100,172,30577,2271,51,27,2271,8673
"TGGACAATCGCCACCG-1","0",100,174,30576,1906,49,27,1906,8674
"GCCGTATGCAATCTGA-1","0",100,176,30574,1541,47,27,1541,8676
"TATGACGAGTTCATTC-1","0",100,178,30572,1176,45,27,1176,8678
"GTAACAGTATTGAGTC-1","0",100,180,30571,811,43,27,811,8679
"AATCGCGAGTCAACCA-1","0",100,182,30569,445,41,27,445,8681
"CCTGGCTTCAGACAAT-1","0",100,184,30567,80,39,27,80,8683
"CCTCTTAACCGGACGG-1","0",100,186,30565,-285,37,27,-285,8685
"TCTGCCGGAACCGGAC-1","0",100,188,30564,-650,35,27,-650,8686
"GTCAGTGACCGAAGCG-1","0",100,190,30562,-1015,33,27,-1015,8688
"GAGTAGCACTATCCAT-1","0",100,192,30560,-1380,31,27,-1380,8690
"ATGCATCAGATTCCTC-1","0",100,194,30559,-1746,29,27,-1746,8691
"TCGGACGCTGCATGGT-1","0",100,196,30557,-2111,27,27,-2111,8693
"AATACGCAGATTGTGC-1","0",100,198,30555,-2476,25,27,-2476,8695
"GCTCAACTAGCGGCTT-1","0",100,200,30553,-2841,23,27,-2841,8697
"TACGTTCTAAGGTGCG-1","0",100,202,30552,-3206,21,27,-3206,8698
"ATTCACTCGGTAGCAG-1","0",100,204,30550,-3571,19,27,-3571,8700
"GTTAGTTATTGGACAA-1","0",100,206,30548,-3937,17,27,-3937,8702
"GCATGCCGGCATCACC-1","0",100,208,30547,-4302,15,27,-4302,8703
"GATCTATGCCTTGACC-1","0",100,210,30545,-4667,13,27,-4667,8705
"GCGAGGCCATCTATCG-1","0",100,212,30543,-5032,11,27,-5032,8707
"AGAAGGCGCTATACGT-1","0",100,214,30541,-5397,9,27,-5397,8709
"TGGTACTCGATCAGAA-1","0",100,216,30540,-5762,7,27,-5762,8710
"TACCATTGTAAGGACT-1","0",100,218,30538,-6128,5,27,-6128,8712
"GAGTAGATTGAACAAG-1","0",100,220,30536,-6493,3,27,-6493,8714
"GGTATGTAACTTACCA-1","0",100,222,30535,-6858,1,27,-6858,8715
"AGAAGGTCACAGTGTT-1","0",101,1,31038,33492,222,26,33492,8212
"TCACGCGTATTCACGC-1","0",101,3,31036,33126,220,26,33126,8214
"GTCCTACAAGGTTGTA-1","0",101,5,31034,32761,218,26,32761,8216
"CGGTCCTACTCGTCTG-1","0",101,7,31033,32396,216,26,32396,8217
"CAGGCCACGGAGTTGT-1","0",101,9,31031,32031,214,26,32031,8219
"TAAGACGTGCGTGGCA-1","0",101,11,31029,31666,212,26,31666,8221
"TGTAATGATACACTAC-1","0",101,13,31028,31301,210,26,31301,8222
"TCGACTCACTTCGTGA-1","0",101,15,31026,30935,208,26,30935,8224
"CGACTGGTACATCACT-1","0",101,17,31024,30570,206,26,30570,8226
"ATGCCAAGGATTGATC-1","0",101,19,31022,30205,204,26,30205,8228
"TAAGACAAGAGCGATA-1","0",101,21,31021,29840,202,26,29840,8229
"GTCTGATACACTGAAT-1","0",101,23,31019,29475,200,26,29475,8231
"TATGTTGGACTCAGCA-1","0",101,25,31017,29110,198,26,29110,8233
"ACAAGTTCCTTATCGC-1","0",101,27,31016,28744,196,26,28744,8234
"CTTGTATCGCATACCG-1","0",101,29,31014,28379,194,26,28379,8236
"TCCAGTGCAACGCACC-1","0",101,31,31012,28014,192,26,28014,8238
"ACCTATGTTAGCAGGC-1","0",101,33,31010,27649,190,26,27649,8240
"CGTAGTTGGTGACCAC-1","0",101,35,31009,27284,188,26,27284,8241
"TCAGTCCGCCACTCTT-1","0",101,37,31007,26919,186,26,26919,8243
"CTTGTCTATCACATCT-1","0",101,39,31005,26553,184,26,26553,8245
"CAGTCTAGCTATAGCG-1","0",101,41,31004,26188,182,26,26188,8246
"GCGAACAACGGAATCG-1","0",101,43,31002,25823,180,26,25823,8248
"AGTCTAGCTTGTTACA-1","0",101,45,31000,25458,178,26,25458,8250
"GAATTCTGATAAGTAT-1","0",101,47,30999,25093,176,26,25093,8251
"CGCCTTCATTCAAGAC-1","0",101,49,30997,24728,174,26,24728,8253
"GTTCCGTGATGCGTAG-1","0",101,51,30995,24362,172,26,24362,8255
"ACGGCGAGGATGCAAT-1","0",101,53,30993,23997,170,26,23997,8257
"CATTGAAGGAGCCGCA-1","0",101,55,30992,23632,168,26,23632,8258
"GCTTCGCAATGCTCTA-1","0",101,57,30990,23267,166,26,23267,8260
"ACAGCGAGCTCATCAC-1","0",101,59,30988,22902,164,26,22902,8262
"TATTCAGAGCCAGGTT-1","0",101,61,30987,22537,162,26,22537,8263
"GTCGTTCAACCATCCA-1","0",101,63,30985,22171,160,26,22171,8265
"GGTGTCGGCGGTAGTC-1","0",101,65,30983,21806,158,26,21806,8267
"TGTCAGATGAGTGGCG-1","0",101,67,30981,21441,156,26,21441,8269
"ATAGGACTCATATGGC-1","0",101,69,30980,21076,154,26,21076,8270
"AACAGGATACTCTTAG-1","0",101,71,30978,20711,152,26,20711,8272
"AGTTGGAACAATCTGA-1","0",101,73,30976,20346,150,26,20346,8274
"GAGGTGCGCCTGCGAT-1","0",101,75,30975,19980,148,26,19980,8275
"CAGGAGTTATGTATAA-1","0",101,77,30973,19615,146,26,19615,8277
"CGCTGTATCCGGTTCT-1","1",101,79,30971,19250,144,26,19250,8279
"ATGGAGGTCAAGTCGC-1","1",101,81,30969,18885,142,26,18885,8281
"ATCCGGATGTGAAGGC-1","1",101,83,30968,18520,140,26,18520,8282
"CAGACGGTCAATAGTG-1","1",101,85,30966,18155,138,26,18155,8284
"GCACAGACAAGAACGC-1","1",101,87,30964,17789,136,26,17789,8286
"TGAGACTAGTCTGTCG-1","1",101,89,30963,17424,134,26,17424,8287
"CCGACAGAGGACCATT-1","1",101,91,30961,17059,132,26,17059,8289
"CGCCGGATACTTGGTT-1","1",101,93,30959,16694,130,26,16694,8291
"CTTATCATAGGTTCCA-1","1",101,95,30957,16329,128,26,16329,8293
"TCGCGGCCGCAGTTCT-1","1",101,97,30956,15964,126,26,15964,8294
"CCTTCATAGCTACACG-1","1",101,99,30954,15598,124,26,15598,8296
"CAGCACTGTAAGGTGC-1","0",101,101,30952,15233,122,26,15233,8298
"TGACGCCTCATCCGCC-1","0",101,103,30951,14868,120,26,14868,8299
"CTGGCCACGACCGCAT-1","0",101,105,30949,14503,118,26,14503,8301
"GATATCGATGGCGTGG-1","0",101,107,30947,14138,116,26,14138,8303
"AAGCGAAGTTAGCTCA-1","0",101,109,30945,13773,114,26,13773,8305
"TGACCATTCAGGCGAA-1","0",101,111,30944,13407,112,26,13407,8306
"CTCGGCAGGACGCATT-1","0",101,113,30942,13042,110,26,13042,8308
"CTATCGAGTGGCGAGC-1","1",101,115,30940,12677,108,26,12677,8310
"ACAAGTCTTCAACAGT-1","1",101,117,30939,12312,106,26,12312,8311
"CCTGAAGTGAACAAGA-1","1",101,119,30937,11947,104,26,11947,8313
"CCTACCACAGGCGTGG-1","1",101,121,30935,11582,102,26,11582,8315
"GTCTGTTGCTGGAGCT-1","1",101,123,30933,11216,100,26,11216,8317
"GTCACTGTCCTTGGCG-1","1",101,125,30932,10851,98,26,10851,8318
"TCAGTGCTTAAGCTTC-1","1",101,127,30930,10486,96,26,10486,8320
"TGTTAACGAGACATCG-1","1",101,129,30928,10121,94,26,10121,8322
"TCACTAAGTGTAGGTT-1","1",101,131,30927,9756,92,26,9756,8323
"GTTAATCTGGACTATT-1","1",101,133,30925,9391,90,26,9391,8325
"GAAGCGATACTAGGAT-1","1",101,135,30923,9025,88,26,9025,8327
"TGCCTAAGCTAAGACA-1","1",101,137,30921,8660,86,26,8660,8329
"ATGTACAGGATGGCCT-1","1",101,139,30920,8295,84,26,8295,8330
"GCTCAAGTACTACCTT-1","1",101,141,30918,7930,82,26,7930,8332
"AGACTCCATCCACCTT-1","1",101,143,30916,7565,80,26,7565,8334
"CGACTAGCTGCCGACA-1","1",101,145,30915,7200,78,26,7200,8335
"TACGCCTACCGTGGAA-1","1",101,147,30913,6834,76,26,6834,8337
"CGTGAGTTCCAGCGAA-1","1",101,149,30911,6469,74,26,6469,8339
"TCGCCAGGTTCATCTT-1","1",101,151,30909,6104,72,26,6104,8341
"CAGTTGATCTGTCACC-1","1",101,153,30908,5739,70,26,5739,8342
"AACCGTTGTCCTTGCT-1","0",101,155,30906,5374,68,26,5374,8344
"TATCAATAGAACGCTT-1","0",101,157,30904,5009,66,26,5009,8346
"CTATGCACGCGACCTG-1","0",101,159,30903,4643,64,26,4643,8347
"GACTGCAAGCTGGACA-1","0",101,161,30901,4278,62,26,4278,8349
"TCGATAGTACCTATCT-1","0",101,163,30899,3913,60,26,3913,8351
"ATTGTTACTTGATCTG-1","0",101,165,30897,3548,58,26,3548,8353
"GCACAGTGAGGCATAG-1","0",101,167,30896,3183,56,26,3183,8354
"ATTGTTCGCTCGCCTA-1","0",101,169,30894,2818,54,26,2818,8356
"ATGTACCTACCGCCAA-1","0",101,171,30892,2452,52,26,2452,8358
"ACCATCTAAGCGTTAA-1","0",101,173,30891,2087,50,26,2087,8359
"TCGCGGTCTAGCAGTT-1","0",101,175,30889,1722,48,26,1722,8361
"CTATCCATAACGGCAG-1","0",101,177,30887,1357,46,26,1357,8363
"TCCAGTGCCGCTATGT-1","0",101,179,30885,992,44,26,992,8365
"TGAGTTCCGTCATAGG-1","0",101,181,30884,627,42,26,627,8366
"TAGATGAGGTGATAGA-1","0",101,183,30882,261,40,26,261,8368
"TCTACATGCGCTGAGC-1","0",101,185,30880,-104,38,26,-104,8370
"CAGAGCTTGATTACTT-1","0",101,187,30879,-469,36,26,-469,8371
"CTGACTAACTAGCTTA-1","0",101,189,30877,-834,34,26,-834,8373
"ACCGATCTACTGCTGT-1","0",101,191,30875,-1199,32,26,-1199,8375
"GTTAGGACTTCGTTGA-1","0",101,193,30873,-1564,30,26,-1564,8377
"GCTCGCACCAGGTAAC-1","0",101,195,30872,-1930,28,26,-1930,8378
"GGAGATGTCTCATTGA-1","0",101,197,30870,-2295,26,26,-2295,8380
"CCGTTAAGTGATGCAG-1","0",101,199,30868,-2660,24,26,-2660,8382
"CTGGAATATCATACGT-1","0",101,201,30867,-3025,22,26,-3025,8383
"TGGCAATACATCACCT-1","0",101,203,30865,-3390,20,26,-3390,8385
"CTTCCGACAAGTGCCG-1","0",101,205,30863,-3755,18,26,-3755,8387
"CAAGTGAGGCTGAGCT-1","0",101,207,30861,-4121,16,26,-4121,8389
"TAGTATCGCATGAGGA-1","0",101,209,30860,-4486,14,26,-4486,8390
"ATCGCAGGCCACAGAA-1","0",101,211,30858,-4851,12,26,-4851,8392
"AATAACTTAAGCAGCG-1","0",101,213,30856,-5216,10,26,-5216,8394
"GTAGCACGTTACCATT-1","0",101,215,30855,-5581,8,26,-5581,8395
"AGACATTACCGAGTAG-1","0",101,217,30853,-5946,6,26,-5946,8397
"TCGCCTAATGTAATTG-1","0",101,219,30851,-6312,4,26,-6312,8399
"CAGAGCTGCCTCTGAG-1","0",101,221,30849,-6677,2,26,-6677,8401
"CTTGGTTAATCTCGCA-1","0",101,223,30848,-7042,0,26,-7042,8402
"ATCTTCTAGAATCAAT-1","0",102,0,31356,33673,223,25,33673,7894
"CGTGTACCATGTTCCG-1","0",102,2,31355,33307,221,25,33307,7895
"CGACGCGTACAGATGA-1","0",102,4,31353,32942,219,25,32942,7897
"ACTAACAACCGCTCGA-1","0",102,6,31351,32577,217,25,32577,7899
"GACGCCTCGGCGCCAA-1","0",102,8,31350,32212,215,25,32212,7900
"AACGAGCGGTTGTAGG-1","0",102,10,31348,31847,213,25,31847,7902
"AATTATGAATCCTGTC-1","0",102,12,31346,31482,211,25,31482,7904
"ATCTACGGAACGCAGC-1","0",102,14,31344,31116,209,25,31116,7906
"CAGACGGAAGGTTAGG-1","0",102,16,31343,30751,207,25,30751,7907
"ATAGTGTCTTACTGAC-1","0",102,18,31341,30386,205,25,30386,7909
"TACATTCGGTACATAC-1","0",102,20,31339,30021,203,25,30021,7911
"ACCAAGTGCTACCGAA-1","0",102,22,31338,29656,201,25,29656,7912
"GAAGCGGAATTAATGT-1","0",102,24,31336,29291,199,25,29291,7914
"ACGACTCGCTACCTCA-1","0",102,26,31334,28925,197,25,28925,7916
"ATGTGCGTTGATGGCG-1","0",102,28,31332,28560,195,25,28560,7918
"TATTCTCAATCCGGAT-1","0",102,30,31331,28195,193,25,28195,7919
"GCAGCGAGTAAGTAAT-1","0",102,32,31329,27830,191,25,27830,7921
"GATCCAATGCTCGTGC-1","0",102,34,31327,27465,189,25,27465,7923
"CTACGAGTAACGAAGG-1","0",102,36,31326,27100,187,25,27100,7924
"CATCGGTAATTGGTCT-1","0",102,38,31324,26734,185,25,26734,7926
"TCGGACGGCAGTCCAG-1","0",102,40,31322,26369,183,25,26369,7928
"ACATTGCGTGGACTGG-1","0",102,42,31320,26004,181,25,26004,7930
"CGGCGTCATGATACAA-1","0",102,44,31319,25639,179,25,25639,7931
"TAGAGTTGGTCTAATT-1","0",102,46,31317,25274,177,25,25274,7933
"GTCAGTAGGTTGGAGT-1","0",102,48,31315,24909,175,25,24909,7935
"CAAGTATCGGAGTTAC-1","0",102,50,31314,24543,173,25,24543,7936
"AGTGCAACCTAGAAGC-1","0",102,52,31312,24178,171,25,24178,7938
"ACCTGTAATTGTACCT-1","0",102,54,31310,23813,169,25,23813,7940
"AGGTCGCATATCGAGT-1","0",102,56,31308,23448,167,25,23448,7942
"CTCCAGTTGGAAGCGT-1","0",102,58,31307,23083,165,25,23083,7943
"CATAGACCTAGTAACA-1","0",102,60,31305,22718,163,25,22718,7945
"TGTAATACTGCGTGCC-1","0",102,62,31303,22352,161,25,22352,7947
"ATCTACAACTTCTGCA-1","0",102,64,31302,21987,159,25,21987,7948
"GGTAGACCAGAACGCT-1","0",102,66,31300,21622,157,25,21622,7950
"TACGACGTTAGGTGGA-1","0",102,68,31298,21257,155,25,21257,7952
"TAAGCATCGCTCATAG-1","0",102,70,31296,20892,153,25,20892,7954
"CGCCTATTCTTAACTC-1","0",102,72,31295,20527,151,25,20527,7955
"ATCTTAGTGGTTCTCA-1","0",102,74,31293,20161,149,25,20161,7957
"TAGCAAGATTACAGGA-1","0",102,76,31291,19796,147,25,19796,7959
"GTAGTTGTCGCTATTA-1","1",102,78,31290,19431,145,25,19431,7960
"ACGTAGGCCAAGCGTG-1","1",102,80,31288,19066,143,25,19066,7962
"CCTGAAGCGGCCATCT-1","1",102,82,31286,18701,141,25,18701,7964
"AATTGGAGTGTTAGGA-1","1",102,84,31285,18336,139,25,18336,7965
"AGACTCACTATTCTCC-1","1",102,86,31283,17970,137,25,17970,7967
"CATCGCCGGATTGCAG-1","1",102,88,31281,17605,135,25,17605,7969
"TGAGTTGACACTTAAC-1","1",102,90,31279,17240,133,25,17240,7971
"AATTCTCAGGACCTCA-1","1",102,92,31278,16875,131,25,16875,7972
"AGGACCAACCACGATA-1","1",102,94,31276,16510,129,25,16510,7974
"ATTCTTGTAGAAGGAT-1","1",102,96,31274,16145,127,25,16145,7976
"GGCAATTATGCGGTTA-1","1",102,98,31273,15779,125,25,15779,7977
"TATGACGGAGGCACGA-1","0",102,100,31271,15414,123,25,15414,7979
"TAGACAATGGAACAAG-1","0",102,102,31269,15049,121,25,15049,7981
"CCGCAAGGATTGCAGG-1","0",102,104,31267,14684,119,25,14684,7983
"ATGCATTAACTCATGG-1","0",102,106,31266,14319,117,25,14319,7984
"TGGTATACTCCAGAGC-1","0",102,108,31264,13954,115,25,13954,7986
"TGCTTAGAACCTCGTG-1","0",102,110,31262,13588,113,25,13588,7988
"CCATGGCAGTAGCGGC-1","0",102,112,31261,13223,111,25,13223,7989
"AGTGCTGTAGGAATGA-1","1",102,114,31259,12858,109,25,12858,7991
"GGCGTGAGAAGTATCA-1","1",102,116,31257,12493,107,25,12493,7993
"CAGAGGTAGTAATCTG-1","1",102,118,31255,12128,105,25,12128,7995
"GAGTTCATTAAGCAGG-1","1",102,120,31254,11763,103,25,11763,7996
"ACGGATGATCAACGCA-1","1",102,122,31252,11397,101,25,11397,7998
"GTGCAGCTGGAATGGT-1","1",102,124,31250,11032,99,25,11032,8000
"CGACTAGAGGCGGTAT-1","1",102,126,31249,10667,97,25,10667,8001
"AATTATACAGTCTACA-1","1",102,128,31247,10302,95,25,10302,8003
"ACAGGTGGATGTTGCT-1","1",102,130,31245,9937,93,25,9937,8005
"GTGCATAGCGGCGATA-1","1",102,132,31243,9572,91,25,9572,8007
"ATCATTCCACCGTTCT-1","1",102,134,31242,9206,89,25,9206,8008
"AGTATTCATCGCGACG-1","1",102,136,31240,8841,87,25,8841,8010
"CCTGGCGAATCCTAGG-1","1",102,138,31238,8476,85,25,8476,8012
"AGCCTCAATAGCGTGG-1","1",102,140,31237,8111,83,25,8111,8013
"TGACGGCAATTCCGTC-1","1",102,142,31235,7746,81,25,7746,8015
"TACCGCGTCGGTTCTG-1","1",102,144,31233,7381,79,25,7381,8017
"AACTGCAATTCCTAGA-1","1",102,146,31231,7015,77,25,7015,8019
"GTGGCGACAGTACTTG-1","1",102,148,31230,6650,75,25,6650,8020
"GTCCTTATGAACTCGG-1","1",102,150,31228,6285,73,25,6285,8022
"GAGTAGACGGTGTTCC-1","1",102,152,31226,5920,71,25,5920,8024
"CACGATAATTATCCGG-1","1",102,154,31225,5555,69,25,5555,8025
"AACTCACCTATCGATC-1","1",102,156,31223,5190,67,25,5190,8027
"TGAGACGTCCGATCAC-1","0",102,158,31221,4824,65,25,4824,8029
"AGCGGTTCTTGGTTGT-1","0",102,160,31219,4459,63,25,4459,8031
"GTCGAGGACCGGTAAG-1","0",102,162,31218,4094,61,25,4094,8032
"TAGAACCTATCTATTC-1","0",102,164,31216,3729,59,25,3729,8034
"TGTAATGTATTCGAAT-1","0",102,166,31214,3364,57,25,3364,8036
"GTAACATAATCTCAAT-1","0",102,168,31213,2999,55,25,2999,8037
"TCATTCGGTCATGTAT-1","0",102,170,31211,2633,53,25,2633,8039
"AGTGCATTGGAACTAA-1","0",102,172,31209,2268,51,25,2268,8041
"GACTTGAATGACTGCC-1","0",102,174,31207,1903,49,25,1903,8043
"TGCACGGCCACCGGAG-1","0",102,176,31206,1538,47,25,1538,8044
"CATACCGTGGATGGCC-1","0",102,178,31204,1173,45,25,1173,8046
"TGGCGGCCGCAACGTC-1","0",102,180,31202,808,43,25,808,8048
"TGGAGTGCGTTACATA-1","0",102,182,31201,443,41,25,443,8049
"TAAGACGCCGACTCCG-1","0",102,184,31199,77,39,25,77,8051
"ACGTGGTTACTTGGTA-1","0",102,186,31197,-288,37,25,-288,8053
"AGACAGGCTTCGAGTG-1","0",102,188,31195,-653,35,25,-653,8055
"AATTGGCCAAGAGCAG-1","0",102,190,31194,-1018,33,25,-1018,8056
"CTATCTTGTTATCAAG-1","0",102,192,31192,-1383,31,25,-1383,8058
"TATCTACCAGTTACAA-1","0",102,194,31190,-1748,29,25,-1748,8060
"CTCCTAAGACTCTGTA-1","0",102,196,31189,-2114,27,25,-2114,8061
"AACGCACGAACGGTAT-1","0",102,198,31187,-2479,25,25,-2479,8063
"ACCTGCACGCTCCATC-1","0",102,200,31185,-2844,23,25,-2844,8065
"ATTATGATTCGTGGTT-1","0",102,202,31183,-3209,21,25,-3209,8067
"TGGTGATGTCGCCTTC-1","0",102,204,31182,-3574,19,25,-3574,8068
"GTAACAGGCATAGTAT-1","0",102,206,31180,-3939,17,25,-3939,8070
"AGGCTCTGAGGCTTAT-1","0",102,208,31178,-4305,15,25,-4305,8072
"CATCAGGCAGCGCCTA-1","0",102,210,31177,-4670,13,25,-4670,8073
"GCTCCGACGTGCGAGC-1","0",102,212,31175,-5035,11,25,-5035,8075
"GGCAGCATCTTGTCGT-1","0",102,214,31173,-5400,9,25,-5400,8077
"TCGGCGCAGTTCAGCG-1","0",102,216,31171,-5765,7,25,-5765,8079
"CTCCTTAATACAATGT-1","0",102,218,31170,-6130,5,25,-6130,8080
"GCCAGAATCCAGCGCC-1","0",102,220,31168,-6496,3,25,-6496,8082
"AGACCTTCACCAATGG-1","0",102,222,31166,-6861,1,25,-6861,8084
"TATCGTTCACTAATTA-1","0",103,1,31670,33489,222,24,33489,7580
"GCACTGCGTAATGAAT-1","0",103,3,31668,33123,220,24,33123,7582
"CTTACGAAGGTGAATT-1","0",103,5,31666,32758,218,24,32758,7584
"ATAGCTGTGACCATTC-1","0",103,7,31665,32393,216,24,32393,7585
"TCAATTGGCCGGATGT-1","0",103,9,31663,32028,214,24,32028,7587
"GTCGTAATTCCTGTCC-1","0",103,11,31661,31663,212,24,31663,7589
"CACCTAGATACTTAGG-1","0",103,13,31659,31298,210,24,31298,7591
"ACTCGTCAGATGACCT-1","0",103,15,31658,30932,208,24,30932,7592
"CTCCAATCTTGCCATG-1","0",103,17,31656,30567,206,24,30567,7594
"ACAGTACGATCGAGCG-1","0",103,19,31654,30202,204,24,30202,7596
"ACCAAGTTAGCTAGTA-1","0",103,21,31653,29837,202,24,29837,7597
"TAACGAGCACCGCCAG-1","0",103,23,31651,29472,200,24,29472,7599
"GACAGAGGTAAGGTAA-1","0",103,25,31649,29107,198,24,29107,7601
"GGTGAGTCAGTACGAA-1","0",103,27,31647,28741,196,24,28741,7603
"GTTAGGCTTAGACCTT-1","0",103,29,31646,28376,194,24,28376,7604
"GCAAGATATCCAAGTA-1","0",103,31,31644,28011,192,24,28011,7606
"GGCCTTACCGCTAGTT-1","0",103,33,31642,27646,190,24,27646,7608
"CGAGGAGCGAGGTTGT-1","0",103,35,31641,27281,188,24,27281,7609
"CTGTCAATGGCTATTA-1","0",103,37,31639,26916,186,24,26916,7611
"CCGTTCTATCTAGGAG-1","0",103,39,31637,26550,184,24,26550,7613
"CTTGTATCGTTGCTAT-1","0",103,41,31635,26185,182,24,26185,7615
"TAGGACAGGTACGCAA-1","0",103,43,31634,25820,180,24,25820,7616
"ATCGTCGATTCACCAG-1","0",103,45,31632,25455,178,24,25455,7618
"AACAATCCGAGTGGAC-1","0",103,47,31630,25090,176,24,25090,7620
"TCTAGCGAGCTGATGT-1","0",103,49,31629,24725,174,24,24725,7621
"TGTTCGAGGCCAAGGA-1","0",103,51,31627,24359,172,24,24359,7623
"TGGCGATAGTACCGTG-1","0",103,53,31625,23994,170,24,23994,7625
"CATGCGGCATACATTG-1","0",103,55,31623,23629,168,24,23629,7627
"GCTTCGCTCAGGTCCA-1","0",103,57,31622,23264,166,24,23264,7628
"GCAAGACGCAGGTGTC-1","0",103,59,31620,22899,164,24,22899,7630
"TCACTACGATACTATT-1","0",103,61,31618,22534,162,24,22534,7632
"TGATAGCGAAGCATAA-1","0",103,63,31617,22168,160,24,22168,7633
"CTGGCCTGTAGCGGCA-1","0",103,65,31615,21803,158,24,21803,7635
"CTTACGATTCCACGTC-1","0",103,67,31613,21438,156,24,21438,7637
"CAACGCGTTGTCACGT-1","0",103,69,31611,21073,154,24,21073,7639
"AAGCCACGGAACCATC-1","0",103,71,31610,20708,152,24,20708,7640
"GTTGACAGATTCATTA-1","0",103,73,31608,20343,150,24,20343,7642
"TCAGATGGTGTAACAA-1","0",103,75,31606,19977,148,24,19977,7644
"CTGACTAACTCGGCAT-1","0",103,77,31605,19612,146,24,19612,7645
"GATCTTCCTATGTATC-1","1",103,79,31603,19247,144,24,19247,7647
"CTACAGTATCCTGGCA-1","1",103,81,31601,18882,142,24,18882,7649
"GAATAGTGAGCGTACG-1","1",103,83,31599,18517,140,24,18517,7651
"TCTGGATACGTCGGAT-1","1",103,85,31598,18152,138,24,18152,7652
"CATCCTATTGCCGCGG-1","1",103,87,31596,17786,136,24,17786,7654
"TATTGACGAGGATTGT-1","1",103,89,31594,17421,134,24,17421,7656
"CATTGTCATAGACCGA-1","1",103,91,31593,17056,132,24,17056,7657
"GTTATTACCTGAACCG-1","1",103,93,31591,16691,130,24,16691,7659
"ACGGTTCCAGCTGCTC-1","1",103,95,31589,16326,128,24,16326,7661
"TAGGCAGCACCGCAGC-1","1",103,97,31587,15961,126,24,15961,7663
"GTAACGTTACAGACGG-1","1",103,99,31586,15595,124,24,15595,7664
"CTTAGAGCCAGTGATG-1","0",103,101,31584,15230,122,24,15230,7666
"GTCCGTACCGAAGGAA-1","0",103,103,31582,14865,120,24,14865,7668
"AGGTCGAAGATAGCCT-1","0",103,105,31581,14500,118,24,14500,7669
"AACTTCAGCATACAGA-1","0",103,107,31579,14135,116,24,14135,7671
"CTATCGTAGTGCATAA-1","0",103,109,31577,13770,114,24,13770,7673
"CCTTAATTACTGGAGC-1","1",103,111,31575,13404,112,24,13404,7675
"CGCAAGAATCAGCACT-1","1",103,113,31574,13039,110,24,13039,7676
"ACGCGGCCGAGCTTAG-1","1",103,115,31572,12674,108,24,12674,7678
"CACGCCTGTACGGCAT-1","1",103,117,31570,12309,106,24,12309,7680
"GAATCATATGAGTTCC-1","1",103,119,31569,11944,104,24,11944,7681
"TGCCTAGCTTCCTCGT-1","1",103,121,31567,11579,102,24,11579,7683
"GCGAAGGCCTTAGACC-1","1",103,123,31565,11213,100,24,11213,7685
"GACCGTCATCGAACAT-1","1",103,125,31563,10848,98,24,10848,7687
"CGACTGAACACTGGTT-1","1",103,127,31562,10483,96,24,10483,7688
"GCTTGGTCGCGTGCGA-1","1",103,129,31560,10118,94,24,10118,7690
"ACATCTAATAGCAATG-1","1",103,131,31558,9753,92,24,9753,7692
"CGACCAACAGCGCATA-1","1",103,133,31557,9388,90,24,9388,7693
"CCGGAGTCCGTTACGC-1","1",103,135,31555,9022,88,24,9022,7695
"CGTGAGCGCCGAGTCA-1","1",103,137,31553,8657,86,24,8657,7697
"GCGGTTCATAAGCTGG-1","1",103,139,31551,8292,84,24,8292,7699
"TAGGCTTCACCGATGT-1","1",103,141,31550,7927,82,24,7927,7700
"CGCCTTGGTCGCTTAG-1","1",103,143,31548,7562,80,24,7562,7702
"AGGACGTACAGTCTAC-1","1",103,145,31546,7197,78,24,7197,7704
"CAAGGTCACTCCAACA-1","1",103,147,31545,6831,76,24,6831,7705
"TCGTATACTCTTAGCG-1","1",103,149,31543,6466,74,24,6466,7707
"GTCGAGTGAATCAGAA-1","1",103,151,31541,6101,72,24,6101,7709
"ATGAGTAGATAGCCAT-1","1",103,153,31539,5736,70,24,5736,7711
"CTAGGACCGCTAGCAG-1","1",103,155,31538,5371,68,24,5371,7712
"GTCGGCCTGATGCTTA-1","0",103,157,31536,5006,66,24,5006,7714
"TCGACTATGGCTACGC-1","0",103,159,31534,4640,64,24,4640,7716
"TGCGTTCGCACGGCTT-1","0",103,161,31533,4275,62,24,4275,7717
"AAGTACGTGCTAAGCG-1","0",103,163,31531,3910,60,24,3910,7719
"GGCGACATTCGGCCAT-1","0",103,165,31529,3545,58,24,3545,7721
"CTCGAGGTCTTGTAGG-1","0",103,167,31527,3180,56,24,3180,7723
"GTTCATGAGGCACCGG-1","0",103,169,31526,2815,54,24,2815,7724
"ACCTGGCAGCGTACTC-1","0",103,171,31524,2449,52,24,2449,7726
"GAGGTAGATCTTCGGT-1","0",103,173,31522,2084,50,24,2084,7728
"TGCTTAGTCCTCTGAA-1","0",103,175,31521,1719,48,24,1719,7729
"GTTGATTCGAGTGCTG-1","0",103,177,31519,1354,46,24,1354,7731
"GTAACACCATACGCGA-1","0",103,179,31517,989,44,24,989,7733
"ATGTACATTGGACAAT-1","0",103,181,31515,624,42,24,624,7735
"GTTGACGGCGAAGACC-1","0",103,183,31514,258,40,24,258,7736
"CGGTAACGCATTCTGA-1","0",103,185,31512,-107,38,24,-107,7738
"ATACAGTGCCGACTGA-1","0",103,187,31510,-472,36,24,-472,7740
"ACCGGATATGTCACAG-1","0",103,189,31509,-837,34,24,-837,7741
"TGCACCTCGGCTTCGG-1","0",103,191,31507,-1202,32,24,-1202,7743
"CTATTCGTTGGAAGTA-1","0",103,193,31505,-1567,30,24,-1567,7745
"CCGACAGAGCATTAAG-1","0",103,195,31503,-1933,28,24,-1933,7747
"TATCAATCTGTTAAGG-1","0",103,197,31502,-2298,26,24,-2298,7748
"CACTGTGGATAGATTC-1","0",103,199,31500,-2663,24,24,-2663,7750
"CGTGAGTCTAGCGACA-1","0",103,201,31498,-3028,22,24,-3028,7752
"ACATCTACAATCCTCA-1","0",103,203,31497,-3393,20,24,-3393,7753
"TCATGATTAATAAGGA-1","0",103,205,31495,-3758,18,24,-3758,7755
"GTATTCCACCAACAAT-1","0",103,207,31493,-4124,16,24,-4124,7757
"CCAGTCACGAGCCGAT-1","0",103,209,31491,-4489,14,24,-4489,7759
"TCTACTTGCGAGCCTA-1","0",103,211,31490,-4854,12,24,-4854,7760
"ATTATCCGAAGGATAA-1","0",103,213,31488,-5219,10,24,-5219,7762
"CGACCTTGATCTTATG-1","0",103,215,31486,-5584,8,24,-5584,7764
"TGCTATGTATCCTCTA-1","0",103,217,31485,-5949,6,24,-5949,7765
"ATCGTAGCGGTACACT-1","0",103,219,31483,-6315,4,24,-6315,7767
"GCCGTGTTCCAGCCGC-1","0",103,221,31481,-6680,2,24,-6680,7769
"ATTCCGCATAACTGCA-1","0",103,223,31479,-7045,0,24,-7045,7771
"CATCTTCAATAATTCC-1","0",104,0,31988,33670,223,23,33670,7262
"TACAAGTCCAGAGCTG-1","0",104,2,31986,33304,221,23,33304,7264
"TCAGGAGCTAGAACGC-1","0",104,4,31985,32939,219,23,32939,7265
"CGTGCCTGTAATCTGG-1","0",104,6,31983,32574,217,23,32574,7267
"ATTCGTAATTGCATGT-1","0",104,8,31981,32209,215,23,32209,7269
"TGGCAGATGGCACCGC-1","0",104,10,31980,31844,213,23,31844,7270
"TACTCCGTTGCAGCCT-1","0",104,12,31978,31479,211,23,31479,7272
"AGTTAACCGCGAGGTT-1","0",104,14,31976,31113,209,23,31113,7274
"TGACAGACTGCGCACG-1","0",104,16,31974,30748,207,23,30748,7276
"GAAGCTTAGAGCATCC-1","0",104,18,31973,30383,205,23,30383,7277
"CTTAGCGTACGGTCTA-1","0",104,20,31971,30018,203,23,30018,7279
"TAGCGTGCTTACCGGT-1","0",104,22,31969,29653,201,23,29653,7281
"CTAACTAACGGCCAGC-1","0",104,24,31968,29288,199,23,29288,7282
"TCGTATAGAATCTGCG-1","0",104,26,31966,28922,197,23,28922,7284
"CTTCGCTCTGGTGACA-1","0",104,28,31964,28557,195,23,28557,7286
"CACTGGCTCCACCTAC-1","0",104,30,31963,28192,193,23,28192,7287
"TAGTGCGGTCAGACAT-1","0",104,32,31961,27827,191,23,27827,7289
"GGCGCCGTTGCGCAAT-1","0",104,34,31959,27462,189,23,27462,7291
"TCACGCAGGATCGGTA-1","0",104,36,31957,27097,187,23,27097,7293
"TGGAAGTTGTATAATT-1","0",104,38,31956,26731,185,23,26731,7294
"CGGTTGGCCATAGCCG-1","0",104,40,31954,26366,183,23,26366,7296
"ACGGCAACAGCAAGTT-1","0",104,42,31952,26001,181,23,26001,7298
"ATTCACGTTCGATCAT-1","0",104,44,31951,25636,179,23,25636,7299
"GTAGCGTGCTACAGAA-1","0",104,46,31949,25271,177,23,25271,7301
"CTTGTCGCTGAATACC-1","0",104,48,31947,24906,175,23,24906,7303
"GGATTCCTGGAAGAGC-1","0",104,50,31945,24540,173,23,24540,7305
"TCATCCGTACATACGG-1","0",104,52,31944,24175,171,23,24175,7306
"ATCGTACAGATTACCT-1","0",104,54,31942,23810,169,23,23810,7308
"TGTCAGACATGCGAAG-1","0",104,56,31940,23445,167,23,23445,7310
"CGTAACATGGAAGCTT-1","0",104,58,31939,23080,165,23,23080,7311
"GAATGACTACGCATGA-1","0",104,60,31937,22715,163,23,22715,7313
"CGCACTTCTAGCGGCT-1","0",104,62,31935,22350,161,23,22350,7315
"CACTGACTAAGGTTGA-1","0",104,64,31933,21984,159,23,21984,7317
"TGCGGCTACTGGATAG-1","0",104,66,31932,21619,157,23,21619,7318
"CTTCACTTATTGCTCC-1","0",104,68,31930,21254,155,23,21254,7320
"CCATTCTAGCCTCATC-1","0",104,70,31928,20889,153,23,20889,7322
"TATCTAGTGGCGCAAC-1","0",104,72,31927,20524,151,23,20524,7323
"AGACTCCTATCCTATC-1","0",104,74,31925,20159,149,23,20159,7325
"CACCTAATACGCGTCA-1","0",104,76,31923,19793,147,23,19793,7327
"ACAGCGGTGCATCACG-1","1",104,78,31921,19428,145,23,19428,7329
"GTGACAACGACAACCA-1","1",104,80,31920,19063,143,23,19063,7330
"ACGGCTGCAATAACGA-1","1",104,82,31918,18698,141,23,18698,7332
"AGCCACAGAACTCACG-1","1",104,84,31916,18333,139,23,18333,7334
"ATAGTTACGTTAAGTA-1","1",104,86,31915,17968,137,23,17968,7335
"GCTCAAGTGAGTGGAC-1","1",104,88,31913,17602,135,23,17602,7337
"CTCACGGAAGCCTGTA-1","1",104,90,31911,17237,133,23,17237,7339
"ACCGGCTAGCCGTCTG-1","1",104,92,31909,16872,131,23,16872,7341
"GCCTCCACTTAACGCC-1","1",104,94,31908,16507,129,23,16507,7342
"TGTCGAGTTAGCTTAT-1","1",104,96,31906,16142,127,23,16142,7344
"GCCTTCACAATAGAGT-1","1",104,98,31904,15777,125,23,15777,7346
"TGTAATCGCATAGGAT-1","1",104,100,31903,15411,123,23,15411,7347
"TACCGGTTCAATGTGC-1","0",104,102,31901,15046,121,23,15046,7349
"GCCAACGGTGAAGCAA-1","0",104,104,31899,14681,119,23,14681,7351
"AACATCTGGCACTAGC-1","0",104,106,31897,14316,117,23,14316,7353
"AGACTGCGCCACGGCT-1","0",104,108,31896,13951,115,23,13951,7354
"AAGGCCTCTATCTAGA-1","1",104,110,31894,13586,113,23,13586,7356
"CATGACGTCAATTGCA-1","1",104,112,31892,13220,111,23,13220,7358
"TAATTATCTTATCTCC-1","1",104,114,31891,12855,109,23,12855,7359
"GTCACTGGCCAGTTAA-1","1",104,116,31889,12490,107,23,12490,7361
"AACAGCCTCCTGACTA-1","1",104,118,31887,12125,105,23,12125,7363
"AACATAGAAGACTGTT-1","1",104,120,31885,11760,103,23,11760,7365
"GTTCCTTGCCTCACAG-1","1",104,122,31884,11395,101,23,11395,7366
"CGAGCGATCGACATGG-1","1",104,124,31882,11029,99,23,11029,7368
"CTGGCTCGCTGATTGT-1","1",104,126,31880,10664,97,23,10664,7370
"TATCCTGGTGTTAACT-1","1",104,128,31879,10299,95,23,10299,7371
"GACTAGATGTGCTCGG-1","1",104,130,31877,9934,93,23,9934,7373
"GGTCTATCGCACCTTA-1","1",104,132,31875,9569,91,23,9569,7375
"TCCTGAGTTCGGTATC-1","1",104,134,31873,9204,89,23,9204,7377
"TAGGATTATCGGTCAC-1","1",104,136,31872,8838,87,23,8838,7378
"GCTCAACCGTGGATAA-1","1",104,138,31870,8473,85,23,8473,7380
"CTAATTGTCGATAACA-1","1",104,140,31868,8108,83,23,8108,7382
"TAGTTCGACGCATACT-1","1",104,142,31867,7743,81,23,7743,7383
"CCGGCGAGTTATCATG-1","1",104,144,31865,7378,79,23,7378,7385
"TCCTGACACTCGGCCT-1","1",104,146,31863,7013,77,23,7013,7387
"AGCGCTACTTCCGCTG-1","1",104,148,31861,6647,75,23,6647,7389
"GTAGCGGTTGGTACAA-1","1",104,150,31860,6282,73,23,6282,7390
"TCCTTACGCTGGATTA-1","1",104,152,31858,5917,71,23,5917,7392
"ATGATTAGTACAAGCC-1","0",104,154,31856,5552,69,23,5552,7394
"TCAGTGATTCACCGAT-1","0",104,156,31855,5187,67,23,5187,7395
"TGAGTGTCGGTCGTGC-1","0",104,158,31853,4822,65,23,4822,7397
"CTATGCAAGGTTGCAC-1","0",104,160,31851,4456,63,23,4456,7399
"CTTACGACCATACTTC-1","0",104,162,31849,4091,61,23,4091,7401
"TGCCGCTAATCCTGGC-1","0",104,164,31848,3726,59,23,3726,7402
"CCTCTATTGGAGCGTC-1","0",104,166,31846,3361,57,23,3361,7404
"CAGATTAGACAGGTTC-1","0",104,168,31844,2996,55,23,2996,7406
"CAAGGCTCGTAAGGCT-1","0",104,170,31843,2631,53,23,2631,7407
"GAAGCTAATTATCTCC-1","0",104,172,31841,2265,51,23,2265,7409
"CGAGAACGTAGTCTAA-1","0",104,174,31839,1900,49,23,1900,7411
"CTGGTAGACACTCACC-1","0",104,176,31837,1535,47,23,1535,7413
"TAATTCCTACTCGCTT-1","0",104,178,31836,1170,45,23,1170,7414
"AATTCAGACCTACGCA-1","0",104,180,31834,805,43,23,805,7416
"TAGTGATCACATTAAG-1","0",104,182,31832,440,41,23,440,7418
"AAGTTACTTCGTTCGA-1","0",104,184,31831,74,39,23,74,7419
"TCAGGAGCTAATCAGG-1","0",104,186,31829,-291,37,23,-291,7421
"CGATGCTGTCATACAA-1","0",104,188,31827,-656,35,23,-656,7423
"ATTAGATTATACTCCT-1","0",104,190,31825,-1021,33,23,-1021,7425
"TCTGCGCTACAGACTA-1","0",104,192,31824,-1386,31,23,-1386,7426
"GACTGGCCGTGATCTA-1","0",104,194,31822,-1751,29,23,-1751,7428
"TGTTCATATGACGCAA-1","0",104,196,31820,-2117,27,23,-2117,7430
"ATGTTAGAGTAAGCCG-1","0",104,198,31819,-2482,25,23,-2482,7431
"TGCACGAACCTGCAGA-1","0",104,200,31817,-2847,23,23,-2847,7433
"GGCTAGTTGTATGACT-1","0",104,202,31815,-3212,21,23,-3212,7435
"AACAGTCGAGGTAGAT-1","0",104,204,31813,-3577,19,23,-3577,7437
"GGAGTGCCAGGCTCTT-1","0",104,206,31812,-3942,17,23,-3942,7438
"GCTTGCCAGAGCAGCG-1","0",104,208,31810,-4308,15,23,-4308,7440
"TGTTAGCGTCGAGGAA-1","0",104,210,31808,-4673,13,23,-4673,7442
"GCCAGACCACAGAACA-1","0",104,212,31807,-5038,11,23,-5038,7443
"GCATTGACCTCGTACA-1","0",104,214,31805,-5403,9,23,-5403,7445
"CGGCATCTTCCTGTAG-1","0",104,216,31803,-5768,7,23,-5768,7447
"AGTTCCATGGAACAAG-1","0",104,218,31801,-6133,5,23,-6133,7449
"GCGACGTCAGACAGCG-1","0",104,220,31800,-6499,3,23,-6499,7450
"TGCCTACGACTAGCGA-1","0",104,222,31798,-6864,1,23,-6864,7452
"CTAATTACTCGGTAAT-1","0",105,1,32301,33486,222,22,33486,6949
"TAACGCGGCCAGATTG-1","0",105,3,32300,33120,220,22,33120,6950
"AATCGGCGCATGTCAC-1","0",105,5,32298,32755,218,22,32755,6952
"CAGTAAGATATCCTAA-1","0",105,7,32296,32390,216,22,32390,6954
"AATGGCAAGACATATT-1","0",105,9,32295,32025,214,22,32025,6955
"AGGACATTAGTGGAAC-1","0",105,11,32293,31660,212,22,31660,6957
"CGAGTCTTGTTAATGC-1","0",105,13,32291,31295,210,22,31295,6959
"GTCGCAATAGTAACCG-1","0",105,15,32289,30929,208,22,30929,6961
"CATAGACTATTCGGTC-1","0",105,17,32288,30564,206,22,30564,6962
"CCTAATTGCCATCAAC-1","0",105,19,32286,30199,204,22,30199,6964
"TGCCTACTGACTGCGT-1","0",105,21,32284,29834,202,22,29834,6966
"TGATTCGTAGCCGAGC-1","0",105,23,32283,29469,200,22,29469,6967
"GATATGCTGTAACTGT-1","0",105,25,32281,29104,198,22,29104,6969
"ACGCTCGGAACTCCTG-1","0",105,27,32279,28738,196,22,28738,6971
"GGAATGTTGCCTTGAG-1","0",105,29,32277,28373,194,22,28373,6973
"AATTGGCCTTATTCGG-1","0",105,31,32276,28008,192,22,28008,6974
"GTTATTCTCGCTAAGA-1","0",105,33,32274,27643,190,22,27643,6976
"ATTGCCAATGGTCACC-1","0",105,35,32272,27278,188,22,27278,6978
"TACGGACAGAACGCTA-1","0",105,37,32271,26913,186,22,26913,6979
"CGTAGAGCAAGAGGCT-1","0",105,39,32269,26547,184,22,26547,6981
"ATGTAGAAGCACAGCA-1","0",105,41,32267,26182,182,22,26182,6983
"TCCAGTTGTCCAGAAT-1","0",105,43,32265,25817,180,22,25817,6985
"TCATCTACAGCCTTGA-1","0",105,45,32264,25452,178,22,25452,6986
"CTCCTAAGTCGGTTGT-1","0",105,47,32262,25087,176,22,25087,6988
"GGTAGCTAATTGAATT-1","0",105,49,32260,24722,174,22,24722,6990
"CTACTTCATGTTATAA-1","0",105,51,32259,24356,172,22,24356,6991
"ACTTGACAATAGAACC-1","0",105,53,32257,23991,170,22,23991,6993
"ATGACACGGTATACCG-1","0",105,55,32255,23626,168,22,23626,6995
"CTCAGGTCCATTCCGA-1","0",105,57,32253,23261,166,22,23261,6997
"ATGTCGAGTTGGCCAC-1","0",105,59,32252,22896,164,22,22896,6998
"TGGTGCGGTTGTCTCA-1","0",105,61,32250,22531,162,22,22531,7000
"CTAGTTCTGGTGTAAC-1","0",105,63,32248,22165,160,22,22165,7002
"TGCAGATTATAAGAAT-1","0",105,65,32247,21800,158,22,21800,7003
"GATCGCTGAATTCAGG-1","0",105,67,32245,21435,156,22,21435,7005
"TCACTAATTGACAGGC-1","0",105,69,32243,21070,154,22,21070,7007
"CATCAGTAGGCGGTCG-1","0",105,71,32241,20705,152,22,20705,7009
"CCGGAGTCTTCGTGGC-1","0",105,73,32240,20340,150,22,20340,7010
"TATGCAATTCCATCAC-1","0",105,75,32238,19974,148,22,19974,7012
"CTATTAGAGCGGTATG-1","0",105,77,32236,19609,146,22,19609,7014
"GACGGTAAGAGGCTAC-1","1",105,79,32235,19244,144,22,19244,7015
"AGTCGGCTAATATCCT-1","1",105,81,32233,18879,142,22,18879,7017
"TAGAACTCTGAGTTGT-1","1",105,83,32231,18514,140,22,18514,7019
"CTGCGTATAGGTTACG-1","1",105,85,32229,18149,138,22,18149,7021
"GTGGTTGGCGAACTCC-1","1",105,87,32228,17783,136,22,17783,7022
"TACGCAGAAGCCTGCA-1","1",105,89,32226,17418,134,22,17418,7024
"GCACTGGACGTGTACG-1","1",105,91,32224,17053,132,22,17053,7026
"AGACCTCCAGCACTAA-1","1",105,93,32223,16688,130,22,16688,7027
"TCTGCCGAATCTAGCC-1","1",105,95,32221,16323,128,22,16323,7029
"GTCAGCTCGCACGGAC-1","1",105,97,32219,15958,126,22,15958,7031
"AATTGTCCGGCAATCA-1","1",105,99,32217,15592,124,22,15592,7033
"ACAAGTCACCGCGTTC-1","1",105,101,32216,15227,122,22,15227,7034
"ATAGTTGCCGCAAGAC-1","0",105,103,32214,14862,120,22,14862,7036
"CCGAACCATAGATCTA-1","0",105,105,32212,14497,118,22,14497,7038
"TCGTATGTATAATTCA-1","0",105,107,32211,14132,116,22,14132,7039
"TATTAACTCCATAGTA-1","1",105,109,32209,13767,114,22,13767,7041
"CTTCAACACTCGCAAT-1","1",105,111,32207,13401,112,22,13401,7043
"CCGGCATAGCAGGCTG-1","1",105,113,32205,13036,110,22,13036,7045
"CCAACCGCAACGCACG-1","1",105,115,32204,12671,108,22,12671,7046
"GTCGCAATGAGCGACA-1","1",105,117,32202,12306,106,22,12306,7048
"CCGCGTTAAGCAATTG-1","1",105,119,32200,11941,104,22,11941,7050
"GTTGCTTGTACCTCGT-1","1",105,121,32199,11576,102,22,11576,7051
"ACGCGTTGATTAAGGC-1","1",105,123,32197,11210,100,22,11210,7053
"TCGGTAAGCCAGCAGG-1","1",105,125,32195,10845,98,22,10845,7055
"GTACTGTCCAGCCTTG-1","1",105,127,32193,10480,96,22,10480,7057
"ATGTACTAGACAGCCG-1","1",105,129,32192,10115,94,22,10115,7058
"CGCAATTATGTCAGAT-1","1",105,131,32190,9750,92,22,9750,7060
"ACCAAGCAGTCTGATA-1","1",105,133,32188,9385,90,22,9385,7062
"TGCACGCTATTGGCCT-1","1",105,135,32187,9019,88,22,9019,7063
"ATTCACTCATCGAATG-1","1",105,137,32185,8654,86,22,8654,7065
"ACGCTTCTATAGGCTG-1","1",105,139,32183,8289,84,22,8289,7067
"TCAAGATCCGTGGTAG-1","1",105,141,32181,7924,82,22,7924,7069
"GATCCGGAGTCTGATC-1","1",105,143,32180,7559,80,22,7559,7070
"GGTTGTCTGTCCGACC-1","1",105,145,32178,7194,78,22,7194,7072
"TGTCCATGTATTCGCC-1","1",105,147,32176,6828,76,22,6828,7074
"CGCTTGGATCGTGGTA-1","1",105,149,32175,6463,74,22,6463,7075
"AATTCTGCCGACTATG-1","1",105,151,32173,6098,72,22,6098,7077
"GTTAATGGCCTCTAAG-1","1",105,153,32171,5733,70,22,5733,7079
"GACGGTGCCATGAATA-1","0",105,155,32169,5368,68,22,5368,7081
"AGTCGCACTTAGCTTG-1","0",105,157,32168,5003,66,22,5003,7082
"TCAGTCGCTGTAGCAG-1","0",105,159,32166,4637,64,22,4637,7084
"CGGCGTACCGGTGAGC-1","0",105,161,32164,4272,62,22,4272,7086
"GTCTACGTCATCGAAG-1","0",105,163,32163,3907,60,22,3907,7087
"AGGCATGGAATTCCTT-1","0",105,165,32161,3542,58,22,3542,7089
"TCAGTTACGGTGCATG-1","0",105,167,32159,3177,56,22,3177,7091
"GCCAGATTAGTAGATA-1","0",105,169,32157,2812,54,22,2812,7093
"GGCCATGGTCGACTAC-1","0",105,171,32156,2446,52,22,2446,7094
"TAGCAGCGACTAGATC-1","0",105,173,32154,2081,50,22,2081,7096
"GTCGCACCGGTGCGTT-1","0",105,175,32152,1716,48,22,1716,7098
"GGACAGCTCAGCCTAG-1","0",105,177,32151,1351,46,22,1351,7099
"TGCGGATTCAGTGGTC-1","0",105,179,32149,986,44,22,986,7101
"CTTACGCAACATAGTA-1","0",105,181,32147,621,42,22,621,7103
"TATCTACATTCAGATT-1","0",105,183,32145,255,40,22,255,7105
"GCTGTTGCTGTATCAC-1","0",105,185,32144,-110,38,22,-110,7106
"ACCTCCGAGCTTGTGA-1","0",105,187,32142,-475,36,22,-475,7108
"GGCCGCCATCACTGAA-1","0",105,189,32140,-840,34,22,-840,7110
"ATCTACATCTTAGCGA-1","0",105,191,32139,-1205,32,22,-1205,7111
"CTAGGATTAGTGATGG-1","0",105,193,32137,-1570,30,22,-1570,7113
"CGACCACTACGACTGA-1","0",105,195,32135,-1936,28,22,-1936,7115
"AAGCCACCAGACTCTG-1","0",105,197,32133,-2301,26,22,-2301,7117
"GCACGGCGATAGAACC-1","0",105,199,32132,-2666,24,22,-2666,7118
"TATTCCACCGCAGCAC-1","0",105,201,32130,-3031,22,22,-3031,7120
"CTACTGCTAGCCAGGT-1","0",105,203,32128,-3396,20,22,-3396,7122
"AGCGTGTCAAGCGTAA-1","0",105,205,32127,-3761,18,22,-3761,7123
"TAGTTGAGAATTCCGG-1","0",105,207,32125,-4127,16,22,-4127,7125
"CTGGAGACCTGGCTTA-1","0",105,209,32123,-4492,14,22,-4492,7127
"AGTCGCTTACGGCCGG-1","0",105,211,32121,-4857,12,22,-4857,7129
"GGTTACATCGTGGACT-1","0",105,213,32120,-5222,10,22,-5222,7130
"GTGACCAATCGCGTAC-1","0",105,215,32118,-5587,8,22,-5587,7132
"TCATTACCGTCTCACT-1","0",105,217,32116,-5952,6,22,-5952,7134
"CTAATGTTCTACTCAA-1","0",105,219,32115,-6318,4,22,-6318,7135
"GAGTTCCAACTATGCC-1","0",105,221,32113,-6683,2,22,-6683,7137
"ATAACGCTGCGTAGTT-1","0",105,223,32111,-7048,0,22,-7048,7139
"GAGTGCAACTACCAGA-1","0",106,0,32620,33667,223,21,33667,6630
"ACCAGCCGCACGTGCA-1","0",106,2,32618,33302,221,21,33302,6632
"CAAGTGACTGTCTAAT-1","0",106,4,32617,32936,219,21,32936,6633
"TAGAATTCAATCGCTA-1","0",106,6,32615,32571,217,21,32571,6635
"GACGTAGAATGAGTGA-1","0",106,8,32613,32206,215,21,32206,6637
"CGCTGCACCTCGAGCG-1","0",106,10,32611,31841,213,21,31841,6639
"ATTACTTCTAGCCGGT-1","0",106,12,32610,31476,211,21,31476,6640
"GCGAGCGGCTTGACAT-1","0",106,14,32608,31111,209,21,31111,6642
"GTGCAATTCGAGCGTT-1","0",106,16,32606,30745,207,21,30745,6644
"CCTATGATCCGCTTCT-1","0",106,18,32605,30380,205,21,30380,6645
"ACCTGCCATAAGTCGT-1","0",106,20,32603,30015,203,21,30015,6647
"AGCAGGAGTGACCAGT-1","0",106,22,32601,29650,201,21,29650,6649
"GTTCATTAAGTAACCG-1","0",106,24,32599,29285,199,21,29285,6651
"AAGATTATACGAATGC-1","0",106,26,32598,28920,197,21,28920,6652
"TGTCACAATGCACGTA-1","0",106,28,32596,28554,195,21,28554,6654
"GTTGCCGTCCGCTCTG-1","0",106,30,32594,28189,193,21,28189,6656
"TATGACGCTCAGACCG-1","0",106,32,32593,27824,191,21,27824,6657
"CTAATCTGGCATCAAG-1","0",106,34,32591,27459,189,21,27459,6659
"CCGTGACACTAGTATC-1","0",106,36,32589,27094,187,21,27094,6661
"CTTCAAGAGCTTATAG-1","0",106,38,32587,26729,185,21,26729,6663
"GATGTCCGATACGGTC-1","0",106,40,32586,26363,183,21,26363,6664
"GGCGGTCACTTCTACA-1","0",106,42,32584,25998,181,21,25998,6666
"ACCTGCACTAACGTTA-1","0",106,44,32582,25633,179,21,25633,6668
"TGAGCAGATGGCTATG-1","0",106,46,32581,25268,177,21,25268,6669
"GAAGCTTACCAAGGTG-1","0",106,48,32579,24903,175,21,24903,6671
"GCAAGCAGTGCTAGCC-1","0",106,50,32577,24538,173,21,24538,6673
"TACGGATTCACTAATG-1","0",106,52,32575,24172,171,21,24172,6675
"CAGAGTCCTCTGCCAC-1","0",106,54,32574,23807,169,21,23807,6676
"AATACTAATAGAGCGG-1","0",106,56,32572,23442,167,21,23442,6678
"GGATCTTGCGGCATTA-1","0",106,58,32570,23077,165,21,23077,6680
"TCGTCAGTCGTATCTT-1","0",106,60,32569,22712,163,21,22712,6681
"AGGCCTTGCAGGCTAT-1","0",106,62,32567,22347,161,21,22347,6683
"ACTCCTACGATCGCCT-1","0",106,64,32565,21981,159,21,21981,6685
"CAAGGCCTATCGAGTG-1","0",106,66,32563,21616,157,21,21616,6687
"CTGCCGAAGTAGCATC-1","0",106,68,32562,21251,155,21,21251,6688
"CTGAAGGACTCGCCTG-1","0",106,70,32560,20886,153,21,20886,6690
"CCAAGCTGGCTCCATT-1","0",106,72,32558,20521,151,21,20521,6692
"GAGTAGTCAGCCGCTA-1","0",106,74,32557,20156,149,21,20156,6693
"ATCTATACAGCCAGAC-1","0",106,76,32555,19790,147,21,19790,6695
"ATGCATGACTAGGTTA-1","0",106,78,32553,19425,145,21,19425,6697
"TCTACTGCTTGGCGGT-1","1",106,80,32551,19060,143,21,19060,6699
"TAACGCATTGACGATG-1","1",106,82,32550,18695,141,21,18695,6700
"CAAGTGCGACATAAGA-1","1",106,84,32548,18330,139,21,18330,6702
"AGATGACATCAGGACA-1","1",106,86,32546,17965,137,21,17965,6704
"TCAAGCGTCCGGCATA-1","1",106,88,32545,17599,135,21,17599,6705
"TGCAAGCATCTTATTG-1","1",106,90,32543,17234,133,21,17234,6707
"CAGTTGGTGCAGTCAT-1","1",106,92,32541,16869,131,21,16869,6709
"TCCTATTGTCCGGTTC-1","1",106,94,32539,16504,129,21,16504,6711
"TAGTTCGTACAAGCTC-1","1",106,96,32538,16139,127,21,16139,6712
"CGCCTAGGCAACAGGA-1","1",106,98,32536,15774,125,21,15774,6714
"GGCAGCGTGGCTTCCT-1","1",106,100,32534,15408,123,21,15408,6716
"TCCTGATTCTACGTAG-1","1",106,102,32533,15043,121,21,15043,6717
"CTAACACGATTCCTCG-1","1",106,104,32531,14678,119,21,14678,6719
"GCCGTACAACTAGTGG-1","0",106,106,32529,14313,117,21,14313,6721
"TAACATAGACCGAATT-1","1",106,108,32527,13948,115,21,13948,6723
"GAGCCGAGACGAACAT-1","1",106,110,32526,13583,113,21,13583,6724
"AGACGCTCACGACAGA-1","1",106,112,32524,13217,111,21,13217,6726
"ACGTTACGATTCAATA-1","1",106,114,32522,12852,109,21,12852,6728
"CTCCACATGTATACTC-1","1",106,116,32521,12487,107,21,12487,6729
"GTCATCCGAGTACTCC-1","1",106,118,32519,12122,105,21,12122,6731
"GCATGCCTCGGCTGCC-1","1",106,120,32517,11757,103,21,11757,6733
"CTACAGGTAATACTGA-1","1",106,122,32515,11392,101,21,11392,6735
"CACCTCCAGTTGATAA-1","1",106,124,32514,11026,99,21,11026,6736
"TATCCGGCCTTATTGT-1","1",106,126,32512,10661,97,21,10661,6738
"ACCGCATCCGTGGACG-1","1",106,128,32510,10296,95,21,10296,6740
"TCGGAGTATGATTGGT-1","1",106,130,32509,9931,93,21,9931,6741
"AATACGCATAGCTTAC-1","1",106,132,32507,9566,91,21,9566,6743
"GCTCGTATAGCGAATC-1","1",106,134,32505,9201,89,21,9201,6745
"CATCAGCATTGGATGG-1","1",106,136,32503,8835,87,21,8835,6747
"TGACCATTCACCATAC-1","1",106,138,32502,8470,85,21,8470,6748
"ACATTGTCACTCCGGT-1","1",106,140,32500,8105,83,21,8105,6750
"TGCGTCAATCTACTAT-1","1",106,142,32498,7740,81,21,7740,6752
"GCCACTTGCTCCTAAG-1","1",106,144,32497,7375,79,21,7375,6753
"TAGAAGGTGGTCTGTA-1","1",106,146,32495,7010,77,21,7010,6755
"AGACGGCTCCTTACTT-1","1",106,148,32493,6644,75,21,6644,6757
"GTGCAGCTAATCGCGA-1","1",106,150,32491,6279,73,21,6279,6759
"CTTACGATAGCTAGCG-1","1",106,152,32490,5914,71,21,5914,6760
"TGCAGATGTTAACTGC-1","0",106,154,32488,5549,69,21,5549,6762
"AATAACATTCTTCCGT-1","0",106,156,32486,5184,67,21,5184,6764
"ATTAGATCACCATACG-1","0",106,158,32485,4819,65,21,4819,6765
"ATAACGAGGCGAATGT-1","0",106,160,32483,4453,63,21,4453,6767
"ATCCACGCTAGTACTG-1","0",106,162,32481,4088,61,21,4088,6769
"ACGCCATGCGGTTAGA-1","0",106,164,32479,3723,59,21,3723,6771
"TCAGTCTAGAGTAACC-1","0",106,166,32478,3358,57,21,3358,6772
"TCATCTACCAGGAGGC-1","0",106,168,32476,2993,55,21,2993,6774
"GTTATCTTAACCACAA-1","0",106,170,32474,2628,53,21,2628,6776
"TGGCCACTATCGTTGT-1","0",106,172,32473,2262,51,21,2262,6777
"TAACGCTCATTGAAGG-1","0",106,174,32471,1897,49,21,1897,6779
"GCTCGTCTCCAGTGGT-1","0",106,176,32469,1532,47,21,1532,6781
"ACATGCCAATGATCGG-1","0",106,178,32467,1167,45,21,1167,6783
"CCGTCCAGAACTCCAT-1","0",106,180,32466,802,43,21,802,6784
"ATAACGCTCGCCTGCT-1","0",106,182,32464,437,41,21,437,6786
"CGTACAATGATCTGGT-1","0",106,184,32462,71,39,21,71,6788
"ATTGCGACATGAATTC-1","0",106,186,32461,-294,37,21,-294,6789
"CACCTCGGACGAGCAC-1","0",106,188,32459,-659,35,21,-659,6791
"GGCATAAGGTGGCGAT-1","0",106,190,32457,-1024,33,21,-1024,6793
"CAGTCTGTCCATTAAC-1","0",106,192,32455,-1389,31,21,-1389,6795
"AGCCTCTGGCATCTCG-1","0",106,194,32454,-1754,29,21,-1754,6796
"AAGCCAGCTCGCGGAT-1","0",106,196,32452,-2120,27,21,-2120,6798
"CAGGTATGCCACCTGG-1","0",106,198,32450,-2485,25,21,-2485,6800
"GACGGTGGCTGTCGCT-1","0",106,200,32449,-2850,23,21,-2850,6801
"CTTCGTTAACAACCGC-1","0",106,202,32447,-3215,21,21,-3215,6803
"TGGCGACAGGCGAGAA-1","0",106,204,32445,-3580,19,21,-3580,6805
"GGTCTGCAGTACGCGT-1","0",106,206,32443,-3945,17,21,-3945,6807
"TCAATAGATAACAACT-1","0",106,208,32442,-4311,15,21,-4311,6808
"TCCTATGGCCAGCATA-1","0",106,210,32440,-4676,13,21,-4676,6810
"AGGACTCAAGGTTAGC-1","0",106,212,32438,-5041,11,21,-5041,6812
"GCTTACGCGAGCGTTG-1","0",106,214,32437,-5406,9,21,-5406,6813
"CTATTACCGCACTCAG-1","0",106,216,32435,-5771,7,21,-5771,6815
"CAGCTTGACGTTCTAC-1","0",106,218,32433,-6136,5,21,-6136,6817
"ACTGAGACGAGTAGAC-1","0",106,220,32431,-6502,3,21,-6502,6819
"TGGTACCGTTCCTTGT-1","0",106,222,32430,-6867,1,21,-6867,6820
"CGCTTCATTGTAGTCT-1","0",107,1,32933,33483,222,20,33483,6317
"CAGACGCTGCGTATCC-1","0",107,3,32931,33117,220,20,33117,6319
"GTATGTGCGGAACTTG-1","0",107,5,32930,32752,218,20,32752,6320
"CTTCGAATAGAAGGCA-1","0",107,7,32928,32387,216,20,32387,6322
"GCGTTCGAAGGCGTTC-1","0",107,9,32926,32022,214,20,32022,6324
"GGACGTACAGCACCTC-1","0",107,11,32925,31657,212,20,31657,6325
"CATCGGCAGTGGAACC-1","0",107,13,32923,31292,210,20,31292,6327
"GCTCTGCATCGGTCAG-1","0",107,15,32921,30926,208,20,30926,6329
"CTTAGCCTCGTTGCGA-1","0",107,17,32919,30561,206,20,30561,6331
"AAGCGAGCTATCACGG-1","0",107,19,32918,30196,204,20,30196,6332
"ATCCGTGAAGTGGTGA-1","0",107,21,32916,29831,202,20,29831,6334
"GCACGAACGGCATGTA-1","0",107,23,32914,29466,200,20,29466,6336
"CTCGATAGGCCTCAGG-1","0",107,25,32913,29101,198,20,29101,6337
"AGCGACGGTACCTCAC-1","0",107,27,32911,28735,196,20,28735,6339
"TGGTTGGCCTAGTGGA-1","0",107,29,32909,28370,194,20,28370,6341
"GCTCAATCTTGATCCG-1","0",107,31,32907,28005,192,20,28005,6343
"AGTGCGCATACTCACG-1","0",107,33,32906,27640,190,20,27640,6344
"CGTCACGTCTACGTAG-1","0",107,35,32904,27275,188,20,27275,6346
"CTGACTAAGGATTGAA-1","0",107,37,32902,26910,186,20,26910,6348
"CATAACGGCTTAGACC-1","0",107,39,32901,26544,184,20,26544,6349
"GTCTCATGCTTGCTGT-1","0",107,41,32899,26179,182,20,26179,6351
"CTATCGGCCAGCCTGC-1","0",107,43,32897,25814,180,20,25814,6353
"ATGTACGGAGTATCCA-1","0",107,45,32895,25449,178,20,25449,6355
"ACCGTAATTCAGATTA-1","0",107,47,32894,25084,176,20,25084,6356
"GAAGCTTCGTATTATC-1","0",107,49,32892,24719,174,20,24719,6358
"TCGTATTCGAGGTAAC-1","0",107,51,32890,24353,172,20,24353,6360
"CTCATCGAGCGAGTTA-1","0",107,53,32889,23988,170,20,23988,6361
"TAATCCTTGAGCCTCG-1","0",107,55,32887,23623,168,20,23623,6363
"TCCTGGATGCTCACAA-1","0",107,57,32885,23258,166,20,23258,6365
"GATAAGGCTGGCTACT-1","0",107,59,32883,22893,164,20,22893,6367
"TGAGGTACGCTCGAAG-1","0",107,61,32882,22528,162,20,22528,6368
"GTCGTGACGACTCAAT-1","0",107,63,32880,22162,160,20,22162,6370
"TAGTGACCATGATCCA-1","0",107,65,32878,21797,158,20,21797,6372
"ACATCTTCTATGGAGG-1","0",107,67,32877,21432,156,20,21432,6373
"CTCACCAGTGCGCAGT-1","0",107,69,32875,21067,154,20,21067,6375
"ATCACGTGGCACAACC-1","0",107,71,32873,20702,152,20,20702,6377
"ATTCAGCTCATCGCAC-1","0",107,73,32871,20337,150,20,20337,6379
"TGCAGATGTTGGTGAT-1","0",107,75,32870,19971,148,20,19971,6380
"ACCTAATTATGTCCGC-1","0",107,77,32868,19606,146,20,19606,6382
"AGGACGTCGAACCAGC-1","1",107,79,32866,19241,144,20,19241,6384
"TCAGCGTGCCAACGCT-1","1",107,81,32865,18876,142,20,18876,6385
"GTTAAGTCTTATTGGT-1","1",107,83,32863,18511,140,20,18511,6387
"TCAGCGCCGTAGCGCC-1","1",107,85,32861,18146,138,20,18146,6389
"GCACCGGTTGGAACGG-1","1",107,87,32859,17780,136,20,17780,6391
"GTCACTTATTGGATCT-1","1",107,89,32858,17415,134,20,17415,6392
"CGGAGTGGCGCTGTTA-1","1",107,91,32856,17050,132,20,17050,6394
"TAGGACCGCTGATCGT-1","1",107,93,32854,16685,130,20,16685,6396
"GGAAGCGAGTTACGAG-1","1",107,95,32853,16320,128,20,16320,6397
"GTGATACGTACTTGTT-1","1",107,97,32851,15955,126,20,15955,6399
"GCTATTAGGTCCGAGG-1","1",107,99,32849,15589,124,20,15589,6401
"CTATTCGGCACTCATT-1","1",107,101,32847,15224,122,20,15224,6403
"TGGACGCATCTAGGTT-1","1",107,103,32846,14859,120,20,14859,6404
"TATTAGCGCATAGACC-1","1",107,105,32844,14494,118,20,14494,6406
"CGCTATGTCGTTGGTG-1","1",107,107,32842,14129,116,20,14129,6408
"GCTTCGTAACTATCGA-1","1",107,109,32841,13764,114,20,13764,6409
"GTAACCTAGTTCCATT-1","1",107,111,32839,13398,112,20,13398,6411
"GGACTTCTCGACTGGT-1","1",107,113,32837,13033,110,20,13033,6413
"CAGTTGACAGACCTAA-1","1",107,115,32835,12668,108,20,12668,6415
"GTATACTCTGGTAGGT-1","1",107,117,32834,12303,106,20,12303,6416
"GGCGACGCGTGACGGT-1","1",107,119,32832,11938,104,20,11938,6418
"CGCCTTGGTACGCCAT-1","1",107,121,32830,11573,102,20,11573,6420
"TCACTAACGCCAATCG-1","1",107,123,32829,11207,100,20,11207,6421
"GAGGCGTCGCGGAATC-1","1",107,125,32827,10842,98,20,10842,6423
"ATCGTCGATATCATGG-1","1",107,127,32825,10477,96,20,10477,6425
"AGGACGGCGTTGTAAC-1","1",107,129,32823,10112,94,20,10112,6427
"TCATTCGGCACGGACA-1","1",107,131,32822,9747,92,20,9747,6428
"ACGGATGAGGTGCGGT-1","1",107,133,32820,9382,90,20,9382,6430
"AACGCTTGAGAATTAA-1","1",107,135,32818,9017,88,20,9017,6432
"TAGAATCGGCTTGGCC-1","1",107,137,32817,8651,86,20,8651,6433
"GCGTCCGATATTCGAA-1","1",107,139,32815,8286,84,20,8286,6435
"ATGTTGTACATACACT-1","1",107,141,32813,7921,82,20,7921,6437
"GCGAGCAGGACGTAGG-1","1",107,143,32811,7556,80,20,7556,6439
"ACCAACAGGATCGCAA-1","1",107,145,32810,7191,78,20,7191,6440
"TGAGAACATTCTCAGC-1","1",107,147,32808,6826,76,20,6826,6442
"GCACTCGGCAGCGGCA-1","1",107,149,32806,6460,74,20,6460,6444
"ACCAACGATACATGAC-1","0",107,151,32805,6095,72,20,6095,6445
"TAACGAAGCACGAATG-1","0",107,153,32803,5730,70,20,5730,6447
"CACTCAGTACCTTCAA-1","0",107,155,32801,5365,68,20,5365,6449
"GGACAGTCACAATATT-1","0",107,157,32799,5000,66,20,5000,6451
"CCTTAGTAACAGTTGC-1","0",107,159,32798,4635,64,20,4635,6452
"GAAGCGCCGTAAGGCG-1","0",107,161,32796,4269,62,20,4269,6454
"TGAAGAATGTAAGGCC-1","0",107,163,32794,3904,60,20,3904,6456
"ATAGCGAACGGTGACG-1","0",107,165,32793,3539,58,20,3539,6457
"GTGGCGGTCGCAATAC-1","0",107,167,32791,3174,56,20,3174,6459
"TGGCAAGCTGTTCATA-1","0",107,169,32789,2809,54,20,2809,6461
"ATCGTACACCGGCTAC-1","0",107,171,32787,2444,52,20,2444,6463
"AATTCCAGAATACCAT-1","0",107,173,32786,2078,50,20,2078,6464
"ATTGCATGAGAATGTC-1","0",107,175,32784,1713,48,20,1713,6466
"TAGACGTACGACATGT-1","0",107,177,32782,1348,46,20,1348,6468
"GTCGAGTGCGATGAAG-1","0",107,179,32781,983,44,20,983,6469
"TGGTTGGTAATAGCGA-1","0",107,181,32779,618,42,20,618,6471
"AGATCTCGAAGCGTTG-1","0",107,183,32777,253,40,20,253,6473
"GCGAATACATCGTCGC-1","0",107,185,32775,-113,38,20,-113,6475
"CCTTCGACTTATGTTC-1","0",107,187,32774,-478,36,20,-478,6476
"TGCGATCTAGACCTGA-1","0",107,189,32772,-843,34,20,-843,6478
"CTCCGTGCACTCCGCC-1","0",107,191,32770,-1208,32,20,-1208,6480
"CGACCAGCATCTCGCC-1","0",107,193,32769,-1573,30,20,-1573,6481
"GTGATGCACTTGTTGA-1","0",107,195,32767,-1938,28,20,-1938,6483
"TCCTGATAACGGTGCA-1","0",107,197,32765,-2304,26,20,-2304,6485
"TCACCGATTCTACAAT-1","0",107,199,32764,-2669,24,20,-2669,6486
"GAAGCTCCGCCACTTG-1","0",107,201,32762,-3034,22,20,-3034,6488
"AAGCGAGGACTGAGTC-1","0",107,203,32760,-3399,20,20,-3399,6490
"GGCTTGATTACTGGTG-1","0",107,205,32758,-3764,18,20,-3764,6492
"TACTAGACCGAGGCGA-1","0",107,207,32757,-4129,16,20,-4129,6493
"GAATCATTGATCGTAG-1","0",107,209,32755,-4495,14,20,-4495,6495
"TGAAGCAGAAGGAGCA-1","0",107,211,32753,-4860,12,20,-4860,6497
"TAGACACCTAGAGGCA-1","0",107,213,32752,-5225,10,20,-5225,6498
"ACTCCTATCACCTCAC-1","0",107,215,32750,-5590,8,20,-5590,6500
"CTATTCTGAGTGGTCA-1","0",107,217,32748,-5955,6,20,-5955,6502
"ACCGTTAATGCGGTAA-1","0",107,219,32746,-6320,4,20,-6320,6504
"TCACCGAGACCAGACT-1","0",107,221,32745,-6686,2,20,-6686,6505
"CTGTCAGGTTCTACTC-1","0",107,223,32743,-7051,0,20,-7051,6507
"TGAAGACAAGCCTCGG-1","0",108,0,33252,33664,223,19,33664,5998
"ACCGATGTCAGTGCAA-1","0",108,2,33250,33299,221,19,33299,6000
"GCTACTTCGCAGTTCG-1","0",108,4,33248,32933,219,19,32933,6002
"ACCGTACATACGTGTC-1","0",108,6,33247,32568,217,19,32568,6003
"AATTCTTGTCAGTAGG-1","0",108,8,33245,32203,215,19,32203,6005
"GTATGGTTCAGAGCAT-1","0",108,10,33243,31838,213,19,31838,6007
"CATCGCAATGTACCAC-1","0",108,12,33241,31473,211,19,31473,6009
"GACCTGCTCAGAACGC-1","0",108,14,33240,31108,209,19,31108,6010
"CAGTCTCAACTCCTTC-1","0",108,16,33238,30742,207,19,30742,6012
"ACTGGACCAAGTCGCA-1","0",108,18,33236,30377,205,19,30377,6014
"AAGTCGGTCGGTCCAT-1","0",108,20,33235,30012,203,19,30012,6015
"TGTTGGTGATTAGGTA-1","0",108,22,33233,29647,201,19,29647,6017
"GAGCATTGCAGGAGCC-1","0",108,24,33231,29282,199,19,29282,6019
"TGTATCCGGATAACTG-1","0",108,26,33229,28917,197,19,28917,6021
"AGTCGTATAGGTGGCA-1","0",108,28,33228,28551,195,19,28551,6022
"ACGGCTGGTATGATGT-1","0",108,30,33226,28186,193,19,28186,6024
"TGAGTTCCATTGAGTA-1","0",108,32,33224,27821,191,19,27821,6026
"CTCCAACATTATGAAT-1","0",108,34,33223,27456,189,19,27456,6027
"GTGAGGCAATGGAGCG-1","0",108,36,33221,27091,187,19,27091,6029
"ATAATCGCGTCATATG-1","0",108,38,33219,26726,185,19,26726,6031
"TACATACCAGTCTGTC-1","0",108,40,33217,26360,183,19,26360,6033
"TCAGAACTATACCGAC-1","0",108,42,33216,25995,181,19,25995,6034
"TACAAGTCTGAGATTA-1","0",108,44,33214,25630,179,19,25630,6036
"TGTCAGTGTACCTTAG-1","0",108,46,33212,25265,177,19,25265,6038
"CACGCCTAAGGTCACG-1","0",108,48,33211,24900,175,19,24900,6039
"GTTCATACATCGACTC-1","0",108,50,33209,24535,173,19,24535,6041
"CGGTAGATTCGCTCGG-1","0",108,52,33207,24169,171,19,24169,6043
"GAATGGACGACTTGAA-1","0",108,54,33205,23804,169,19,23804,6045
"GTCACTGTAACCGACA-1","0",108,56,33204,23439,167,19,23439,6046
"GCAGATCGAACCACGT-1","0",108,58,33202,23074,165,19,23074,6048
"TCTTACCAGGTCTGTA-1","0",108,60,33200,22709,163,19,22709,6050
"TGCCTCACGCGTAGAA-1","0",108,62,33199,22344,161,19,22344,6051
"GATGCGGCATGGTTGT-1","0",108,64,33197,21978,159,19,21978,6053
"ATGTATCCTCCGTTAA-1","0",108,66,33195,21613,157,19,21613,6055
"CCAAGGATCGCTTGGC-1","0",108,68,33193,21248,155,19,21248,6057
"AACTTGCAATAGTACA-1","0",108,70,33192,20883,153,19,20883,6058
"GTCAACTCGCAGCGTT-1","0",108,72,33190,20518,151,19,20518,6060
"AGGACGGCGATAGGAG-1","0",108,74,33188,20153,149,19,20153,6062
"GCTTAGCGTTAAGGCG-1","0",108,76,33187,19787,147,19,19787,6063
"ATTAGAACTCAGTATT-1","0",108,78,33185,19422,145,19,19422,6065
"AATCCTTACGAAGGCA-1","1",108,80,33183,19057,143,19,19057,6067
"GTCACCGGCATGCACG-1","1",108,82,33181,18692,141,19,18692,6069
"CTCCAACTGCTACGGT-1","1",108,84,33180,18327,139,19,18327,6070
"ACTCAGGAACGCGGTT-1","1",108,86,33178,17962,137,19,17962,6072
"TCATACTCCAGTTCTT-1","1",108,88,33176,17596,135,19,17596,6074
"GTCAGCTCGTCCTACC-1","1",108,90,33175,17231,133,19,17231,6075
"ATAGTTCAGGTATTAA-1","1",108,92,33173,16866,131,19,16866,6077
"ACTAGGTTCATACCTG-1","1",108,94,33171,16501,129,19,16501,6079
"GCCTGGTGTACGGCAG-1","1",108,96,33169,16136,127,19,16136,6081
"GCACGGCGTTCGGCGT-1","1",108,98,33168,15771,125,19,15771,6082
"GATGTACTCCTTGGTA-1","1",108,100,33166,15405,123,19,15405,6084
"ATGAGTTGAGACAGGA-1","1",108,102,33164,15040,121,19,15040,6086
"ATCGTGCACGGCCGAT-1","1",108,104,33163,14675,119,19,14675,6087
"ACTAATAGGCGGAAGC-1","1",108,106,33161,14310,117,19,14310,6089
"TAGAGGCCGGCTAGTG-1","1",108,108,33159,13945,115,19,13945,6091
"CCAACTTGCCAGTCCT-1","1",108,110,33157,13580,113,19,13580,6093
"GCTTACTTGGCCAGCG-1","1",108,112,33156,13214,111,19,13214,6094
"TCCTCATCACATCACT-1","1",108,114,33154,12849,109,19,12849,6096
"TCAGTCTGGCCGCTGT-1","1",108,116,33152,12484,107,19,12484,6098
"AGGTACTTAAGGTTAC-1","1",108,118,33151,12119,105,19,12119,6099
"GTCAGCCTTGGTCAAG-1","1",108,120,33149,11754,103,19,11754,6101
"AGGCTAGATTGGATCT-1","1",108,122,33147,11389,101,19,11389,6103
"TGATTCACCGGTCAGC-1","1",108,124,33145,11023,99,19,11023,6105
"ATGCCTCGGCTATTAC-1","1",108,126,33144,10658,97,19,10658,6106
"AGACCGACAAGGCGTA-1","1",108,128,33142,10293,95,19,10293,6108
"CCTGAACAGCGTCAGA-1","1",108,130,33140,9928,93,19,9928,6110
"CTCCGCGTAGTTGCTA-1","1",108,132,33139,9563,91,19,9563,6111
"CGATAACTCGCCTCTA-1","1",108,134,33137,9198,89,19,9198,6113
"AAGATGTTGACTCAAC-1","1",108,136,33135,8832,87,19,8832,6115
"CCGATAATGGCCTAGT-1","1",108,138,33133,8467,85,19,8467,6117
"GGTTAGGAGTCACTGA-1","1",108,140,33132,8102,83,19,8102,6118
"CCGGCGGTACATCCAG-1","1",108,142,33130,7737,81,19,7737,6120
"TAACTGTACTGAGGAT-1","1",108,144,33128,7372,79,19,7372,6122
"CCGTGAGCCACTATAG-1","1",108,146,33127,7007,77,19,7007,6123
"TGTCCTTGGTACCATC-1","1",108,148,33125,6641,75,19,6641,6125
"AATAACGTAGATACTC-1","0",108,150,33123,6276,73,19,6276,6127
"CTAACACGCAGACCGA-1","1",108,152,33121,5911,71,19,5911,6129
"GACAGAACTAACCGAA-1","0",108,154,33120,5546,69,19,5546,6130
"TGCAGAGCCAGCGTCT-1","0",108,156,33118,5181,67,19,5181,6132
"CTTCTACTTATTAATG-1","0",108,158,33116,4816,65,19,4816,6134
"AGCGACATCTGGTTCC-1","0",108,160,33115,4450,63,19,4450,6135
"TAACGCCGAGCCTGTA-1","0",108,162,33113,4085,61,19,4085,6137
"TATGTTGGCACGTGTA-1","0",108,164,33111,3720,59,19,3720,6139
"GAATAGTAAGGCTGGA-1","0",108,166,33109,3355,57,19,3355,6141
"ACGAAGTGTATTAGTG-1","0",108,168,33108,2990,55,19,2990,6142
"GTTAGCTCACTTACAA-1","0",108,170,33106,2625,53,19,2625,6144
"TCTAGAATGATCCTTC-1","0",108,172,33104,2259,51,19,2259,6146
"ATTCACGCTCCAGACA-1","0",108,174,33103,1894,49,19,1894,6147
"ATTCAACACCGCTAAT-1","0",108,176,33101,1529,47,19,1529,6149
"CTGTATGCGACAGCTG-1","0",108,178,33099,1164,45,19,1164,6151
"TCTTACTCCAATCGCC-1","0",108,180,33097,799,43,19,799,6153
"CCTTCTATAGGCACAG-1","0",108,182,33096,434,41,19,434,6154
"ACGACCAATGCAGTGA-1","0",108,184,33094,68,39,19,68,6156
"TATCCTACCGCTGTGA-1","0",108,186,33092,-297,37,19,-297,6158
"TGGACTACTGTAACCT-1","0",108,188,33091,-662,35,19,-662,6159
"ATCGTGCAAGATAATC-1","0",108,190,33089,-1027,33,19,-1027,6161
"GTTCAAGTGCAAGACG-1","0",108,192,33087,-1392,31,19,-1392,6163
"GGTACCTCAAGGTTGT-1","0",108,194,33085,-1757,29,19,-1757,6165
"GAGGCCGAAGGATGTC-1","0",108,196,33084,-2123,27,19,-2123,6166
"GTCCATCGTATGGTTG-1","0",108,198,33082,-2488,25,19,-2488,6168
"TCAGTTAGCCAAGGTT-1","0",108,200,33080,-2853,23,19,-2853,6170
"GTCTGACTATTGAAGC-1","0",108,202,33079,-3218,21,19,-3218,6171
"TGTATGAATACATACG-1","0",108,204,33077,-3583,19,19,-3583,6173
"GCGGTTCAGTAAGTTC-1","0",108,206,33075,-3948,17,19,-3948,6175
"ATTGGCCTCGAAGGTC-1","0",108,208,33073,-4314,15,19,-4314,6177
"TGTTACAATCAATCTA-1","0",108,210,33072,-4679,13,19,-4679,6178
"GAGGTACATCGACCGG-1","0",108,212,33070,-5044,11,19,-5044,6180
"TACTCGGTTACTTACG-1","0",108,214,33068,-5409,9,19,-5409,6182
"CCTTCCGCTTGCAGCG-1","0",108,216,33067,-5774,7,19,-5774,6183
"CTGGCTCGGAGCGTAT-1","0",108,218,33065,-6139,5,19,-6139,6185
"CAGAACGCTCCGACAA-1","0",108,220,33063,-6505,3,19,-6505,6187
"ATGCTCTTAGAATGCA-1","0",108,222,33061,-6870,1,19,-6870,6189
"TCGCGGTATGGTACTA-1","0",109,1,33565,33480,222,18,33480,5685
"AATTATCCGACCGTAA-1","0",109,3,33563,33114,220,18,33114,5687
"GCAGATCGTAGGTAGT-1","0",109,5,33561,32749,218,18,32749,5689
"GTCAGAATCTGCCTTG-1","0",109,7,33560,32384,216,18,32384,5690
"GGTGTCGCACGCATGC-1","0",109,9,33558,32019,214,18,32019,5692
"AATACGATGTTGCCAA-1","0",109,11,33556,31654,212,18,31654,5694
"TACGACGTTCCAAGGT-1","0",109,13,33555,31289,210,18,31289,5695
"CTATAACTAGAAGCGG-1","0",109,15,33553,30924,208,18,30924,5697
"GGTCTAGTTATGAATC-1","0",109,17,33551,30558,206,18,30558,5699
"GTTGTCTGAGAATTCT-1","0",109,19,33549,30193,204,18,30193,5701
"GGCCGCCAGAAGTTCG-1","0",109,21,33548,29828,202,18,29828,5702
"CCGGATGGTATTAAGA-1","0",109,23,33546,29463,200,18,29463,5704
"GGAGAATCTGACTATT-1","0",109,25,33544,29098,198,18,29098,5706
"TATGGCCAATTAGAAT-1","0",109,27,33543,28733,196,18,28733,5707
"ATGTCTTCCAGCCTAA-1","0",109,29,33541,28367,194,18,28367,5709
"TCTACTGGCGCTGCCT-1","0",109,31,33539,28002,192,18,28002,5711
"TCTGTACGTGCACTCC-1","0",109,33,33537,27637,190,18,27637,5713
"TGCTGTCATAGTAACC-1","0",109,35,33536,27272,188,18,27272,5714
"CCTGCTATTGTCGCCT-1","0",109,37,33534,26907,186,18,26907,5716
"CAGCTGTCGCTTCTAT-1","0",109,39,33532,26542,184,18,26542,5718
"ACGTCCGGAACATATT-1","0",109,41,33531,26176,182,18,26176,5719
"TCACCGATTAGACGGC-1","0",109,43,33529,25811,180,18,25811,5721
"GGTTCCAGCTACCACT-1","0",109,45,33527,25446,178,18,25446,5723
"GTCGGTAATCAGCAAT-1","0",109,47,33525,25081,176,18,25081,5725
"TAGATGTCCTACGCCG-1","0",109,49,33524,24716,174,18,24716,5726
"CGCAATCTGCGTGAAT-1","0",109,51,33522,24351,172,18,24351,5728
"CGAGACGACACGCTTG-1","0",109,53,33520,23985,170,18,23985,5730
"CCATACGGCGATGGTG-1","0",109,55,33519,23620,168,18,23620,5731
"TCACGCGAGTAGACGT-1","0",109,57,33517,23255,166,18,23255,5733
"GAAGCTAGGATAGTCC-1","0",109,59,33515,22890,164,18,22890,5735
"AATCACCATGCCTATC-1","0",109,61,33513,22525,162,18,22525,5737
"CAGCTCGGACATGTGG-1","0",109,63,33512,22160,160,18,22160,5738
"CTGGCCTTGACCAGAC-1","0",109,65,33510,21794,158,18,21794,5740
"GGCGCAGAGCTCCTGC-1","0",109,67,33508,21429,156,18,21429,5742
"CTAGGTTCCAACATCG-1","0",109,69,33507,21064,154,18,21064,5743
"CCTGTTGAATCTAAGA-1","0",109,71,33505,20699,152,18,20699,5745
"AGCGCTAGCATCGAAT-1","0",109,73,33503,20334,150,18,20334,5747
"CACGTTCCTCTTGAAC-1","0",109,75,33501,19969,148,18,19969,5749
"CTCCATTCATTAACGA-1","0",109,77,33500,19603,146,18,19603,5750
"GATTGAATGCTGCGGA-1","0",109,79,33498,19238,144,18,19238,5752
"AGAACAGGAGGCTCTT-1","1",109,81,33496,18873,142,18,18873,5754
"AGTTAACCTCTAGCAA-1","1",109,83,33495,18508,140,18,18508,5755
"GTGGCGTTGATTCCTG-1","1",109,85,33493,18143,138,18,18143,5757
"CGACTAAGATGCCTAA-1","1",109,87,33491,17778,136,18,17778,5759
"ACGCAAGCTATCTGGA-1","1",109,89,33489,17412,134,18,17412,5761
"TCGATCTGCTATTGGA-1","1",109,91,33488,17047,132,18,17047,5762
"CCTCGGTAGGATCGAG-1","1",109,93,33486,16682,130,18,16682,5764
"GCCTCCATAGATGAGG-1","1",109,95,33484,16317,128,18,16317,5766
"GTGGCGTTCACGTGTA-1","1",109,97,33483,15952,126,18,15952,5767
"TCAATTCTCAATTACG-1","1",109,99,33481,15587,124,18,15587,5769
"CTTAGTAATCCATGAT-1","1",109,101,33479,15221,122,18,15221,5771
"TCAATACCACGCATCC-1","1",109,103,33477,14856,120,18,14856,5773
"TAACCTTATCAATACC-1","1",109,105,33476,14491,118,18,14491,5774
"GCACAGACTACACTAC-1","1",109,107,33474,14126,116,18,14126,5776
"ACGTGCACCTGAATCG-1","1",109,109,33472,13761,114,18,13761,5778
"TACGGTAGGAACTGCT-1","1",109,111,33471,13396,112,18,13396,5779
"GGACGTAGAATTCAAC-1","1",109,113,33469,13030,110,18,13030,5781
"GTGATACAATCTCGTC-1","1",109,115,33467,12665,108,18,12665,5783
"ACTTCCTGGCGGCTGT-1","1",109,117,33465,12300,106,18,12300,5785
"GGTAGAGTTCCACGAA-1","1",109,119,33464,11935,104,18,11935,5786
"GACGCCAATCTGTTGC-1","1",109,121,33462,11570,102,18,11570,5788
"AGCCATTCCAACAGTT-1","1",109,123,33460,11205,100,18,11205,5790
"AGGATCCGTTAGCGTC-1","1",109,125,33459,10839,98,18,10839,5791
"TAAGAACGCTTCAACT-1","1",109,127,33457,10474,96,18,10474,5793
"GTAGAATTACTTCAGC-1","1",109,129,33455,10109,94,18,10109,5795
"AACCGTCAGTCGGTTG-1","1",109,131,33453,9744,92,18,9744,5797
"CTTCCTGATGAATCAA-1","1",109,133,33452,9379,90,18,9379,5798
"TGTCTAATTAGGTCTA-1","1",109,135,33450,9014,88,18,9014,5800
"TGCCACATTCACAGTC-1","1",109,137,33448,8648,86,18,8648,5802
"GGTTCTGCCAGGCCTA-1","1",109,139,33447,8283,84,18,8283,5803
"ATCGCAATCGACCGAT-1","1",109,141,33445,7918,82,18,7918,5805
"TGGTGCAGGTCAAGAC-1","1",109,143,33443,7553,80,18,7553,5807
"CACCTCCACCAATCGA-1","1",109,145,33442,7188,78,18,7188,5808
"GCAATCTACCGGAGAA-1","1",109,147,33440,6823,76,18,6823,5810
"TGCTGTCTCGTCACCA-1","1",109,149,33438,6457,74,18,6457,5812
"GTACGACAAGCACTAT-1","0",109,151,33436,6092,72,18,6092,5814
"TAACAGCAGGCTGCCT-1","0",109,153,33435,5727,70,18,5727,5815
"ACTCAGGCGGCCTTAT-1","0",109,155,33433,5362,68,18,5362,5817
"GCCGGCATCTCGAATG-1","0",109,157,33431,4997,66,18,4997,5819
"ACCGTGGAACCATTCG-1","0",109,159,33430,4632,64,18,4632,5820
"GACTCGTGTCGGACCA-1","0",109,161,33428,4266,62,18,4266,5822
"GGTTGTTCCGCCTTAC-1","0",109,163,33426,3901,60,18,3901,5824
"ATTCAGATGTGATAGA-1","0",109,165,33424,3536,58,18,3536,5826
"TACCATCGCCAAGTCG-1","0",109,167,33423,3171,56,18,3171,5827
"CAAGTAAGCTGCACAA-1","0",109,169,33421,2806,54,18,2806,5829
"GACTACGATGAACGCC-1","0",109,171,33419,2441,52,18,2441,5831
"CTTGAGTTATAAGTGC-1","0",109,173,33418,2075,50,18,2075,5832
"TGTCGAGGTGCGCACC-1","0",109,175,33416,1710,48,18,1710,5834
"GCACCGTGCTAACTGG-1","0",109,177,33414,1345,46,18,1345,5836
"GGTTCTGTCCAGATGC-1","0",109,179,33412,980,44,18,980,5838
"CACGATGCACCTCCGC-1","0",109,181,33411,615,42,18,615,5839
"GCACCTTCCAGACGAG-1","0",109,183,33409,250,40,18,250,5841
"AAGTGGACTCCTACGT-1","0",109,185,33407,-116,38,18,-116,5843
"CTGAAGACAGGCACTG-1","0",109,187,33406,-481,36,18,-481,5844
"CAGAACCGCTATTCGA-1","0",109,189,33404,-846,34,18,-846,5846
"ATGGAGTAATCCAGTG-1","0",109,191,33402,-1211,32,18,-1211,5848
"AATCCTTCTGTCCTTA-1","0",109,193,33400,-1576,30,18,-1576,5850
"ATCAAGGATGCTCCAG-1","0",109,195,33399,-1941,28,18,-1941,5851
"AGACTTGGACTCTACT-1","0",109,197,33397,-2307,26,18,-2307,5853
"CCATCAGATCTGAGGT-1","0",109,199,33395,-2672,24,18,-2672,5855
"ACTTGAATCGGTACTC-1","0",109,201,33394,-3037,22,18,-3037,5856
"GGAACACCGTTGTAAT-1","0",109,203,33392,-3402,20,18,-3402,5858
"CTGAAGTTGGACTTCT-1","0",109,205,33390,-3767,18,18,-3767,5860
"ACCACGAACTGTCTGT-1","0",109,207,33388,-4132,16,18,-4132,5862
"TGTCGAGGTCACAGGC-1","0",109,209,33387,-4498,14,18,-4498,5863
"GGCATACTCAATGAGG-1","0",109,211,33385,-4863,12,18,-4863,5865
"CGCTAGTGGTATTGCG-1","0",109,213,33383,-5228,10,18,-5228,5867
"GAGTCACCAGATCCAA-1","0",109,215,33382,-5593,8,18,-5593,5868
"TAATTAGCCAGCGTTC-1","0",109,217,33380,-5958,6,18,-5958,5870
"CGATGATAGCCACCAT-1","0",109,219,33378,-6323,4,18,-6323,5872
"TGGTACCATCCGAGCC-1","0",109,221,33376,-6689,2,18,-6689,5874
"CTAAGAGCTCAAGGTT-1","0",109,223,33375,-7054,0,18,-7054,5875
"CAGCATTACAGCCGAC-1","0",110,0,33883,33661,223,17,33661,5367
"CCGGCGAGGTCTGTCG-1","0",110,2,33882,33296,221,17,33296,5368
"CATATTGTATCGATGT-1","0",110,4,33880,32930,219,17,32930,5370
"ATGTTAGGTCAATGTA-1","0",110,6,33878,32565,217,17,32565,5372
"GTCAGGATGCACAATT-1","0",110,8,33877,32200,215,17,32200,5373
"ATTCAGCGCAGCCGCA-1","0",110,10,33875,31835,213,17,31835,5375
"TCAGGTCTAAGGCCGA-1","0",110,12,33873,31470,211,17,31470,5377
"ATTACTCAATCGCCAT-1","0",110,14,33871,31105,209,17,31105,5379
"AGGAATCCTACCAGCA-1","0",110,16,33870,30739,207,17,30739,5380
"TGTAGGAGGCTAGCAG-1","0",110,18,33868,30374,205,17,30374,5382
"TGACCAAGAAGTGGCT-1","0",110,20,33866,30009,203,17,30009,5384
"ATTGGCACGCCGTTGA-1","0",110,22,33865,29644,201,17,29644,5385
"AAGGACCAGATAACTG-1","0",110,24,33863,29279,199,17,29279,5387
"CGCCTTGTCGACCGAG-1","0",110,26,33861,28914,197,17,28914,5389
"TGCTATTACACTAAGC-1","0",110,28,33859,28548,195,17,28548,5391
"ATTCCGGTGCAGGTGG-1","0",110,30,33858,28183,193,17,28183,5392
"GAAGTAATGACTGGAC-1","0",110,32,33856,27818,191,17,27818,5394
"TGATTCCGTACAAGAC-1","0",110,34,33854,27453,189,17,27453,5396
"CCGTGACTCGGATAAT-1","0",110,36,33853,27088,187,17,27088,5397
"CCTCATTCGATGTTCG-1","0",110,38,33851,26723,185,17,26723,5399
"ACATAGATTAGACCGA-1","0",110,40,33849,26357,183,17,26357,5401
"TCCACGATTCCTACAA-1","0",110,42,33847,25992,181,17,25992,5403
"ACTGTATGGTGCAATG-1","0",110,44,33846,25627,179,17,25627,5404
"TAAGGTGGCCGCTCCG-1","0",110,46,33844,25262,177,17,25262,5406
"TAGTTCACAGTATGAC-1","0",110,48,33842,24897,175,17,24897,5408
"GTATACGCACCATGCT-1","0",110,50,33841,24532,173,17,24532,5409
"GAATTAGATTGGTAAG-1","0",110,52,33839,24166,171,17,24166,5411
"CCTACGTGCGAGTTAG-1","0",110,54,33837,23801,169,17,23801,5413
"ATTCCTTCATGGTTGA-1","0",110,56,33835,23436,167,17,23436,5415
"TGGAAGGTGGAGGTGC-1","0",110,58,33834,23071,165,17,23071,5416
"GATAAGACTTGACATC-1","0",110,60,33832,22706,163,17,22706,5418
"GCCAGACGATCTAAGC-1","0",110,62,33830,22341,161,17,22341,5420
"GTTAACGTCGAACCAA-1","0",110,64,33829,21975,159,17,21975,5421
"CGTGCGTGGTGCCTGG-1","0",110,66,33827,21610,157,17,21610,5423
"TGTTACAACGGTGCCA-1","0",110,68,33825,21245,155,17,21245,5425
"CATCGGATGTCTGCCT-1","0",110,70,33823,20880,153,17,20880,5427
"ATCGTATTGTATGCAG-1","0",110,72,33822,20515,151,17,20515,5428
"CCGGCGTCGGCCGTTA-1","0",110,74,33820,20150,149,17,20150,5430
"GAGTTAGCGAACGTTA-1","0",110,76,33818,19784,147,17,19784,5432
"GTGGAGCTAAGGAGAT-1","0",110,78,33817,19419,145,17,19419,5433
"ATGACCGGCGCCACGC-1","0",110,80,33815,19054,143,17,19054,5435
"CACGTCCAGGTTCTCC-1","1",110,82,33813,18689,141,17,18689,5437
"CAGCACATGGTGGCAG-1","1",110,84,33811,18324,139,17,18324,5439
"TCCAAGAAGGTACAAT-1","1",110,86,33810,17959,137,17,17959,5440
"GGCATCTATCCTGAAC-1","1",110,88,33808,17593,135,17,17593,5442
"GGTTGTCTATGCACAG-1","1",110,90,33806,17228,133,17,17228,5444
"CAGAGCTCCGAACCTA-1","1",110,92,33805,16863,131,17,16863,5445
"TCATCTCCGCTCAGAC-1","1",110,94,33803,16498,129,17,16498,5447
"ACCTGGTCACAGCCAA-1","1",110,96,33801,16133,127,17,16133,5449
"CTTAGCAACACCATAA-1","1",110,98,33799,15768,125,17,15768,5451
"CTGCTAACTCCTTAGC-1","1",110,100,33798,15402,123,17,15402,5452
"CAGCCGGTTAGCATGT-1","1",110,102,33796,15037,121,17,15037,5454
"AGCGACGCAGCGTCGC-1","1",110,104,33794,14672,119,17,14672,5456
"CGAACGCCGGTTAAGG-1","1",110,106,33793,14307,117,17,14307,5457
"GGTCTATTCCTCCGCC-1","1",110,108,33791,13942,115,17,13942,5459
"TGTTAATGATTCACTA-1","1",110,110,33789,13577,113,17,13577,5461
"CACGATTAGTCTGACT-1","1",110,112,33787,13211,111,17,13211,5463
"AGCGACAGGAGTCAAT-1","1",110,114,33786,12846,109,17,12846,5464
"CTATCGGCAATCATTA-1","1",110,116,33784,12481,107,17,12481,5466
"CAACCGGACCTCGGCC-1","1",110,118,33782,12116,105,17,12116,5468
"AGACTCGCAATGACCA-1","1",110,120,33781,11751,103,17,11751,5469
"TCACTATGTCAACAGA-1","1",110,122,33779,11386,101,17,11386,5471
"TGGTCGAGGCCTGAGT-1","1",110,124,33777,11020,99,17,11020,5473
"ATGTAGTGATGTGCCT-1","1",110,126,33775,10655,97,17,10655,5475
"GTACGATTACCTATCA-1","1",110,128,33774,10290,95,17,10290,5476
"GGCTGGACGCTCTAAT-1","1",110,130,33772,9925,93,17,9925,5478
"ATCGGTACTTCGAGCC-1","1",110,132,33770,9560,91,17,9560,5480
"TGACCAATACTGCGAG-1","1",110,134,33769,9195,89,17,9195,5481
"CCAAGATGCTCCGTTG-1","1",110,136,33767,8829,87,17,8829,5483
"CGTACACGCCGGATGA-1","1",110,138,33765,8464,85,17,8464,5485
"CTTAGCAACGGATTCA-1","1",110,140,33763,8099,83,17,8099,5487
"GAGCTCCTGCAAGCGA-1","1",110,142,33762,7734,81,17,7734,5488
"CCGTGCTCGATATGAT-1","1",110,144,33760,7369,79,17,7369,5490
"CTCGTGATTGATAGAC-1","1",110,146,33758,7004,77,17,7004,5492
"CATCAGCGAGCCTACG-1","1",110,148,33757,6638,75,17,6638,5493
"GGCAGCCGACTGATTC-1","1",110,150,33755,6273,73,17,6273,5495
"CTGAAGTATCGCGAGC-1","1",110,152,33753,5908,71,17,5908,5497
"TGAGGTACATAATTGG-1","0",110,154,33751,5543,69,17,5543,5499
"GAGGTAGTGGACTAAT-1","0",110,156,33750,5178,67,17,5178,5500
"GGTCCTCACGTCTTGA-1","0",110,158,33748,4813,65,17,4813,5502
"CTGTTGGATCCATATG-1","0",110,160,33746,4447,63,17,4447,5504
"GGCCTTCGTTACTATC-1","0",110,162,33745,4082,61,17,4082,5505
"TCCAGACTTCGCACCA-1","0",110,164,33743,3717,59,17,3717,5507
"CGTTGTAATAACAGTA-1","0",110,166,33741,3352,57,17,3352,5509
"ACAATGGCCGATTGAA-1","0",110,168,33739,2987,55,17,2987,5511
"TGGATCTAACGAAGTT-1","0",110,170,33738,2622,53,17,2622,5512
"TGATTCACTACCGATG-1","0",110,172,33736,2256,51,17,2256,5514
"AGGATAGTGCTGGTCC-1","0",110,174,33734,1891,49,17,1891,5516
"TACGCCTCGAGGCATC-1","0",110,176,33733,1526,47,17,1526,5517
"CTTCAAGTCTACAGCG-1","0",110,178,33731,1161,45,17,1161,5519
"AGATGTGAAGACAACG-1","0",110,180,33729,796,43,17,796,5521
"AGAATCTGGTTCCATC-1","0",110,182,33727,431,41,17,431,5523
"ACCGTAGACCGTACTG-1","0",110,184,33726,65,39,17,65,5524
"CGGACCACAGACGTCT-1","0",110,186,33724,-300,37,17,-300,5526
"CAGAACTGGCAGGCTA-1","0",110,188,33722,-665,35,17,-665,5528
"ACATACCGGCCAAGTT-1","0",110,190,33721,-1030,33,17,-1030,5529
"TAAGGCGAGTCAGACA-1","0",110,192,33719,-1395,31,17,-1395,5531
"GAGTTACTGTATTATC-1","0",110,194,33717,-1760,29,17,-1760,5533
"CAGACGGATTAATTGA-1","0",110,196,33716,-2126,27,17,-2126,5534
"AGTGTCTGCATATCCT-1","0",110,198,33714,-2491,25,17,-2491,5536
"TCTAGAGTACAGACAT-1","0",110,200,33712,-2856,23,17,-2856,5538
"AGCAGGCCTTGTCGAC-1","0",110,202,33710,-3221,21,17,-3221,5540
"ATCAAGGAATTCCTGA-1","0",110,204,33709,-3586,19,17,-3586,5541
"ATGAGTCTTGTACATA-1","0",110,206,33707,-3951,17,17,-3951,5543
"GTTATTGGCCGACTAA-1","0",110,208,33705,-4317,15,17,-4317,5545
"TACTAGTCCTACGGTC-1","0",110,210,33704,-4682,13,17,-4682,5546
"TGATTCTACACTATGT-1","0",110,212,33702,-5047,11,17,-5047,5548
"GGACTCACATTATCGT-1","0",110,214,33700,-5412,9,17,-5412,5550
"CTTGTCTTGATTGGTT-1","0",110,216,33698,-5777,7,17,-5777,5552
"TCCAACGGCTCGAGCG-1","0",110,218,33697,-6142,5,17,-6142,5553
"CCTCTACCACAAGTGC-1","0",110,220,33695,-6508,3,17,-6508,5555
"TCCAACATGCGAACAT-1","0",110,222,33693,-6873,1,17,-6873,5557
"GTCATCTGATCCGCTA-1","0",111,1,34197,33477,222,16,33477,5053
"TCGATCATCCTAATGT-1","0",111,3,34195,33112,220,16,33112,5055
"GGCAATCGGCCGAAGA-1","0",111,5,34193,32746,218,16,32746,5057
"AAGTCGCAGTTACCGA-1","0",111,7,34191,32381,216,16,32381,5059
"AACCTTGTCCGTAATT-1","0",111,9,34190,32016,214,16,32016,5060
"GTGGCGAGAATGCGAA-1","0",111,11,34188,31651,212,16,31651,5062
"GGAGCAGTAACAATGA-1","0",111,13,34186,31286,210,16,31286,5064
"AGATGAGGTCGTGATA-1","0",111,15,34185,30921,208,16,30921,5065
"ATTGCCAATATCGACA-1","0",111,17,34183,30555,206,16,30555,5067
"CTGCGGCAAGCCTATT-1","0",111,19,34181,30190,204,16,30190,5069
"ACTGGTAGTCTTATTC-1","0",111,21,34179,29825,202,16,29825,5071
"GCTGACTTCCGGATGA-1","0",111,23,34178,29460,200,16,29460,5072
"AACCTACAAGTTAAGA-1","0",111,25,34176,29095,198,16,29095,5074
"AGGTCGGTATAACTTG-1","0",111,27,34174,28730,196,16,28730,5076
"GATTAATTCACTAGAA-1","0",111,29,34173,28364,194,16,28364,5077
"AACAGACCGCGATCTG-1","0",111,31,34171,27999,192,16,27999,5079
"TCTAACAGGTACGACT-1","0",111,33,34169,27634,190,16,27634,5081
"TCCAGTACGACATTAT-1","0",111,35,34167,27269,188,16,27269,5083
"CTATCCGCTCATGGTC-1","0",111,37,34166,26904,186,16,26904,5084
"ACATCTCGCTTGCATA-1","0",111,39,34164,26539,184,16,26539,5086
"GCCACCGACTGCTTAG-1","0",111,41,34162,26173,182,16,26173,5088
"CTCAGGCGCATCCATC-1","0",111,43,34161,25808,180,16,25808,5089
"CAGCTTGACCAGGTAG-1","0",111,45,34159,25443,178,16,25443,5091
"TCTGCCAAGGAACGCA-1","0",111,47,34157,25078,176,16,25078,5093
"ATGGATACCTGAATGC-1","0",111,49,34155,24713,174,16,24713,5095
"GTTGAGCGGTGGACGA-1","0",111,51,34154,24348,172,16,24348,5096
"GAGCGGATGCGTGATA-1","0",111,53,34152,23982,170,16,23982,5098
"GTATGCGGTAACTCAG-1","0",111,55,34150,23617,168,16,23617,5100
"CCATTAGTACTTACAA-1","0",111,57,34149,23252,166,16,23252,5101
"GTCCTTATGACGTATT-1","0",111,59,34147,22887,164,16,22887,5103
"TGGAGTCCAGCAATAG-1","0",111,61,34145,22522,162,16,22522,5105
"TCCGCATTGCCAGCGA-1","0",111,63,34143,22157,160,16,22157,5107
"TGTCCTAGTGGCGTCC-1","0",111,65,34142,21791,158,16,21791,5108
"GAGGCGTTACTACGTG-1","0",111,67,34140,21426,156,16,21426,5110
"TGGATCTAGTTGTATG-1","0",111,69,34138,21061,154,16,21061,5112
"ATCAGACAACCGCTTC-1","0",111,71,34137,20696,152,16,20696,5113
"TCAATCTAACAGTCGG-1","0",111,73,34135,20331,150,16,20331,5115
"AATAACATTCAATGCA-1","0",111,75,34133,19966,148,16,19966,5117
"GTGGCGGATTCCACGC-1","0",111,77,34131,19600,146,16,19600,5119
"CCATGATAACGCAGGA-1","0",111,79,34130,19235,144,16,19235,5120
"TATGCGTACATCTTGT-1","1",111,81,34128,18870,142,16,18870,5122
"TCGCGGTATTAGATCG-1","1",111,83,34126,18505,140,16,18505,5124
"CCGGCGAGCGTAGAAT-1","1",111,85,34125,18140,138,16,18140,5125
"TAAGAATGAGCTCGTT-1","1",111,87,34123,17775,136,16,17775,5127
"CTTCGACCAACATGCA-1","1",111,89,34121,17409,134,16,17409,5129
"GAATGGTCACGATAGG-1","1",111,91,34119,17044,132,16,17044,5131
"TGAGGTAACCAGCGTG-1","1",111,93,34118,16679,130,16,16679,5132
"TAACAAGGATACAACG-1","1",111,95,34116,16314,128,16,16314,5134
"CGGCTTCCGTAGCGAC-1","1",111,97,34114,15949,126,16,15949,5136
"GGAGATCTTCCTGAAT-1","1",111,99,34113,15584,124,16,15584,5137
"TACCGGCCGTAGATTC-1","1",111,101,34111,15218,122,16,15218,5139
"ATACTGTTAAGTCACC-1","1",111,103,34109,14853,120,16,14853,5141
"TACACTGTGGCTGAAT-1","1",111,105,34108,14488,118,16,14488,5142
"ACATTGATAACAGCAC-1","1",111,107,34106,14123,116,16,14123,5144
"ATGACACTCAGACTCA-1","1",111,109,34104,13758,114,16,13758,5146
"TGCCGGAATTCACTTG-1","1",111,111,34102,13393,112,16,13393,5148
"CTTATTGAATGCTTAT-1","1",111,113,34101,13027,110,16,13027,5149
"ATTCCGTCCGGTGCTT-1","1",111,115,34099,12662,108,16,12662,5151
"CGGTCTTATCGGTGGA-1","1",111,117,34097,12297,106,16,12297,5153
"TCTACATATGAAGAGT-1","1",111,119,34096,11932,104,16,11932,5154
"ATGCTCAACTCATAGC-1","1",111,121,34094,11567,102,16,11567,5156
"CCACAAGGTGAGCCGG-1","1",111,123,34092,11202,100,16,11202,5158
"CGATAGACAACTCATT-1","1",111,125,34090,10836,98,16,10836,5160
"GACTGAGTACAAGAGG-1","1",111,127,34089,10471,96,16,10471,5161
"TGATCGCATAGGATTC-1","1",111,129,34087,10106,94,16,10106,5163
"GGTCCGTATCTGACGT-1","1",111,131,34085,9741,92,16,9741,5165
"ACAATCGGACGTTAAG-1","1",111,133,34084,9376,90,16,9376,5166
"TCCAGTTCGTCAACCA-1","1",111,135,34082,9011,88,16,9011,5168
"TACTCATATGTTACTG-1","1",111,137,34080,8645,86,16,8645,5170
"TGAATGTACAGGTCAC-1","1",111,139,34078,8280,84,16,8280,5172
"GATTCCTGCGTACATC-1","1",111,141,34077,7915,82,16,7915,5173
"ATGTAGAATATGAGCG-1","1",111,143,34075,7550,80,16,7550,5175
"TGACCAGTTGGTGCCA-1","1",111,145,34073,7185,78,16,7185,5177
"ACAATAAGGAAGTACT-1","1",111,147,34072,6820,76,16,6820,5178
"AACGGTTGTCACGGCC-1","1",111,149,34070,6454,74,16,6454,5180
"GTATGCCAACATTCTT-1","1",111,151,34068,6089,72,16,6089,5182
"GGCTGAGCCTCAACGG-1","1",111,153,34066,5724,70,16,5724,5184
"CGCTGTGACAGACTTC-1","0",111,155,34065,5359,68,16,5359,5185
"GTCTCATATGTATTAG-1","0",111,157,34063,4994,66,16,4994,5187
"ACAACGGACGTTCAGG-1","0",111,159,34061,4629,64,16,4629,5189
"ACCTGCAGCGTTATGC-1","0",111,161,34060,4263,62,16,4263,5190
"ATAACGCTCAATCACT-1","0",111,163,34058,3898,60,16,3898,5192
"ATGGTATGCGACCGCC-1","0",111,165,34056,3533,58,16,3533,5194
"AACAGTCTGACGAATT-1","0",111,167,34054,3168,56,16,3168,5196
"CGTCGAACATTACACG-1","0",111,169,34053,2803,54,16,2803,5197
"CATCTTAGACCAGCCG-1","0",111,171,34051,2438,52,16,2438,5199
"CGAAGGAGGCCTGGAC-1","0",111,173,34049,2072,50,16,2072,5201
"ATAAGAACTGACTACC-1","0",111,175,34048,1707,48,16,1707,5202
"GTCTGTCCGATTGTAC-1","0",111,177,34046,1342,46,16,1342,5204
"CGAATGGTAGTGCAGC-1","0",111,179,34044,977,44,16,977,5206
"CCTCGGTTATTCGCGG-1","0",111,181,34042,612,42,16,612,5208
"AAGGCGAGAAGGTAAC-1","0",111,183,34041,247,40,16,247,5209
"TCGAGCCTAGTTCATC-1","0",111,185,34039,-119,38,16,-119,5211
"GAAGTATTACATAGAT-1","0",111,187,34037,-484,36,16,-484,5213
"CGGTGGCATCTTATGT-1","0",111,189,34036,-849,34,16,-849,5214
"GACGTCTTACGCTGTC-1","0",111,191,34034,-1214,32,16,-1214,5216
"GAACCTCAGATAGGCG-1","0",111,193,34032,-1579,30,16,-1579,5218
"GACAATACAGCCACTC-1","0",111,195,34030,-1944,28,16,-1944,5220
"TGAGTATTGCGGAAGA-1","0",111,197,34029,-2310,26,16,-2310,5221
"AATCGAGTACGCTTGT-1","0",111,199,34027,-2675,24,16,-2675,5223
"TCGCGGCTATGAGTGC-1","0",111,201,34025,-3040,22,16,-3040,5225
"GTTCCGGCACTGGATG-1","0",111,203,34024,-3405,20,16,-3405,5226
"AGAACACTGTTGCGAG-1","0",111,205,34022,-3770,18,16,-3770,5228
"CTTGTCTTCCTACTCA-1","0",111,207,34020,-4135,16,16,-4135,5230
"ACTGATACCGGTTCGT-1","0",111,209,34018,-4501,14,16,-4501,5232
"CGGAGCGTGCACGCAG-1","0",111,211,34017,-4866,12,16,-4866,5233
"ACGTTAATGAATCGGC-1","0",111,213,34015,-5231,10,16,-5231,5235
"GCCGACTTACCGAGCG-1","0",111,215,34013,-5596,8,16,-5596,5237
"ACTCCAGCTTCGATTG-1","0",111,217,34012,-5961,6,16,-5961,5238
"ATAGTTGCGGCCGGCT-1","0",111,219,34010,-6326,4,16,-6326,5240
"GTAGACGGCGGATTGT-1","0",111,221,34008,-6692,2,16,-6692,5242
"GTGCAATTCGGTAAGT-1","0",111,223,34006,-7057,0,16,-7057,5244
"GCGTAGAATTGGCAGT-1","0",112,0,34515,33658,223,15,33658,4735
"CGCACTCACTCGCCGA-1","0",112,2,34513,33293,221,15,33293,4737
"GGATGTGAGTCTAGCA-1","0",112,4,34512,32927,219,15,32927,4738
"CAGTAACGACCAGAAG-1","0",112,6,34510,32562,217,15,32562,4740
"AACCTGTCTACCTATC-1","0",112,8,34508,32197,215,15,32197,4742
"AGATCGGACAATTCTA-1","0",112,10,34507,31832,213,15,31832,4743
"ATGTCGCACGTCCGAG-1","0",112,12,34505,31467,211,15,31467,4745
"TGCGATTACATTGTCT-1","0",112,14,34503,31102,209,15,31102,4747
"GTGGCGCACGATCGTT-1","0",112,16,34501,30736,207,15,30736,4749
"GTCTATTCCTTAGCCA-1","0",112,18,34500,30371,205,15,30371,4750
"ATGGAGATGCCGGTAC-1","0",112,20,34498,30006,203,15,30006,4752
"TGAGCTCAGACCAGTG-1","0",112,22,34496,29641,201,15,29641,4754
"AGGATCGATATTGACG-1","0",112,24,34495,29276,199,15,29276,4755
"TGGCCATTCGACCAAT-1","0",112,26,34493,28911,197,15,28911,4757
"GAATGAGGACTTCTGA-1","0",112,28,34491,28545,195,15,28545,4759
"GGCTTCTGGACATATT-1","0",112,30,34489,28180,193,15,28180,4761
"GTGACAGGATCGGCCT-1","0",112,32,34488,27815,191,15,27815,4762
"GGTTGTACTTCCGGTA-1","0",112,34,34486,27450,189,15,27450,4764
"AGTCGGCAGAGCTTGT-1","0",112,36,34484,27085,187,15,27085,4766
"ATAGTTCGAGTGACCG-1","0",112,38,34483,26720,185,15,26720,4767
"CCTCACGTGAATCAAT-1","0",112,40,34481,26354,183,15,26354,4769
"TAGATGCGCTATTCAG-1","0",112,42,34479,25989,181,15,25989,4771
"CTGACTAGTCTGGATG-1","0",112,44,34477,25624,179,15,25624,4773
"CAGATATTAGATCTAA-1","0",112,46,34476,25259,177,15,25259,4774
"GCGATACCTAGTTCCG-1","0",112,48,34474,24894,175,15,24894,4776
"CTATGTGCTAACCTGT-1","0",112,50,34472,24529,173,15,24529,4778
"ACCTGCAGGCGATTCA-1","0",112,52,34471,24163,171,15,24163,4779
"CTATCCGTGGATGCTG-1","0",112,54,34469,23798,169,15,23798,4781
"ATAGGCTACGCAGACT-1","0",112,56,34467,23433,167,15,23433,4783
"TGCACGTACTATCAAT-1","0",112,58,34465,23068,165,15,23068,4785
"CGGTCCGCTGTACGTG-1","0",112,60,34464,22703,163,15,22703,4786
"TAGGTCCGGTATCAAT-1","0",112,62,34462,22338,161,15,22338,4788
"CAGCTCTGGCCGTGCC-1","0",112,64,34460,21972,159,15,21972,4790
"GGCGCCACAGCAGTCT-1","0",112,66,34459,21607,157,15,21607,4791
"AGATCTACATTCGTTC-1","0",112,68,34457,21242,155,15,21242,4793
"TACGTTATACTTAGCT-1","0",112,70,34455,20877,153,15,20877,4795
"ACATCGTAATCTTGGA-1","0",112,72,34453,20512,151,15,20512,4797
"GTAACATGACGAGCAA-1","0",112,74,34452,20147,149,15,20147,4798
"GCAACATCCACGCTCA-1","0",112,76,34450,19781,147,15,19781,4800
"GTCTAGGTATTAGCAG-1","0",112,78,34448,19416,145,15,19416,4802
"CTATGTGAACAGTTCG-1","0",112,80,34447,19051,143,15,19051,4803
"TCGTCATGCGACAACG-1","1",112,82,34445,18686,141,15,18686,4805
"CCTAACGCTTAATGAA-1","1",112,84,34443,18321,139,15,18321,4807
"CCGGAGACGTCCAGAA-1","1",112,86,34441,17956,137,15,17956,4809
"GATGAGGCCGGTAGCT-1","1",112,88,34440,17590,135,15,17590,4810
"TCTATCTTAGTAGATG-1","1",112,90,34438,17225,133,15,17225,4812
"CGCCTATTCGCTTAAC-1","1",112,92,34436,16860,131,15,16860,4814
"GTGCCTGCCGTCCGTA-1","1",112,94,34435,16495,129,15,16495,4815
"TCGTATGTGCACTGGA-1","1",112,96,34433,16130,127,15,16130,4817
"ACGAGGTGGAGGAATA-1","1",112,98,34431,15765,125,15,15765,4819
"CGCTGTAGCCTAGCCG-1","1",112,100,34429,15399,123,15,15399,4821
"GTCAGGACATCTCCGT-1","1",112,102,34428,15034,121,15,15034,4822
"CTTGCGTGAAGGTACA-1","1",112,104,34426,14669,119,15,14669,4824
"TGCCAGCTGAATCGTT-1","1",112,106,34424,14304,117,15,14304,4826
"GTACTTCGCCTCTATG-1","1",112,108,34423,13939,115,15,13939,4827
"TATTCCGGACTTACAG-1","1",112,110,34421,13574,113,15,13574,4829
"AACCTAATGTAGCCGG-1","1",112,112,34419,13208,111,15,13208,4831
"TGGATTGTACGCAACC-1","1",112,114,34417,12843,109,15,12843,4833
"ACTTGATAACCGACTC-1","1",112,116,34416,12478,107,15,12478,4834
"TGAATACCTAGTAAGT-1","1",112,118,34414,12113,105,15,12113,4836
"GTCGAGATAGGCCTCC-1","1",112,120,34412,11748,103,15,11748,4838
"CCTGCTTCTGGCCTCC-1","1",112,122,34411,11383,101,15,11383,4839
"AATTGGATGACTACAA-1","1",112,124,34409,11017,99,15,11017,4841
"TACGTACGATACAGGT-1","1",112,126,34407,10652,97,15,10652,4843
"ATCGGTGCGGATACCT-1","1",112,128,34405,10287,95,15,10287,4845
"CGACGCCAACTGTCTA-1","1",112,130,34404,9922,93,15,9922,4846
"AATCCGCCTCTAGATG-1","1",112,132,34402,9557,91,15,9557,4848
"CCGCGACCAAGACCTG-1","1",112,134,34400,9192,89,15,9192,4850
"CGGCGTGCACTCAAGT-1","1",112,136,34399,8826,87,15,8826,4851
"AACATGCCATACGATA-1","1",112,138,34397,8461,85,15,8461,4853
"ACAGCCAGTCGGCCGT-1","1",112,140,34395,8096,83,15,8096,4855
"AGCACTAAGATTCTCG-1","1",112,142,34394,7731,81,15,7731,4856
"TATCTACAAGAATACT-1","1",112,144,34392,7366,79,15,7366,4858
"TAGCAGGCATAATTGA-1","1",112,146,34390,7001,77,15,7001,4860
"TCACTACGTAGGAACC-1","1",112,148,34388,6636,75,15,6636,4862
"AACTATAGCAAGTGTT-1","1",112,150,34387,6270,73,15,6270,4863
"AGCGGTTACGTACTCC-1","1",112,152,34385,5905,71,15,5905,4865
"CTTCGATACAGCTCGG-1","1",112,154,34383,5540,69,15,5540,4867
"TAATTGTCACGGCCTC-1","0",112,156,34382,5175,67,15,5175,4868
"GGAGGTAATATCATTC-1","0",112,158,34380,4810,65,15,4810,4870
"CATTGCTGAGGTCTGA-1","0",112,160,34378,4445,63,15,4445,4872
"GTCAACGCGAACTACG-1","0",112,162,34376,4079,61,15,4079,4874
"TGAGTACGAAGAGTTG-1","0",112,164,34375,3714,59,15,3714,4875
"CGCTCATGGATACCGT-1","0",112,166,34373,3349,57,15,3349,4877
"TATTGACTACAAGAAC-1","0",112,168,34371,2984,55,15,2984,4879
"TGAACTGCACGCGTAA-1","0",112,170,34370,2619,53,15,2619,4880
"CGTAACGGCTCCGTGA-1","0",112,172,34368,2254,51,15,2254,4882
"TGGCTGGTGCGACGCT-1","0",112,174,34366,1888,49,15,1888,4884
"AAGGAAGGTGCATTAT-1","0",112,176,34364,1523,47,15,1523,4886
"TCGCTTACGAATCCTA-1","0",112,178,34363,1158,45,15,1158,4887
"AGTTCCTTCTCCGCAG-1","0",112,180,34361,793,43,15,793,4889
"GGTATGCACGGAATCG-1","0",112,182,34359,428,41,15,428,4891
"TCTTACATAGCGGAGC-1","0",112,184,34358,63,39,15,63,4892
"TAAGCAAGATGAGCGA-1","0",112,186,34356,-303,37,15,-303,4894
"AGGCTGATCATTCAAT-1","0",112,188,34354,-668,35,15,-668,4896
"CTGCGTATTAGACTAG-1","0",112,190,34352,-1033,33,15,-1033,4898
"CACCTAATGTCAGAAT-1","0",112,192,34351,-1398,31,15,-1398,4899
"TATTACCACGAGGATT-1","0",112,194,34349,-1763,29,15,-1763,4901
"AGAACACTATCGTCGC-1","0",112,196,34347,-2128,27,15,-2128,4903
"TATCTTATAGTAGAGT-1","0",112,198,34346,-2494,25,15,-2494,4904
"GACCACGGCGCATTAC-1","0",112,200,34344,-2859,23,15,-2859,4906
"GATAGATTGAGCGTTC-1","0",112,202,34342,-3224,21,15,-3224,4908
"TGAGAATATCCTTCAT-1","0",112,204,34340,-3589,19,15,-3589,4910
"TATGTCTATTCTTGTC-1","0",112,206,34339,-3954,17,15,-3954,4911
"CGCTTCAATAAGTGAT-1","0",112,208,34337,-4319,15,15,-4319,4913
"TCGGCGGTTAAGGTCG-1","0",112,210,34335,-4685,13,15,-4685,4915
"CTCGACATTAATCACG-1","0",112,212,34334,-5050,11,15,-5050,4916
"TGTAGTAATTCCTCGG-1","0",112,214,34332,-5415,9,15,-5415,4918
"GTTCCGTGATAGTCAA-1","0",112,216,34330,-5780,7,15,-5780,4920
"CAGCTGCATTAGCAAC-1","0",112,218,34328,-6145,5,15,-6145,4922
"TGAGTAACCTGCCAAC-1","0",112,220,34327,-6510,3,15,-6510,4923
"CTCCATTCGCACCGCA-1","0",112,222,34325,-6876,1,15,-6876,4925
"TCTTGCACGCTATCAT-1","0",113,1,34828,33474,222,14,33474,4422
"GCCTTGGAAGTCGCTA-1","0",113,3,34827,33109,220,14,33109,4423
"TCACTGCTCGCACTAT-1","0",113,5,34825,32743,218,14,32743,4425
"AAGGTTATTGACATTC-1","0",113,7,34823,32378,216,14,32378,4427
"ATTCACTGAATGCGGC-1","0",113,9,34821,32013,214,14,32013,4429
"CGAGGAAGATTCGATT-1","0",113,11,34820,31648,212,14,31648,4430
"CATGTTGAAGCCTGTA-1","0",113,13,34818,31283,210,14,31283,4432
"AGTCGGACGTGACAGG-1","0",113,15,34816,30918,208,14,30918,4434
"CGCTACAGTGCCAGGT-1","0",113,17,34815,30552,206,14,30552,4435
"GACGTTACCACGCAGG-1","0",113,19,34813,30187,204,14,30187,4437
"GAACATTGAGTTATCG-1","0",113,21,34811,29822,202,14,29822,4439
"ATCTGACCACATTACC-1","0",113,23,34809,29457,200,14,29457,4441
"CCTAGTTCCGACTCCG-1","0",113,25,34808,29092,198,14,29092,4442
"ACTCCTGCGAATCGAT-1","0",113,27,34806,28727,196,14,28727,4444
"ACCGTAGGTGCTTGTA-1","0",113,29,34804,28361,194,14,28361,4446
"ATCTGATCGCCGATGC-1","0",113,31,34803,27996,192,14,27996,4447
"GTACATCGCATACACC-1","0",113,33,34801,27631,190,14,27631,4449
"TCAGGATATCTAGTTC-1","0",113,35,34799,27266,188,14,27266,4451
"TAGTGCCAGTATTAGC-1","0",113,37,34797,26901,186,14,26901,4453
"CATGCACGTAGGTAGC-1","0",113,39,34796,26536,184,14,26536,4454
"ATGCTTAGCCGACTAC-1","0",113,41,34794,26170,182,14,26170,4456
"CCGCAATCGCAGCTCC-1","0",113,43,34792,25805,180,14,25805,4458
"GAGGTGCCTCACGCTC-1","0",113,45,34791,25440,178,14,25440,4459
"ACAGGTATCAGCCTAG-1","0",113,47,34789,25075,176,14,25075,4461
"TATTGAAGTGAACATA-1","0",113,49,34787,24710,174,14,24710,4463
"CTTGCTACCAGTCTCG-1","0",113,51,34786,24345,172,14,24345,4464
"TGGAAGGTGATCATGA-1","0",113,53,34784,23979,170,14,23979,4466
"ATCCGTGGACTTGTCG-1","0",113,55,34782,23614,168,14,23614,4468
"AACGACCAGCCGGCGA-1","0",113,57,34780,23249,166,14,23249,4470
"CGCTTAAGCGGTCTTA-1","0",113,59,34779,22884,164,14,22884,4471
"GTGAGGCATCGCCGGC-1","0",113,61,34777,22519,162,14,22519,4473
"GCATTGGTGACAACCT-1","0",113,63,34775,22154,160,14,22154,4475
"TGCCAGCCAGTAGAGC-1","0",113,65,34774,21788,158,14,21788,4476
"CGAAGGTTCCAGCGCT-1","0",113,67,34772,21423,156,14,21423,4478
"TATGGCGTTGTAACCT-1","0",113,69,34770,21058,154,14,21058,4480
"GGTTCAGACCGTAGTC-1","0",113,71,34768,20693,152,14,20693,4482
"GATCCAATGACGTCAG-1","0",113,73,34767,20328,150,14,20328,4483
"GGACTTCTCGGCATCG-1","0",113,75,34765,19963,148,14,19963,4485
"TGTCATAGCACTATGT-1","0",113,77,34763,19597,146,14,19597,4487
"CACGCCACTTAGTATT-1","0",113,79,34762,19232,144,14,19232,4488
"AGTGCACCGTATGGAC-1","1",113,81,34760,18867,142,14,18867,4490
"AGATACGCGGCCATGC-1","1",113,83,34758,18502,140,14,18502,4492
"GTACTTGTCTGTTGGC-1","1",113,85,34756,18137,138,14,18137,4494
"AGGCAGATACGGTTCC-1","1",113,87,34755,17772,136,14,17772,4495
"GGTTCTGGTACATGCG-1","1",113,89,34753,17406,134,14,17406,4497
"GCTTACCTTCAGCTGC-1","1",113,91,34751,17041,132,14,17041,4499
"TATCATACTGTACGTG-1","1",113,93,34750,16676,130,14,16676,4500
"GTTATTGACTAAGGCA-1","1",113,95,34748,16311,128,14,16311,4502
"AGAACAAGAATTGAGG-1","1",113,97,34746,15946,126,14,15946,4504
"AAGCGACGAGCGCCTA-1","1",113,99,34744,15581,124,14,15581,4506
"ATGATTCATTGGTTCC-1","1",113,101,34743,15215,122,14,15215,4507
"GAAGCGTAGGCCTATG-1","1",113,103,34741,14850,120,14,14850,4509
"TGTATGAAGCCGTGTT-1","1",113,105,34739,14485,118,14,14485,4511
"ATCTGGAGACGGAGGC-1","1",113,107,34738,14120,116,14,14120,4512
"GTAACCACGGAACTTA-1","1",113,109,34736,13755,114,14,13755,4514
"ACCAAGCCTGTACAGA-1","1",113,111,34734,13390,112,14,13390,4516
"CTCATCCACTTAAGCC-1","1",113,113,34732,13024,110,14,13024,4518
"GGAAGACACTGCCTCC-1","1",113,115,34731,12659,108,14,12659,4519
"ATGGAACCTCCGAGGC-1","1",113,117,34729,12294,106,14,12294,4521
"CATAGATTAAGTCACT-1","1",113,119,34727,11929,104,14,11929,4523
"CCTTCAACAGATGTCT-1","1",113,121,34726,11564,102,14,11564,4524
"ACCTTAGGATTCCTCG-1","1",113,123,34724,11199,100,14,11199,4526
"ACAGAACACTCGTAAT-1","1",113,125,34722,10833,98,14,10833,4528
"CGTACTTGTCTGAGAA-1","1",113,127,34720,10468,96,14,10468,4530
"GCCTGGTCATCCATTA-1","1",113,129,34719,10103,94,14,10103,4531
"TGGTACGGCGAGATTA-1","1",113,131,34717,9738,92,14,9738,4533
"GAGTCTCCGGATTAGC-1","1",113,133,34715,9373,90,14,9373,4535
"CGCACGCATTACTTCT-1","1",113,135,34714,9008,88,14,9008,4536
"GGAAGTCTCACTTGAC-1","1",113,137,34712,8642,86,14,8642,4538
"AAGATTGGTTGATTAC-1","1",113,139,34710,8277,84,14,8277,4540
"TAGTGATAGTCTACTC-1","1",113,141,34708,7912,82,14,7912,4542
"AAGAATAACTTACATG-1","1",113,143,34707,7547,80,14,7547,4543
"TGGAAGGATAACTTAG-1","1",113,145,34705,7182,78,14,7182,4545
"TGCAGATTGTTCGTAC-1","1",113,147,34703,6817,76,14,6817,4547
"AAGGCAGTCGTAAGGC-1","1",113,149,34702,6451,74,14,6451,4548
"CTAGTTCTCGTACACT-1","1",113,151,34700,6086,72,14,6086,4550
"AGTTATAACCGTATGT-1","1",113,153,34698,5721,70,14,5721,4552
"ATGTACGATGAGTCTT-1","0",113,155,34696,5356,68,14,5356,4554
"GTCTAGTTAGATGTAT-1","0",113,157,34695,4991,66,14,4991,4555
"TAGCACGGCTAGCTCG-1","0",113,159,34693,4626,64,14,4626,4557
"ATAATTCTTAATGGAC-1","0",113,161,34691,4260,62,14,4260,4559
"ATTCTAGGAATTGTGC-1","0",113,163,34690,3895,60,14,3895,4560
"ATCAGAGGTGTCTTAG-1","0",113,165,34688,3530,58,14,3530,4562
"AGATCTTAATAGTCAG-1","0",113,167,34686,3165,56,14,3165,4564
"TAGCAGCGAGTGTAGG-1","0",113,169,34684,2800,54,14,2800,4566
"ATTGACTTCAATGTCC-1","0",113,171,34683,2435,52,14,2435,4567
"GAATCATATTAGCCGT-1","0",113,173,34681,2069,50,14,2069,4569
"CGGATTCGGCAACACC-1","0",113,175,34679,1704,48,14,1704,4571
"TGCTATACTCATTAGT-1","0",113,177,34678,1339,46,14,1339,4572
"ATAGTTGGTCAGGCTG-1","0",113,179,34676,974,44,14,974,4574
"TCGGACTCTGCGTACA-1","0",113,181,34674,609,42,14,609,4576
"CTGGCCAATCTAAGAT-1","0",113,183,34672,244,40,14,244,4578
"TGCGTCCTTGGTAGCT-1","0",113,185,34671,-122,38,14,-122,4579
"TCCAATCCTCTGACAA-1","0",113,187,34669,-487,36,14,-487,4581
"TCAGCTGTCCATCTGC-1","0",113,189,34667,-852,34,14,-852,4583
"GGACGTAGCGATGTTC-1","0",113,191,34666,-1217,32,14,-1217,4584
"TAGAGGACGGAGGTGA-1","0",113,193,34664,-1582,30,14,-1582,4586
"CCAGCAATTGAGACCA-1","0",113,195,34662,-1947,28,14,-1947,4588
"TGCATAATTCCGTCCG-1","0",113,197,34660,-2313,26,14,-2313,4590
"CCATGGCCACTCACCT-1","0",113,199,34659,-2678,24,14,-2678,4591
"GGCCTTAACCGTAACT-1","0",113,201,34657,-3043,22,14,-3043,4593
"GGCCAACGTTCGCAAT-1","0",113,203,34655,-3408,20,14,-3408,4595
"CCTAATGACTAAGAGC-1","0",113,205,34654,-3773,18,14,-3773,4596
"TGTCGCAACCAGACAA-1","0",113,207,34652,-4138,16,14,-4138,4598
"AATCTGCGCTACTCCG-1","0",113,209,34650,-4504,14,14,-4504,4600
"GTATACAGCGATGCAT-1","0",113,211,34648,-4869,12,14,-4869,4602
"GCAGATTAGATTCCGT-1","0",113,213,34647,-5234,10,14,-5234,4603
"ATCTTATGTATCTAGA-1","0",113,215,34645,-5599,8,14,-5599,4605
"CACTAATATGCTGTTG-1","0",113,217,34643,-5964,6,14,-5964,4607
"CCGCTCGCGATGCACG-1","0",113,219,34642,-6329,4,14,-6329,4608
"GCAGATAGTATTCTTA-1","0",113,221,34640,-6695,2,14,-6695,4610
"CATCCTAGCACGCAGA-1","0",113,223,34638,-7060,0,14,-7060,4612
"CATACCGCAGTGACTT-1","0",114,0,35147,33655,223,13,33655,4103
"TACTTCAATGGAGTAA-1","0",114,2,35145,33290,221,13,33290,4105
"GTTGGCCGATCGCCTG-1","0",114,4,35143,32924,219,13,32924,4107
"CCTAAGCCACTCGAAC-1","0",114,6,35142,32559,217,13,32559,4108
"TCGCCTTGGAATGAAG-1","0",114,8,35140,32194,215,13,32194,4110
"AGATAGATAACGATAC-1","0",114,10,35138,31829,213,13,31829,4112
"CCATACATGTACCGAA-1","0",114,12,35137,31464,211,13,31464,4113
"TCCTGGAGCAAGCCGC-1","0",114,14,35135,31099,209,13,31099,4115
"GTGACTAGCGCAGTTG-1","0",114,16,35133,30733,207,13,30733,4117
"CGCTGCGGAGCACGTT-1","0",114,18,35131,30368,205,13,30368,4119
"ATGCATGAATCATACT-1","0",114,20,35130,30003,203,13,30003,4120
"CTCCAGCCGTTGGTAG-1","0",114,22,35128,29638,201,13,29638,4122
"TCGTCACGGTTACTCG-1","0",114,24,35126,29273,199,13,29273,4124
"TCGGTGGACGGTAGTG-1","0",114,26,35125,28908,197,13,28908,4125
"GAGGAACATTGACGAT-1","0",114,28,35123,28543,195,13,28543,4127
"CCAGGTCCGACGGTGC-1","0",114,30,35121,28177,193,13,28177,4129
"CAGCTGCAACTGCGTA-1","0",114,32,35119,27812,191,13,27812,4131
"ATTCCGGTGCTTCCGA-1","0",114,34,35118,27447,189,13,27447,4132
"CGTCACTGGAGGTATT-1","0",114,36,35116,27082,187,13,27082,4134
"TGTCAGTGATCGTGCG-1","0",114,38,35114,26717,185,13,26717,4136
"TCAGTTGTGCTCGGAC-1","0",114,40,35113,26352,183,13,26352,4137
"GATGTAATCATGCCGT-1","0",114,42,35111,25986,181,13,25986,4139
"GTGACTTAGTTGATAC-1","0",114,44,35109,25621,179,13,25621,4141
"GCAGACGACACTACTT-1","0",114,46,35107,25256,177,13,25256,4143
"AGTAGACTTACACCTC-1","0",114,48,35106,24891,175,13,24891,4144
"TCAATATCTAGCCATA-1","0",114,50,35104,24526,173,13,24526,4146
"TACTCCAGTGCACGGC-1","0",114,52,35102,24161,171,13,24161,4148
"ATGCTGCGCACCAGTC-1","0",114,54,35101,23795,169,13,23795,4149
"CTGGTGGCAGCCTAGA-1","0",114,56,35099,23430,167,13,23430,4151
"GACCGATGAGCTTGTT-1","0",114,58,35097,23065,165,13,23065,4153
"ATTCACGCGGCTCACT-1","0",114,60,35095,22700,163,13,22700,4155
"TCAGTGAACAGGCGAA-1","0",114,62,35094,22335,161,13,22335,4156
"CCGTAACTGTAGACTT-1","0",114,64,35092,21970,159,13,21970,4158
"CACTGGAAGATGGCCG-1","0",114,66,35090,21604,157,13,21604,4160
"TAACGCTACAAGCTAA-1","0",114,68,35089,21239,155,13,21239,4161
"CTGCGGACATAGACTG-1","0",114,70,35087,20874,153,13,20874,4163
"TGAGGCACGGAACGAA-1","0",114,72,35085,20509,151,13,20509,4165
"AACCAAGTAAGTCTCG-1","0",114,74,35083,20144,149,13,20144,4167
"CTCGGACCTTGTGCAA-1","0",114,76,35082,19779,147,13,19779,4168
"TCGCGGAACATGCTGT-1","0",114,78,35080,19413,145,13,19413,4170
"AAGCGAGGACGCGGCA-1","0",114,80,35078,19048,143,13,19048,4172
"TGGTATTCTGTATTCT-1","1",114,82,35077,18683,141,13,18683,4173
"AGATTGGCAAGCAACT-1","1",114,84,35075,18318,139,13,18318,4175
"TGCAGATGGCATGTGA-1","1",114,86,35073,17953,137,13,17953,4177
"CACTCAACTGTCCATG-1","0",114,88,35072,17588,135,13,17588,4178
"GTCTAGCAACTCGAAC-1","1",114,90,35070,17222,133,13,17222,4180
"ACTGCATAGAACGCGT-1","1",114,92,35068,16857,131,13,16857,4182
"TATTCTCCAAGTGCGG-1","1",114,94,35066,16492,129,13,16492,4184
"TACCTATTCATCCGAC-1","1",114,96,35065,16127,127,13,16127,4185
"AGTACCGACGTCACAA-1","1",114,98,35063,15762,125,13,15762,4187
"TCTATCGGATTAGTGG-1","1",114,100,35061,15397,123,13,15397,4189
"AATGATTGGATACTCG-1","1",114,102,35060,15031,121,13,15031,4190
"ATCGTAACATACCATT-1","1",114,104,35058,14666,119,13,14666,4192
"CTATTCACTTGATCTA-1","1",114,106,35056,14301,117,13,14301,4194
"TGCGCCTTGTGAGTAT-1","1",114,108,35054,13936,115,13,13936,4196
"GTAACAGTAGCTGCTT-1","1",114,110,35053,13571,113,13,13571,4197
"ATTAGCAACACTTGAG-1","1",114,112,35051,13206,111,13,13206,4199
"GATGAGGTCGCCATCA-1","1",114,114,35049,12840,109,13,12840,4201
"TGCTGTTAGAGGCCAC-1","1",114,116,35048,12475,107,13,12475,4202
"AGTTAGGCTACGAGCT-1","1",114,118,35046,12110,105,13,12110,4204
"GCTTGACCGACGTCGC-1","1",114,120,35044,11745,103,13,11745,4206
"GTGACCTACGCCAATG-1","1",114,122,35042,11380,101,13,11380,4208
"GGAATGAGCTGGCTAG-1","1",114,124,35041,11015,99,13,11015,4209
"TCCTGGTTATGTGCAT-1","1",114,126,35039,10649,97,13,10649,4211
"CTCCTAAGATGTACTG-1","1",114,128,35037,10284,95,13,10284,4213
"CGAGTCGACGGAGCCG-1","1",114,130,35036,9919,93,13,9919,4214
"ACAATCAACCTCGGCG-1","1",114,132,35034,9554,91,13,9554,4216
"TGGAGTCTCCACGGCA-1","1",114,134,35032,9189,89,13,9189,4218
"CAGCACTGGATACGTC-1","1",114,136,35030,8824,87,13,8824,4220
"TCGAATAGATCTTCCT-1","1",114,138,35029,8458,85,13,8458,4221
"TAACGTAATACGACGC-1","1",114,140,35027,8093,83,13,8093,4223
"GTATTACGTGCAACCT-1","1",114,142,35025,7728,81,13,7728,4225
"AATATCGCCGTCTTAG-1","1",114,144,35024,7363,79,13,7363,4226
"TAATTGATGCGAGTCC-1","1",114,146,35022,6998,77,13,6998,4228
"TGCGAAGAACTGTAAC-1","1",114,148,35020,6633,75,13,6633,4230
"CCGCTCCGCCTACCTA-1","0",114,150,35018,6267,73,13,6267,4232
"AATTATACGAGGTCCT-1","1",114,152,35017,5902,71,13,5902,4233
"GAGCGACAGGCCGGAT-1","0",114,154,35015,5537,69,13,5537,4235
"ACTTGATCCTGGCGCT-1","0",114,156,35013,5172,67,13,5172,4237
"CGATAATGTTATACTT-1","0",114,158,35012,4807,65,13,4807,4238
"CCTCACATGATCAGCG-1","0",114,160,35010,4442,63,13,4442,4240
"ACTGATAATTGCTAAC-1","0",114,162,35008,4076,61,13,4076,4242
"GAGCTAAGGTCCGGAC-1","0",114,164,35006,3711,59,13,3711,4244
"CCTCACCGTAGAGGCT-1","0",114,166,35005,3346,57,13,3346,4245
"CTGCAACGCATCACAA-1","0",114,168,35003,2981,55,13,2981,4247
"CAGACGTGGAGCTGAC-1","0",114,170,35001,2616,53,13,2616,4249
"GTAAGTAAGACAGGTT-1","0",114,172,35000,2251,51,13,2251,4250
"ACAGTAGGCCAGGCAC-1","0",114,174,34998,1885,49,13,1885,4252
"ATCCTATCTGAGAAGT-1","0",114,176,34996,1520,47,13,1520,4254
"TGTCAATATGTAGCCG-1","0",114,178,34994,1155,45,13,1155,4256
"AAGCGTCTGACGGCCG-1","0",114,180,34993,790,43,13,790,4257
"CTAGCTCCGTACGACT-1","0",114,182,34991,425,41,13,425,4259
"GCTTAGCGCCGGTTAT-1","0",114,184,34989,60,39,13,60,4261
"TCGGACAAGACGGACG-1","0",114,186,34988,-306,37,13,-306,4262
"CGTCGGACAACTTAAG-1","0",114,188,34986,-671,35,13,-671,4264
"CCTGGCATTAGACTTC-1","0",114,190,34984,-1036,33,13,-1036,4266
"ATGCTGCGAATCATAA-1","0",114,192,34982,-1401,31,13,-1401,4268
"GCACAGGCGTTATGCT-1","0",114,194,34981,-1766,29,13,-1766,4269
"ATCTACCATAGCCTCC-1","0",114,196,34979,-2131,27,13,-2131,4271
"TCGCACTTGGAGTACC-1","0",114,198,34977,-2497,25,13,-2497,4273
"CACTCAGAGTTCACTA-1","0",114,200,34976,-2862,23,13,-2862,4274
"CCAACTCGGAGTCTAC-1","0",114,202,34974,-3227,21,13,-3227,4276
"GAATGGTTGGCCTGCT-1","0",114,204,34972,-3592,19,13,-3592,4278
"TCCGGTGAGCTAATAG-1","0",114,206,34970,-3957,17,13,-3957,4280
"TGGTGCCGTAACTCGG-1","0",114,208,34969,-4322,15,13,-4322,4281
"GGATAACTCGTCCATG-1","0",114,210,34967,-4688,13,13,-4688,4283
"CACGTAACCTGGCTCA-1","0",114,212,34965,-5053,11,13,-5053,4285
"AATCATAAGCAATGGC-1","0",114,214,34964,-5418,9,13,-5418,4286
"GTCAGTTAAGCTCGAA-1","0",114,216,34962,-5783,7,13,-5783,4288
"ATTCACGACCGTCTCC-1","0",114,218,34960,-6148,5,13,-6148,4290
"GTTGACGATTATTCAA-1","0",114,220,34958,-6513,3,13,-6513,4292
"GTTAATCGAACCTAAT-1","0",114,222,34957,-6879,1,13,-6879,4293
"GATATCAGAATGGACG-1","0",115,1,35460,33471,222,12,33471,3790
"GATCCAATTGATGTGG-1","0",115,3,35458,33106,220,12,33106,3792
"GTATCTATCGGCCGGA-1","0",115,5,35457,32740,218,12,32740,3793
"TCAATAACGGTTACCG-1","0",115,7,35455,32375,216,12,32375,3795
"CATTGACTTACACTCG-1","0",115,9,35453,32010,214,12,32010,3797
"ATCATTCGTCGGTGCG-1","0",115,11,35452,31645,212,12,31645,3798
"CAGATCGCATAGTGAT-1","0",115,13,35450,31280,210,12,31280,3800
"ACGAGGCATCTTGGCG-1","0",115,15,35448,30915,208,12,30915,3802
"CTGTTACCTAATGAGT-1","0",115,17,35446,30549,206,12,30549,3804
"CGAGATTGCGAGTCAT-1","0",115,19,35445,30184,204,12,30184,3805
"CTTCGAATAACCACCG-1","0",115,21,35443,29819,202,12,29819,3807
"TAAGCCAACCAACTTG-1","0",115,23,35441,29454,200,12,29454,3809
"GGCGCCTTCTCATCCG-1","0",115,25,35440,29089,198,12,29089,3810
"ATCCGTAGGCCTTGTA-1","0",115,27,35438,28724,196,12,28724,3812
"ATTGACTGTAGGCACC-1","0",115,29,35436,28358,194,12,28358,3814
"AGACTTCCTAGTAATG-1","0",115,31,35434,27993,192,12,27993,3816
"CTCGATTCGACCAGCT-1","0",115,33,35433,27628,190,12,27628,3817
"GAGGTCATAGGACATA-1","0",115,35,35431,27263,188,12,27263,3819
"TCTTGCCGCATGTCAT-1","0",115,37,35429,26898,186,12,26898,3821
"GCCGTGAACTGTTCGA-1","0",115,39,35428,26533,184,12,26533,3822
"GGCTATCGGTAGGACG-1","0",115,41,35426,26167,182,12,26167,3824
"ATTCTAATAGGTCGGC-1","0",115,43,35424,25802,180,12,25802,3826
"TGCCGACATAATTAAC-1","0",115,45,35422,25437,178,12,25437,3828
"TGAATATGGTCCAATA-1","0",115,47,35421,25072,176,12,25072,3829
"CGCAATGTGAAGATTC-1","0",115,49,35419,24707,174,12,24707,3831
"ACCACGTGCCTCCGCC-1","0",115,51,35417,24342,172,12,24342,3833
"AGGATCAGCCGCATAC-1","0",115,53,35416,23976,170,12,23976,3834
"ACATAAGAACGTAGAA-1","0",115,55,35414,23611,168,12,23611,3836
"CTATTCCGCCTTCGCA-1","0",115,57,35412,23246,166,12,23246,3838
"GGCGTGAGTGTCGTTC-1","0",115,59,35410,22881,164,12,22881,3840
"TGTCACAGTTCCGTAA-1","0",115,61,35409,22516,162,12,22516,3841
"AGGAATCGTTCGTTCG-1","0",115,63,35407,22151,160,12,22151,3843
"TCATCTCGCAATAGTA-1","0",115,65,35405,21785,158,12,21785,3845
"CTCCGCTTAACTCCGC-1","0",115,67,35404,21420,156,12,21420,3846
"CCTGCTTAGTGCATGT-1","0",115,69,35402,21055,154,12,21055,3848
"GCGTACAGTAGGAAGG-1","0",115,71,35400,20690,152,12,20690,3850
"TGTCACAGACAAGCCA-1","0",115,73,35398,20325,150,12,20325,3852
"CTGCAAGGTCTATCTG-1","0",115,75,35397,19960,148,12,19960,3853
"ATAGTCCGTCATTCTA-1","0",115,77,35395,19594,146,12,19594,3855
"ACGCGTGACACTCCGG-1","0",115,79,35393,19229,144,12,19229,3857
"TCGACGTATGAGACCA-1","1",115,81,35392,18864,142,12,18864,3858
"CCATGGCGTGTTGACG-1","1",115,83,35390,18499,140,12,18499,3860
"GCTCATAGACTCTACG-1","1",115,85,35388,18134,138,12,18134,3862
"GTCAGTGCATGGAAGA-1","1",115,87,35386,17769,136,12,17769,3864
"TCGTTGACCAGTCTAA-1","0",115,89,35385,17403,134,12,17403,3865
"AATCCTGACGGCGTCT-1","1",115,91,35383,17038,132,12,17038,3867
"CTTGTACCGCTCTTCA-1","1",115,93,35381,16673,130,12,16673,3869
"CCATGAACTCCATATG-1","1",115,95,35380,16308,128,12,16308,3870
"GGCTACTGCCGCCTTC-1","1",115,97,35378,15943,126,12,15943,3872
"ATGTAGACTCTGATTC-1","1",115,99,35376,15578,124,12,15578,3874
"ACCTCGAATGCCACAG-1","1",115,101,35374,15212,122,12,15212,3876
"TGAGGATGGACTTACC-1","1",115,103,35373,14847,120,12,14847,3877
"CAGAACGCTCACTTAT-1","1",115,105,35371,14482,118,12,14482,3879
"GCATTGCTAGCAAGTC-1","1",115,107,35369,14117,116,12,14117,3881
"CACCTCGTCCGCTCGG-1","1",115,109,35368,13752,114,12,13752,3882
"TACGTACGATCAGAAC-1","1",115,111,35366,13387,112,12,13387,3884
"TCCGAAGTCGTTAAGC-1","1",115,113,35364,13021,110,12,13021,3886
"GAGCACATTCGAACGT-1","1",115,115,35362,12656,108,12,12656,3888
"CACTGCAGGTCCAACG-1","1",115,117,35361,12291,106,12,12291,3889
"AGCTCAGCGAGTGATT-1","1",115,119,35359,11926,104,12,11926,3891
"CTGGCTATCGGCTCGG-1","1",115,121,35357,11561,102,12,11561,3893
"ATTCTTCCGGTCAGCG-1","1",115,123,35356,11196,100,12,11196,3894
"ATAGCTGTCTTGACAA-1","1",115,125,35354,10830,98,12,10830,3896
"TGCTGTCATTCCTGAA-1","1",115,127,35352,10465,96,12,10465,3898
"CCTCTATTGTGCACCG-1","1",115,129,35350,10100,94,12,10100,3900
"GCAGATACTGCAGAGT-1","1",115,131,35349,9735,92,12,9735,3901
"GAGCCACTAGTTCGGT-1","1",115,133,35347,9370,90,12,9370,3903
"GGAGACGAGTCAGAGC-1","1",115,135,35345,9005,88,12,9005,3905
"CAGTTGGTACATAGGC-1","1",115,137,35344,8639,86,12,8639,3906
"GTTGCGTCTTCAGGCG-1","1",115,139,35342,8274,84,12,8274,3908
"TCCTGTGGATTCTTAA-1","1",115,141,35340,7909,82,12,7909,3910
"CTCCTACTCGTGCAGT-1","1",115,143,35338,7544,80,12,7544,3912
"GCAACACGTCAGGTTA-1","1",115,145,35337,7179,78,12,7179,3913
"TAGCGTTAATGAGGCC-1","1",115,147,35335,6814,76,12,6814,3915
"CCGACATCGCTCACTC-1","1",115,149,35333,6448,74,12,6448,3917
"GGTCAGCCTTGTAGAC-1","1",115,151,35332,6083,72,12,6083,3918
"CCATACCTTGGACGTC-1","0",115,153,35330,5718,70,12,5718,3920
"TCACAGTGCCAGTCAT-1","0",115,155,35328,5353,68,12,5353,3922
"GTACTTGTGGCGTACG-1","0",115,157,35326,4988,66,12,4988,3924
"CCTGAAGGCATACTTG-1","0",115,159,35325,4623,64,12,4623,3925
"GTCTTGTAGCCTATGG-1","0",115,161,35323,4257,62,12,4257,3927
"ACTGCACGGAGGCGTC-1","0",115,163,35321,3892,60,12,3892,3929
"GAATGCTTCTGAAGCC-1","0",115,165,35320,3527,58,12,3527,3930
"TCAGTCAGATCTTGCA-1","0",115,167,35318,3162,56,12,3162,3932
"GTTACTATAAGAGCAT-1","0",115,169,35316,2797,54,12,2797,3934
"CCTTCCAACGAATCGT-1","0",115,171,35314,2432,52,12,2432,3936
"AGCTCCGGCTTCAACG-1","0",115,173,35313,2066,50,12,2066,3937
"CGCTTATCTACGAACA-1","0",115,175,35311,1701,48,12,1701,3939
"ACATGCCTACCTACAT-1","0",115,177,35309,1336,46,12,1336,3941
"CTCGGAGGAATGCCTA-1","0",115,179,35308,971,44,12,971,3942
"TCGTGACAGAGGTGTA-1","0",115,181,35306,606,42,12,606,3944
"ATGTGACACTAACGTC-1","0",115,183,35304,241,40,12,241,3946
"CTGGTGCTCAGTGATA-1","0",115,185,35302,-125,38,12,-125,3948
"CAGCTGTCCTGAATGT-1","0",115,187,35301,-490,36,12,-490,3949
"ATGTTACCATTATCGC-1","0",115,189,35299,-855,34,12,-855,3951
"AGAACTAGTAGGCCGG-1","0",115,191,35297,-1220,32,12,-1220,3953
"ACTGAGGCCAATGGAT-1","0",115,193,35296,-1585,30,12,-1585,3954
"CAGCCTTCCGTGAATC-1","0",115,195,35294,-1950,28,12,-1950,3956
"GTCTAGAAGCCTCGCA-1","0",115,197,35292,-2316,26,12,-2316,3958
"CGACTTGGTCAATTGC-1","0",115,199,35290,-2681,24,12,-2681,3960
"AATCGAACCTTGAGGT-1","0",115,201,35289,-3046,22,12,-3046,3961
"TGCAGTTCCGACCTGC-1","0",115,203,35287,-3411,20,12,-3411,3963
"TCAGGAGTTACCGATG-1","0",115,205,35285,-3776,18,12,-3776,3965
"TATTCGCAAGACAGAA-1","0",115,207,35284,-4141,16,12,-4141,3966
"TCGGCGTTAACGGCTT-1","0",115,209,35282,-4506,14,12,-4506,3968
"GTAGCAGACATAGACG-1","0",115,211,35280,-4872,12,12,-4872,3970
"AGACCGTATTGGTGAT-1","0",115,213,35278,-5237,10,12,-5237,3972
"GACAACGATATTGATT-1","0",115,215,35277,-5602,8,12,-5602,3973
"CTATTACTATCAACAG-1","0",115,217,35275,-5967,6,12,-5967,3975
"TATCTTGTAATGAGAC-1","0",115,219,35273,-6332,4,12,-6332,3977
"AGCACGGATTGACAGC-1","0",115,221,35272,-6697,2,12,-6697,3978
"TACTCGTAGGTTGCAA-1","0",115,223,35270,-7063,0,12,-7063,3980
"TCTATTCGGCTTCGCA-1","0",116,0,35779,33652,223,11,33652,3471
"ATCGTACCGGAAGGCC-1","0",116,2,35777,33287,221,11,33287,3473
"ATAGACTAATCAGTAA-1","0",116,4,35775,32922,219,11,32922,3475
"ATTAGCCGCTTGATGG-1","0",116,6,35773,32556,217,11,32556,3477
"ATTATGATCTTCGAGT-1","0",116,8,35772,32191,215,11,32191,3478
"GTAGTTGCTTGATGGA-1","0",116,10,35770,31826,213,11,31826,3480
"CGCTGCGGTCCATCAC-1","0",116,12,35768,31461,211,11,31461,3482
"GCCACTCCTTCTTAAT-1","0",116,14,35767,31096,209,11,31096,3483
"TGAGTTGACAGAATCT-1","0",116,16,35765,30731,207,11,30731,3485
"CACGTCACATAGAACC-1","0",116,18,35763,30365,205,11,30365,3487
"CTAAGAGGAATCACTG-1","0",116,20,35761,30000,203,11,30000,3489
"TCGGAGCGTGGTTACA-1","0",116,22,35760,29635,201,11,29635,3490
"ATCGTCTTGACTCGGT-1","0",116,24,35758,29270,199,11,29270,3492
"GCGTCGCCTAATCCGT-1","0",116,26,35756,28905,197,11,28905,3494
"ATGAGCCACCAACCAT-1","0",116,28,35755,28540,195,11,28540,3495
"TCGGCGGTCAATCAGG-1","0",116,30,35753,28174,193,11,28174,3497
"CCAGGAGTAAGAGTTG-1","0",116,32,35751,27809,191,11,27809,3499
"AGGTACTCTAATTCTA-1","0",116,34,35749,27444,189,11,27444,3501
"CAATCTTAACAAGAGT-1","0",116,36,35748,27079,187,11,27079,3502
"GTCTATTGACCGAGGA-1","0",116,38,35746,26714,185,11,26714,3504
"TCGAGTACGCGTGACT-1","0",116,40,35744,26349,183,11,26349,3506
"GACAGGTATGAGACGC-1","0",116,42,35743,25983,181,11,25983,3507
"TACTAGGCCGAACTAG-1","0",116,44,35741,25618,179,11,25618,3509
"CCTAACGCTACACGTT-1","0",116,46,35739,25253,177,11,25253,3511
"ATAACGAATCGCTGAC-1","0",116,48,35738,24888,175,11,24888,3512
"AATGGTTGAGGACTCA-1","0",116,50,35736,24523,173,11,24523,3514
"CCGCGTTAATGTAGAA-1","0",116,52,35734,24158,171,11,24158,3516
"AATAGTACCGCTTGCG-1","0",116,54,35732,23792,169,11,23792,3518
"AAGTCGCTCGAACGGC-1","0",116,56,35731,23427,167,11,23427,3519
"AATACTCAACAGGAGC-1","0",116,58,35729,23062,165,11,23062,3521
"TCGTCAGGCTTCACAG-1","0",116,60,35727,22697,163,11,22697,3523
"GCAACATCACTATGGC-1","0",116,62,35726,22332,161,11,22332,3524
"TGGACAGTCTAGGCTG-1","0",116,64,35724,21967,159,11,21967,3526
"CGCCGGTCACCTGTAT-1","0",116,66,35722,21601,157,11,21601,3528
"ATACTAGTCATCACCA-1","0",116,68,35720,21236,155,11,21236,3530
"AATGATTGCGTATCTA-1","0",116,70,35719,20871,153,11,20871,3531
"GCACTCTTCATGACTT-1","0",116,72,35717,20506,151,11,20506,3533
"CTCGATTAGTACTGCG-1","0",116,74,35715,20141,149,11,20141,3535
"TATTCGGCGATTAACC-1","0",116,76,35714,19776,147,11,19776,3536
"TAGTCTGGATGACATG-1","0",116,78,35712,19410,145,11,19410,3538
"TAAGGCAACCACGCTC-1","0",116,80,35710,19045,143,11,19045,3540
"GGCGACTCGTATCGAG-1","1",116,82,35708,18680,141,11,18680,3542
"GAGGAATAGTGCATAA-1","1",116,84,35707,18315,139,11,18315,3543
"CTGGCCTTCGCTCCGC-1","1",116,86,35705,17950,137,11,17950,3545
"AGCCATCTTGCAGCGG-1","0",116,88,35703,17585,135,11,17585,3547
"TCACCTGAATTCTTCA-1","1",116,90,35702,17219,133,11,17219,3548
"CTGTTGCTCGATGTAC-1","1",116,92,35700,16854,131,11,16854,3550
"CGGTCCTGAGTGACGC-1","1",116,94,35698,16489,129,11,16489,3552
"CACGGCAATGCCGTGA-1","1",116,96,35696,16124,127,11,16124,3554
"GCTCGCGTGCTCCTTG-1","1",116,98,35695,15759,125,11,15759,3555
"GATAGATCGGCAATCG-1","1",116,100,35693,15394,123,11,15394,3557
"TGCGGACGGCATTCGT-1","1",116,102,35691,15028,121,11,15028,3559
"GTCCAGTTGAAGTGAA-1","1",116,104,35690,14663,119,11,14663,3560
"CTGGCCTCTGCATTCT-1","1",116,106,35688,14298,117,11,14298,3562
"CAAGACGATTAGCAGG-1","1",116,108,35686,13933,115,11,13933,3564
"ATGACAGAGTAGTCAT-1","1",116,110,35684,13568,113,11,13568,3566
"GAGCCAGGCGATTCCT-1","1",116,112,35683,13203,111,11,13203,3567
"TCCGCCGGTTAAGATG-1","1",116,114,35681,12837,109,11,12837,3569
"TAAGGAGCGGTGCTTG-1","1",116,116,35679,12472,107,11,12472,3571
"TGTCAAGTCCTTAGGC-1","1",116,118,35678,12107,105,11,12107,3572
"TAGTTCATAGGTGCAG-1","1",116,120,35676,11742,103,11,11742,3574
"GGTCGCTCTACTATGG-1","1",116,122,35674,11377,101,11,11377,3576
"TATTCTCAATGATCAA-1","1",116,124,35672,11012,99,11,11012,3578
"ACCAGTAGGTGGCTCG-1","1",116,126,35671,10646,97,11,10646,3579
"GAATACTAGGTGATCC-1","1",116,128,35669,10281,95,11,10281,3581
"CTGACTAAGAGTCCAT-1","1",116,130,35667,9916,93,11,9916,3583
"TATGGACATCGACTTA-1","1",116,132,35666,9551,91,11,9551,3584
"TCTGGTCGCCGACGTC-1","1",116,134,35664,9186,89,11,9186,3586
"CAATCTGCCGCTCAAG-1","1",116,136,35662,8821,87,11,8821,3588
"ATGTAGAACGGATGCT-1","1",116,138,35660,8455,85,11,8455,3590
"CGAGGACAGGATGTTC-1","1",116,140,35659,8090,83,11,8090,3591
"ATAGTGTCAACCGTGC-1","1",116,142,35657,7725,81,11,7725,3593
"TCGAATTAAGGCTGGA-1","1",116,144,35655,7360,79,11,7360,3595
"CAGATTGCAGACATAG-1","1",116,146,35654,6995,77,11,6995,3596
"GAGGAATCGTCTTGGC-1","1",116,148,35652,6630,75,11,6630,3598
"TGACTGTCGGCTCCAT-1","1",116,150,35650,6264,73,11,6264,3600
"TCAGTTGATGGCGTGA-1","0",116,152,35648,5899,71,11,5899,3602
"GACCTGGTGATTCACC-1","0",116,154,35647,5534,69,11,5534,3603
"GCCAACTCTGGCCGGC-1","0",116,156,35645,5169,67,11,5169,3605
"CTCGACTGTTCCTCGC-1","0",116,158,35643,4804,65,11,4804,3607
"TGCGTTAGGCGATAGG-1","0",116,160,35642,4439,63,11,4439,3608
"CTCAGGCTAGCCACTT-1","0",116,162,35640,4073,61,11,4073,3610
"TCCTCAGTTCAATTAT-1","0",116,164,35638,3708,59,11,3708,3612
"AGGTCGCAACCGAGGC-1","0",116,166,35636,3343,57,11,3343,3614
"ACGCCGGTCGACCGAG-1","0",116,168,35635,2978,55,11,2978,3615
"CACTACTGGTGCTCTG-1","0",116,170,35633,2613,53,11,2613,3617
"CTTAGCTGAAGCAGAA-1","0",116,172,35631,2248,51,11,2248,3619
"ATAGTCATGGAGGCCT-1","0",116,174,35630,1882,49,11,1882,3620
"TACACTGAGTCACCGC-1","0",116,176,35628,1517,47,11,1517,3622
"TCGCGGCTGAACATGT-1","0",116,178,35626,1152,45,11,1152,3624
"GCAGCGACGTCTTATG-1","0",116,180,35624,787,43,11,787,3626
"ATGAGCGTTCGGTACG-1","0",116,182,35623,422,41,11,422,3627
"TAAGATACCTGTAATC-1","0",116,184,35621,57,39,11,57,3629
"CACCATAGACGTACGG-1","0",116,186,35619,-309,37,11,-309,3631
"TGGCATTCACGTCCAA-1","0",116,188,35618,-674,35,11,-674,3632
"AAGCCGGTGATCCTGA-1","0",116,190,35616,-1039,33,11,-1039,3634
"CGTTGGTATCCGATTG-1","0",116,192,35614,-1404,31,11,-1404,3636
"TGAATGGCATGTACAA-1","0",116,194,35612,-1769,29,11,-1769,3638
"TGATTCTACATATGGA-1","0",116,196,35611,-2134,27,11,-2134,3639
"AAGCTTACGTGCGATA-1","0",116,198,35609,-2500,25,11,-2500,3641
"CTTACGTCAGCACGAG-1","0",116,200,35607,-2865,23,11,-2865,3643
"ATTGGCGTATGCCGTC-1","0",116,202,35606,-3230,21,11,-3230,3644
"CCTAACTATGTACAGC-1","0",116,204,35604,-3595,19,11,-3595,3646
"GTCCAGGTCGGAGCTT-1","0",116,206,35602,-3960,17,11,-3960,3648
"GCCTTCACATCCGTTG-1","0",116,208,35600,-4325,15,11,-4325,3650
"TCTACATTCGGCCTAA-1","0",116,210,35599,-4691,13,11,-4691,3651
"TCGATAACTCAAGTTA-1","0",116,212,35597,-5056,11,11,-5056,3653
"GACATCTGGTATGCGA-1","0",116,214,35595,-5421,9,11,-5421,3655
"GTCTAGCACTACATGT-1","0",116,216,35594,-5786,7,11,-5786,3656
"TAACTGAGCCTGGTAT-1","0",116,218,35592,-6151,5,11,-6151,3658
"GCTTATCGGATCATGT-1","0",116,220,35590,-6516,3,11,-6516,3660
"CTGGACTACAGAAGCC-1","0",116,222,35588,-6882,1,11,-6882,3662
"CGACGCGAGCTCCAAG-1","0",117,1,36092,33468,222,10,33468,3158
"TCTACGAACATATCCA-1","0",117,3,36090,33103,220,10,33103,3160
"ACAACTCCTTAGTGCC-1","0",117,5,36088,32737,218,10,32737,3162
"ATTGTTGGCTAGTGCT-1","0",117,7,36087,32372,216,10,32372,3163
"ATTAGCAGTGCAGCAT-1","0",117,9,36085,32007,214,10,32007,3165
"AACCTTCTGTGCTGAA-1","0",117,11,36083,31642,212,10,31642,3167
"ACTCAACCTCATTGCA-1","0",117,13,36082,31277,210,10,31277,3168
"CTAGCACTCATGACGC-1","0",117,15,36080,30912,208,10,30912,3170
"CGAGCGGCTACATAGC-1","0",117,17,36078,30546,206,10,30546,3172
"TCGAGTACATGTGCAC-1","0",117,19,36076,30181,204,10,30181,3174
"TCTAGACAACCTACTG-1","0",117,21,36075,29816,202,10,29816,3175
"CTACGAATGACTGTAT-1","0",117,23,36073,29451,200,10,29451,3177
"TCCGAAGTCCTGGCAG-1","0",117,25,36071,29086,198,10,29086,3179
"CGCTCGAGTACATAAT-1","0",117,27,36070,28721,196,10,28721,3180
"GTAATGCGGAAGTAGA-1","0",117,29,36068,28355,194,10,28355,3182
"GCACGCTTCGCCTTAA-1","0",117,31,36066,27990,192,10,27990,3184
"TACCGCGAACATGCGA-1","0",117,33,36064,27625,190,10,27625,3186
"GTTGGCCGTGAACCGA-1","0",117,35,36063,27260,188,10,27260,3187
"AGATTGGCATTCACGC-1","0",117,37,36061,26895,186,10,26895,3189
"AGCAACGTTCGCTACC-1","0",117,39,36059,26530,184,10,26530,3191
"CACGAACCGGTGATAC-1","0",117,41,36058,26164,182,10,26164,3192
"GAAGCCGGCACGCTGC-1","0",117,43,36056,25799,180,10,25799,3194
"CTACCAAGACCGTTGG-1","0",117,45,36054,25434,178,10,25434,3196
"TCAAGGCGCAACGAAT-1","0",117,47,36052,25069,176,10,25069,3198
"ACTCCTAAGTCTCCTG-1","0",117,49,36051,24704,174,10,24704,3199
"GCCGGCAGACGTTGAG-1","0",117,51,36049,24339,172,10,24339,3201
"CTGGCTACCACGACGC-1","0",117,53,36047,23973,170,10,23973,3203
"CTCCAGCTATCGGACT-1","0",117,55,36046,23608,168,10,23608,3204
"CGGAGCACGGCCATTG-1","0",117,57,36044,23243,166,10,23243,3206
"ACGATAAGTTCCTATC-1","0",117,59,36042,22878,164,10,22878,3208
"CCAATATTACGGTAGC-1","0",117,61,36040,22513,162,10,22513,3210
"CACTGAATGTGGACGA-1","0",117,63,36039,22148,160,10,22148,3211
"ATGTACATGTAGAATA-1","0",117,65,36037,21782,158,10,21782,3213
"TGGCTCGACTACAACT-1","0",117,67,36035,21417,156,10,21417,3215
"CTCCTAGATGAACGGT-1","0",117,69,36034,21052,154,10,21052,3216
"AGCTGTGCAATTGAAC-1","0",117,71,36032,20687,152,10,20687,3218
"TAGCCGATCGAGCCAA-1","0",117,73,36030,20322,150,10,20322,3220
"GATCTTGTGCCGAACA-1","0",117,75,36028,19957,148,10,19957,3222
"AGGTTCCGTGGATTCA-1","0",117,77,36027,19591,146,10,19591,3223
"CTACGAGGTGCTATAC-1","0",117,79,36025,19226,144,10,19226,3225
"GTCTTGCTGACGCAAG-1","0",117,81,36023,18861,142,10,18861,3227
"TCATCGTTCGCCTGTA-1","1",117,83,36022,18496,140,10,18496,3228
"ACGCACTATCTGTCTG-1","1",117,85,36020,18131,138,10,18131,3230
"TAGATGCTTGAACAGC-1","1",117,87,36018,17766,136,10,17766,3232
"AAGATAGGCCAAGTCA-1","1",117,89,36016,17401,134,10,17401,3234
"CAACCGGAGGTGTATT-1","1",117,91,36015,17035,132,10,17035,3235
"GTTGCTGAGTATGAGC-1","1",117,93,36013,16670,130,10,16670,3237
"TACGCACTCGGCGTGC-1","1",117,95,36011,16305,128,10,16305,3239
"GAGTTATCACTACAGT-1","1",117,97,36010,15940,126,10,15940,3240
"CACGTGCCGTCGTACA-1","1",117,99,36008,15575,124,10,15575,3242
"TCCGGTTGCTGGCGTG-1","1",117,101,36006,15210,122,10,15210,3244
"AGATAGGTCTTAGGTC-1","1",117,103,36004,14844,120,10,14844,3246
"AACATATGCTGACTGT-1","1",117,105,36003,14479,118,10,14479,3247
"AGTCGATCATAACTGG-1","1",117,107,36001,14114,116,10,14114,3249
"CAAGATAACGTCGCCT-1","1",117,109,35999,13749,114,10,13749,3251
"CAGTCTCAGCACTTCT-1","1",117,111,35998,13384,112,10,13384,3252
"GTGGCGTTGTGCTTCG-1","1",117,113,35996,13019,110,10,13019,3254
"GAGTTGTAGATCTTGT-1","1",117,115,35994,12653,108,10,12653,3256
"GCGTCTATTCCTCATT-1","1",117,117,35992,12288,106,10,12288,3258
"AGACTGTTGGTCAATT-1","1",117,119,35991,11923,104,10,11923,3259
"CTGCATCCGTGAGTAA-1","1",117,121,35989,11558,102,10,11558,3261
"TACAGATAGATGTATG-1","1",117,123,35987,11193,100,10,11193,3263
"TGGTACTCGTTGACTC-1","1",117,125,35986,10828,98,10,10828,3264
"CTTCGAGTTAATTGGA-1","1",117,127,35984,10462,96,10,10462,3266
"TAGACTAATTGCGTTC-1","1",117,129,35982,10097,94,10,10097,3268
"TACATCACTCAGGCCG-1","1",117,131,35980,9732,92,10,9732,3270
"CCGCGAGCGAACGCAC-1","1",117,133,35979,9367,90,10,9367,3271
"ACATGCGTGAAGTCTA-1","1",117,135,35977,9002,88,10,9002,3273
"GCTCATTCGACCGAGT-1","1",117,137,35975,8637,86,10,8637,3275
"GGTGATCAACCGATCT-1","1",117,139,35974,8271,84,10,8271,3276
"GCCAGTGGCCGCAGGA-1","1",117,141,35972,7906,82,10,7906,3278
"GTCGCACCGACATACC-1","1",117,143,35970,7541,80,10,7541,3280
"TAGCAGTCCGGATTCA-1","1",117,145,35968,7176,78,10,7176,3282
"ATAGGAGTTGGAAGAT-1","1",117,147,35967,6811,76,10,6811,3283
"CAGACGAAGAGTCGGA-1","0",117,149,35965,6446,74,10,6446,3285
"GACGTTCATTATAGAT-1","0",117,151,35963,6080,72,10,6080,3287
"GGAAGCAGTATCAATG-1","0",117,153,35962,5715,70,10,5715,3288
"AATCTATTGGACCGCA-1","0",117,155,35960,5350,68,10,5350,3290
"GATCGTGCTCGGAATT-1","0",117,157,35958,4985,66,10,4985,3292
"CTGTTCCATGCGTTGG-1","0",117,159,35956,4620,64,10,4620,3294
"GTTATTACAGATCACG-1","0",117,161,35955,4255,62,10,4255,3295
"GCTTGGCCTGATCCTA-1","0",117,163,35953,3889,60,10,3889,3297
"CAAGTCGTATGCGAAT-1","0",117,165,35951,3524,58,10,3524,3299
"GGTACCTACGAGGTCT-1","0",117,167,35950,3159,56,10,3159,3300
"ACCATCCATATGCGTA-1","0",117,169,35948,2794,54,10,2794,3302
"AGCCAGCCAGTTGCAA-1","0",117,171,35946,2429,52,10,2429,3304
"ACGAAGTCTACAGCAT-1","0",117,173,35944,2064,50,10,2064,3306
"CATATTGTAGGATGTT-1","0",117,175,35943,1698,48,10,1698,3307
"GCAGATTCCAAGATCC-1","0",117,177,35941,1333,46,10,1333,3309
"TAACATAGCTGAGCAG-1","0",117,179,35939,968,44,10,968,3311
"AAGAGCAGAACCGGCG-1","0",117,181,35938,603,42,10,603,3312
"GCCACTATACTCTTGA-1","0",117,183,35936,238,40,10,238,3314
"CTACAGTATTACGAGG-1","0",117,185,35934,-127,38,10,-127,3316
"AGCAATCCACAGGAAT-1","0",117,187,35932,-493,36,10,-493,3318
"AGGCCATAAGCCGCAC-1","0",117,189,35931,-858,34,10,-858,3319
"GCTATGAGTGTACTTC-1","0",117,191,35929,-1223,32,10,-1223,3321
"GAGCCTGGCTCGCCTG-1","0",117,193,35927,-1588,30,10,-1588,3323
"ACTAAGACAACTGGAG-1","0",117,195,35926,-1953,28,10,-1953,3324
"CCTCGCTGGCTGATAG-1","0",117,197,35924,-2318,26,10,-2318,3326
"TAGACAAGCTTATTAG-1","0",117,199,35922,-2684,24,10,-2684,3328
"GTATGTCCTACACGAT-1","0",117,201,35920,-3049,22,10,-3049,3330
"CGCCTTCACGTAGAAT-1","0",117,203,35919,-3414,20,10,-3414,3331
"TAACCTTGGCTCAAGG-1","0",117,205,35917,-3779,18,10,-3779,3333
"ACGTTATGGCTCTATC-1","0",117,207,35915,-4144,16,10,-4144,3335
"ATAAGAGCGAGTCCGT-1","0",117,209,35914,-4509,14,10,-4509,3336
"ATTGGCACATCAAGAT-1","0",117,211,35912,-4875,12,10,-4875,3338
"CTCAATGGCAGAAGAC-1","0",117,213,35910,-5240,10,10,-5240,3340
"CGAGACTGTTGGCTAT-1","0",117,215,35908,-5605,8,10,-5605,3342
"TACATTATAAGTTGGA-1","0",117,217,35907,-5970,6,10,-5970,3343
"TCGGTGATGTATGGAG-1","0",117,219,35905,-6335,4,10,-6335,3345
"CGCTGTATTCATGGTA-1","0",117,221,35903,-6700,2,10,-6700,3347
"AGATGAGCAACAGCGG-1","0",117,223,35902,-7066,0,10,-7066,3348
"GCGGTCCTACTCGCGA-1","0",118,0,36410,33649,223,9,33649,2840
"TCAAGGCCTATTGACA-1","0",118,2,36409,33284,221,9,33284,2841
"CAAGTAGACGAGACAA-1","0",118,4,36407,32919,219,9,32919,2843
"GACTTAATGACAACTC-1","0",118,6,36405,32553,217,9,32553,2845
"TCGGACCACTGTCGGT-1","0",118,8,36404,32188,215,9,32188,2846
"CAAGATCGCATCGTCA-1","0",118,10,36402,31823,213,9,31823,2848
"ATTATCCGAATCTAGT-1","0",118,12,36400,31458,211,9,31458,2850
"GGTGGATTCTCGTTAT-1","0",118,14,36398,31093,209,9,31093,2852
"ATTGTTCAGAAGCTAA-1","0",118,16,36397,30728,207,9,30728,2853
"ATCATTCGCTGGCGGA-1","0",118,18,36395,30362,205,9,30362,2855
"TAACATCATGCTACGG-1","0",118,20,36393,29997,203,9,29997,2857
"ACTCGGTCTAATGCAA-1","0",118,22,36392,29632,201,9,29632,2858
"TCTGCAATCTTCGTAA-1","0",118,24,36390,29267,199,9,29267,2860
"CTGCATGGACGCGGTC-1","0",118,26,36388,28902,197,9,28902,2862
"TCCGGCACTTCTAGCG-1","0",118,28,36386,28537,195,9,28537,2864
"CACTGGCGTGCGCCAT-1","0",118,30,36385,28171,193,9,28171,2865
"AGGACGAATTCGATGT-1","0",118,32,36383,27806,191,9,27806,2867
"ATGAGCATGATAGCCA-1","0",118,34,36381,27441,189,9,27441,2869
"ATGAATGATCCGAGCA-1","0",118,36,36380,27076,187,9,27076,2870
"AGTCTACTAACGTGTC-1","0",118,38,36378,26711,185,9,26711,2872
"GAGTCCTGAGCCGATT-1","0",118,40,36376,26346,183,9,26346,2874
"AATGATTGGAGTGGCC-1","0",118,42,36374,25980,181,9,25980,2876
"GACGTTGAACTACACG-1","0",118,44,36373,25615,179,9,25615,2877
"CGACGCTCTTAGGTCA-1","0",118,46,36371,25250,177,9,25250,2879
"TACCGTTCGGAAGATC-1","0",118,48,36369,24885,175,9,24885,2881
"CAAGATCCAACCTAAT-1","0",118,50,36368,24520,173,9,24520,2882
"CAAGTGAATACTGAGC-1","0",118,52,36366,24155,171,9,24155,2884
"AGCGACATCCGCAGAC-1","0",118,54,36364,23789,169,9,23789,2886
"CATAGACCTCAGGCCT-1","0",118,56,36362,23424,167,9,23424,2888
"ATACTATGATAGCGCA-1","0",118,58,36361,23059,165,9,23059,2889
"TAGATGAGATCCGGAA-1","0",118,60,36359,22694,163,9,22694,2891
"TGGATCTACGTTGGCG-1","0",118,62,36357,22329,161,9,22329,2893
"ATACATTCCTATACCA-1","0",118,64,36356,21964,159,9,21964,2894
"ACTCGTCCGACGAATG-1","0",118,66,36354,21598,157,9,21598,2896
"TCAGGAGCTACCAGCA-1","0",118,68,36352,21233,155,9,21233,2898
"ACTCCAGGCACTCAAC-1","0",118,70,36350,20868,153,9,20868,2900
"TCCAGTCTACCTGGAA-1","0",118,72,36349,20503,151,9,20503,2901
"GGATAACAATCAAGAA-1","0",118,74,36347,20138,149,9,20138,2903
"CTAGTTATAGCCTATC-1","0",118,76,36345,19773,147,9,19773,2905
"TCTATGCTTAGAGTGG-1","0",118,78,36344,19407,145,9,19407,2906
"GATTCCGCAGTTACGC-1","0",118,80,36342,19042,143,9,19042,2908
"ATGAGCGGCCGATGTC-1","1",118,82,36340,18677,141,9,18677,2910
"TCGCTTCGTACTTCAT-1","1",118,84,36338,18312,139,9,18312,2912
"GTCTCCACTCGCATCT-1","1",118,86,36337,17947,137,9,17947,2913
"TCAGCCGCCATTCATG-1","1",118,88,36335,17582,135,9,17582,2915
"CTATGCAGCCTCGTAC-1","1",118,90,36333,17216,133,9,17216,2917
"AACATACTAACACGTC-1","1",118,92,36332,16851,131,9,16851,2918
"GGCGCACCGGTTGAAT-1","1",118,94,36330,16486,129,9,16486,2920
"TGGAAGGAACGCCACG-1","1",118,96,36328,16121,127,9,16121,2922
"CTTCCACGTATTCTGC-1","1",118,98,36326,15756,125,9,15756,2924
"GTTGCTGACATAAGAA-1","1",118,100,36325,15391,123,9,15391,2925
"TAGTGAGGTCGTTAGC-1","1",118,102,36323,15025,121,9,15025,2927
"CAAGCCAGACGCAGAA-1","1",118,104,36321,14660,119,9,14660,2929
"CGAGTCATCGGTAGTT-1","1",118,106,36320,14295,117,9,14295,2930
"AACCATAGGTGAGTAC-1","1",118,108,36318,13930,115,9,13930,2932
"TGTCAATATCATCCTA-1","1",118,110,36316,13565,113,9,13565,2934
"TAACCAGACCTGCGTG-1","1",118,112,36314,13200,111,9,13200,2936
"ATTAAGTAATAGTCTG-1","1",118,114,36313,12834,109,9,12834,2937
"TACTCCAGCGCATTCT-1","1",118,116,36311,12469,107,9,12469,2939
"CTTGTCACCAACCGCC-1","1",118,118,36309,12104,105,9,12104,2941
"GATGCGTTCGTGTATG-1","1",118,120,36308,11739,103,9,11739,2942
"ATCTCCGCGTACATTC-1","1",118,122,36306,11374,101,9,11374,2944
"CGCTCGAGCTGTTACC-1","1",118,124,36304,11009,99,9,11009,2946
"CGGTCAGGTTACATAC-1","1",118,126,36302,10643,97,9,10643,2948
"GTATTACGCACTGTCC-1","1",118,128,36301,10278,95,9,10278,2949
"GTTGTCTGGCATCACC-1","1",118,130,36299,9913,93,9,9913,2951
"GGCGCCAACATGAATT-1","1",118,132,36297,9548,91,9,9548,2953
"TACAACGCTCTGCACG-1","1",118,134,36296,9183,89,9,9183,2954
"TAGTTCAACAAGTGAC-1","1",118,136,36294,8818,87,9,8818,2956
"ATAGTTCAGGTCGATC-1","1",118,138,36292,8452,85,9,8452,2958
"GAATGAATCTTCGCAT-1","1",118,140,36290,8087,83,9,8087,2960
"GTCTAGCCGAAGGATG-1","1",118,142,36289,7722,81,9,7722,2961
"AACTAGTTGTCTACTT-1","1",118,144,36287,7357,79,9,7357,2963
"GGTTGCTGAAGAGGTG-1","1",118,146,36285,6992,77,9,6992,2965
"TGCCTGACTAGTCCTA-1","1",118,148,36284,6627,75,9,6627,2966
"TAGATGGTATGGTCAG-1","0",118,150,36282,6261,73,9,6261,2968
"GTTCAAGGATTAATAC-1","0",118,152,36280,5896,71,9,5896,2970
"TGCTACCTGTCATTCG-1","0",118,154,36278,5531,69,9,5531,2972
"TAGTATTGGAGTTGGA-1","0",118,156,36277,5166,67,9,5166,2973
"GCCACTTGATCCACTC-1","0",118,158,36275,4801,65,9,4801,2975
"CAGAGTAGTTGGAGAC-1","0",118,160,36273,4436,63,9,4436,2977
"CGCCTCTAAGGTTGAA-1","0",118,162,36272,4070,61,9,4070,2978
"TCTTACTTGCTAGAGG-1","0",118,164,36270,3705,59,9,3705,2980
"AGTATTAGAACCGACT-1","0",118,166,36268,3340,57,9,3340,2982
"CTTCAAGATATGACTG-1","0",118,168,36266,2975,55,9,2975,2984
"TCATCCAAGGAGTTCA-1","0",118,170,36265,2610,53,9,2610,2985
"CTTAACTGAGCGCATA-1","0",118,172,36263,2245,51,9,2245,2987
"GGTTGTCAACGGTCAA-1","0",118,174,36261,1879,49,9,1879,2989
"CGCCTTACTAATGTAC-1","0",118,176,36260,1514,47,9,1514,2990
"ACTTGACGTATTACGG-1","0",118,178,36258,1149,45,9,1149,2992
"CCGTGCGAACAATGCC-1","0",118,180,36256,784,43,9,784,2994
"GCTAACCGCCTGTACG-1","0",118,182,36254,419,41,9,419,2996
"AATGCCATTACTGCGT-1","0",118,184,36253,54,39,9,54,2997
"CTCCTAGTTGACTCCA-1","0",118,186,36251,-312,37,9,-312,2999
"GCCTCCTGTAGTACTC-1","0",118,188,36249,-677,35,9,-677,3001
"GTACTTGGTCGGTGCA-1","0",118,190,36248,-1042,33,9,-1042,3002
"TAGGTACATGATTCGC-1","0",118,192,36246,-1407,31,9,-1407,3004
"CGACTATGTTACAATG-1","0",118,194,36244,-1772,29,9,-1772,3006
"ATTCCGCAGTCAACAT-1","0",118,196,36242,-2137,27,9,-2137,3008
"GATGGATGCGCAGTTG-1","0",118,198,36241,-2503,25,9,-2503,3009
"GCTCAATGCCGAGTAG-1","0",118,200,36239,-2868,23,9,-2868,3011
"CGCTCGGACGCAAGGT-1","0",118,202,36237,-3233,21,9,-3233,3013
"TACACGAGCCGCCTCC-1","0",118,204,36236,-3598,19,9,-3598,3014
"ATCTGATCAATCAGGA-1","0",118,206,36234,-3963,17,9,-3963,3016
"TACTCCAGGACTGGCT-1","0",118,208,36232,-4328,15,9,-4328,3018
"GCAGGCATGCTGCCAT-1","0",118,210,36230,-4694,13,9,-4694,3020
"ACGCAACGGATACAGG-1","0",118,212,36229,-5059,11,9,-5059,3021
"TGTTCACTTCTGCTGG-1","0",118,214,36227,-5424,9,9,-5424,3023
"GAACTACATTAGGTCT-1","0",118,216,36225,-5789,7,9,-5789,3025
"GCGATTGATGGAGGTA-1","0",118,218,36224,-6154,5,9,-6154,3026
"AGGACTGGACAATCAG-1","0",118,220,36222,-6519,3,9,-6519,3028
"CAGTTGACGATTACGC-1","0",118,222,36220,-6885,1,9,-6885,3030
"TGCGCCATCTCGTACA-1","0",119,1,36724,33465,222,8,33465,2526
"ACAATATTGTCCTCGT-1","0",119,3,36722,33100,220,8,33100,2528
"ACAGCCGTGCGACATA-1","0",119,5,36720,32735,218,8,32735,2530
"CTGCATACAAGCGAGT-1","0",119,7,36718,32369,216,8,32369,2532
"ATGTACTCGCCACGTT-1","0",119,9,36717,32004,214,8,32004,2533
"TCCGCCAATCGGCTGA-1","0",119,11,36715,31639,212,8,31639,2535
"TGTAGGAGTGTACCGA-1","0",119,13,36713,31274,210,8,31274,2537
"AGACTCTGATGCTAGA-1","0",119,15,36712,30909,208,8,30909,2538
"AGCGTGCGACCTAGAC-1","0",119,17,36710,30544,206,8,30544,2540
"GGCTGGACTGTCGTCT-1","0",119,19,36708,30178,204,8,30178,2542
"TAGACAGGAGCCTCAT-1","0",119,21,36706,29813,202,8,29813,2544
"CTAGCACGCTACTCCG-1","0",119,23,36705,29448,200,8,29448,2545
"CCTAGTGATAAGCCAT-1","0",119,25,36703,29083,198,8,29083,2547
"ATACTATCGTTGTAAG-1","0",119,27,36701,28718,196,8,28718,2549
"TCGTTGTATCACGACC-1","0",119,29,36700,28353,194,8,28353,2550
"ATCGTAATGCGAGTCG-1","0",119,31,36698,27987,192,8,27987,2552
"ACCAGAGTTCCTACAG-1","0",119,33,36696,27622,190,8,27622,2554
"TGAATGTTCGATAGGT-1","0",119,35,36694,27257,188,8,27257,2556
"TCAGTTAGTGGTAATC-1","0",119,37,36693,26892,186,8,26892,2557
"CGCTTACCATGCTAGT-1","0",119,39,36691,26527,184,8,26527,2559
"TACCGTGGACCAGGTT-1","0",119,41,36689,26162,182,8,26162,2561
"TACAACAGTTAACATA-1","0",119,43,36688,25796,180,8,25796,2562
"GTTGCCACCTGACCAG-1","0",119,45,36686,25431,178,8,25431,2564
"TGGTTGGATATGAGAA-1","0",119,47,36684,25066,176,8,25066,2566
"GTAGCAGACGGCCAAC-1","0",119,49,36682,24701,174,8,24701,2568
"GACGAGTAGAAGCCTA-1","0",119,51,36681,24336,172,8,24336,2569
"GATGACTTAAGTTAAC-1","0",119,53,36679,23971,170,8,23971,2571
"GCCTGTTGTAATACCT-1","0",119,55,36677,23605,168,8,23605,2573
"CGAAGGTTGTCTATGT-1","0",119,57,36676,23240,166,8,23240,2574
"TATCACTAGGATAACG-1","0",119,59,36674,22875,164,8,22875,2576
"TCGTCAGTCCGACAAC-1","0",119,61,36672,22510,162,8,22510,2578
"TGGAAGACGCATAGCA-1","0",119,63,36670,22145,160,8,22145,2580
"ATAGTTACTCTGTTGC-1","0",119,65,36669,21780,158,8,21780,2581
"CGCCGGACATTATGGA-1","0",119,67,36667,21414,156,8,21414,2583
"CGGCGTGCGTTGTCTG-1","0",119,69,36665,21049,154,8,21049,2585
"CGGCATAGGAACTCTT-1","0",119,71,36664,20684,152,8,20684,2586
"GCTCTGGTCGTACGGC-1","0",119,73,36662,20319,150,8,20319,2588
"CGCTTAACAGTCATCT-1","0",119,75,36660,19954,148,8,19954,2590
"GTCTGTGGCAGTCAAT-1","0",119,77,36658,19589,146,8,19589,2592
"GTGGATCTTAATCTAG-1","0",119,79,36657,19223,144,8,19223,2593
"GCGATGGTTGGTTATT-1","0",119,81,36655,18858,142,8,18858,2595
"CGATAATGCCTAGGTG-1","1",119,83,36653,18493,140,8,18493,2597
"ATGTACTTGAGTTGTA-1","1",119,85,36652,18128,138,8,18128,2598
"CACCAGAACGTATTCA-1","1",119,87,36650,17763,136,8,17763,2600
"TGCTGTCGACGCGAGG-1","0",119,89,36648,17398,134,8,17398,2602
"ATTCTAATAGATGCTG-1","1",119,91,36646,17032,132,8,17032,2604
"CTGAAGGAATCAACCA-1","1",119,93,36645,16667,130,8,16667,2605
"CCAGTGTCCGCACGAG-1","1",119,95,36643,16302,128,8,16302,2607
"ATTGCCAAGGCGCTCG-1","1",119,97,36641,15937,126,8,15937,2609
"ATGCGGATAATGGCAC-1","1",119,99,36640,15572,124,8,15572,2610
"GTCCAGACGGACTCCG-1","1",119,101,36638,15207,122,8,15207,2612
"GCCTCCACCTCATAAT-1","1",119,103,36636,14841,120,8,14841,2614
"AGTAAGTGCGATAGGA-1","1",119,105,36634,14476,118,8,14476,2616
"ACTGGTCTGGAGTCGG-1","1",119,107,36633,14111,116,8,14111,2617
"TAGGCAGACCTTGAGT-1","1",119,109,36631,13746,114,8,13746,2619
"AATCGCATGATACTTG-1","1",119,111,36629,13381,112,8,13381,2621
"TGGCGAACGGCGTACT-1","1",119,113,36628,13016,110,8,13016,2622
"GGTTGACAATCTAAGT-1","1",119,115,36626,12650,108,8,12650,2624
"GTTCCTGACCGATGGT-1","1",119,117,36624,12285,106,8,12285,2626
"TGGCTGAGCATGTATT-1","1",119,119,36622,11920,104,8,11920,2628
"GGAGACATCTCACCTT-1","1",119,121,36621,11555,102,8,11555,2629
"GGACAGTAGCACAGGA-1","1",119,123,36619,11190,100,8,11190,2631
"ACATCTCGAAGTACAA-1","1",119,125,36617,10825,98,8,10825,2633
"CAACCGGCTAACTTCC-1","1",119,127,36616,10459,96,8,10459,2634
"TGGTTGTCGCGAGTAA-1","1",119,129,36614,10094,94,8,10094,2636
"GATCGTAACCATCTGA-1","1",119,131,36612,9729,92,8,9729,2638
"CAATGCCGTGACATTA-1","1",119,133,36610,9364,90,8,9364,2640
"GCGATTCAACGGCGCA-1","1",119,135,36609,8999,88,8,8999,2641
"GTAAGTTGAGGCTTAT-1","1",119,137,36607,8634,86,8,8634,2643
"GTCTGAACGTTAACTG-1","1",119,139,36605,8268,84,8,8268,2645
"ACCAATGGTAAGCACC-1","1",119,141,36604,7903,82,8,7903,2646
"CGTGTAGAGTGGTTCG-1","1",119,143,36602,7538,80,8,7538,2648
"CGATGATCATTGAGTA-1","1",119,145,36600,7173,78,8,7173,2650
"GCTATGGCTTCACGAG-1","1",119,147,36598,6808,76,8,6808,2652
"CTCAATCACTACGCAC-1","0",119,149,36597,6443,74,8,6443,2653
"GGCTGCTCGATCATTA-1","0",119,151,36595,6077,72,8,6077,2655
"GGCCAACTATAAGGAT-1","0",119,153,36593,5712,70,8,5712,2657
"CTAAGACCGGAGCCGG-1","0",119,155,36592,5347,68,8,5347,2658
"GATACATAGTCGCTAT-1","0",119,157,36590,4982,66,8,4982,2660
"GCTTGGCTCGAATATC-1","0",119,159,36588,4617,64,8,4617,2662
"CCTCATGGAACTGCGG-1","0",119,161,36586,4252,62,8,4252,2664
"GTTAATCGCCTAAGGA-1","0",119,163,36585,3886,60,8,3886,2665
"TGAGCGAACTCAAGCG-1","0",119,165,36583,3521,58,8,3521,2667
"TGAACACGTGCTTACA-1","0",119,167,36581,3156,56,8,3156,2669
"TAGGCAGATACCGGAC-1","0",119,169,36580,2791,54,8,2791,2670
"GTTCTTACAGTACGCC-1","0",119,171,36578,2426,52,8,2426,2672
"GGTGTCCGGCTCCATT-1","0",119,173,36576,2061,50,8,2061,2674
"TAGGACTTCCACAGAA-1","0",119,175,36574,1695,48,8,1695,2676
"GTAGACAACGATGGCG-1","0",119,177,36573,1330,46,8,1330,2677
"TACCGGACAACGCTGA-1","0",119,179,36571,965,44,8,965,2679
"GTAAGTCTGGTGGCGA-1","0",119,181,36569,600,42,8,600,2681
"GACAGGCGAAGGTAGG-1","0",119,183,36568,235,40,8,235,2682
"CCGGAGATGCGAGTAT-1","0",119,185,36566,-130,38,8,-130,2684
"TAGACCGAATCCTCTA-1","0",119,187,36564,-496,36,8,-496,2686
"TGCCTAGCTTGCCTCA-1","0",119,189,36562,-861,34,8,-861,2688
"GAGCCGGCTGAACTTC-1","0",119,191,36561,-1226,32,8,-1226,2689
"GCGAATCGTATCTAGA-1","0",119,193,36559,-1591,30,8,-1591,2691
"TCGTAACTCAATGATA-1","0",119,195,36557,-1956,28,8,-1956,2693
"GCGATTGACGCAAGGT-1","0",119,197,36556,-2321,26,8,-2321,2694
"CCAGGTTAATCGCATG-1","0",119,199,36554,-2687,24,8,-2687,2696
"CGGCGTACGACCATGT-1","0",119,201,36552,-3052,22,8,-3052,2698
"TGATTCACTCTGCAGG-1","0",119,203,36551,-3417,20,8,-3417,2699
"ATGCTGCGGCGTAATA-1","0",119,205,36549,-3782,18,8,-3782,2701
"TCGCACGAGCACGATA-1","0",119,207,36547,-4147,16,8,-4147,2703
"CATGCGTTCATAACAG-1","0",119,209,36545,-4512,14,8,-4512,2705
"TCAGTGTAATTGTTGA-1","0",119,211,36544,-4878,12,8,-4878,2706
"CTATTCAATGCAGGCT-1","0",119,213,36542,-5243,10,8,-5243,2708
"CGCTCGGCGAAGGCCA-1","0",119,215,36540,-5608,8,8,-5608,2710
"CACTACTGTCACGAAG-1","0",119,217,36539,-5973,6,8,-5973,2711
"CTACTCATAGCGCCTC-1","0",119,219,36537,-6338,4,8,-6338,2713
"TGAACGTTAAGGTCGG-1","0",119,221,36535,-6703,2,8,-6703,2715
"CATCCTTGCCAGACGT-1","0",119,223,36533,-7069,0,8,-7069,2717
"GGACAGTGGTTGTCTA-1","0",120,0,37042,33646,223,7,33646,2208
"TAAGAATCAGACAGAT-1","0",120,2,37040,33281,221,7,33281,2210
"GTGCGTTACGCATGCC-1","0",120,4,37039,32916,219,7,32916,2211
"TCGACTGGCGAGGAAC-1","0",120,6,37037,32550,217,7,32550,2213
"CGTTCTGGTGCTTCTG-1","0",120,8,37035,32185,215,7,32185,2215
"TACCGGTTGGTTAATG-1","0",120,10,37034,31820,213,7,31820,2216
"TCGGACTCTTATCTTC-1","0",120,12,37032,31455,211,7,31455,2218
"CGAGGATTCATCCAGC-1","0",120,14,37030,31090,209,7,31090,2220
"CCTTAGCGTTGAATTG-1","0",120,16,37028,30725,207,7,30725,2222
"CCTTCAGCACAACGTT-1","0",120,18,37027,30359,205,7,30359,2223
"ACGAAGTAGGCATTAT-1","0",120,20,37025,29994,203,7,29994,2225
"TAGCTACTTAAGTGGT-1","0",120,22,37023,29629,201,7,29629,2227
"CAACAGTGAATCGTTC-1","0",120,24,37022,29264,199,7,29264,2228
"AGGACCGCGGTGGCGA-1","0",120,26,37020,28899,197,7,28899,2230
"TCAATATGGTAATCTT-1","0",120,28,37018,28534,195,7,28534,2232
"GACGCAACGTACTAAT-1","0",120,30,37016,28168,193,7,28168,2234
"ATCCGGTGATAATGTT-1","0",120,32,37015,27803,191,7,27803,2235
"CAATGCAATCAATCAG-1","0",120,34,37013,27438,189,7,27438,2237
"CTGTAATTCGGATGTA-1","0",120,36,37011,27073,187,7,27073,2239
"CGGCACATCCTAATCT-1","0",120,38,37010,26708,185,7,26708,2240
"TATGTTAGCTGCAGTG-1","0",120,40,37008,26343,183,7,26343,2242
"GTGACAATTACAGAGT-1","0",120,42,37006,25977,181,7,25977,2244
"GGAGATCCAATAGGCG-1","0",120,44,37004,25612,179,7,25612,2246
"CTGACTGGAGATAATG-1","0",120,46,37003,25247,177,7,25247,2247
"AGGATTACGCTCAGAT-1","0",120,48,37001,24882,175,7,24882,2249
"TGCAGAACCAGCTCGG-1","0",120,50,36999,24517,173,7,24517,2251
"GCAAGAATGTCAGTTG-1","0",120,52,36998,24152,171,7,24152,2252
"CGGCATTATGAATAGC-1","0",120,54,36996,23786,169,7,23786,2254
"ACGGCCGTGCTCTTGC-1","0",120,56,36994,23421,167,7,23421,2256
"GTAGACGTACGGTGTC-1","0",120,58,36992,23056,165,7,23056,2258
"GTCAGCCGACGCGAGC-1","0",120,60,36991,22691,163,7,22691,2259
"CTTCCGAACATTCCGG-1","0",120,62,36989,22326,161,7,22326,2261
"TCGAACGGCGATTGTC-1","0",120,64,36987,21961,159,7,21961,2263
"GGATTCTTACTGCGAA-1","0",120,66,36986,21595,157,7,21595,2264
"CTAGTGTCAGGCCTGG-1","0",120,68,36984,21230,155,7,21230,2266
"ACTACCGCTACCAGGA-1","0",120,70,36982,20865,153,7,20865,2268
"ACGATGCTCCTGGTAT-1","0",120,72,36980,20500,151,7,20500,2270
"ATGTATCCGAGCAGTT-1","0",120,74,36979,20135,149,7,20135,2271
"TGGACTGTAGGACGCA-1","0",120,76,36977,19770,147,7,19770,2273
"GAGTAAGCCTTCCGCC-1","0",120,78,36975,19404,145,7,19404,2275
"TGCATTCGAGCCAACT-1","0",120,80,36974,19039,143,7,19039,2276
"CCTAGACACGTTAATA-1","0",120,82,36972,18674,141,7,18674,2278
"CAGCCAACCATTACCG-1","1",120,84,36970,18309,139,7,18309,2280
"GTCTTGCGGTTGGAGG-1","1",120,86,36968,17944,137,7,17944,2282
"ATGGTAAGACATGCTC-1","1",120,88,36967,17579,135,7,17579,2283
"CATTGCGTTGCGCACC-1","1",120,90,36965,17213,133,7,17213,2285
"AGCCTCCAAGGCCTGT-1","1",120,92,36963,16848,131,7,16848,2287
"TCTTACGACCTTGCCT-1","1",120,94,36962,16483,129,7,16483,2288
"GGATTAACAAGTTCAA-1","1",120,96,36960,16118,127,7,16118,2290
"TCCGGCCTCAGACTCG-1","1",120,98,36958,15753,125,7,15753,2292
"ACAGCTGACACCAGGT-1","1",120,100,36956,15388,123,7,15388,2294
"CTGAGGCCATCGCCAC-1","1",120,102,36955,15022,121,7,15022,2295
"GTGAGGTCCGTATTGA-1","1",120,104,36953,14657,119,7,14657,2297
"TAGGTCTGTCACGCAG-1","1",120,106,36951,14292,117,7,14292,2299
"GCCACCGACGCATTGA-1","1",120,108,36950,13927,115,7,13927,2300
"CTCAATCTGCAATCTG-1","1",120,110,36948,13562,113,7,13562,2302
"CGTTCCTGTACTTATT-1","1",120,112,36946,13197,111,7,13197,2304
"GGTTCTTAACCAAGTG-1","1",120,114,36944,12831,109,7,12831,2306
"GTCTGTTGCGTTGAAC-1","1",120,116,36943,12466,107,7,12466,2307
"TCAGATACGGAGCCAT-1","1",120,118,36941,12101,105,7,12101,2309
"AACTCATCAGGCCGAT-1","1",120,120,36939,11736,103,7,11736,2311
"TGTAGGTGTCACTGGA-1","1",120,122,36938,11371,101,7,11371,2312
"TGGCATAACAATTGAG-1","1",120,124,36936,11006,99,7,11006,2314
"CTTCATCCGTACATCT-1","1",120,126,36934,10640,97,7,10640,2316
"ACCATTCGTCTAGCAC-1","1",120,128,36932,10275,95,7,10275,2318
"GTAATGAGTTCCTCAC-1","1",120,130,36931,9910,93,7,9910,2319
"TGTTATCCTACCGTGC-1","1",120,132,36929,9545,91,7,9545,2321
"CAATTGGATAGAGGTG-1","1",120,134,36927,9180,89,7,9180,2323
"GCTGAATTGTAGTTGA-1","1",120,136,36926,8815,87,7,8815,2324
"CAATCTTAAGATGCTC-1","1",120,138,36924,8449,85,7,8449,2326
"ACCAAGTGCTGTTATT-1","1",120,140,36922,8084,83,7,8084,2328
"CGCCTATGTTATGAAC-1","1",120,142,36920,7719,81,7,7719,2330
"TGGACATGCTGGTTGC-1","1",120,144,36919,7354,79,7,7354,2331
"TAACGTCACGTAGCAG-1","1",120,146,36917,6989,77,7,6989,2333
"ATGTACCGGCTCGTTC-1","0",120,148,36915,6624,75,7,6624,2335
"GTTAGGAAGGACTAGT-1","0",120,150,36914,6258,73,7,6258,2336
"CATATGAACGCTTAGC-1","0",120,152,36912,5893,71,7,5893,2338
"CTCGTGGCATCTCATA-1","0",120,154,36910,5528,69,7,5528,2340
"TCCGTGTAGATGCATA-1","0",120,156,36908,5163,67,7,5163,2342
"CGGTAGACTCAACTTA-1","0",120,158,36907,4798,65,7,4798,2343
"AGTCGGTTGCAGGTAT-1","0",120,160,36905,4433,63,7,4433,2345
"CGCATCTTCGCTTCCA-1","0",120,162,36903,4067,61,7,4067,2347
"CTTGAGCGTATTGACG-1","0",120,164,36902,3702,59,7,3702,2348
"CTGGTGTACAGCTAAC-1","0",120,166,36900,3337,57,7,3337,2350
"CCAATCTGCGCCAAGT-1","0",120,168,36898,2972,55,7,2972,2352
"AGCGAGCAATGGCGGT-1","0",120,170,36896,2607,53,7,2607,2354
"TAACGCGTACGGAGCG-1","0",120,172,36895,2242,51,7,2242,2355
"CGGACCACAGCTAACG-1","0",120,174,36893,1876,49,7,1876,2357
"CCGATGCGTGCGTGAC-1","0",120,176,36891,1511,47,7,1511,2359
"ATTGCAGTTAAGGCCA-1","0",120,178,36890,1146,45,7,1146,2360
"CGGAGTAGGTAGGTGG-1","0",120,180,36888,781,43,7,781,2362
"TCTAGGCGATGTCGTG-1","0",120,182,36886,416,41,7,416,2364
"AACATCTTAGGTTCTG-1","0",120,184,36884,51,39,7,51,2366
"TGGACTCCGTATTCCT-1","0",120,186,36883,-315,37,7,-315,2367
"GTCGCATCGCCTGTGC-1","0",120,188,36881,-680,35,7,-680,2369
"GGATCGAAGATTGTGA-1","0",120,190,36879,-1045,33,7,-1045,2371
"AACATCGCCGAAGATT-1","0",120,192,36878,-1410,31,7,-1410,2372
"CCTAGTCTGTCAGCTA-1","0",120,194,36876,-1775,29,7,-1775,2374
"GAATCAGGCCTGGTTC-1","0",120,196,36874,-2140,27,7,-2140,2376
"TACGCTCAAGTATTAG-1","0",120,198,36872,-2506,25,7,-2506,2378
"TCTTACGGAGCTAGTC-1","0",120,200,36871,-2871,23,7,-2871,2379
"CCAGGTTCGACGTCTA-1","0",120,202,36869,-3236,21,7,-3236,2381
"CGCTCGAACTGGCGTC-1","0",120,204,36867,-3601,19,7,-3601,2383
"GGTTACATTACCTGCT-1","0",120,206,36866,-3966,17,7,-3966,2384
"CCGTTGATTGGTGACG-1","0",120,208,36864,-4331,15,7,-4331,2386
"ACTGGTGCCTTGTTGA-1","0",120,210,36862,-4697,13,7,-4697,2388
"CGGTAGTTGGCCTAGA-1","0",120,212,36860,-5062,11,7,-5062,2390
"AAGTTCCATCTTAAGT-1","0",120,214,36859,-5427,9,7,-5427,2391
"CTTCGATGAAGATCTA-1","0",120,216,36857,-5792,7,7,-5792,2393
"AAGGCGGAACTTCTTA-1","0",120,218,36855,-6157,5,7,-6157,2395
"GTCTGCGAGGCGAGCT-1","0",120,220,36854,-6522,3,7,-6522,2396
"CCGACAGACATACTCC-1","0",120,222,36852,-6887,1,7,-6887,2398
"GATAAGAAGTACGCGG-1","0",121,1,37355,33462,222,6,33462,1895
"CGAACCGATAGTATCT-1","0",121,3,37354,33097,220,6,33097,1896
"AACCGTACTTCAAGGT-1","0",121,5,37352,32732,218,6,32732,1898
"TAGGTCTGGATGGCTC-1","0",121,7,37350,32366,216,6,32366,1900
"GTAATGTTAATTCCAG-1","0",121,9,37348,32001,214,6,32001,1902
"CTACGATGGCTTGATC-1","0",121,11,37347,31636,212,6,31636,1903
"AGCTAGTTCGTTCCAA-1","0",121,13,37345,31271,210,6,31271,1905
"TCTAGAACGCCACCAG-1","0",121,15,37343,30906,208,6,30906,1907
"GCAACACCTACACTGT-1","0",121,17,37342,30541,206,6,30541,1908
"GTATGTTAACGACCTC-1","0",121,19,37340,30175,204,6,30175,1910
"GTCGCAGTGGAATTCG-1","0",121,21,37338,29810,202,6,29810,1912
"AAGATTATGCAGCGCC-1","0",121,23,37336,29445,200,6,29445,1914
"ATGCCTATCTAGGAGT-1","0",121,25,37335,29080,198,6,29080,1915
"AAGGCGATAGATTCGC-1","0",121,27,37333,28715,196,6,28715,1917
"AATAACGCACGTGCGT-1","0",121,29,37331,28350,194,6,28350,1919
"ATTATCGAACTTGTCG-1","0",121,31,37330,27984,192,6,27984,1920
"GTTGTCGTAATTACAT-1","0",121,33,37328,27619,190,6,27619,1922
"GCCTGTTATGCTTATG-1","0",121,35,37326,27254,188,6,27254,1924
"TATCAACCATGAGGCA-1","0",121,37,37324,26889,186,6,26889,1926
"GCGATCGGTTAGTTCC-1","0",121,39,37323,26524,184,6,26524,1927
"TGCACGCTTCGGACAG-1","0",121,41,37321,26159,182,6,26159,1929
"CTCCGTAACCTTCTTG-1","0",121,43,37319,25793,180,6,25793,1931
"TACAAGACTAATCAGC-1","0",121,45,37318,25428,178,6,25428,1932
"AGCGTGGCGACTCACG-1","0",121,47,37316,25063,176,6,25063,1934
"TGGATCATGCGGATGA-1","0",121,49,37314,24698,174,6,24698,1936
"ACTCGTTGGTGCAGAC-1","0",121,51,37312,24333,172,6,24333,1938
"AACTCACGGACGTGCC-1","0",121,53,37311,23968,170,6,23968,1939
"GGCGACCAGCAATCCA-1","0",121,55,37309,23602,168,6,23602,1941
"GATAAGCAACCTAAGC-1","0",121,57,37307,23237,166,6,23237,1943
"TGTTACAACTAAGGTT-1","0",121,59,37306,22872,164,6,22872,1944
"CTCGACAGATTGCTCG-1","0",121,61,37304,22507,162,6,22507,1946
"CCAAGGCTTGTTCCAT-1","0",121,63,37302,22142,160,6,22142,1948
"TACCATCCTACGTGAG-1","0",121,65,37300,21777,158,6,21777,1950
"GAATCTTCCAGAGGCC-1","0",121,67,37299,21411,156,6,21411,1951
"CTGTGGTACGTGGATC-1","0",121,69,37297,21046,154,6,21046,1953
"ATCGTCGGAAGCTATC-1","0",121,71,37295,20681,152,6,20681,1955
"ACAACGTGCAGCACTC-1","0",121,73,37294,20316,150,6,20316,1956
"GTATACTTCTTAACTA-1","0",121,75,37292,19951,148,6,19951,1958
"TAGAATCCGAGCTTCC-1","0",121,77,37290,19586,146,6,19586,1960
"TGCTACCGTGGTCCAG-1","0",121,79,37288,19220,144,6,19220,1962
"GGCCAAGATGCTCGCA-1","0",121,81,37287,18855,142,6,18855,1963
"TACTAAGTGAGCATTC-1","1",121,83,37285,18490,140,6,18490,1965
"CAGCTCTTATAGACAA-1","1",121,85,37283,18125,138,6,18125,1967
"TGCCTACGCTCGAAGT-1","1",121,87,37282,17760,136,6,17760,1968
"CTATTACCGTTCAACC-1","1",121,89,37280,17395,134,6,17395,1970
"AGTGTAACGTGCGAAG-1","1",121,91,37278,17029,132,6,17029,1972
"TATTGTATGGTGTCTA-1","1",121,93,37276,16664,130,6,16664,1974
"ATTAATGCATGTAAGC-1","1",121,95,37275,16299,128,6,16299,1975
"GCCTTGGAGGCTTAGA-1","1",121,97,37273,15934,126,6,15934,1977
"CGGTCCTAGTTACTTA-1","1",121,99,37271,15569,124,6,15569,1979
"ATAGGCAAGCCAACTG-1","1",121,101,37270,15204,122,6,15204,1980
"TAAGAACGAACGGACC-1","1",121,103,37268,14838,120,6,14838,1982
"TACGACGTCCTCACCA-1","1",121,105,37266,14473,118,6,14473,1984
"AAGGCACGGAGGAACC-1","1",121,107,37264,14108,116,6,14108,1986
"CGCTCGTCGGTCTGCT-1","1",121,109,37263,13743,114,6,13743,1987
"CGACGCCAAGAACCTG-1","1",121,111,37261,13378,112,6,13378,1989
"GCTTGGCTGTTGAGAA-1","1",121,113,37259,13013,110,6,13013,1991
"CGAGGCTGCAGCCACG-1","1",121,115,37258,12647,108,6,12647,1992
"GATCAAGATTCTAATA-1","1",121,117,37256,12282,106,6,12282,1994
"GAACCGGTATGACGTA-1","1",121,119,37254,11917,104,6,11917,1996
"TCTTAGTCGCACTGCC-1","1",121,121,37252,11552,102,6,11552,1998
"AGGCAAGTCCTGCAAG-1","1",121,123,37251,11187,100,6,11187,1999
"CTGACTATCTTCATGC-1","1",121,125,37249,10822,98,6,10822,2001
"TAGCTACGGAATGCCT-1","1",121,127,37247,10456,96,6,10456,2003
"GCTGTTGAGCTCGAAG-1","1",121,129,37246,10091,94,6,10091,2004
"ATCCGTTATGCTCACT-1","1",121,131,37244,9726,92,6,9726,2006
"GCGACGCAACCGCTCG-1","1",121,133,37242,9361,90,6,9361,2008
"GGTGTATGATCTAGGA-1","1",121,135,37240,8996,88,6,8996,2010
"AGCTATACATGTTCGT-1","1",121,137,37239,8631,86,6,8631,2011
"ACCAATACTAGCTCAC-1","1",121,139,37237,8265,84,6,8265,2013
"ATACTGGCTACCATCC-1","1",121,141,37235,7900,82,6,7900,2015
"TGGCTCCGCCAGCAGT-1","1",121,143,37234,7535,80,6,7535,2016
"AATAACATACTAGGAT-1","1",121,145,37232,7170,78,6,7170,2018
"GCCGATGATACCGTTG-1","0",121,147,37230,6805,76,6,6805,2020
"ACGGTTACTGGCACGG-1","0",121,149,37228,6440,74,6,6440,2022
"CGAGTCGATCCATATT-1","0",121,151,37227,6074,72,6,6074,2023
"ATGTAGAAGCTGGCTA-1","0",121,153,37225,5709,70,6,5709,2025
"CTCCAGTTAGATAATG-1","0",121,155,37223,5344,68,6,5344,2027
"CCGACAACTCGGTCAG-1","0",121,157,37222,4979,66,6,4979,2028
"ATACGACAATTCGCAA-1","0",121,159,37220,4614,64,6,4614,2030
"CGTATCCGAGGAGTGC-1","0",121,161,37218,4249,62,6,4249,2032
"TGGTGCGACTAAGTTA-1","0",121,163,37217,3883,60,6,3883,2033
"GACAATCATACAGGAT-1","0",121,165,37215,3518,58,6,3518,2035
"CTGAATACAGTGGTGA-1","0",121,167,37213,3153,56,6,3153,2037
"AAGATTGGCGTCTACT-1","0",121,169,37211,2788,54,6,2788,2039
"CTATCCATCTATTAAC-1","0",121,171,37210,2423,52,6,2423,2040
"TCGTCAGGAACGGATC-1","0",121,173,37208,2058,50,6,2058,2042
"GTCTAGTCACCGGATA-1","0",121,175,37206,1692,48,6,1692,2044
"GTACTTAGGATAGATT-1","0",121,177,37205,1327,46,6,1327,2045
"ATACATCCTACAGGCT-1","0",121,179,37203,962,44,6,962,2047
"CGTGTACCAGTGCTAG-1","0",121,181,37201,597,42,6,597,2049
"CCAATCCTATTCTGAC-1","0",121,183,37199,232,40,6,232,2051
"CTGCGTTGATGGCGTA-1","0",121,185,37198,-133,38,6,-133,2052
"TCACCGGATTGGAACC-1","0",121,187,37196,-499,36,6,-499,2054
"GCGACACTACCATCGG-1","0",121,189,37194,-864,34,6,-864,2056
"CTGGCACGTGAAGTTC-1","0",121,191,37193,-1229,32,6,-1229,2057
"GATGGAACTCAACTTC-1","0",121,193,37191,-1594,30,6,-1594,2059
"GCCAACGCAACATACC-1","0",121,195,37189,-1959,28,6,-1959,2061
"GCTTGATGGCCTCACT-1","0",121,197,37187,-2324,26,6,-2324,2063
"TCTACGGTGGACAATA-1","0",121,199,37186,-2690,24,6,-2690,2064
"GTGATAGGCTTACCGT-1","0",121,201,37184,-3055,22,6,-3055,2066
"GCACAGCTTCCAGCCG-1","0",121,203,37182,-3420,20,6,-3420,2068
"AATACGGATACGTGTA-1","0",121,205,37181,-3785,18,6,-3785,2069
"CCTTCAGCATGTGACA-1","0",121,207,37179,-4150,16,6,-4150,2071
"CTGGAATGGAGTGACT-1","0",121,209,37177,-4515,14,6,-4515,2073
"CGAGATTGAACCTTCT-1","0",121,211,37175,-4881,12,6,-4881,2075
"GGAAGCACATGCACTC-1","0",121,213,37174,-5246,10,6,-5246,2076
"CAATGAGCAGAAGGCT-1","0",121,215,37172,-5611,8,6,-5611,2078
"CGGCAACATATTGCTA-1","0",121,217,37170,-5976,6,6,-5976,2080
"GTACCTGGAGGTTGCT-1","0",121,219,37169,-6341,4,6,-6341,2081
"TAGATGAGGCTATTCC-1","0",121,221,37167,-6706,2,6,-6706,2083
"AGACTCACCGGCATCC-1","0",121,223,37165,-7072,0,6,-7072,2085
"GTCTAGCCTGATTGCT-1","0",122,0,37674,33643,223,5,33643,1576
"TACATAACTTATGACA-1","0",122,2,37672,33278,221,5,33278,1578
"AATCTTCCGGCAACTT-1","0",122,4,37670,32913,219,5,32913,1580
"GCCACGGCTCGCAAGC-1","0",122,6,37669,32547,217,5,32547,1581
"TAGTTCGTCAAGGCGA-1","0",122,8,37667,32182,215,5,32182,1583
"ATAACGAACTATTGAT-1","0",122,10,37665,31817,213,5,31817,1585
"ATGTTCGAGCTTAATA-1","0",122,12,37664,31452,211,5,31452,1586
"CGAGGATTATGCCTTC-1","0",122,14,37662,31087,209,5,31087,1588
"GCAACTTAGACACCAA-1","0",122,16,37660,30722,207,5,30722,1590
"TCATCTATAAGTGCAG-1","0",122,18,37658,30356,205,5,30356,1592
"CTACGCTTCCTGTTCA-1","0",122,20,37657,29991,203,5,29991,1593
"GTGCAGCTGCTCATAG-1","0",122,22,37655,29626,201,5,29626,1595
"TAGAGGCAATCATACG-1","0",122,24,37653,29261,199,5,29261,1597
"TCTAACATACCTGATA-1","0",122,26,37652,28896,197,5,28896,1598
"GTAGCGCCAACTTGAT-1","0",122,28,37650,28531,195,5,28531,1600
"TCGCCATATTCATTGG-1","0",122,30,37648,28165,193,5,28165,1602
"CTCGGAATGTGACACT-1","0",122,32,37646,27800,191,5,27800,1604
"CCAGGATACTTCCTGT-1","0",122,34,37645,27435,189,5,27435,1605
"TATCGCGATCGCGGAT-1","0",122,36,37643,27070,187,5,27070,1607
"CCACAATTACTGAGGA-1","0",122,38,37641,26705,185,5,26705,1609
"CTATCGTTGCCTACGG-1","0",122,40,37640,26340,183,5,26340,1610
"GTCAGTCCAGACGCAG-1","0",122,42,37638,25974,181,5,25974,1612
"CAACTCTGAGTGCAGA-1","0",122,44,37636,25609,179,5,25609,1614
"CATCGCCGTAGTCAAC-1","0",122,46,37634,25244,177,5,25244,1616
"TGCACGTCTGAACAGT-1","0",122,48,37633,24879,175,5,24879,1617
"GTCTGAGCTCGCTAGG-1","0",122,50,37631,24514,173,5,24514,1619
"AGTGCGCAGATTAGTA-1","0",122,52,37629,24149,171,5,24149,1621
"ACTATTCCATTCACAA-1","0",122,54,37628,23783,169,5,23783,1622
"CCTGGCATGTACTATG-1","0",122,56,37626,23418,167,5,23418,1624
"TCCGTAGATTGTCCGC-1","0",122,58,37624,23053,165,5,23053,1626
"GTTGACGACTACGTGA-1","0",122,60,37622,22688,163,5,22688,1628
"AGACCGGTTCACCTAA-1","0",122,62,37621,22323,161,5,22323,1629
"CAATGGATAGTCCAGC-1","0",122,64,37619,21958,159,5,21958,1631
"GTTGAACTCACCGCTC-1","0",122,66,37617,21592,157,5,21592,1633
"AGTGCTACCTAATTAA-1","0",122,68,37616,21227,155,5,21227,1634
"GTCCAGATTCGCAGTG-1","0",122,70,37614,20862,153,5,20862,1636
"CGACGCTCGTAATCTA-1","0",122,72,37612,20497,151,5,20497,1638
"CATCGGTATGCGCTTC-1","0",122,74,37610,20132,149,5,20132,1640
"TAAGTAGAACTTGCCA-1","0",122,76,37609,19767,147,5,19767,1641
"ATGTAGTGCCGCCAAG-1","0",122,78,37607,19401,145,5,19401,1643
"GGATCGGATGCGGAAG-1","0",122,80,37605,19036,143,5,19036,1645
"CTACAGTGCGTTAGTG-1","0",122,82,37604,18671,141,5,18671,1646
"GTATTAGGTGTAGAAT-1","1",122,84,37602,18306,139,5,18306,1648
"TAACTTCGTCTGCCAG-1","1",122,86,37600,17941,137,5,17941,1650
"CCGCACATAACGTGTC-1","1",122,88,37598,17576,135,5,17576,1652
"GGTGCGACAGCAGAAG-1","1",122,90,37597,17210,133,5,17210,1653
"TCGACGAGACGTATAC-1","1",122,92,37595,16845,131,5,16845,1655
"TCTGAACGAACACCTT-1","1",122,94,37593,16480,129,5,16480,1657
"GGCGCCTTGAGCAGCG-1","1",122,96,37592,16115,127,5,16115,1658
"GCAACTTAGCAGCTGA-1","1",122,98,37590,15750,125,5,15750,1660
"TCGGACGGTTATTCTA-1","1",122,100,37588,15385,123,5,15385,1662
"CTGCGTGAGCGGACGT-1","1",122,102,37586,15020,121,5,15020,1664
"ACTGACCTTCCGCAAG-1","1",122,104,37585,14654,119,5,14654,1665
"ACATAGCTCACCTCAA-1","1",122,106,37583,14289,117,5,14289,1667
"TACCGGTTGTACAACT-1","1",122,108,37581,13924,115,5,13924,1669
"GTCTGTTGACCTTGAC-1","1",122,110,37580,13559,113,5,13559,1670
"GAGCGATTAATGGTAA-1","1",122,112,37578,13194,111,5,13194,1672
"TGGAGTCCTTAGATCG-1","1",122,114,37576,12829,109,5,12829,1674
"GATCACGGTCCAAGAC-1","1",122,116,37574,12463,107,5,12463,1676
"ACCGATTCGTAGCAGT-1","1",122,118,37573,12098,105,5,12098,1677
"GACCTACACCGTTGAG-1","1",122,120,37571,11733,103,5,11733,1679
"TACTAGCGCCTGAGCT-1","1",122,122,37569,11368,101,5,11368,1681
"ATGCCTGTCAACATTA-1","1",122,124,37568,11003,99,5,11003,1682
"ATCAACGCCTGAAGTC-1","1",122,126,37566,10638,97,5,10638,1684
"ACAGGTCTAGACGTTG-1","1",122,128,37564,10272,95,5,10272,1686
"CGCCGGACGCCACTGA-1","1",122,130,37562,9907,93,5,9907,1688
"CTCATCCATCTAACAT-1","1",122,132,37561,9542,91,5,9542,1689
"CATTGAGTGACTGGAG-1","1",122,134,37559,9177,89,5,9177,1691
"AACGCAACTGCAAGGC-1","1",122,136,37557,8812,87,5,8812,1693
"CTAGCGTCATTACTCA-1","1",122,138,37556,8447,85,5,8447,1694
"CAGTGAGGTTCCTGGA-1","1",122,140,37554,8081,83,5,8081,1696
"GCGTACAGGCGACTTG-1","1",122,142,37552,7716,81,5,7716,1698
"TCGCCGACGCTCTAAT-1","1",122,144,37550,7351,79,5,7351,1700
"GCTTGGATGGAGACGA-1","0",122,146,37549,6986,77,5,6986,1701
"AGCATGAGATCTCGCC-1","0",122,148,37547,6621,75,5,6621,1703
"TATGAGCCGAGGCGTT-1","0",122,150,37545,6256,73,5,6256,1705
"TCGACTATCATTGGTC-1","0",122,152,37544,5890,71,5,5890,1706
"CTACTCATACAGTTCT-1","0",122,154,37542,5525,69,5,5525,1708
"CCTGAAGCGGTAGGTA-1","0",122,156,37540,5160,67,5,5160,1710
"GAATGAATCTATAGTA-1","0",122,158,37538,4795,65,5,4795,1712
"GGTGCGATCCGCAAGG-1","0",122,160,37537,4430,63,5,4430,1713
"CGACCAGACATCAGTC-1","0",122,162,37535,4065,61,5,4065,1715
"ACCTGCTTCTTATTGA-1","0",122,164,37533,3699,59,5,3699,1717
"GCGTCGGACTTAGTTG-1","0",122,166,37532,3334,57,5,3334,1718
"CTGGCTCACCGCGTTA-1","0",122,168,37530,2969,55,5,2969,1720
"ATCCGTGGAAGCGTAT-1","0",122,170,37528,2604,53,5,2604,1722
"ATTCTATGTTCGCAAG-1","0",122,172,37526,2239,51,5,2239,1724
"CGAGGCAATTGTCGTT-1","0",122,174,37525,1874,49,5,1874,1725
"CACCTTCTTATTCAGG-1","0",122,176,37523,1508,47,5,1508,1727
"CCACCGCACTTATCGC-1","0",122,178,37521,1143,45,5,1143,1729
"TCAGTGGATGAACGAC-1","0",122,180,37520,778,43,5,778,1730
"AGGTGCGTCCGATAAT-1","0",122,182,37518,413,41,5,413,1732
"TAACGACTTCGCGGCA-1","0",122,184,37516,48,39,5,48,1734
"CTGTCAACTCAATTGG-1","0",122,186,37514,-317,37,5,-317,1736
"ATACTAATGGACGGAA-1","0",122,188,37513,-683,35,5,-683,1737
"TGCTTACGACGCACCA-1","0",122,190,37511,-1048,33,5,-1048,1739
"CCGGATAACGTAAGAT-1","0",122,192,37509,-1413,31,5,-1413,1741
"GGTAGCGGTAACAACT-1","0",122,194,37508,-1778,29,5,-1778,1742
"TCCGAACGGCAATATT-1","0",122,196,37506,-2143,27,5,-2143,1744
"TAACTCCAGGTCACAG-1","0",122,198,37504,-2508,25,5,-2508,1746
"ACGTTCTAGAAGCTCG-1","0",122,200,37503,-2874,23,5,-2874,1747
"GACAGACGGCATACTA-1","0",122,202,37501,-3239,21,5,-3239,1749
"GCCGAGCTAGGTTCGG-1","0",122,204,37499,-3604,19,5,-3604,1751
"TCAGTGAATGCGAAGA-1","0",122,206,37497,-3969,17,5,-3969,1753
"ACATTGTACTCAGTAC-1","0",122,208,37496,-4334,15,5,-4334,1754
"TGCCAATTACAGCAAT-1","0",122,210,37494,-4699,13,5,-4699,1756
"CACCGAGTAACTCGAA-1","0",122,212,37492,-5065,11,5,-5065,1758
"CGTACTAAGTTATTCT-1","0",122,214,37491,-5430,9,5,-5430,1759
"CGGCGTCCGAGCAACG-1","0",122,216,37489,-5795,7,5,-5795,1761
"TGCGCCTTACAGGACA-1","0",122,218,37487,-6160,5,5,-6160,1763
"TAGTTCAATCTGGATG-1","0",122,220,37485,-6525,3,5,-6525,1765
"CCTTCTCACCGCACCG-1","0",122,222,37484,-6890,1,5,-6890,1766
"TGTATGGTAATACTAG-1","0",123,1,37987,33459,222,4,33459,1263
"TCTGATGCTGGTGAAC-1","0",123,3,37985,33094,220,4,33094,1265
"GATCGTGCATCCAGCT-1","0",123,5,37984,32729,218,4,32729,1266
"ACCGTGTTAGTACAGG-1","0",123,7,37982,32363,216,4,32363,1268
"TCAAGGCATGGCTCTG-1","0",123,9,37980,31998,214,4,31998,1270
"ATAACCATGCAATTGC-1","0",123,11,37978,31633,212,4,31633,1272
"AACACGACAATTGTTC-1","0",123,13,37977,31268,210,4,31268,1273
"ATCCAGGCGTTCTACT-1","0",123,15,37975,30903,208,4,30903,1275
"GTTGTAATAGACGTCA-1","0",123,17,37973,30538,206,4,30538,1277
"CATCAGAATATGGTAG-1","0",123,19,37972,30172,204,4,30172,1278
"CAGCGATATTACAGAT-1","0",123,21,37970,29807,202,4,29807,1280
"TGACCTGAAGTAGATT-1","0",123,23,37968,29442,200,4,29442,1282
"CAGGACTCATAATTAC-1","0",123,25,37966,29077,198,4,29077,1284
"GACCTGTCATCGGTCA-1","0",123,27,37965,28712,196,4,28712,1285
"GGTGATCGAGATAAGG-1","0",123,29,37963,28347,194,4,28347,1287
"ATAGAAGTAACGATCA-1","0",123,31,37961,27981,192,4,27981,1289
"CACGTCACTACATGGA-1","0",123,33,37960,27616,190,4,27616,1290
"AGAAGCAAGAACGTGG-1","0",123,35,37958,27251,188,4,27251,1292
"TCCGAACACGTGTACG-1","0",123,37,37956,26886,186,4,26886,1294
"GAATCCTCTTGTGATT-1","0",123,39,37954,26521,184,4,26521,1296
"CGTCTTCATCACGATT-1","0",123,41,37953,26156,182,4,26156,1297
"GCATTAATTACGGTTG-1","0",123,43,37951,25790,180,4,25790,1299
"TCACATACTCCGTGGA-1","0",123,45,37949,25425,178,4,25425,1301
"TGTCACTACAGACGCC-1","0",123,47,37948,25060,176,4,25060,1302
"AGTACATCCTATTGGT-1","0",123,49,37946,24695,174,4,24695,1304
"GTTAGGCTCAACTAGA-1","0",123,51,37944,24330,172,4,24330,1306
"CACTGGTGATGTCCGC-1","0",123,53,37942,23965,170,4,23965,1308
"GCACAGCTGGAACCGG-1","0",123,55,37941,23599,168,4,23599,1309
"TGTTCACTTAAGTAAG-1","0",123,57,37939,23234,166,4,23234,1311
"ACAGGCCTGCACCAGG-1","0",123,59,37937,22869,164,4,22869,1313
"AATTGCCGTTGTCGAT-1","0",123,61,37936,22504,162,4,22504,1314
"ACTTCATCAACGCACG-1","0",123,63,37934,22139,160,4,22139,1316
"CGTGAGAAGCGTGGTA-1","0",123,65,37932,21774,158,4,21774,1318
"TGGCGAATCATGTACA-1","0",123,67,37930,21408,156,4,21408,1320
"TGATTCCGGATTACCA-1","0",123,69,37929,21043,154,4,21043,1321
"TAGAGTTGCTCCATCC-1","0",123,71,37927,20678,152,4,20678,1323
"TCCGTAGTCCATGCTC-1","0",123,73,37925,20313,150,4,20313,1325
"CGAGCGTTAAGAGGAT-1","0",123,75,37924,19948,148,4,19948,1326
"ATTGATGTGCAAGCGA-1","0",123,77,37922,19583,146,4,19583,1328
"TGTCAGATAATCTAGG-1","0",123,79,37920,19217,144,4,19217,1330
"GGTTGTAGGAGCCGAT-1","0",123,81,37918,18852,142,4,18852,1332
"CTGACTAGCGGTTCCT-1","0",123,83,37917,18487,140,4,18487,1333
"CGTACTGCTTGCTTAG-1","1",123,85,37915,18122,138,4,18122,1335
"TCGCCATTGTATAACA-1","1",123,87,37913,17757,136,4,17757,1337
"TACAGGTGTAATCGGT-1","1",123,89,37912,17392,134,4,17392,1338
"ATCTCACGGAAGATTC-1","1",123,91,37910,17026,132,4,17026,1340
"TGTCTTGGCGTCTGAC-1","1",123,93,37908,16661,130,4,16661,1342
"GCAACACTGCGGAGTC-1","1",123,95,37906,16296,128,4,16296,1344
"CCTTAGTCTACTAACC-1","1",123,97,37905,15931,126,4,15931,1345
"ATCGTGGCGTTCAGTT-1","1",123,99,37903,15566,124,4,15566,1347
"AGTGTCGGATAGTCGT-1","1",123,101,37901,15201,122,4,15201,1349
"CACTCAATCGGAGGAC-1","1",123,103,37900,14835,120,4,14835,1350
"TAGGAAGACTTAATGC-1","1",123,105,37898,14470,118,4,14470,1352
"CGCTCGGTATCCACAG-1","1",123,107,37896,14105,116,4,14105,1354
"GCGTCCTCAGCGAACG-1","1",123,109,37895,13740,114,4,13740,1355
"ATGAGCGTGACTTATT-1","1",123,111,37893,13375,112,4,13375,1357
"ACCGCTGCCAAGCGGA-1","1",123,113,37891,13010,110,4,13010,1359
"CACCGGCGTCGATTAC-1","1",123,115,37889,12644,108,4,12644,1361
"TAGGAGTTGGTAAGGT-1","1",123,117,37888,12279,106,4,12279,1362
"GTCACTACAGCTGTAC-1","1",123,119,37886,11914,104,4,11914,1364
"ATAGGCTATGCCAGCC-1","1",123,121,37884,11549,102,4,11549,1366
"TCCTGACATAGTGCTA-1","1",123,123,37883,11184,100,4,11184,1367
"TGGTGCTCACTATCTA-1","1",123,125,37881,10819,98,4,10819,1369
"ACATGCCAATAGCTGT-1","1",123,127,37879,10453,96,4,10453,1371
"ATTAGTGCCAGTACGA-1","1",123,129,37877,10088,94,4,10088,1373
"TATTCGGCTGATTACT-1","1",123,131,37876,9723,92,4,9723,1374
"ACCGGATTAATACACT-1","1",123,133,37874,9358,90,4,9358,1376
"AACTTGAATAGCACAT-1","1",123,135,37872,8993,88,4,8993,1378
"CGCCTCGATTCGATGG-1","1",123,137,37871,8628,86,4,8628,1379
"GTTAATCCTATGTTAT-1","1",123,139,37869,8262,84,4,8262,1381
"CTCACCGACAGGCAGA-1","1",123,141,37867,7897,82,4,7897,1383
"ACTTGACAAGGTAGCT-1","1",123,143,37865,7532,80,4,7532,1385
"GTGGCGATTCTGGTCG-1","0",123,145,37864,7167,78,4,7167,1386
"CATAAGTGTAAGTCCT-1","0",123,147,37862,6802,76,4,6802,1388
"CAGTGAATCGGCGTTC-1","0",123,149,37860,6437,74,4,6437,1390
"GTCGTGGAGCCTAGCC-1","0",123,151,37859,6071,72,4,6071,1391
"TACGTGATTCGAGCTT-1","0",123,153,37857,5706,70,4,5706,1393
"TAAGAACACCGCAGGC-1","0",123,155,37855,5341,68,4,5341,1395
"AATTCTCCTAGAGGCT-1","0",123,157,37853,4976,66,4,4976,1397
"TCAAGGAGCCGCCAGA-1","0",123,159,37852,4611,64,4,4611,1398
"AGCTCATTGCGACGTC-1","0",123,161,37850,4246,62,4,4246,1400
"AGCGACCGTCAGTTCC-1","0",123,163,37848,3880,60,4,3880,1402
"TGTTCAGCGATTACGG-1","0",123,165,37847,3515,58,4,3515,1403
"CTCGATTCGAATCGGC-1","0",123,167,37845,3150,56,4,3150,1405
"CCAAGGTACTTGCCAG-1","0",123,169,37843,2785,54,4,2785,1407
"GCACTGATGGCTTATC-1","0",123,171,37841,2420,52,4,2420,1409
"CATACCTCAGCTGCAT-1","0",123,173,37840,2055,50,4,2055,1410
"ACTGTCATACAGTTGT-1","0",123,175,37838,1689,48,4,1689,1412
"GACCACCTGATTAAGC-1","0",123,177,37836,1324,46,4,1324,1414
"CCAATAGCTCACATCA-1","0",123,179,37835,959,44,4,959,1415
"CTGGCTTCCGCCAGTC-1","0",123,181,37833,594,42,4,594,1417
"GTGCAAGGCCGCAGCT-1","0",123,183,37831,229,40,4,229,1419
"CACGTTGGAGTAGAGG-1","0",123,185,37829,-136,38,4,-136,1421
"TATTCCACGATGCCAG-1","0",123,187,37828,-502,36,4,-502,1422
"GTCTATTGTCTGTAAT-1","0",123,189,37826,-867,34,4,-867,1424
"ATAGCTCACGCACTTG-1","0",123,191,37824,-1232,32,4,-1232,1426
"CTTAACGCTCCTTCAC-1","0",123,193,37823,-1597,30,4,-1597,1427
"TCCGAACGTAACGATA-1","0",123,195,37821,-1962,28,4,-1962,1429
"GTGCGGAACCGCCAAG-1","0",123,197,37819,-2327,26,4,-2327,1431
"CTGGCATCCTCATATG-1","0",123,199,37817,-2693,24,4,-2693,1433
"CAGCTCGCCGACTATC-1","0",123,201,37816,-3058,22,4,-3058,1434
"TGTCCTCATCACCTCC-1","0",123,203,37814,-3423,20,4,-3423,1436
"TGGTGCGATGTCACCA-1","0",123,205,37812,-3788,18,4,-3788,1438
"ACAATAAGTTGTCATA-1","0",123,207,37811,-4153,16,4,-4153,1439
"GTTATGGCTTGATTCT-1","0",123,209,37809,-4518,14,4,-4518,1441
"ATGCATCACGATCACC-1","0",123,211,37807,-4884,12,4,-4884,1443
"AGACTTCCTGAGACCG-1","0",123,213,37805,-5249,10,4,-5249,1445
"CGAGCGCTCACCTGTT-1","0",123,215,37804,-5614,8,4,-5614,1446
"GCTGAGAAGCGAGTTG-1","0",123,217,37802,-5979,6,4,-5979,1448
"AGCGTTCCGCGGTGCC-1","0",123,219,37800,-6344,4,4,-6344,1450
"TGAGGTCGTGCGACCG-1","0",123,221,37799,-6709,2,4,-6709,1451
"GATGTAGCCGCTCCGT-1","0",123,223,37797,-7075,0,4,-7075,1453
"AGACCGGATGTCAACG-1","0",124,0,38306,33640,223,3,33640,944
"CGGCAATGGCACAGCC-1","0",124,2,38304,33275,221,3,33275,946
"CATCGGTATGAATACA-1","0",124,4,38302,32910,219,3,32910,948
"GTTCATTCGCTACATG-1","0",124,6,38300,32545,217,3,32545,950
"ATTCTGTACGATTGGA-1","0",124,8,38299,32179,215,3,32179,951
"ATGCCAATGTACGACA-1","0",124,10,38297,31814,213,3,31814,953
"TGTCGCACCGTTGTGG-1","0",124,12,38295,31449,211,3,31449,955
"ATCGAACAGGCACTGA-1","0",124,14,38294,31084,209,3,31084,956
"AACTATTGCTGTCCTC-1","0",124,16,38292,30719,207,3,30719,958
"CCGCGTATAAGAGCAC-1","0",124,18,38290,30354,205,3,30354,960
"TGTCCTGGCCTATGTT-1","0",124,20,38288,29988,203,3,29988,962
"GTTGACTTAGTGTCTG-1","0",124,22,38287,29623,201,3,29623,963
"AACTGCGTCTATCTTG-1","0",124,24,38285,29258,199,3,29258,965
"CTGGCTGTAGTTATGG-1","0",124,26,38283,28893,197,3,28893,967
"TAGTATTACCGTGGCC-1","0",124,28,38282,28528,195,3,28528,968
"ATGCTTAGTGAGATGG-1","0",124,30,38280,28163,193,3,28163,970
"CACTCCAATCATGCTT-1","0",124,32,38278,27797,191,3,27797,972
"TACAAGTCGGCCGTTC-1","0",124,34,38276,27432,189,3,27432,974
"CTTGAAGACCTGCTTA-1","0",124,36,38275,27067,187,3,27067,975
"GTAACACGCTAAGGCG-1","0",124,38,38273,26702,185,3,26702,977
"ATGAGTTCTGCACCAG-1","0",124,40,38271,26337,183,3,26337,979
"ACAGGAGTCTGGTCAT-1","0",124,42,38270,25972,181,3,25972,980
"CTTACGGAACTATTGG-1","0",124,44,38268,25606,179,3,25606,982
"TGAATGCCATTATCTT-1","0",124,46,38266,25241,177,3,25241,984
"GGAATGAGACGGCCGC-1","0",124,48,38264,24876,175,3,24876,986
"ACTCCGAGCATCGTAT-1","0",124,50,38263,24511,173,3,24511,987
"TACTAATGGACGGTAT-1","0",124,52,38261,24146,171,3,24146,989
"TACCTCAAGGCAATAC-1","0",124,54,38259,23781,169,3,23781,991
"ATCAAGGTCTGTCGTT-1","0",124,56,38258,23415,167,3,23415,992
"AGTAGACATGCTTAGC-1","0",124,58,38256,23050,165,3,23050,994
"TGATAGATTACATGAA-1","0",124,60,38254,22685,163,3,22685,996
"GGTACCGCTCTTGGAC-1","0",124,62,38252,22320,161,3,22320,998
"CCTCTAAGATCTCGTT-1","0",124,64,38251,21955,159,3,21955,999
"GTTGACATGGTACAGA-1","0",124,66,38249,21590,157,3,21590,1001
"GTATTATGTCCGCTGT-1","0",124,68,38247,21224,155,3,21224,1003
"GTCTATAACTCCAACC-1","0",124,70,38246,20859,153,3,20859,1004
"TGGTACTTGTCTACAT-1","0",124,72,38244,20494,151,3,20494,1006
"GACAGACTGCGGATCT-1","0",124,74,38242,20129,149,3,20129,1008
"CAGTATGCAGTAACAT-1","0",124,76,38240,19764,147,3,19764,1010
"ATTCCTGCACCAGAGC-1","0",124,78,38239,19399,145,3,19399,1011
"TGCCACAACCTGGTCC-1","0",124,80,38237,19033,143,3,19033,1013
"TCAGGATATGCTTGCT-1","0",124,82,38235,18668,141,3,18668,1015
"AATGAAGTCTAGGCAT-1","0",124,84,38234,18303,139,3,18303,1016
"ACGCACGCGTTGCAAC-1","1",124,86,38232,17938,137,3,17938,1018
"GGAATGAGCTTCAAGT-1","1",124,88,38230,17573,135,3,17573,1020
"GAGCTAGAGTAGCTGG-1","1",124,90,38228,17208,133,3,17208,1022
"GTGAGTTGTCTATCTG-1","1",124,92,38227,16842,131,3,16842,1023
"ACTCTATCACCTGGAG-1","1",124,94,38225,16477,129,3,16477,1025
"TGCGTTATCTCAGATG-1","1",124,96,38223,16112,127,3,16112,1027
"CGTGTATTAGTCGTAC-1","1",124,98,38222,15747,125,3,15747,1028
"TCCATGCATATGTCAT-1","1",124,100,38220,15382,123,3,15382,1030
"GTCGCCTTGTATTACT-1","1",124,102,38218,15017,121,3,15017,1032
"ACGCAAGGCGCAGACC-1","1",124,104,38216,14651,119,3,14651,1034
"AACATCTATCGTCTGC-1","1",124,106,38215,14286,117,3,14286,1035
"TCGGAGATAGTGTAAG-1","1",124,108,38213,13921,115,3,13921,1037
"GCTGACCAGATTGGTA-1","1",124,110,38211,13556,113,3,13556,1039
"GTAACATGCGCATCAC-1","1",124,112,38210,13191,111,3,13191,1040
"AGGTGAGGCACGACGT-1","1",124,114,38208,12826,109,3,12826,1042
"GCGTCCTCTAGACTGA-1","1",124,116,38206,12460,107,3,12460,1044
"GAATTATCAACAAGGA-1","1",124,118,38204,12095,105,3,12095,1046
"TCTTATCGCACGTTGT-1","1",124,120,38203,11730,103,3,11730,1047
"GGCTGAGGTGTTCCAG-1","1",124,122,38201,11365,101,3,11365,1049
"GTTCTGAGTGCACGAC-1","1",124,124,38199,11000,99,3,11000,1051
"GATCGTTGTCAAGAAT-1","1",124,126,38198,10635,97,3,10635,1052
"GTGAACTCGCTATCGC-1","1",124,128,38196,10269,95,3,10269,1054
"TCATTCAATTCTACAA-1","1",124,130,38194,9904,93,3,9904,1056
"TCACGATATTGGTCTT-1","1",124,132,38192,9539,91,3,9539,1058
"GCATTGTTCGTGCATT-1","1",124,134,38191,9174,89,3,9174,1059
"CTAAGCGATGGTTAGA-1","1",124,136,38189,8809,87,3,8809,1061
"CTGGACCGGTCATCTT-1","1",124,138,38187,8444,85,3,8444,1063
"TGCCAGTCCTACGCGA-1","1",124,140,38186,8078,83,3,8078,1064
"GCAAGATAGTCGTTCG-1","1",124,142,38184,7713,81,3,7713,1066
"ACAATATGAGCTACTC-1","0",124,144,38182,7348,79,3,7348,1068
"CAATTGAAGTTGATTA-1","0",124,146,38181,6983,77,3,6983,1069
"AGGTGAGCGACAATTG-1","0",124,148,38179,6618,75,3,6618,1071
"GCCACTGACCTATGCA-1","0",124,150,38177,6253,73,3,6253,1073
"CACTGTTACGGCTAGA-1","0",124,152,38175,5887,71,3,5887,1075
"AACTCAGATGGAGGAA-1","0",124,154,38174,5522,69,3,5522,1076
"GTTCCGAGCGTGCCTA-1","0",124,156,38172,5157,67,3,5157,1078
"TCCTATCGTCGCTTAG-1","0",124,158,38170,4792,65,3,4792,1080
"CGAAGATATTGTTATG-1","0",124,160,38169,4427,63,3,4427,1081
"TAATAGGCGATGCGCT-1","0",124,162,38167,4062,61,3,4062,1083
"TAAGCAAGTATTCCAC-1","0",124,164,38165,3696,59,3,3696,1085
"GTGCATCTGAGTGGTA-1","0",124,166,38163,3331,57,3,3331,1087
"CAGCCGCATTATTCAT-1","0",124,168,38162,2966,55,3,2966,1088
"GTGGAGGCGGTGTACT-1","0",124,170,38160,2601,53,3,2601,1090
"TGGTACCATAGAGCTC-1","0",124,172,38158,2236,51,3,2236,1092
"ATGAGTCTGTAACCAA-1","0",124,174,38157,1871,49,3,1871,1093
"ATGTGAATACCGGCCG-1","0",124,176,38155,1505,47,3,1505,1095
"CGGCGTCATAACGGCA-1","0",124,178,38153,1140,45,3,1140,1097
"GGTCTTATGACAGGTT-1","0",124,180,38151,775,43,3,775,1099
"AACGCTTAGGACGTAC-1","0",124,182,38150,410,41,3,410,1100
"CAGTATGGCATCACGT-1","0",124,184,38148,45,39,3,45,1102
"GCGTTCAGGAACTTGT-1","0",124,186,38146,-320,37,3,-320,1104
"TGCCGAGTTAGTGATA-1","0",124,188,38145,-686,35,3,-686,1105
"GGACGTTCATGACATT-1","0",124,190,38143,-1051,33,3,-1051,1107
"AATGAAGAATGCACAT-1","0",124,192,38141,-1416,31,3,-1416,1109
"GCGGCAGCTTAGTGTT-1","0",124,194,38139,-1781,29,3,-1781,1111
"CGGCATCTGGCGCCGT-1","0",124,196,38138,-2146,27,3,-2146,1112
"CACCGGACAGACCGGC-1","0",124,198,38136,-2511,25,3,-2511,1114
"ACCTCCATGAACTGGA-1","0",124,200,38134,-2877,23,3,-2877,1116
"CTACGAGTATAGGCAC-1","0",124,202,38133,-3242,21,3,-3242,1117
"TAGTTCCGGAGCACTT-1","0",124,204,38131,-3607,19,3,-3607,1119
"GAAGCTGTAGGATCTG-1","0",124,206,38129,-3972,17,3,-3972,1121
"ATGTGAAGGCATGTCT-1","0",124,208,38127,-4337,15,3,-4337,1123
"GGCGCCTTAATCTACT-1","0",124,210,38126,-4702,13,3,-4702,1124
"CCTGTTGCGGTTCTCG-1","0",124,212,38124,-5068,11,3,-5068,1126
"ACCGTAACTGTAATTC-1","0",124,214,38122,-5433,9,3,-5433,1128
"ACAGGTGGAATCGTCC-1","0",124,216,38121,-5798,7,3,-5798,1129
"AAGGACTGAGGCAGAC-1","0",124,218,38119,-6163,5,3,-6163,1131
"CATAGCGAATTACTCC-1","0",124,220,38117,-6528,3,3,-6528,1133
"TCACGAGCAGGCGGCT-1","0",124,222,38115,-6893,1,3,-6893,1135
"GCAGGCTCCAGGAGGC-1","0",125,1,38619,33456,222,2,33456,631
"AACCTGCAGGTAGACA-1","0",125,3,38617,33091,220,2,33091,633
"AAGATGACTCCGGTGA-1","0",125,5,38615,32726,218,2,32726,635
"GAATGAACTGTACAGA-1","0",125,7,38614,32360,216,2,32360,636
"TGTACCTGGACCGGAA-1","0",125,9,38612,31995,214,2,31995,638
"ATGAGCTCGCGATAAC-1","0",125,11,38610,31630,212,2,31630,640
"CCGAACCATTACCTAT-1","0",125,13,38608,31265,210,2,31265,642
"TCTACTCCGGAGTGAA-1","0",125,15,38607,30900,208,2,30900,643
"TGTCCACGGATGGTGA-1","0",125,17,38605,30535,206,2,30535,645
"CGCTTCCTACAGCTTC-1","0",125,19,38603,30169,204,2,30169,647
"ATTACTGTCTGAGCCT-1","0",125,21,38602,29804,202,2,29804,648
"GACCGCGTAATACAAG-1","0",125,23,38600,29439,200,2,29439,650
"ATAGTCGCTGTCCAAC-1","0",125,25,38598,29074,198,2,29074,652
"TACGGAATCTTAAGCG-1","0",125,27,38596,28709,196,2,28709,654
"TGGTTGGCGGAGTACG-1","0",125,29,38595,28344,194,2,28344,655
"CCTTAGCGCTGCCGTT-1","0",125,31,38593,27978,192,2,27978,657
"GTCGCATACTCGCCAA-1","0",125,33,38591,27613,190,2,27613,659
"GATTAAGATGCGTCGA-1","0",125,35,38590,27248,188,2,27248,660
"GGTTACCAAGTTAGTG-1","0",125,37,38588,26883,186,2,26883,662
"ATAGCCGCGTGAACGC-1","0",125,39,38586,26518,184,2,26518,664
"GAGGAAGGCAGAGTAA-1","0",125,41,38584,26153,182,2,26153,666
"ACGCTCGCCGGACGTC-1","0",125,43,38583,25787,180,2,25787,667
"CCACGTTGCCGCTTCG-1","0",125,45,38581,25422,178,2,25422,669
"ATTATGTTATGCTCAC-1","0",125,47,38579,25057,176,2,25057,671
"AACGGAGCTCTGTTGA-1","0",125,49,38578,24692,174,2,24692,672
"TATTGTAAGATGGATG-1","0",125,51,38576,24327,172,2,24327,674
"CACCATGAGGATCAGC-1","0",125,53,38574,23962,170,2,23962,676
"GCTCATGAATACTGCA-1","0",125,55,38572,23596,168,2,23596,678
"CAGACGCTATCTGCCT-1","0",125,57,38571,23231,166,2,23231,679
"GTGGATCTATACGGAT-1","0",125,59,38569,22866,164,2,22866,681
"CGCAACGACATAGTGA-1","0",125,61,38567,22501,162,2,22501,683
"TACCGTAGCCGCGGCA-1","0",125,63,38566,22136,160,2,22136,684
"TCCTCATGTAGGCTGA-1","0",125,65,38564,21771,158,2,21771,686
"GTACTTACGGACGATG-1","0",125,67,38562,21405,156,2,21405,688
"AACCATCGCCGATACA-1","0",125,69,38561,21040,154,2,21040,689
"CCACAGGTCGAAGACA-1","0",125,71,38559,20675,152,2,20675,691
"AACACGGCACCGATAG-1","0",125,73,38557,20310,150,2,20310,693
"GCGAATAGTAGGCCGA-1","0",125,75,38555,19945,148,2,19945,695
"AGCTGTACATAGGATG-1","0",125,77,38554,19580,146,2,19580,696
"ATTGAACGTTGCACAG-1","0",125,79,38552,19214,144,2,19214,698
"GACAAGCTTATGTCGG-1","0",125,81,38550,18849,142,2,18849,700
"CTAGCACGGCCTATGC-1","0",125,83,38549,18484,140,2,18484,701
"GGATACCTGAATAACA-1","1",125,85,38547,18119,138,2,18119,703
"CGGTAGTGGCGATAGG-1","1",125,87,38545,17754,136,2,17754,705
"GTACGAAGTTGGACTG-1","1",125,89,38543,17389,134,2,17389,707
"CTGAGGCCAGTGTCTA-1","1",125,91,38542,17023,132,2,17023,708
"ACTCGATACATCGCAA-1","1",125,93,38540,16658,130,2,16658,710
"GGTTGCACTAAGTTAC-1","1",125,95,38538,16293,128,2,16293,712
"GTCAGTTAGCGATGGA-1","1",125,97,38537,15928,126,2,15928,713
"CTCACCGTCGGTTACA-1","1",125,99,38535,15563,124,2,15563,715
"CCTCCATTATCAGTCT-1","1",125,101,38533,15198,122,2,15198,717
"ACAGGCTGCAGAGCTT-1","1",125,103,38531,14832,120,2,14832,719
"TGAGTATGTCTAGGCT-1","1",125,105,38530,14467,118,2,14467,720
"CTATGTTAGTCCACGC-1","1",125,107,38528,14102,116,2,14102,722
"TATCGGAGACAGCTAG-1","1",125,109,38526,13737,114,2,13737,724
"ATTCCGGACGGTATGC-1","1",125,111,38525,13372,112,2,13372,725
"TGCGTTACTGGAACTA-1","1",125,113,38523,13007,110,2,13007,727
"GAATGACCGGCGTAGA-1","1",125,115,38521,12641,108,2,12641,729
"AACATAGTGCAGGAAC-1","1",125,117,38519,12276,106,2,12276,731
"CATTGTAAGATCTAGA-1","1",125,119,38518,11911,104,2,11911,732
"CAATTGGACAGTAGAC-1","1",125,121,38516,11546,102,2,11546,734
"ATGTATTCTACCGTGA-1","1",125,123,38514,11181,100,2,11181,736
"TGCGCTCGGCAGCTAC-1","1",125,125,38513,10816,98,2,10816,737
"CTACGGCTGCTCGCGG-1","1",125,127,38511,10450,96,2,10450,739
"TGTCAATGGCCAGGTA-1","1",125,129,38509,10085,94,2,10085,741
"GCCGAATAGGTCCGAG-1","1",125,131,38507,9720,92,2,9720,743
"GGCGGACGCTGCACAA-1","1",125,133,38506,9355,90,2,9355,744
"CATGTTATCTCGCTTA-1","1",125,135,38504,8990,88,2,8990,746
"AATGGTTAAGAAGCGA-1","1",125,137,38502,8625,86,2,8625,748
"TCTGTATCGTTAACTA-1","1",125,139,38501,8259,84,2,8259,749
"TCCACGCTGGAGAAGC-1","1",125,141,38499,7894,82,2,7894,751
"GTCTAGTTGGTTATGA-1","0",125,143,38497,7529,80,2,7529,753
"GATTGATTCTTAGTGG-1","0",125,145,38495,7164,78,2,7164,755
"CCACCGCCATCTAGTG-1","0",125,147,38494,6799,76,2,6799,756
"CGCCTCAACGTGACCT-1","0",125,149,38492,6434,74,2,6434,758
"TACAGGCCGCATTACA-1","0",125,151,38490,6068,72,2,6068,760
"CTAGTTCTGGCTTCGG-1","0",125,153,38489,5703,70,2,5703,761
"GATCGTGGTTAGATCT-1","0",125,155,38487,5338,68,2,5338,763
"GGCGGACAGTAGCTGA-1","0",125,157,38485,4973,66,2,4973,765
"AGTGCTAATGGATTAC-1","0",125,159,38483,4608,64,2,4608,767
"ATGACACGAGGCCGGA-1","0",125,161,38482,4243,62,2,4243,768
"GGATTCAGACCTATCG-1","0",125,163,38480,3878,60,2,3878,770
"ACTCACTCTAGTGGAT-1","0",125,165,38478,3512,58,2,3512,772
"TGGCGAGCCTAATAGT-1","0",125,167,38477,3147,56,2,3147,773
"TCCGCCGAATACTTCG-1","0",125,169,38475,2782,54,2,2782,775
"AGCGGTACGTGGCGCT-1","0",125,171,38473,2417,52,2,2417,777
"TCGCCGTGAGTCGTAC-1","0",125,173,38471,2052,50,2,2052,779
"GTCAGTAGCATCAACT-1","0",125,175,38470,1687,48,2,1687,780
"ATACTATGGCCTACAA-1","0",125,177,38468,1321,46,2,1321,782
"TCCTTCCAGACACGCC-1","0",125,179,38466,956,44,2,956,784
"CCAGGAATGTGCACCA-1","0",125,181,38465,591,42,2,591,785
"TGATGGAACATACTTG-1","0",125,183,38463,226,40,2,226,787
"CAGCTGGCACAGCATT-1","0",125,185,38461,-139,38,2,-139,789
"TCACCGATCTGATGTA-1","0",125,187,38459,-504,36,2,-504,791
"TCATCTGCACGCTTCC-1","0",125,189,38458,-870,34,2,-870,792
"GAGGTCTTGCCTATCC-1","0",125,191,38456,-1235,32,2,-1235,794
"CCTATGCCGGCTCATC-1","0",125,193,38454,-1600,30,2,-1600,796
"GGCTCGACTACCAGAT-1","0",125,195,38453,-1965,28,2,-1965,797
"ACAACGTTCCGACGTT-1","0",125,197,38451,-2330,26,2,-2330,799
"CTGTCAACATCTTAAG-1","0",125,199,38449,-2695,24,2,-2695,801
"TACCTCAGATCTTCTA-1","0",125,201,38447,-3061,22,2,-3061,803
"CCATGGTAGCTTAACC-1","0",125,203,38446,-3426,20,2,-3426,804
"GGAAGCTCGCACCGCA-1","0",125,205,38444,-3791,18,2,-3791,806
"TCTACAACGAACAATT-1","0",125,207,38442,-4156,16,2,-4156,808
"CTCACCTTGCGTATTC-1","0",125,209,38441,-4521,14,2,-4521,809
"CTCGACGTGCGTAACG-1","0",125,211,38439,-4886,12,2,-4886,811
"CGCTTGCTATTCCTGT-1","0",125,213,38437,-5252,10,2,-5252,813
"TGCGAGGATTCGATGT-1","0",125,215,38435,-5617,8,2,-5617,815
"GGTCTGCGCCATACCT-1","0",125,217,38434,-5982,6,2,-5982,816
"CACTGAACCTTGGATG-1","0",125,219,38432,-6347,4,2,-6347,818
"GTCCGTAGGTGCACTC-1","0",125,221,38430,-6712,2,2,-6712,820
"GTGCGTATCCAACATA-1","0",125,223,38429,-7077,0,2,-7077,821
"CCTACCAGCCTAACGA-1","0",126,0,38937,33637,223,1,33637,313
"AGTATTGACGGCCGTA-1","0",126,2,38936,33272,221,1,33272,314
"GAGTGCGATAAGGCCT-1","0",126,4,38934,32907,219,1,32907,316
"CTATCGGTCCATCTCC-1","0",126,6,38932,32542,217,1,32542,318
"CTCATGCTCGCTTATC-1","0",126,8,38930,32176,215,1,32176,320
"GCTTCGGAGTCTACAG-1","0",126,10,38929,31811,213,1,31811,321
"TATTACTGCGTCAGTT-1","0",126,12,38927,31446,211,1,31446,323
"AACTGCCTTAGTCAGC-1","0",126,14,38925,31081,209,1,31081,325
"CCGCTGCCAGGAGTCG-1","0",126,16,38924,30716,207,1,30716,326
"AATACGATTGCGAGGA-1","0",126,18,38922,30351,205,1,30351,328
"TGATCGAGATAGCGAT-1","0",126,20,38920,29985,203,1,29985,330
"ATGTGCCGAACTGAAG-1","0",126,22,38918,29620,201,1,29620,332
"GAGTGGAATTATCTTC-1","0",126,24,38917,29255,199,1,29255,333
"TGCGGCACTCAGTTAG-1","0",126,26,38915,28890,197,1,28890,335
"TCCAACATCGCTATTA-1","0",126,28,38913,28525,195,1,28525,337
"GAAGCTTGCACCGTCG-1","0",126,30,38912,28160,193,1,28160,338
"CTGATCTTAGACCGAG-1","0",126,32,38910,27794,191,1,27794,340
"TAGACACCGTTGATAC-1","0",126,34,38908,27429,189,1,27429,342
"CTCATATGTAGGTACA-1","0",126,36,38906,27064,187,1,27064,344
"TAATAGTCGTACGTCG-1","0",126,38,38905,26699,185,1,26699,345
"GTGCACTTAAGCAACT-1","0",126,40,38903,26334,183,1,26334,347
"GCCTTAATGTATCCGA-1","0",126,42,38901,25969,181,1,25969,349
"GGCGCCTTACATAGAC-1","0",126,44,38900,25603,179,1,25603,350
"AAGCAGCCAAGCACGT-1","0",126,46,38898,25238,177,1,25238,352
"GTACAGTCGTATTGCG-1","0",126,48,38896,24873,175,1,24873,354
"TAACCTTGAGTGCTTA-1","0",126,50,38894,24508,173,1,24508,356
"CGTTGGTAGAAGCTCG-1","0",126,52,38893,24143,171,1,24143,357
"CATCGGCCTGACATCA-1","0",126,54,38891,23778,169,1,23778,359
"GTTATGCAACGCCTAC-1","0",126,56,38889,23412,167,1,23412,361
"TACGCTGCACAACGGT-1","0",126,58,38888,23047,165,1,23047,362
"GCAGCGATGTCTGCAC-1","0",126,60,38886,22682,163,1,22682,364
"TAACGCGGACTAGCGT-1","0",126,62,38884,22317,161,1,22317,366
"CTCGACTATTCTGAGG-1","0",126,64,38882,21952,159,1,21952,368
"CTCAATTGGCTCGCTA-1","0",126,66,38881,21587,157,1,21587,369
"AGCCTCCGTCTGAGGC-1","0",126,68,38879,21221,155,1,21221,371
"TGGAAGGAACCGGCGT-1","0",126,70,38877,20856,153,1,20856,373
"CCGTAAGACTGGCGGT-1","0",126,72,38876,20491,151,1,20491,374
"TCCGCCTGCTAGAACT-1","0",126,74,38874,20126,149,1,20126,376
"CATCAGGTCACGGCTC-1","0",126,76,38872,19761,147,1,19761,378
"TGATTCGTTCCACGTT-1","0",126,78,38870,19396,145,1,19396,380
"GGTAGTCACGATTCAA-1","0",126,80,38869,19030,143,1,19030,381
"GGTTGCACAACGACGG-1","0",126,82,38867,18665,141,1,18665,383
"AAGTCGAGATAACTCA-1","0",126,84,38865,18300,139,1,18300,385
"CCAATCCTCATGTTCC-1","1",126,86,38864,17935,137,1,17935,386
"ACAAGTAGCTCCTTGG-1","1",126,88,38862,17570,135,1,17570,388
"TCCAATTCTGCAGATA-1","1",126,90,38860,17205,133,1,17205,390
"TCGCACGAGTATTCGG-1","1",126,92,38858,16839,131,1,16839,392
"CGGCGTGCTCATCGTC-1","1",126,94,38857,16474,129,1,16474,393
"GTTCCGAGCAGACGAA-1","1",126,96,38855,16109,127,1,16109,395
"CTAACATGAGCCTACT-1","1",126,98,38853,15744,125,1,15744,397
"CTGAAGTGGCTACAAT-1","1",126,100,38852,15379,123,1,15379,398
"AGTCTAGTCAGGATCA-1","1",126,102,38850,15014,121,1,15014,400
"TATCGCACTCTAGCAG-1","1",126,104,38848,14648,119,1,14648,402
"TGTATGGACACTATCA-1","1",126,106,38847,14283,117,1,14283,403
"GTGAACCGTGGCTCAC-1","1",126,108,38845,13918,115,1,13918,405
"TGTATGCATTGCGGTG-1","1",126,110,38843,13553,113,1,13553,407
"AGGACCGCTAGGACTC-1","1",126,112,38841,13188,111,1,13188,409
"TGCGATGTCAGCGGCA-1","1",126,114,38840,12823,109,1,12823,410
"TCAAGGCAGAACTGCC-1","1",126,116,38838,12457,107,1,12457,412
"ACCTTCGGCCGTTACA-1","1",126,118,38836,12092,105,1,12092,414
"TATGTCATCTAACCAA-1","1",126,120,38835,11727,103,1,11727,415
"AACGCAACATTAATAC-1","1",126,122,38833,11362,101,1,11362,417
"CTACTGGATACATTGC-1","1",126,124,38831,10997,99,1,10997,419
"GTCTAAGAGTGCCTAG-1","1",126,126,38829,10632,97,1,10632,421
"GAGGCCTTCTGTTGTC-1","1",126,128,38828,10266,95,1,10266,422
"ACTGTAGATCATTAAG-1","1",126,130,38826,9901,93,1,9901,424
"TCAGCTTCCTGGCAAT-1","1",126,132,38824,9536,91,1,9536,426
"CTTCCGATCTATAATT-1","1",126,134,38823,9171,89,1,9171,427
"GGAATCATGCGATCTG-1","0",126,136,38821,8806,87,1,8806,429
"CAGAGCTCGCTTATCG-1","0",126,138,38819,8441,85,1,8441,431
"ATTGCCGTTAACAGCT-1","0",126,140,38817,8075,83,1,8075,433
"TAGCCGCAACTCCACG-1","0",126,142,38816,7710,81,1,7710,434
"TCATCCATCAGGACTG-1","0",126,144,38814,7345,79,1,7345,436
"GTTGACTAGAGTTGCA-1","0",126,146,38812,6980,77,1,6980,438
"CACTCGTAACTAGGAA-1","0",126,148,38811,6615,75,1,6615,439
"ATAGTTACTCGAAGCC-1","0",126,150,38809,6250,73,1,6250,441
"GAAGCGCCTGTCTTCC-1","0",126,152,38807,5884,71,1,5884,443
"AGTAACTTGCGATCGT-1","0",126,154,38805,5519,69,1,5519,445
"TGGAAGCTTGCGCCTC-1","0",126,156,38804,5154,67,1,5154,446
"CTCCTTGGTTAATGAG-1","0",126,158,38802,4789,65,1,4789,448
"CTAATTCAGACTCGAT-1","0",126,160,38800,4424,63,1,4424,450
"GCGTAAGTCGCAATTG-1","0",126,162,38799,4059,61,1,4059,451
"GCCACGTGATAGTCCT-1","0",126,164,38797,3693,59,1,3693,453
"TACCTCGTCTTCGCGT-1","0",126,166,38795,3328,57,1,3328,455
"CGCACGCATACAACAT-1","0",126,168,38793,2963,55,1,2963,457
"AGGCATACTCCGTCTT-1","0",126,170,38792,2598,53,1,2598,458
"TCTACTAGGTAAGATG-1","0",126,172,38790,2233,51,1,2233,460
"CAATTCAGCGCCTGTT-1","0",126,174,38788,1868,49,1,1868,462
"CTCGATAGTTAGGAAC-1","0",126,176,38787,1502,47,1,1502,463
"TCCGTACCGGCTACTC-1","0",126,178,38785,1137,45,1,1137,465
"TATTCTAGGATACACC-1","0",126,180,38783,772,43,1,772,467
"GAGTGCCGAGCCAGCT-1","0",126,182,38781,407,41,1,407,469
"GCTTGGTCCTTGTAGG-1","0",126,184,38780,42,39,1,42,470
"TAGGACTTAGTACAAG-1","0",126,186,38778,-323,37,1,-323,472
"GGCAATCAAGCCTAGA-1","0",126,188,38776,-689,35,1,-689,474
"TCACGAACCTCGGTCA-1","0",126,190,38775,-1054,33,1,-1054,475
"CTTGGAACCTGCAGTG-1","0",126,192,38773,-1419,31,1,-1419,477
"TAGCTAATTGTTGAGC-1","0",126,194,38771,-1784,29,1,-1784,479
"TGTAAGCGCATGCCGT-1","0",126,196,38769,-2149,27,1,-2149,481
"AGCTCGCCATGTCATC-1","0",126,198,38768,-2514,25,1,-2514,482
"AGGTCTCCTGGCCGGC-1","0",126,200,38766,-2880,23,1,-2880,484
"GTAATATTCATTGGAC-1","0",126,202,38764,-3245,21,1,-3245,486
"AGCGTGGACTCGCAGA-1","0",126,204,38763,-3610,19,1,-3610,487
"ACTGGTGATGCTACAA-1","0",126,206,38761,-3975,17,1,-3975,489
"TCAGGAGCGAGGCGGA-1","0",126,208,38759,-4340,15,1,-4340,491
"GTACTTAGGCCATGGC-1","0",126,210,38757,-4705,13,1,-4705,493
"TGGCTCCATAGACGTT-1","0",126,212,38756,-5071,11,1,-5071,494
"TGAGCTGAACATTGAA-1","0",126,214,38754,-5436,9,1,-5436,496
"AGATCTACTGATTCCA-1","0",126,216,38752,-5801,7,1,-5801,498
"ACAATCGGTTAGGTGA-1","0",126,218,38751,-6166,5,1,-6166,499
"CCAGCACTATGGTGAG-1","0",126,220,38749,-6531,3,1,-6531,501
"ATTCTGATTCGACGAG-1","0",126,222,38747,-6896,1,1,-6896,503
"GCAACACTAACCGGCG-1","0",127,1,39250,33453,222,0,33453,0
"CATCAGTCGTCAATCT-1","0",127,3,39249,33088,220,0,33088,1
"ATCTACATTAAGGTAA-1","0",127,5,39247,32723,218,0,32723,3
"CACGCCGGACCAGGAG-1","0",127,7,39245,32357,216,0,32357,5
"AGATTAGCTCGGCCAT-1","0",127,9,39244,31992,214,0,31992,6
"CGTAGTCGAGGATTAT-1","0",127,11,39242,31627,212,0,31627,8
"GTATTAGAGCTAATAC-1","0",127,13,39240,31262,210,0,31262,10
"ACAGGTCTCGTGCCGT-1","0",127,15,39239,30897,208,0,30897,11
"TGCTTACGAACTTGGT-1","0",127,17,39237,30532,206,0,30532,13
"GCCGATCTTACAACGG-1","0",127,19,39235,30166,204,0,30166,15
"TAGGACAAGCAAGAGT-1","0",127,21,39233,29801,202,0,29801,17
"AGGTGCTTGGACTCTA-1","0",127,23,39232,29436,200,0,29436,18
"AGCGACTACATCCTAT-1","0",127,25,39230,29071,198,0,29071,20
"CCGGTATTGTTCAGTG-1","0",127,27,39228,28706,196,0,28706,22
"GTAGCGTTACGGCTTC-1","0",127,29,39227,28341,194,0,28341,23
"TAAGTGCAGGAAGGAA-1","0",127,31,39225,27975,192,0,27975,25
"AGGAGCTAACTTCACG-1","0",127,33,39223,27610,190,0,27610,27
"TGGTACCGTTAAGCCG-1","0",127,35,39221,27245,188,0,27245,29
"CTATCGTTCGCCGAAT-1","0",127,37,39220,26880,186,0,26880,30
"ATCGTAATAGATGAGT-1","0",127,39,39218,26515,184,0,26515,32
"TCGTTGAGGCTCTGGT-1","0",127,41,39216,26150,182,0,26150,34
"ACAGTATGCTCGTTAG-1","0",127,43,39215,25784,180,0,25784,35
"ACCTTCGCCGGTATCC-1","0",127,45,39213,25419,178,0,25419,37
"CACGAACCTTGACCGC-1","0",127,47,39211,25054,176,0,25054,39
"GAGGAAGCACTCGGAG-1","0",127,49,39209,24689,174,0,24689,41
"TAAGGCCGTCGCTCAT-1","0",127,51,39208,24324,172,0,24324,42
"CAGTAGTTATTGCCAC-1","0",127,53,39206,23959,170,0,23959,44
"GTGGCGCACCGCAACG-1","0",127,55,39204,23594,168,0,23594,46
"ATCAAGGTCTTCGTAC-1","0",127,57,39203,23228,166,0,23228,47
"TGGTTGGACATATCTT-1","0",127,59,39201,22863,164,0,22863,49
"TAGACCTAACGGATAC-1","0",127,61,39199,22498,162,0,22498,51
"GAGTGCAAGGAATGTT-1","0",127,63,39197,22133,160,0,22133,53
"ATCGTCTATTCTTACT-1","0",127,65,39196,21768,158,0,21768,54
"AATACTGCAACACCGT-1","0",127,67,39194,21403,156,0,21403,56
"GAATCATGGCTTGTCT-1","0",127,69,39192,21037,154,0,21037,58
"ATAACGAACACCTAGG-1","0",127,71,39191,20672,152,0,20672,59
"CCTCTAGCTCCACTGA-1","0",127,73,39189,20307,150,0,20307,61
"ATGAGTCTTCCAAGTT-1","0",127,75,39187,19942,148,0,19942,63
"TGGACAGTACGGTATC-1","0",127,77,39185,19577,146,0,19577,65
"ATAGTCGCTCAGTGCA-1","0",127,79,39184,19212,144,0,19212,66
"AACTAGTTCTAATAGA-1","0",127,81,39182,18846,142,0,18846,68
"AATAGCCGAATTCGGT-1","0",127,83,39180,18481,140,0,18481,70
"TAGCTTCAGCTAGACG-1","0",127,85,39179,18116,138,0,18116,71
"TGCAGATTAGCGGCTC-1","1",127,87,39177,17751,136,0,17751,73
"CACCGGCCGGCTAAGC-1","1",127,89,39175,17386,134,0,17386,75
"GTGGATACTACCGCGT-1","1",127,91,39173,17021,132,0,17021,77
"TCATTCAGATCCTATG-1","1",127,93,39172,16655,130,0,16655,78
"TCTACTGTTATTGGCT-1","1",127,95,39170,16290,128,0,16290,80
"GCTGGAGCAGACTTCT-1","1",127,97,39168,15925,126,0,15925,82
"GGAGATAATTAGATAG-1","1",127,99,39167,15560,124,0,15560,83
"ATGTAGTGTCAAGATT-1","1",127,101,39165,15195,122,0,15195,85
"CCGGACGAGTTCCAAG-1","1",127,103,39163,14830,120,0,14830,87
"TAGAACTCCGTTATGG-1","1",127,105,39161,14464,118,0,14464,89
"CGATAACGATCACCTT-1","1",127,107,39160,14099,116,0,14099,90
"TGTTCTCCTGCAATTA-1","1",127,109,39158,13734,114,0,13734,92
"ATGAGTTGCATAACGC-1","1",127,111,39156,13369,112,0,13369,94
"ATGTTCGCACCTCACC-1","1",127,113,39155,13004,110,0,13004,95
"TGTTGCTATCGGTGGC-1","1",127,115,39153,12639,108,0,12639,97
"CAAGATGGAATGGACT-1","1",127,117,39151,12273,106,0,12273,99
"GCACCTTGTTCGGTCT-1","1",127,119,39149,11908,104,0,11908,101
"GTGGACTCAGTGAAGC-1","1",127,121,39148,11543,102,0,11543,102
"GACCTGAATAGGCCTT-1","1",127,123,39146,11178,100,0,11178,104
"GCACAGTCCACTCCGC-1","1",127,125,39144,10813,98,0,10813,106
"AGATAAGCTCACTACA-1","1",127,127,39143,10448,96,0,10448,107
"AAGGCAGTAATTCGTC-1","1",127,129,39141,10082,94,0,10082,109
"ATCGACCGGATCCGGA-1","1",127,131,39139,9717,92,0,9717,111
"CTCCAGGTTAAGTTGG-1","0",127,133,39137,9352,90,0,9352,113
"TGCCGAGTCTGCCGAT-1","0",127,135,39136,8987,88,0,8987,114
"GAATGAGGATCCAAGC-1","0",127,137,39134,8622,86,0,8622,116
"CGCACCTTGGAGTTGG-1","0",127,139,39132,8257,84,0,8257,118
"AGTTAACCTAATGGCC-1","0",127,141,39131,7891,82,0,7891,119
"GGTGTCCACGCCTGCG-1","0",127,143,39129,7526,80,0,7526,121
"TGCCACTCAATATTAG-1","0",127,145,39127,7161,78,0,7161,123
"GTCCAGCGGCCTAATG-1","0",127,147,39125,6796,76,0,6796,125
"CGTCTGCTCACCTTGA-1","0",127,149,39124,6431,74,0,6431,126
"TATCAATCAAGGCATG-1","0",127,151,39122,6066,72,0,6066,128
"ATGTCACCTCTGGCAG-1","0",127,153,39120,5700,70,0,5700,130
"ATGAGCTCCTAGTTAA-1","0",127,155,39119,5335,68,0,5335,131
"GAGGTAGAGTCTATGA-1","0",127,157,39117,4970,66,0,4970,133
"GCTTGCCATTATAACT-1","0",127,159,39115,4605,64,0,4605,135
"CAGAGTCAGCTCGGCA-1","0",127,161,39113,4240,62,0,4240,137
"AACATCGACGGATACC-1","0",127,163,39112,3875,60,0,3875,138
"GAGCGACGCATTCAAG-1","0",127,165,39110,3509,58,0,3509,140
"CGCATCCACCTGCTAC-1","0",127,167,39108,3144,56,0,3144,142
"GCTATGAGCGACGGTA-1","0",127,169,39107,2779,54,0,2779,143
"AGGATTGGCGGTGCGA-1","0",127,171,39105,2414,52,0,2414,145
"TAACGATGCAAGACGT-1","0",127,173,39103,2049,50,0,2049,147
"TGGTATTACGGACTTA-1","0",127,175,39101,1684,48,0,1684,149
"GTACTTGGCACTCCAA-1","0",127,177,39100,1318,46,0,1318,150
"TGTATCTGCCACATCT-1","0",127,179,39098,953,44,0,953,152
"ATCTCGTCTGGACGGC-1","0",127,181,39096,588,42,0,588,154
"TCAGTTGGTCGAAGAT-1","0",127,183,39095,223,40,0,223,155
"CCTCGCATTGATAACG-1","0",127,185,39093,-142,38,0,-142,157
"CGTTCCGGCAGGATCC-1","0",127,187,39091,-507,36,0,-507,159
"TGTTGGCCGGATTGGT-1","0",127,189,39089,-873,34,0,-873,161
"AGAACCGGTGCCTGCG-1","0",127,191,39088,-1238,32,0,-1238,162
"CGACCAACCGAGTAAT-1","0",127,193,39086,-1603,30,0,-1603,164
"GTCAGTTAAGACAACT-1","0",127,195,39084,-1968,28,0,-1968,166
"GAACGCCATATGACTT-1","0",127,197,39083,-2333,26,0,-2333,167
"GCCGTATGCGACAGGC-1","0",127,199,39081,-2698,24,0,-2698,169
"CAGCTCGGCGTTGGTG-1","0",127,201,39079,-3064,22,0,-3064,171
"CTTCTAACTCTACTCG-1","0",127,203,39077,-3429,20,0,-3429,173
"TGGCTGTTGCGTTATC-1","0",127,205,39076,-3794,18,0,-3794,174
"CCAACTTGAACATAAT-1","0",127,207,39074,-4159,16,0,-4159,176
"AATTCTAAGTACGCAC-1","0",127,209,39072,-4524,14,0,-4524,178
"TACCTCGTGGTCTGAG-1","0",127,211,39071,-4889,12,0,-4889,179
"CAAGGCGGTTCACCGG-1","0",127,213,39069,-5255,10,0,-5255,181
"CATTATCAGAAGCCTT-1","0",127,215,39067,-5620,8,0,-5620,183
"AAGTACAACCATAGTC-1","0",127,217,39065,-5985,6,0,-5985,185
"TGTATCCGCAGTTATC-1","0",127,219,39064,-6350,4,0,-6350,186
"ATACGCATCCTTCATA-1","0",127,221,39062,-6715,2,0,-6715,188
"CTTCAACGAGCAGGCT-1","0",127,223,39060,-7080,0,0,-7080,190
